CICLO,ENTE,RAMO,SUBRAMO,PROGRAMA,PRESUPUESTO,GC_SERVICIOS_PERSONALES,GC_GASTO_DE_OPERACIÓN,GC_SUBSIDIOS,GC_OTROS_DE_CORRIENTE,GC_SUMA,GI_PENSIONES_Y_JUBILACIONES,GI_INVERSIÓN_FÍSICA,GI_SUBSIDIOS,GI_OTROS_DE_INVERSIÓN,GI_SUMA,TOTAL,PORCENTAJE_CORRIENTE,PORCENTAJE_PENSIONES_Y_JUBILACIONES,PORCENTAJE_INVERSIÓN
2024,Poder Legislativo,,,TOTAL,Aprobado,11493683975.0,3221845671.0,1631555381.0,45159517.0,16392244544.0,0.0,368384860.0,0.0,0.0,368384860.0,16760629404.0,97.80208218247411,0.0,2.197917817525894
2024,Poder Legislativo,,,TOTAL,Modificado,12031605376.2,3309733026.7,1919600730.38,61667744.92,17322606878.2,0.0,424113391.02,0.0,0.0,424113391.02,17746720269.22,97.61018720875663,0.0,2.389812791243373
2024,Poder Legislativo,,,TOTAL,Devengado,12031605376.2,3309733026.7,1919600730.38,61667744.92,17322606878.2,0.0,424113391.02,0.0,0.0,424113391.02,17746720269.22,97.61018720875663,0.0,2.389812791243373
2024,Poder Legislativo,,,TOTAL,Ejercido,12031605376.2,3309733026.7,1919600730.38,61667744.92,17322606878.2,0.0,424113391.02,0.0,0.0,424113391.02,17746720269.22,97.61018720875663,0.0,2.389812791243373
2024,Poder Legislativo,,,TOTAL,Porcentaje Ejer/Aprob,104.68014783049576,102.72785740456405,117.65464738337315,136.55536865020056,105.6756250292797,0.0,115.12780167458565,0.0,0.0,115.12780167458565,105.8833761039109,,0.0,
2024,Poder Legislativo,,,TOTAL,Porcentaje Ejer/Modif,100.0,100.0,100.0,100.0,100.0,0.0,100.0,0.0,0.0,100.0,100.0,,0.0,
2024,Poder Legislativo,H. Cámara de Diputados,,TOTAL,Aprobado,6086437668.0,920647688.0,1631555381.0,21875000.0,8660515737.0,0.0,322338644.0,0.0,0.0,322338644.0,8982854381.0,96.41162340690069,0.0,3.588376593099311
2024,Poder Legislativo,H. Cámara de Diputados,,TOTAL,Modificado,5968035393.13,1128949499.85,1919600730.38,20130430.45,9036716053.81,0.0,335020466.07,0.0,0.0,335020466.07,9371736519.88,96.4252039591667,0.0,3.574796040833314
2024,Poder Legislativo,H. Cámara de Diputados,,TOTAL,Devengado,5968035393.13,1128949499.85,1919600730.38,20130430.45,9036716053.81,0.0,335020466.07,0.0,0.0,335020466.07,9371736519.88,96.4252039591667,0.0,3.574796040833314
2024,Poder Legislativo,H. Cámara de Diputados,,TOTAL,Ejercido,5968035393.13,1128949499.85,1919600730.38,20130430.45,9036716053.81,0.0,335020466.07,0.0,0.0,335020466.07,9371736519.88,96.4252039591667,0.0,3.574796040833314
2024,Poder Legislativo,H. Cámara de Diputados,,TOTAL,Porcentaje Ejer/Aprob,98.05465394819517,122.62557268812692,117.65464738337315,92.0248249142857,104.34385581914911,0.0,103.93431638001182,0.0,0.0,103.93431638001182,104.32916000177559,,0.0,
2024,Poder Legislativo,H. Cámara de Diputados,,TOTAL,Porcentaje Ejer/Modif,100.0,100.0,100.0,100.0,100.0,0.0,100.0,0.0,0.0,100.0,100.0,,0.0,
2024,Poder Legislativo,H. Cámara de Diputados,,K027,Mantenimiento de Infraestructura,0.0,0.0,0.0,0.0,0.0,0.0,0.0,0.0,0.0,0.0,0.0,,0.0,
2024,Poder Legislativo,H. Cámara de Diputados,,K027,Aprobado,0.0,0.0,0.0,0.0,0.0,0.0,259000000.0,0.0,0.0,259000000.0,259000000.0,0.0,0.0,100.0
2024,Poder Legislativo,H. Cámara de Diputados,,K027,Modificado,0.0,0.0,0.0,0.0,0.0,0.0,145619814.67,0.0,0.0,145619814.67,145619814.67,0.0,0.0,100.0
2024,Poder Legislativo,H. Cámara de Diputados,,K027,Devengado,0.0,0.0,0.0,0.0,0.0,0.0,145619814.67,0.0,0.0,145619814.67,145619814.67,0.0,0.0,100.0
2024,Poder Legislativo,H. Cámara de Diputados,,K027,Ejercido,0.0,0.0,0.0,0.0,0.0,0.0,145619814.67,0.0,0.0,145619814.67,145619814.67,0.0,0.0,100.0
2024,Poder Legislativo,H. Cámara de Diputados,,K027,Porcentaje Ejer/Aprob,0.0,0.0,0.0,0.0,0.0,0.0,56.22386666795366,0.0,0.0,56.22386666795366,56.22386666795366,,0.0,
2024,Poder Legislativo,H. Cámara de Diputados,,K027,Porcentaje Ejer/Modif,0.0,0.0,0.0,0.0,0.0,0.0,100.0,0.0,0.0,100.0,100.0,,0.0,
2024,Poder Legislativo,H. Cámara de Diputados,,R001,Actividades derivadas del trabajo legislativo,0.0,0.0,0.0,0.0,0.0,0.0,0.0,0.0,0.0,0.0,0.0,,0.0,
2024,Poder Legislativo,H. Cámara de Diputados,,R001,Aprobado,6086437668.0,920647688.0,1631555381.0,21875000.0,8660515737.0,0.0,63338644.0,0.0,0.0,63338644.0,8723854381.0,99.27396032494596,0.0,0.7260396750540397
2024,Poder Legislativo,H. Cámara de Diputados,,R001,Modificado,5968035393.13,1128949499.85,1919600730.38,20130430.45,9036716053.81,0.0,189400651.4,0.0,0.0,189400651.4,9226116705.21,97.94712491233668,0.0,2.0528750876633204
2024,Poder Legislativo,H. Cámara de Diputados,,R001,Devengado,5968035393.13,1128949499.85,1919600730.38,20130430.45,9036716053.81,0.0,189400651.4,0.0,0.0,189400651.4,9226116705.21,97.94712491233668,0.0,2.0528750876633204
2024,Poder Legislativo,H. Cámara de Diputados,,R001,Ejercido,5968035393.13,1128949499.85,1919600730.38,20130430.45,9036716053.81,0.0,189400651.4,0.0,0.0,189400651.4,9226116705.21,97.94712491233668,0.0,2.0528750876633204
2024,Poder Legislativo,H. Cámara de Diputados,,R001,Porcentaje Ejer/Aprob,98.05465394819517,122.62557268812692,117.65464738337315,92.0248249142857,104.34385581914911,0.0,299.0285857714289,0.0,0.0,299.0285857714289,105.75734419987448,,0.0,
2024,Poder Legislativo,H. Cámara de Diputados,,R001,Porcentaje Ejer/Modif,100.0,100.0,100.0,100.0,100.0,0.0,100.0,0.0,0.0,100.0,100.0,,0.0,
2024,Poder Legislativo,Auditoría Superior de la Federación,,TOTAL,Aprobado,2479451571.0,330046992.0,0.0,11958517.0,2821457080.0,0.0,1135916.0,0.0,0.0,1135916.0,2822592996.0,99.95975629495256,0.0,0.0
2024,Poder Legislativo,Auditoría Superior de la Federación,,TOTAL,Modificado,2789293930.81,451864833.27,0.0,24163250.66,3265322014.74,0.0,63954177.34,0.0,0.0,63954177.34,3329276192.08,98.07903659383561,0.0,1.920963406164388
2024,Poder Legislativo,Auditoría Superior de la Federación,,TOTAL,Devengado,2789293930.81,451864833.27,0.0,24163250.66,3265322014.74,0.0,63954177.34,0.0,0.0,63954177.34,3329276192.08,98.07903659383561,0.0,1.920963406164388
2024,Poder Legislativo,Auditoría Superior de la Federación,,TOTAL,Ejercido,2789293930.81,451864833.27,0.0,24163250.66,3265322014.74,0.0,63954177.34,0.0,0.0,63954177.34,3329276192.08,98.07903659383561,0.0,1.920963406164388
2024,Poder Legislativo,Auditoría Superior de la Federación,,TOTAL,Porcentaje Ejer/Aprob,112.49640700524091,136.9092414785589,0.0,202.05892302532163,115.73176277910986,0.0,0.0,0.0,0.0,0.0,117.95098325539813,,0.0,
2024,Poder Legislativo,Auditoría Superior de la Federación,,TOTAL,Porcentaje Ejer/Modif,100.0,100.0,0.0,100.0,100.0,0.0,100.0,0.0,0.0,100.0,100.0,,0.0,
2024,Poder Legislativo,Auditoría Superior de la Federación,,R002,"Entregar a la Cámara de Diputados del H. Congreso de la Unión, el informe sobre la revisión de la Cuenta de la Hacienda Pública Federal",0.0,0.0,0.0,0.0,0.0,0.0,0.0,0.0,0.0,0.0,0.0,,0.0,
2024,Poder Legislativo,Auditoría Superior de la Federación,,R002,Aprobado,2479451571.0,330046992.0,0.0,11958517.0,2821457080.0,0.0,1135916.0,0.0,0.0,1135916.0,2822592996.0,99.95975629495256,0.0,0.0
2024,Poder Legislativo,Auditoría Superior de la Federación,,R002,Modificado,2789293930.81,451864833.27,0.0,24163250.66,3265322014.74,0.0,63954177.34,0.0,0.0,63954177.34,3329276192.08,98.07903659383561,0.0,1.920963406164388
2024,Poder Legislativo,Auditoría Superior de la Federación,,R002,Devengado,2789293930.81,451864833.27,0.0,24163250.66,3265322014.74,0.0,63954177.34,0.0,0.0,63954177.34,3329276192.08,98.07903659383561,0.0,1.920963406164388
2024,Poder Legislativo,Auditoría Superior de la Federación,,R002,Ejercido,2789293930.81,451864833.27,0.0,24163250.66,3265322014.74,0.0,63954177.34,0.0,0.0,63954177.34,3329276192.08,98.07903659383561,0.0,1.920963406164388
2024,Poder Legislativo,Auditoría Superior de la Federación,,R002,Porcentaje Ejer/Aprob,112.49640700524091,136.9092414785589,0.0,202.05892302532163,115.73176277910986,0.0,0.0,0.0,0.0,0.0,117.95098325539813,,0.0,
2024,Poder Legislativo,Auditoría Superior de la Federación,,R002,Porcentaje Ejer/Modif,100.0,100.0,0.0,100.0,100.0,0.0,100.0,0.0,0.0,100.0,100.0,,0.0,
2024,Poder Legislativo,H. Cámara de Senadores,,TOTAL,Aprobado,2927794736.0,1971150991.0,0.0,11326000.0,4910271727.0,0.0,44910300.0,0.0,0.0,44910300.0,4955182027.0,99.09367002553506,0.0,0.906329974464932
2024,Poder Legislativo,H. Cámara de Senadores,,TOTAL,Modificado,3274276052.26,1728918693.58,0.0,17374063.81,5020568809.65,0.0,25138747.61,0.0,0.0,25138747.61,5045707557.26,99.50177953587837,0.0,0.4982204641216115
2024,Poder Legislativo,H. Cámara de Senadores,,TOTAL,Devengado,3274276052.26,1728918693.58,0.0,17374063.81,5020568809.65,0.0,25138747.61,0.0,0.0,25138747.61,5045707557.26,99.50177953587837,0.0,0.4982204641216115
2024,Poder Legislativo,H. Cámara de Senadores,,TOTAL,Ejercido,3274276052.26,1728918693.58,0.0,17374063.81,5020568809.65,0.0,25138747.61,0.0,0.0,25138747.61,5045707557.26,99.50177953587837,0.0,0.4982204641216115
2024,Poder Legislativo,H. Cámara de Senadores,,TOTAL,Porcentaje Ejer/Aprob,111.8342079108103,87.71112418449937,0.0,153.3998217375949,102.24625211764781,0.0,55.975461330696966,0.0,0.0,55.975461330696966,101.82688607132373,,0.0,
2024,Poder Legislativo,H. Cámara de Senadores,,TOTAL,Porcentaje Ejer/Modif,100.0,100.0,0.0,100.0,100.0,0.0,100.0,0.0,0.0,100.0,100.0,,0.0,
2024,Poder Legislativo,H. Cámara de Senadores,,K026,Otros Proyectos,0.0,0.0,0.0,0.0,0.0,0.0,0.0,0.0,0.0,0.0,0.0,,0.0,
2024,Poder Legislativo,H. Cámara de Senadores,,K026,Aprobado,0.0,0.0,0.0,0.0,0.0,0.0,2400000.0,0.0,0.0,2400000.0,2400000.0,0.0,0.0,100.0
2024,Poder Legislativo,H. Cámara de Senadores,,K026,Modificado,0.0,0.0,0.0,0.0,0.0,0.0,5377866.65,0.0,0.0,5377866.65,5377866.65,0.0,0.0,100.0
2024,Poder Legislativo,H. Cámara de Senadores,,K026,Devengado,0.0,0.0,0.0,0.0,0.0,0.0,5377866.65,0.0,0.0,5377866.65,5377866.65,0.0,0.0,100.0
2024,Poder Legislativo,H. Cámara de Senadores,,K026,Ejercido,0.0,0.0,0.0,0.0,0.0,0.0,5377866.65,0.0,0.0,5377866.65,5377866.65,0.0,0.0,100.0
2024,Poder Legislativo,H. Cámara de Senadores,,K026,Porcentaje Ejer/Aprob,0.0,0.0,0.0,0.0,0.0,0.0,224.07777708333336,0.0,0.0,224.07777708333336,224.07777708333336,,0.0,
2024,Poder Legislativo,H. Cámara de Senadores,,K026,Porcentaje Ejer/Modif,0.0,0.0,0.0,0.0,0.0,0.0,100.0,0.0,0.0,100.0,100.0,,0.0,
2024,Poder Legislativo,H. Cámara de Senadores,,R001,Actividades derivadas del trabajo legislativo,0.0,0.0,0.0,0.0,0.0,0.0,0.0,0.0,0.0,0.0,0.0,,0.0,
2024,Poder Legislativo,H. Cámara de Senadores,,R001,Aprobado,2927794736.0,1971150991.0,0.0,11326000.0,4910271727.0,0.0,42510300.0,0.0,0.0,42510300.0,4952782027.0,99.1416884537164,0.0,0.8583115462836015
2024,Poder Legislativo,H. Cámara de Senadores,,R001,Modificado,3274276052.26,1728918693.58,0.0,17374063.81,5020568809.65,0.0,19760880.96,0.0,0.0,19760880.96,5040329690.61,99.60794467479352,0.0,0.39205532520648395
2024,Poder Legislativo,H. Cámara de Senadores,,R001,Devengado,3274276052.26,1728918693.58,0.0,17374063.81,5020568809.65,0.0,19760880.96,0.0,0.0,19760880.96,5040329690.61,99.60794467479352,0.0,0.39205532520648395
2024,Poder Legislativo,H. Cámara de Senadores,,R001,Ejercido,3274276052.26,1728918693.58,0.0,17374063.81,5020568809.65,0.0,19760880.96,0.0,0.0,19760880.96,5040329690.61,99.60794467479352,0.0,0.39205532520648395
2024,Poder Legislativo,H. Cámara de Senadores,,R001,Porcentaje Ejer/Aprob,111.8342079108103,87.71112418449937,0.0,153.3998217375949,102.24625211764781,0.0,46.48492473588754,0.0,0.0,46.48492473588754,101.76764620636918,,0.0,
2024,Poder Legislativo,H. Cámara de Senadores,,R001,Porcentaje Ejer/Modif,100.0,100.0,0.0,100.0,100.0,0.0,100.0,0.0,0.0,100.0,100.0,,0.0,
2024,Poder Judicial,,,TOTAL,Aprobado,67570756324.0,10178950942.0,3878391.0,299781769.0,78053367426.0,0.0,273910819.0,0.0,0.0,273910819.0,78327278245.0,99.65029958254999,0.0,0.3497004174500153
2024,Poder Judicial,,,TOTAL,Modificado,67431478967.98,11253726437.54,4527465.92,299260505.16,78988993376.6,0.0,505279910.96,0.0,0.0,505279910.96,79494273287.56,99.36438199877341,0.0,0.6356180012266001
2024,Poder Judicial,,,TOTAL,Devengado,67370742651.26,10347230069.61,4527465.92,291361179.31,78013861366.1,0.0,497073161.25,0.0,0.0,497073161.25,78510934527.35,99.36687397208749,0.0,0.6331260279125068
2024,Poder Judicial,,,TOTAL,Ejercido,67370742651.26,10347230069.61,4527465.92,291361179.31,78013861366.1,0.0,497073161.25,0.0,0.0,497073161.25,78510934527.35,99.36687397208749,0.0,0.6331260279125068
2024,Poder Judicial,,,TOTAL,Porcentaje Ejer/Aprob,99.7039937339447,101.65320698143512,116.7356751807644,97.19109346839568,99.94938583535496,0.0,181.4726278665174,0.0,0.0,181.4726278665174,100.23447295305672,,0.0,
2024,Poder Judicial,,,TOTAL,Porcentaje Ejer/Modif,99.9099288379114,91.94492266218481,100.0,97.36038477721053,98.76548368473212,0.0,98.37580130696118,0.0,0.0,98.37580130696118,98.76300679339141,,0.0,
2024,Poder Judicial,Suprema Corte de Justicia de la Nación,,TOTAL,Aprobado,4834843935.0,907172652.0,3878391.0,34553111.0,5780448089.0,0.0,6735509.0,0.0,0.0,6735509.0,5787183598.0,99.88361335205734,0.0,0.1163866479426665
2024,Poder Judicial,Suprema Corte de Justicia de la Nación,,TOTAL,Modificado,4695569382.89,985424000.91,4527465.92,41408334.12,5726929183.84,0.0,65344688.54,0.0,0.0,65344688.54,5792273872.38,98.87186466006742,0.0,1.1281353399325778
2024,Poder Judicial,Suprema Corte de Justicia de la Nación,,TOTAL,Devengado,4635636454.83,924223563.23,4527465.92,36241931.22,5600629415.2,0.0,65123590.4,0.0,0.0,65123590.4,5665753005.6,98.85057484264435,0.0,1.149425157355645
2024,Poder Judicial,Suprema Corte de Justicia de la Nación,,TOTAL,Ejercido,4635636454.83,924223563.23,4527465.92,36241931.22,5600629415.2,0.0,65123590.4,0.0,0.0,65123590.4,5665753005.6,98.85057484264435,0.0,1.149425157355645
2024,Poder Judicial,Suprema Corte de Justicia de la Nación,,TOTAL,Porcentaje Ejer/Aprob,95.87975366220378,101.87956627576997,116.7356751807644,104.88760684964082,96.8891914427501,0.0,0.0,0.0,0.0,0.0,97.90173250349332,,0.0,
2024,Poder Judicial,Suprema Corte de Justicia de la Nación,,TOTAL,Porcentaje Ejer/Modif,98.7236281018786,93.78943098366959,100.0,87.52327759665981,97.79463365818478,0.0,99.66164328740406,0.0,0.0,99.66164328740406,97.81569605361196,,0.0,
2024,Poder Judicial,Suprema Corte de Justicia de la Nación,,R001,Otras Actividades,0.0,0.0,0.0,0.0,0.0,0.0,0.0,0.0,0.0,0.0,0.0,,0.0,
2024,Poder Judicial,Suprema Corte de Justicia de la Nación,,R001,Aprobado,4834843935.0,907172652.0,3878391.0,34553111.0,5780448089.0,0.0,6735509.0,0.0,0.0,6735509.0,5787183598.0,99.88361335205734,0.0,0.1163866479426665
2024,Poder Judicial,Suprema Corte de Justicia de la Nación,,R001,Modificado,4695569382.89,985424000.91,4527465.92,41408334.12,5726929183.84,0.0,65344688.54,0.0,0.0,65344688.54,5792273872.38,98.87186466006742,0.0,1.1281353399325778
2024,Poder Judicial,Suprema Corte de Justicia de la Nación,,R001,Devengado,4635636454.83,924223563.23,4527465.92,36241931.22,5600629415.2,0.0,65123590.4,0.0,0.0,65123590.4,5665753005.6,98.85057484264435,0.0,1.149425157355645
2024,Poder Judicial,Suprema Corte de Justicia de la Nación,,R001,Ejercido,4635636454.83,924223563.23,4527465.92,36241931.22,5600629415.2,0.0,65123590.4,0.0,0.0,65123590.4,5665753005.6,98.85057484264435,0.0,1.149425157355645
2024,Poder Judicial,Suprema Corte de Justicia de la Nación,,R001,Porcentaje Ejer/Aprob,95.87975366220378,101.87956627576997,116.7356751807644,104.88760684964082,96.8891914427501,0.0,0.0,0.0,0.0,0.0,97.90173250349332,,0.0,
2024,Poder Judicial,Suprema Corte de Justicia de la Nación,,R001,Porcentaje Ejer/Modif,98.7236281018786,93.78943098366959,100.0,87.52327759665981,97.79463365818478,0.0,99.66164328740406,0.0,0.0,99.66164328740406,97.81569605361196,,0.0,
2024,Poder Judicial,Consejo de la Judicatura Federal,,TOTAL,Aprobado,59649977944.0,8765411234.0,0.0,240901564.0,68656290742.0,0.0,260970453.0,0.0,0.0,260970453.0,68917261195.0,99.62132788146995,0.0,0.3786721185300579
2024,Poder Judicial,Consejo de la Judicatura Federal,,TOTAL,Modificado,59649975140.09,9766258111.66,0.0,234059084.93,69650292336.68,0.0,405198726.02,0.0,0.0,405198726.02,70055491062.7,99.42160318930982,0.0,0.5783968106901788
2024,Poder Judicial,Consejo de la Judicatura Federal,,TOTAL,Devengado,59649975140.09,8930275692.61,0.0,234059084.93,68814309917.63,0.0,405198726.02,0.0,0.0,405198726.02,69219508643.65,99.41461773716713,0.0,0.585382262832881
2024,Poder Judicial,Consejo de la Judicatura Federal,,TOTAL,Ejercido,59649975140.09,8930275692.61,0.0,234059084.93,68814309917.63,0.0,405198726.02,0.0,0.0,405198726.02,69219508643.65,99.41461773716713,0.0,0.585382262832881
2024,Poder Judicial,Consejo de la Judicatura Federal,,TOTAL,Porcentaje Ejer/Aprob,99.99999529939474,101.8808525260117,0.0,97.15963692539582,100.23015979150959,0.0,155.26613122750717,0.0,0.0,155.26613122750717,100.43856567049987,,0.0,
2024,Poder Judicial,Consejo de la Judicatura Federal,,TOTAL,Porcentaje Ejer/Modif,100.0,91.44009497299776,0.0,100.0,98.79974312956368,0.0,100.0,0.0,0.0,100.0,98.80668537702235,,0.0,
2024,Poder Judicial,Consejo de la Judicatura Federal,,R001,Otras Actividades,0.0,0.0,0.0,0.0,0.0,0.0,0.0,0.0,0.0,0.0,0.0,,0.0,
2024,Poder Judicial,Consejo de la Judicatura Federal,,R001,Aprobado,59649977944.0,8765411234.0,0.0,240901564.0,68656290742.0,0.0,260970453.0,0.0,0.0,260970453.0,68917261195.0,99.62132788146995,0.0,0.3786721185300579
2024,Poder Judicial,Consejo de la Judicatura Federal,,R001,Modificado,59649975140.09,9766258111.66,0.0,234059084.93,69650292336.68,0.0,405198726.02,0.0,0.0,405198726.02,70055491062.7,99.42160318930982,0.0,0.5783968106901788
2024,Poder Judicial,Consejo de la Judicatura Federal,,R001,Devengado,59649975140.09,8930275692.61,0.0,234059084.93,68814309917.63,0.0,405198726.02,0.0,0.0,405198726.02,69219508643.65,99.41461773716713,0.0,0.585382262832881
2024,Poder Judicial,Consejo de la Judicatura Federal,,R001,Ejercido,59649975140.09,8930275692.61,0.0,234059084.93,68814309917.63,0.0,405198726.02,0.0,0.0,405198726.02,69219508643.65,99.41461773716713,0.0,0.585382262832881
2024,Poder Judicial,Consejo de la Judicatura Federal,,R001,Porcentaje Ejer/Aprob,99.99999529939474,101.8808525260117,0.0,97.15963692539582,100.23015979150959,0.0,155.26613122750717,0.0,0.0,155.26613122750717,100.43856567049987,,0.0,
2024,Poder Judicial,Consejo de la Judicatura Federal,,R001,Porcentaje Ejer/Modif,100.0,91.44009497299776,0.0,100.0,98.79974312956368,0.0,100.0,0.0,0.0,100.0,98.80668537702235,,0.0,
2024,Poder Judicial,Consejo de la Judicatura Federal,,TOTAL,Aprobado,3085934445.0,506367056.0,0.0,24327094.0,3616628595.0,0.0,6204857.0,0.0,0.0,6204857.0,3622833452.0,99.82872916786792,0.0,0.17127083213208666
2024,Poder Judicial,Consejo de la Judicatura Federal,,TOTAL,Modificado,3085934445.0,502044324.97,0.0,23793086.11,3611771856.08,0.0,34736496.4,0.0,0.0,34736496.4,3646508352.48,99.0474038986809,0.0,0.9525961013191049
2024,Poder Judicial,Consejo de la Judicatura Federal,,TOTAL,Devengado,3085131056.34,492730813.77,0.0,21060163.16,3598922033.27,0.0,26750844.83,0.0,0.0,26750844.83,3625672878.1,99.26218261466494,0.0,0.7378173853350645
2024,Poder Judicial,Consejo de la Judicatura Federal,,TOTAL,Ejercido,3085131056.34,492730813.77,0.0,21060163.16,3598922033.27,0.0,26750844.83,0.0,0.0,26750844.83,3625672878.1,99.26218261466494,0.0,0.7378173853350645
2024,Poder Judicial,Consejo de la Judicatura Federal,,TOTAL,Porcentaje Ejer/Aprob,99.97396611385243,97.30704395785179,0.0,86.57081343131243,99.51041249426387,0.0,431.12749947339637,0.0,0.0,431.12749947339637,100.07837583862522,,0.0,
2024,Poder Judicial,Consejo de la Judicatura Federal,,TOTAL,Porcentaje Ejer/Modif,99.97396611385243,98.14488268529745,0.0,88.51379372408786,99.64422385128316,0.0,77.01077426449952,0.0,0.0,77.01077426449952,99.42861849292544,,0.0,
2024,Poder Judicial,Consejo de la Judicatura Federal,,R001,Otras Actividades,0.0,0.0,0.0,0.0,0.0,0.0,0.0,0.0,0.0,0.0,0.0,,0.0,
2024,Poder Judicial,Consejo de la Judicatura Federal,,R001,Aprobado,3085934445.0,506367056.0,0.0,24327094.0,3616628595.0,0.0,6204857.0,0.0,0.0,6204857.0,3622833452.0,99.82872916786792,0.0,0.17127083213208666
2024,Poder Judicial,Consejo de la Judicatura Federal,,R001,Modificado,3085934445.0,502044324.97,0.0,23793086.11,3611771856.08,0.0,34736496.4,0.0,0.0,34736496.4,3646508352.48,99.0474038986809,0.0,0.9525961013191049
2024,Poder Judicial,Consejo de la Judicatura Federal,,R001,Devengado,3085131056.34,492730813.77,0.0,21060163.16,3598922033.27,0.0,26750844.83,0.0,0.0,26750844.83,3625672878.1,99.26218261466494,0.0,0.7378173853350645
2024,Poder Judicial,Consejo de la Judicatura Federal,,R001,Ejercido,3085131056.34,492730813.77,0.0,21060163.16,3598922033.27,0.0,26750844.83,0.0,0.0,26750844.83,3625672878.1,99.26218261466494,0.0,0.7378173853350645
2024,Poder Judicial,Consejo de la Judicatura Federal,,R001,Porcentaje Ejer/Aprob,99.97396611385243,97.30704395785179,0.0,86.57081343131243,99.51041249426387,0.0,431.12749947339637,0.0,0.0,431.12749947339637,100.07837583862522,,0.0,
2024,Poder Judicial,Consejo de la Judicatura Federal,,R001,Porcentaje Ejer/Modif,99.97396611385243,98.14488268529745,0.0,88.51379372408786,99.64422385128316,0.0,77.01077426449952,0.0,0.0,77.01077426449952,99.42861849292544,,0.0,
2024,Órganos Autónomos,,,TOTAL,Aprobado,44450445398.0,16864447021.0,0.0,11320185514.0,72635077933.0,0.0,2202527629.0,0.0,0.0,2202527629.0,74837605562.0,97.05692397229987,0.0,2.9430760277001284
2024,Órganos Autónomos,,,TOTAL,Modificado,44011552008.82,16570033344.5,0.0,12886122330.55,73467707683.87,0.0,3393561736.22,0.0,0.0,3393561736.22,76861269420.09,95.58482215838477,0.0,4.415177841615234
2024,Órganos Autónomos,,,TOTAL,Devengado,43653919115.63,16188146279.85,0.0,12805238427.28,72647303822.76,0.0,3345577847.62,0.0,0.0,3345577847.62,75992881670.38,95.59751153781548,0.0,4.4024884621845
2024,Órganos Autónomos,,,TOTAL,Ejercido,43653919115.63,16188146279.85,0.0,12805238427.28,72647303822.76,0.0,3345577847.62,0.0,0.0,3345577847.62,75992881670.38,95.59751153781548,0.0,4.4024884621845
2024,Órganos Autónomos,,,TOTAL,Porcentaje Ejer/Aprob,98.20805781530855,95.98978406876991,0.0,113.11862699991437,100.01683193590192,0.0,151.89720226751353,0.0,0.0,151.89720226751353,101.54371067821364,,0.0,
2024,Órganos Autónomos,,,TOTAL,Porcentaje Ejer/Modif,99.18741131165216,97.69531505030582,0.0,99.37231774466208,98.88331365306757,0.0,98.58603165848258,0.0,0.0,98.58603165848258,98.87018812431556,,0.0,
2024,Órganos Autónomos,Instituto Nacional Electoral,,TOTAL,Aprobado,13876554183.0,7311432299.0,0.0,10959466341.0,32147452823.0,0.0,619584204.0,0.0,0.0,619584204.0,32767037027.0,98.10912349661196,0.0,1.8908765033880341
2024,Órganos Autónomos,Instituto Nacional Electoral,,TOTAL,Modificado,13568384053.76,7806911298.01,0.0,11691832597.79,33067127949.56,0.0,733711239.79,0.0,0.0,733711239.79,33800839189.35,97.82931058107819,0.0,2.170689418921819
2024,Órganos Autónomos,Instituto Nacional Electoral,,TOTAL,Devengado,13397958900.3,7466755799.74,0.0,11616674625.7,32481389325.74,0.0,685812468.77,0.0,0.0,685812468.77,33167201794.51,97.93225707426572,0.0,2.067742925734299
2024,Órganos Autónomos,Instituto Nacional Electoral,,TOTAL,Ejercido,13397958900.3,7466755799.74,0.0,11616674625.7,32481389325.74,0.0,685812468.77,0.0,0.0,685812468.77,33167201794.51,97.93225707426572,0.0,2.067742925734299
2024,Órganos Autónomos,Instituto Nacional Electoral,,TOTAL,Porcentaje Ejer/Aprob,96.55105095697084,102.12439224474859,0.0,105.99671794457133,101.03876504486567,0.0,110.68914674428983,0.0,0.0,110.68914674428983,101.22124184490731,,0.0,
2024,Órganos Autónomos,Instituto Nacional Electoral,,TOTAL,Porcentaje Ejer/Modif,98.74395393891601,95.64289274867633,0.0,99.35717543454902,98.2286377434609,0.0,93.47171360851588,0.0,0.0,93.47171360851588,98.1253796945975,,0.0,
2024,Órganos Autónomos,Instituto Nacional Electoral,,M001,Gestión Administrativa,0.0,0.0,0.0,0.0,0.0,0.0,0.0,0.0,0.0,0.0,0.0,,0.0,
2024,Órganos Autónomos,Instituto Nacional Electoral,,M001,Aprobado,1535998054.0,1318990776.0,0.0,6481183.0,2861470013.0,0.0,313626684.0,0.0,0.0,313626684.0,3175096697.0,90.12229503761787,0.0,9.877704962382126
2024,Órganos Autónomos,Instituto Nacional Electoral,,M001,Modificado,1470530475.74,1265310579.88,0.0,325564761.53,3061405817.15,0.0,343934045.18,0.0,0.0,343934045.18,3405339862.33,89.90015507748254,0.0,10.099844922517473
2024,Órganos Autónomos,Instituto Nacional Electoral,,M001,Devengado,1470530475.74,1232790645.46,0.0,322196613.53,3025517734.73,0.0,343934043.85,0.0,0.0,343934043.85,3369451778.58,89.79258151024956,0.0,10.207418489750442
2024,Órganos Autónomos,Instituto Nacional Electoral,,M001,Ejercido,1470530475.74,1232790645.46,0.0,322196613.53,3025517734.73,0.0,343934043.85,0.0,0.0,343934043.85,3369451778.58,89.79258151024956,0.0,10.207418489750442
2024,Órganos Autónomos,Instituto Nacional Electoral,,M001,Porcentaje Ejer/Aprob,95.73778247377909,93.46469042024597,0.0,0.0,105.73298762470729,0.0,109.66351442532232,0.0,0.0,109.66351442532232,106.12123346553939,,0.0,
2024,Órganos Autónomos,Instituto Nacional Electoral,,M001,Porcentaje Ejer/Modif,100.0,97.42988520469937,0.0,98.96544454498967,98.82772541232676,0.0,99.99999961329794,0.0,0.0,99.99999961329794,98.94612328869152,,0.0,
2024,Órganos Autónomos,Instituto Nacional Electoral,,M002,Organización del servicio profesional electoral,0.0,0.0,0.0,0.0,0.0,0.0,0.0,0.0,0.0,0.0,0.0,,0.0,
2024,Órganos Autónomos,Instituto Nacional Electoral,,M002,Aprobado,125664749.0,21296353.0,0.0,0.0,146961102.0,0.0,0.0,0.0,0.0,0.0,146961102.0,100.0,0.0,0.0
2024,Órganos Autónomos,Instituto Nacional Electoral,,M002,Modificado,118940250.31,23219111.27,0.0,20200.68,142179562.26,0.0,887504.84,0.0,0.0,887504.84,143067067.1,99.37965818550005,0.0,0.6203418144999493
2024,Órganos Autónomos,Instituto Nacional Electoral,,M002,Devengado,118940250.31,22565741.63,0.0,20200.68,141526192.62,0.0,887504.84,0.0,0.0,887504.84,142413697.46,99.37681216355662,0.0,0.6231878364433836
2024,Órganos Autónomos,Instituto Nacional Electoral,,M002,Ejercido,118940250.31,22565741.63,0.0,20200.68,141526192.62,0.0,887504.84,0.0,0.0,887504.84,142413697.46,99.37681216355662,0.0,0.6231878364433836
2024,Órganos Autónomos,Instituto Nacional Electoral,,M002,Porcentaje Ejer/Aprob,94.64885837634547,105.96059160927696,0.0,0.0,96.30180414678708,0.0,0.0,0.0,0.0,0.0,96.90570873645191,,0.0,
2024,Órganos Autónomos,Instituto Nacional Electoral,,M002,Porcentaje Ejer/Modif,100.0,97.18606955967269,0.0,100.0,99.54046163202754,0.0,100.0,0.0,0.0,100.0,99.54331234067774,,0.0,
2024,Órganos Autónomos,Instituto Nacional Electoral,,O001,Apoyo a la función pública y al mejoramiento de la gestión,0.0,0.0,0.0,0.0,0.0,0.0,0.0,0.0,0.0,0.0,0.0,,0.0,
2024,Órganos Autónomos,Instituto Nacional Electoral,,O001,Aprobado,165687683.0,28230211.0,0.0,0.0,193917894.0,0.0,0.0,0.0,0.0,0.0,193917894.0,100.0,0.0,0.0
2024,Órganos Autónomos,Instituto Nacional Electoral,,O001,Modificado,155950361.78,30189231.77,0.0,21150.0,186160743.55,0.0,278468.44,0.0,0.0,278468.44,186439211.99,99.85063848048503,0.0,0.14936151951496993
2024,Órganos Autónomos,Instituto Nacional Electoral,,O001,Devengado,155950361.78,30046011.07,0.0,21150.0,186017522.85,0.0,278468.44,0.0,0.0,278468.44,186295991.29,99.85052365428169,0.0,0.14947634571831372
2024,Órganos Autónomos,Instituto Nacional Electoral,,O001,Ejercido,155950361.78,30046011.07,0.0,21150.0,186017522.85,0.0,278468.44,0.0,0.0,278468.44,186295991.29,99.85052365428169,0.0,0.14947634571831372
2024,Órganos Autónomos,Instituto Nacional Electoral,,O001,Porcentaje Ejer/Aprob,94.1230868561304,106.43211653642972,0.0,0.0,95.92591947703391,0.0,0.0,0.0,0.0,0.0,96.06952068590431,,0.0,
2024,Órganos Autónomos,Instituto Nacional Electoral,,O001,Porcentaje Ejer/Modif,100.0,99.52559011408061,0.0,100.0,99.9230661108949,0.0,100.0,0.0,0.0,100.0,99.92318102052067,,0.0,
2024,Órganos Autónomos,Instituto Nacional Electoral,,P001,"Planeación, innovación, seguimiento y evaluación",0.0,0.0,0.0,0.0,0.0,0.0,0.0,0.0,0.0,0.0,0.0,,0.0,
2024,Órganos Autónomos,Instituto Nacional Electoral,,P001,Aprobado,14245274.0,399486.0,0.0,0.0,14644760.0,0.0,0.0,0.0,0.0,0.0,14644760.0,100.0,0.0,0.0
2024,Órganos Autónomos,Instituto Nacional Electoral,,P001,Modificado,11614956.17,304787.34,0.0,10800.0,11930543.51,0.0,0.0,0.0,0.0,0.0,11930543.51,100.0,0.0,0.0
2024,Órganos Autónomos,Instituto Nacional Electoral,,P001,Devengado,11614956.17,304787.34,0.0,10800.0,11930543.51,0.0,0.0,0.0,0.0,0.0,11930543.51,100.0,0.0,0.0
2024,Órganos Autónomos,Instituto Nacional Electoral,,P001,Ejercido,11614956.17,304787.34,0.0,10800.0,11930543.51,0.0,0.0,0.0,0.0,0.0,11930543.51,100.0,0.0,0.0
2024,Órganos Autónomos,Instituto Nacional Electoral,,P001,Porcentaje Ejer/Aprob,81.53550552976377,76.29487391297818,0.0,0.0,81.46629586282056,0.0,0.0,0.0,0.0,0.0,81.46629586282056,,0.0,
2024,Órganos Autónomos,Instituto Nacional Electoral,,P001,Porcentaje Ejer/Modif,100.0,100.0,0.0,100.0,100.0,0.0,0.0,0.0,0.0,0.0,100.0,,0.0,
2024,Órganos Autónomos,Instituto Nacional Electoral,,R002,Organización electoral nacional,0.0,0.0,0.0,0.0,0.0,0.0,0.0,0.0,0.0,0.0,0.0,,0.0,
2024,Órganos Autónomos,Instituto Nacional Electoral,,R002,Aprobado,872155959.0,1341164442.0,0.0,658636983.0,2871957384.0,0.0,1125673.0,0.0,0.0,1125673.0,2873083057.0,99.96082003277778,0.0,0.0
2024,Órganos Autónomos,Instituto Nacional Electoral,,R002,Modificado,854403824.3,2037499355.22,0.0,955582324.35,3847485503.87,0.0,4577095.69,0.0,0.0,4577095.69,3852062599.56,99.88117805534826,0.0,0.11882194465175143
2024,Órganos Autónomos,Instituto Nacional Electoral,,R002,Devengado,854403824.3,2025675245.89,0.0,949145622.56,3829224692.75,0.0,4577095.33,0.0,0.0,4577095.33,3833801788.08,99.88061210299836,0.0,0.11938789700164044
2024,Órganos Autónomos,Instituto Nacional Electoral,,R002,Ejercido,854403824.3,2025675245.89,0.0,949145622.56,3829224692.75,0.0,4577095.33,0.0,0.0,4577095.33,3833801788.08,99.88061210299836,0.0,0.11938789700164044
2024,Órganos Autónomos,Instituto Nacional Electoral,,R002,Porcentaje Ejer/Aprob,97.96456877731428,151.0385440035399,0.0,144.10755045013923,133.33152901512554,0.0,406.60967527869997,0.0,0.0,406.60967527869997,133.4385993032571,,0.0,
2024,Órganos Autónomos,Instituto Nacional Electoral,,R002,Porcentaje Ejer/Modif,100.0,99.41967543205807,0.0,99.32641054297667,99.5253832379191,0.0,99.9999921347504,0.0,0.0,99.9999921347504,99.5259471774398,,0.0,
2024,Órganos Autónomos,Instituto Nacional Electoral,,R003,Capacitación y educación para el ejercicio democrático de la ciudadanía,0.0,0.0,0.0,0.0,0.0,0.0,0.0,0.0,0.0,0.0,0.0,,0.0,
2024,Órganos Autónomos,Instituto Nacional Electoral,,R003,Aprobado,3767780835.0,1489636331.0,0.0,43230300.0,5300647466.0,0.0,136827.0,0.0,0.0,136827.0,5300784293.0,99.99741874046487,0.0,0.0
2024,Órganos Autónomos,Instituto Nacional Electoral,,R003,Modificado,3697780607.59,1486666224.5,0.0,41626842.69,5226073674.78,0.0,1071495.62,0.0,0.0,1071495.62,5227145170.4,99.97950132270924,0.0,0.0
2024,Órganos Autónomos,Instituto Nacional Electoral,,R003,Devengado,3527674889.58,1435985020.45,0.0,39855749.8,5003515659.83,0.0,1071495.62,0.0,0.0,1071495.62,5004587155.45,99.9785897300473,0.0,0.0
2024,Órganos Autónomos,Instituto Nacional Electoral,,R003,Ejercido,3527674889.58,1435985020.45,0.0,39855749.8,5003515659.83,0.0,1071495.62,0.0,0.0,1071495.62,5004587155.45,99.9785897300473,0.0,0.0
2024,Órganos Autónomos,Instituto Nacional Electoral,,R003,Porcentaje Ejer/Aprob,93.62739087184725,96.39836183949785,0.0,92.19401623398402,94.39442430239143,0.0,0.0,0.0,0.0,0.0,94.41220164455389,,0.0,
2024,Órganos Autónomos,Instituto Nacional Electoral,,R003,Porcentaje Ejer/Modif,95.39978879058309,96.59094938629919,0.0,95.74531053630577,95.7413915532033,0.0,100.0,0.0,0.0,100.0,95.7422645116059,,0.0,
2024,Órganos Autónomos,Instituto Nacional Electoral,,R005,Actualización del padrón electoral y expedición de la credencial para votar,0.0,0.0,0.0,0.0,0.0,0.0,0.0,0.0,0.0,0.0,0.0,,0.0,
2024,Órganos Autónomos,Instituto Nacional Electoral,,R005,Aprobado,3663843078.0,1254321308.0,0.0,43348232.0,4961512618.0,0.0,15495800.0,0.0,0.0,15495800.0,4977008418.0,99.68865232487938,0.0,0.31134767512060896
2024,Órganos Autónomos,Instituto Nacional Electoral,,R005,Modificado,3606194471.6,1160952911.49,0.0,160506782.95,4927654166.04,0.0,4465861.95,0.0,0.0,4465861.95,4932120027.99,99.90945350225347,0.0,0.1
2024,Órganos Autónomos,Instituto Nacional Electoral,,R005,Devengado,3606194471.6,1121118956.65,0.0,160506782.95,4887820211.2,0.0,4465861.95,0.0,0.0,4465861.95,4892286073.15,99.90871625487092,0.0,0.1
2024,Órganos Autónomos,Instituto Nacional Electoral,,R005,Ejercido,3606194471.6,1121118956.65,0.0,160506782.95,4887820211.2,0.0,4465861.95,0.0,0.0,4465861.95,4892286073.15,99.90871625487092,0.0,0.1
2024,Órganos Autónomos,Instituto Nacional Electoral,,R005,Porcentaje Ejer/Aprob,98.42655361671578,89.38052391357448,0.0,370.27296280503435,98.51471894815606,0.0,28.81982182268744,0.0,0.0,28.81982182268744,98.29772550627821,,0.0,
2024,Órganos Autónomos,Instituto Nacional Electoral,,R005,Porcentaje Ejer/Modif,100.0,96.56885697552747,0.0,100.0,99.19162438154599,0.0,100.0,0.0,0.0,100.0,99.19235633735714,,0.0,
2024,Órganos Autónomos,Instituto Nacional Electoral,,R008,"Dirección, soporte jurídico electoral y apoyo logístico",0.0,0.0,0.0,0.0,0.0,0.0,0.0,0.0,0.0,0.0,0.0,,0.0,
2024,Órganos Autónomos,Instituto Nacional Electoral,,R008,Aprobado,2137997548.0,152026566.0,0.0,4295248.0,2294319362.0,0.0,436455.0,0.0,0.0,436455.0,2294755817.0,99.98098032928965,0.0,0.0
2024,Órganos Autónomos,Instituto Nacional Electoral,,R008,Modificado,2111037816.61,170073000.04,0.0,3337813.41,2284448630.06,0.0,3403623.74,0.0,0.0,3403623.74,2287852253.8,99.8512306144618,0.0,0.14876938553819474
2024,Órganos Autónomos,Instituto Nacional Electoral,,R008,Devengado,2110886086.02,160916186.14,0.0,2700085.49,2274502357.65,0.0,3403623.74,0.0,0.0,3403623.74,2277905981.39,99.85058102626681,0.0,0.14941897373319493
2024,Órganos Autónomos,Instituto Nacional Electoral,,R008,Ejercido,2110886086.02,160916186.14,0.0,2700085.49,2274502357.65,0.0,3403623.74,0.0,0.0,3403623.74,2277905981.39,99.85058102626681,0.0,0.14941897373319493
2024,Órganos Autónomos,Instituto Nacional Electoral,,R008,Porcentaje Ejer/Aprob,98.73192268132573,105.84741231345052,0.0,62.86215580567176,99.13625780794854,0.0,0.0,0.0,0.0,0.0,99.26572424459398,,0.0,
2024,Órganos Autónomos,Instituto Nacional Electoral,,R008,Porcentaje Ejer/Modif,99.99281251198789,94.61595085766325,0.0,80.89384151644354,99.56460949573909,0.0,100.0,0.0,0.0,100.0,99.56525722351695,,0.0,
2024,Órganos Autónomos,Instituto Nacional Electoral,,R009,"Otorgamiento de prerrogativas a partidos políticos, fiscalización de sus recursos y administración de los tiempos del estado en radio y televisión",0.0,0.0,0.0,0.0,0.0,0.0,0.0,0.0,0.0,0.0,0.0,,0.0,
2024,Órganos Autónomos,Instituto Nacional Electoral,,R009,Aprobado,918015621.0,490348400.0,0.0,10179072330.0,11587436351.0,0.0,75903.0,0.0,0.0,75903.0,11587512254.0,99.99934495862152,0.0,0.0
2024,Órganos Autónomos,Instituto Nacional Electoral,,R009,Modificado,881232957.65,462012942.23,0.0,10182296475.66,11525542375.54,0.0,2590240.98,0.0,0.0,2590240.98,11528132616.52,99.97753113131014,0.0,0.0
2024,Órganos Autónomos,Instituto Nacional Electoral,,R009,Devengado,881195235.97,273585862.41,0.0,10120605127.66,11275386226.04,0.0,2590240.98,0.0,0.0,2590240.98,11277976467.02,99.97703275062176,0.0,0.0
2024,Órganos Autónomos,Instituto Nacional Electoral,,R009,Ejercido,881195235.97,273585862.41,0.0,10120605127.66,11275386226.04,0.0,2590240.98,0.0,0.0,2590240.98,11277976467.02,99.97703275062176,0.0,0.0
2024,Órganos Autónomos,Instituto Nacional Electoral,,R009,Porcentaje Ejer/Aprob,95.98913306182183,55.79417867173626,0.0,99.42561364685774,97.30699599542508,0.0,0.0,0.0,0.0,0.0,97.32871232241288,,0.0,
2024,Órganos Autónomos,Instituto Nacional Electoral,,R009,Porcentaje Ejer/Modif,99.99571944289278,59.21606028815597,0.0,99.39413129299987,97.82954986976672,0.0,100.0,0.0,0.0,100.0,97.83003754535646,,0.0,
2024,Órganos Autónomos,Instituto Nacional Electoral,,R010,Vinculación con la sociedad,0.0,0.0,0.0,0.0,0.0,0.0,0.0,0.0,0.0,0.0,0.0,,0.0,
2024,Órganos Autónomos,Instituto Nacional Electoral,,R010,Aprobado,174459153.0,115841554.0,0.0,24402065.0,314702772.0,0.0,7972522.0,0.0,0.0,7972522.0,322675294.0,97.5292431282328,0.0,2.470756871767195
2024,Órganos Autónomos,Instituto Nacional Electoral,,R010,Modificado,199433442.42,121329081.09,0.0,19510337.65,340272861.16,0.0,2315906.85,0.0,0.0,2315906.85,342588768.01,99.32399802146101,0.0,0.6760019785390046
2024,Órganos Autónomos,Instituto Nacional Electoral,,R010,Devengado,199393086.19,120696712.04,0.0,18257384.16,338347182.39,0.0,2315906.85,0.0,0.0,2315906.85,340663089.24,99.32017676022176,0.0,0.6798232397782386
2024,Órganos Autónomos,Instituto Nacional Electoral,,R010,Ejercido,199393086.19,120696712.04,0.0,18257384.16,338347182.39,0.0,2315906.85,0.0,0.0,2315906.85,340663089.24,99.32017676022176,0.0,0.6798232397782386
2024,Órganos Autónomos,Instituto Nacional Electoral,,R010,Porcentaje Ejer/Aprob,114.29213243400305,104.19120589490711,0.0,74.81901289911325,107.51325138947298,0.0,29.04861033936313,0.0,0.0,29.04861033936313,105.57458087881994,,0.0,
2024,Órganos Autónomos,Instituto Nacional Electoral,,R010,Porcentaje Ejer/Modif,99.97976456229692,99.47879845102354,0.0,93.57800201884257,99.43407806210718,0.0,100.0,0.0,0.0,100.0,99.43790370560434,,0.0,
2024,Órganos Autónomos,Instituto Nacional Electoral,,R011,Tecnologías de información y comunicaciones,0.0,0.0,0.0,0.0,0.0,0.0,0.0,0.0,0.0,0.0,0.0,,0.0,
2024,Órganos Autónomos,Instituto Nacional Electoral,,R011,Aprobado,500706229.0,1099176872.0,0.0,0.0,1599883101.0,0.0,280714340.0,0.0,0.0,280714340.0,1880597441.0,85.07312974696322,0.0,14.926870253036784
2024,Órganos Autónomos,Instituto Nacional Electoral,,R011,Modificado,461264889.59,1049354073.18,0.0,3355108.87,1513974071.64,0.0,370186996.5,0.0,0.0,370186996.5,1884161068.14,80.35268837894841,0.0,19.64731162105159
2024,Órganos Autónomos,Instituto Nacional Electoral,,R011,Devengado,461175262.64,1043070630.66,0.0,3355108.87,1507601002.17,0.0,322288227.17,0.0,0.0,322288227.17,1829889229.34,82.38755537753278,0.0,17.612444622467237
2024,Órganos Autónomos,Instituto Nacional Electoral,,R011,Ejercido,461175262.64,1043070630.66,0.0,3355108.87,1507601002.17,0.0,322288227.17,0.0,0.0,322288227.17,1829889229.34,82.38755537753278,0.0,17.612444622467237
2024,Órganos Autónomos,Instituto Nacional Electoral,,R011,Porcentaje Ejer/Aprob,92.10495814303121,94.8956130019446,0.0,0.0,94.23194739838682,0.0,114.81003327795796,0.0,0.0,114.81003327795796,97.30361157818889,,0.0,
2024,Órganos Autónomos,Instituto Nacional Electoral,,R011,Porcentaje Ejer/Modif,99.98056931016804,99.401208545276,0.0,100.0,99.57905028960658,0.0,87.0609260230998,0.0,0.0,87.0609260230998,97.11957540585551,,0.0,
2024,Órganos Autónomos,Tribunal Federal de Justicia Administrativa,,TOTAL,Aprobado,2517936018.0,693375633.0,0.0,44799000.0,3256110651.0,0.0,48423864.0,0.0,0.0,48423864.0,3304534515.0,98.53462374866434,0.0,1.465376251335659
2024,Órganos Autónomos,Tribunal Federal de Justicia Administrativa,,TOTAL,Modificado,2573801838.1,722445778.78,0.0,39522750.13,3335770367.01,0.0,30031954.24,0.0,0.0,30031954.24,3365802321.25,99.1077326778702,0.0,0.8922673221297993
2024,Órganos Autónomos,Tribunal Federal de Justicia Administrativa,,TOTAL,Devengado,2573801838.1,722445778.78,0.0,39522750.13,3335770367.01,0.0,30031954.24,0.0,0.0,30031954.24,3365802321.25,99.1077326778702,0.0,0.8922673221297993
2024,Órganos Autónomos,Tribunal Federal de Justicia Administrativa,,TOTAL,Ejercido,2573801838.1,722445778.78,0.0,39522750.13,3335770367.01,0.0,30031954.24,0.0,0.0,30031954.24,3365802321.25,99.1077326778702,0.0,0.8922673221297993
2024,Órganos Autónomos,Tribunal Federal de Justicia Administrativa,,TOTAL,Porcentaje Ejer/Aprob,102.21871484027518,104.19255370342673,0.0,88.22239364717963,102.44646833440798,0.0,62.01891331926754,0.0,0.0,62.01891331926754,101.85405254422044,,0.0,
2024,Órganos Autónomos,Tribunal Federal de Justicia Administrativa,,TOTAL,Porcentaje Ejer/Modif,100.0,100.0,0.0,100.0,100.0,0.0,100.0,0.0,0.0,100.0,100.0,,0.0,
2024,Órganos Autónomos,Tribunal Federal de Justicia Administrativa,,E001,Impartición de Justicia Fiscal y Administrativa,0.0,0.0,0.0,0.0,0.0,0.0,0.0,0.0,0.0,0.0,0.0,,0.0,
2024,Órganos Autónomos,Tribunal Federal de Justicia Administrativa,,E001,Aprobado,2357482651.0,690116488.0,0.0,44799000.0,3092398139.0,0.0,10423864.0,0.0,0.0,10423864.0,3102822003.0,99.66405214382516,0.0,0.3359478561748487
2024,Órganos Autónomos,Tribunal Federal de Justicia Administrativa,,E001,Modificado,2415595870.03,717833212.78,0.0,39522750.13,3172951832.94,0.0,13157964.68,0.0,0.0,13157964.68,3186109797.62,99.58702099061907,0.0,0.4129790093809354
2024,Órganos Autónomos,Tribunal Federal de Justicia Administrativa,,E001,Devengado,2415595870.03,717833212.78,0.0,39522750.13,3172951832.94,0.0,13157964.68,0.0,0.0,13157964.68,3186109797.62,99.58702099061907,0.0,0.4129790093809354
2024,Órganos Autónomos,Tribunal Federal de Justicia Administrativa,,E001,Ejercido,2415595870.03,717833212.78,0.0,39522750.13,3172951832.94,0.0,13157964.68,0.0,0.0,13157964.68,3186109797.62,99.58702099061907,0.0,0.4129790093809354
2024,Órganos Autónomos,Tribunal Federal de Justicia Administrativa,,E001,Porcentaje Ejer/Aprob,102.46505394240546,104.01623860057666,0.0,88.22239364717963,102.6048940116763,0.0,126.22924358951728,0.0,0.0,126.22924358951728,102.68425950761831,,0.0,
2024,Órganos Autónomos,Tribunal Federal de Justicia Administrativa,,E001,Porcentaje Ejer/Modif,100.0,100.0,0.0,100.0,100.0,0.0,100.0,0.0,0.0,100.0,100.0,,0.0,
2024,Órganos Autónomos,Tribunal Federal de Justicia Administrativa,,K025,Proyectos de inmuebles (oficinas administrativas),0.0,0.0,0.0,0.0,0.0,0.0,0.0,0.0,0.0,0.0,0.0,,0.0,
2024,Órganos Autónomos,Tribunal Federal de Justicia Administrativa,,K025,Aprobado,0.0,0.0,0.0,0.0,0.0,0.0,38000000.0,0.0,0.0,38000000.0,38000000.0,0.0,0.0,100.0
2024,Órganos Autónomos,Tribunal Federal de Justicia Administrativa,,K025,Modificado,0.0,0.0,0.0,0.0,0.0,0.0,16873989.56,0.0,0.0,16873989.56,16873989.56,0.0,0.0,100.0
2024,Órganos Autónomos,Tribunal Federal de Justicia Administrativa,,K025,Devengado,0.0,0.0,0.0,0.0,0.0,0.0,16873989.56,0.0,0.0,16873989.56,16873989.56,0.0,0.0,100.0
2024,Órganos Autónomos,Tribunal Federal de Justicia Administrativa,,K025,Ejercido,0.0,0.0,0.0,0.0,0.0,0.0,16873989.56,0.0,0.0,16873989.56,16873989.56,0.0,0.0,100.0
2024,Órganos Autónomos,Tribunal Federal de Justicia Administrativa,,K025,Porcentaje Ejer/Aprob,0.0,0.0,0.0,0.0,0.0,0.0,44.40523568421052,0.0,0.0,44.40523568421052,44.40523568421052,,0.0,
2024,Órganos Autónomos,Tribunal Federal de Justicia Administrativa,,K025,Porcentaje Ejer/Modif,0.0,0.0,0.0,0.0,0.0,0.0,100.0,0.0,0.0,100.0,100.0,,0.0,
2024,Órganos Autónomos,Tribunal Federal de Justicia Administrativa,,M001,Actividades de apoyo administrativo,0.0,0.0,0.0,0.0,0.0,0.0,0.0,0.0,0.0,0.0,0.0,,0.0,
2024,Órganos Autónomos,Tribunal Federal de Justicia Administrativa,,M001,Aprobado,160453367.0,3259145.0,0.0,0.0,163712512.0,0.0,0.0,0.0,0.0,0.0,163712512.0,100.0,0.0,0.0
2024,Órganos Autónomos,Tribunal Federal de Justicia Administrativa,,M001,Modificado,158205968.07,4612566.0,0.0,0.0,162818534.07,0.0,0.0,0.0,0.0,0.0,162818534.07,100.0,0.0,0.0
2024,Órganos Autónomos,Tribunal Federal de Justicia Administrativa,,M001,Devengado,158205968.07,4612566.0,0.0,0.0,162818534.07,0.0,0.0,0.0,0.0,0.0,162818534.07,100.0,0.0,0.0
2024,Órganos Autónomos,Tribunal Federal de Justicia Administrativa,,M001,Ejercido,158205968.07,4612566.0,0.0,0.0,162818534.07,0.0,0.0,0.0,0.0,0.0,162818534.07,100.0,0.0,0.0
2024,Órganos Autónomos,Tribunal Federal de Justicia Administrativa,,M001,Porcentaje Ejer/Aprob,98.59934448742355,141.52687284548554,0.0,0.0,99.45393426618485,0.0,0.0,0.0,0.0,0.0,99.45393426618485,,0.0,
2024,Órganos Autónomos,Tribunal Federal de Justicia Administrativa,,M001,Porcentaje Ejer/Modif,100.0,100.0,0.0,0.0,100.0,0.0,0.0,0.0,0.0,0.0,100.0,,0.0,
2024,Órganos Autónomos,Comisión Nacional de los Derechos Humanos,,TOTAL,Aprobado,1395177433.0,223800547.0,0.0,103165681.0,1722143661.0,0.0,0.0,0.0,0.0,0.0,1722143661.0,100.0,0.0,0.0
2024,Órganos Autónomos,Comisión Nacional de los Derechos Humanos,,TOTAL,Modificado,1315269683.0,224536334.42,0.0,108709111.99,1648515129.41,0.0,4128531.59,0.0,0.0,4128531.59,1652643661.0,99.7501862205733,0.0,0.24981377942670727
2024,Órganos Autónomos,Comisión Nacional de los Derechos Humanos,,TOTAL,Devengado,1128061943.27,182804768.04,0.0,102983180.81,1413849892.12,0.0,4043414.01,0.0,0.0,4043414.01,1417893306.13,99.71482945913354,0.0,0.28517054086644217
2024,Órganos Autónomos,Comisión Nacional de los Derechos Humanos,,TOTAL,Ejercido,1128061943.27,182804768.04,0.0,102983180.81,1413849892.12,0.0,4043414.01,0.0,0.0,4043414.01,1417893306.13,99.71482945913354,0.0,0.28517054086644217
2024,Órganos Autónomos,Comisión Nacional de los Derechos Humanos,,TOTAL,Porcentaje Ejer/Aprob,80.85437139306137,81.6820023411292,0.0,99.82309990276708,82.0982548749166,0.0,0.0,0.0,0.0,0.0,82.33304446312393,,0.0,
2024,Órganos Autónomos,Comisión Nacional de los Derechos Humanos,,TOTAL,Porcentaje Ejer/Modif,85.7665890007441,81.41433702131245,0.0,94.73279555394886,85.76505407178239,0.0,97.93830861785897,0.0,0.0,97.93830861785897,85.79546453904318,,0.0,
2024,Órganos Autónomos,Comisión Nacional de los Derechos Humanos,,E002,"Atender al público en general en oficinas centrales y foráneas; así como, investigar expedientes de presuntas violaciones a los Derechos Humanos.",0.0,0.0,0.0,0.0,0.0,0.0,0.0,0.0,0.0,0.0,0.0,,0.0,
2024,Órganos Autónomos,Comisión Nacional de los Derechos Humanos,,E002,Aprobado,730140139.0,135838200.0,0.0,51791111.0,917769450.0,0.0,0.0,0.0,0.0,0.0,917769450.0,100.0,0.0,0.0
2024,Órganos Autónomos,Comisión Nacional de los Derechos Humanos,,E002,Modificado,680059303.55,123376117.75,0.0,50953257.12,854388678.42,0.0,47953.21,0.0,0.0,47953.21,854436631.63,99.99438773945019,0.0,0.0
2024,Órganos Autónomos,Comisión Nacional de los Derechos Humanos,,E002,Devengado,596881238.37,102860085.36,0.0,47904913.85,747646237.58,0.0,47661.77,0.0,0.0,47661.77,747693899.35,99.993625497006,0.0,0.0
2024,Órganos Autónomos,Comisión Nacional de los Derechos Humanos,,E002,Ejercido,596881238.37,102860085.36,0.0,47904913.85,747646237.58,0.0,47661.77,0.0,0.0,47661.77,747693899.35,99.993625497006,0.0,0.0
2024,Órganos Autónomos,Comisión Nacional de los Derechos Humanos,,E002,Porcentaje Ejer/Aprob,81.74885977197317,75.7225032133818,0.0,92.49640126468806,81.46340429832351,0.0,0.0,0.0,0.0,0.0,81.46859751651137,,0.0,
2024,Órganos Autónomos,Comisión Nacional de los Derechos Humanos,,E002,Porcentaje Ejer/Modif,87.7689982703274,83.37114770334067,0.0,94.01737309389104,87.50657124373463,0.0,99.39224089482227,0.0,0.0,99.39224089482227,87.50723829848354,,0.0,
2024,Órganos Autónomos,Comisión Nacional de los Derechos Humanos,,E003,"Atender asuntos relacionados con las personas migrantes, así como impulsar las acciones de protección y observancia en la materia.",0.0,0.0,0.0,0.0,0.0,0.0,0.0,0.0,0.0,0.0,0.0,,0.0,
2024,Órganos Autónomos,Comisión Nacional de los Derechos Humanos,,E003,Aprobado,47774540.0,4379333.0,0.0,1023476.0,53177349.0,0.0,0.0,0.0,0.0,0.0,53177349.0,100.0,0.0,0.0
2024,Órganos Autónomos,Comisión Nacional de los Derechos Humanos,,E003,Modificado,44185566.08,4894832.12,0.0,1365996.0,50446394.2,0.0,0.0,0.0,0.0,0.0,50446394.2,100.0,0.0,0.0
2024,Órganos Autónomos,Comisión Nacional de los Derechos Humanos,,E003,Devengado,37554433.68,3266898.54,0.0,1365996.0,42187328.22,0.0,0.0,0.0,0.0,0.0,42187328.22,100.0,0.0,0.0
2024,Órganos Autónomos,Comisión Nacional de los Derechos Humanos,,E003,Ejercido,37554433.68,3266898.54,0.0,1365996.0,42187328.22,0.0,0.0,0.0,0.0,0.0,42187328.22,100.0,0.0,0.0
2024,Órganos Autónomos,Comisión Nacional de los Derechos Humanos,,E003,Porcentaje Ejer/Aprob,78.60763008916464,74.59808468549892,0.0,133.46634410577286,79.33326691407652,0.0,0.0,0.0,0.0,0.0,79.33326691407652,,0.0,
2024,Órganos Autónomos,Comisión Nacional de los Derechos Humanos,,E003,Porcentaje Ejer/Modif,84.99253718285735,66.74178929756634,0.0,100.0,83.62803504397941,0.0,0.0,0.0,0.0,0.0,83.62803504397941,,0.0,
2024,Órganos Autónomos,Comisión Nacional de los Derechos Humanos,,E006,Atender asuntos relacionados con víctimas del delito y de violaciones a derechos humanos,0.0,0.0,0.0,0.0,0.0,0.0,0.0,0.0,0.0,0.0,0.0,,0.0,
2024,Órganos Autónomos,Comisión Nacional de los Derechos Humanos,,E006,Aprobado,20086320.0,3057966.0,0.0,7685821.0,30830107.0,0.0,0.0,0.0,0.0,0.0,30830107.0,100.0,0.0,0.0
2024,Órganos Autónomos,Comisión Nacional de los Derechos Humanos,,E006,Modificado,20165948.68,2909645.35,0.0,8313872.0,31389466.03,0.0,0.0,0.0,0.0,0.0,31389466.03,100.0,0.0,0.0
2024,Órganos Autónomos,Comisión Nacional de los Derechos Humanos,,E006,Devengado,13039205.36,1702063.76,0.0,7944151.0,22685420.12,0.0,0.0,0.0,0.0,0.0,22685420.12,100.0,0.0,0.0
2024,Órganos Autónomos,Comisión Nacional de los Derechos Humanos,,E006,Ejercido,13039205.36,1702063.76,0.0,7944151.0,22685420.12,0.0,0.0,0.0,0.0,0.0,22685420.12,100.0,0.0,0.0
2024,Órganos Autónomos,Comisión Nacional de los Derechos Humanos,,E006,Porcentaje Ejer/Aprob,64.91584999143696,55.65999621970944,0.0,103.36112433531824,73.58203498936933,0.0,0.0,0.0,0.0,0.0,73.58203498936933,,0.0,
2024,Órganos Autónomos,Comisión Nacional de los Derechos Humanos,,E006,Porcentaje Ejer/Modif,64.65951871102351,58.49729280580536,0.0,95.55296256665967,72.27080606697406,0.0,0.0,0.0,0.0,0.0,72.27080606697406,,0.0,
2024,Órganos Autónomos,Comisión Nacional de los Derechos Humanos,,E007,Atender asuntos relacionados con personas reportadas como desaparecidas y no localizadas,0.0,0.0,0.0,0.0,0.0,0.0,0.0,0.0,0.0,0.0,0.0,,0.0,
2024,Órganos Autónomos,Comisión Nacional de los Derechos Humanos,,E007,Aprobado,15368706.0,1795942.0,0.0,1497149.0,18661797.0,0.0,0.0,0.0,0.0,0.0,18661797.0,100.0,0.0,0.0
2024,Órganos Autónomos,Comisión Nacional de los Derechos Humanos,,E007,Modificado,14475928.66,1853641.18,0.0,1567172.0,17896741.84,0.0,0.0,0.0,0.0,0.0,17896741.84,100.0,0.0,0.0
2024,Órganos Autónomos,Comisión Nacional de los Derechos Humanos,,E007,Devengado,12293582.59,1447181.41,0.0,1490399.0,15231163.0,0.0,0.0,0.0,0.0,0.0,15231163.0,100.0,0.0,0.0
2024,Órganos Autónomos,Comisión Nacional de los Derechos Humanos,,E007,Ejercido,12293582.59,1447181.41,0.0,1490399.0,15231163.0,0.0,0.0,0.0,0.0,0.0,15231163.0,100.0,0.0,0.0
2024,Órganos Autónomos,Comisión Nacional de los Derechos Humanos,,E007,Porcentaje Ejer/Aprob,79.99100633456064,80.58063177986816,0.0,99.54914307126411,81.61680785617806,0.0,0.0,0.0,0.0,0.0,81.61680785617806,,0.0,
2024,Órganos Autónomos,Comisión Nacional de los Derechos Humanos,,E007,Porcentaje Ejer/Modif,84.9243104103554,78.07235972174507,0.0,95.10117587603658,85.10578705425412,0.0,0.0,0.0,0.0,0.0,85.10578705425412,,0.0,
2024,Órganos Autónomos,Comisión Nacional de los Derechos Humanos,,E008,Operar el Mecanismo Nacional de Prevención de la Tortura,0.0,0.0,0.0,0.0,0.0,0.0,0.0,0.0,0.0,0.0,0.0,,0.0,
2024,Órganos Autónomos,Comisión Nacional de los Derechos Humanos,,E008,Aprobado,26938907.0,6045113.0,0.0,1424564.0,34408584.0,0.0,0.0,0.0,0.0,0.0,34408584.0,100.0,0.0,0.0
2024,Órganos Autónomos,Comisión Nacional de los Derechos Humanos,,E008,Modificado,25199263.6,5126415.42,0.0,1368722.0,31694401.02,0.0,0.0,0.0,0.0,0.0,31694401.02,100.0,0.0,0.0
2024,Órganos Autónomos,Comisión Nacional de los Derechos Humanos,,E008,Devengado,21098377.44,4119585.49,0.0,1165984.02,26383946.95,0.0,0.0,0.0,0.0,0.0,26383946.95,100.0,0.0,0.0
2024,Órganos Autónomos,Comisión Nacional de los Derechos Humanos,,E008,Ejercido,21098377.44,4119585.49,0.0,1165984.02,26383946.95,0.0,0.0,0.0,0.0,0.0,26383946.95,100.0,0.0,0.0
2024,Órganos Autónomos,Comisión Nacional de los Derechos Humanos,,E008,Porcentaje Ejer/Aprob,78.31935215485915,68.14736945363966,0.0,81.84848276384915,76.67838627128626,0.0,0.0,0.0,0.0,0.0,76.67838627128626,,0.0,
2024,Órganos Autónomos,Comisión Nacional de los Derechos Humanos,,E008,Porcentaje Ejer/Modif,83.72616666464809,80.35996212729869,0.0,85.18778977761737,83.24481959242908,0.0,0.0,0.0,0.0,0.0,83.24481959242908,,0.0,
2024,Órganos Autónomos,Comisión Nacional de los Derechos Humanos,,E011,"Atender asuntos relacionados con las niñas, niños y adolescentes y las familias.",0.0,0.0,0.0,0.0,0.0,0.0,0.0,0.0,0.0,0.0,0.0,,0.0,
2024,Órganos Autónomos,Comisión Nacional de los Derechos Humanos,,E011,Aprobado,8204277.0,1325650.0,0.0,1036959.0,10566886.0,0.0,0.0,0.0,0.0,0.0,10566886.0,100.0,0.0,0.0
2024,Órganos Autónomos,Comisión Nacional de los Derechos Humanos,,E011,Modificado,8272144.38,1551775.63,0.0,1079790.0,10903710.01,0.0,0.0,0.0,0.0,0.0,10903710.01,100.0,0.0,0.0
2024,Órganos Autónomos,Comisión Nacional de los Derechos Humanos,,E011,Devengado,5504085.85,1235933.74,0.0,770886.0,7510905.59,0.0,0.0,0.0,0.0,0.0,7510905.59,100.0,0.0,0.0
2024,Órganos Autónomos,Comisión Nacional de los Derechos Humanos,,E011,Ejercido,5504085.85,1235933.74,0.0,770886.0,7510905.59,0.0,0.0,0.0,0.0,0.0,7510905.59,100.0,0.0,0.0
2024,Órganos Autónomos,Comisión Nacional de los Derechos Humanos,,E011,Porcentaje Ejer/Aprob,67.08800604855247,93.23228152227209,0.0,74.34102987678394,71.07965005016615,0.0,0.0,0.0,0.0,0.0,71.07965005016615,,0.0,
2024,Órganos Autónomos,Comisión Nacional de los Derechos Humanos,,E011,Porcentaje Ejer/Modif,66.53759408875307,79.64642027533324,0.0,71.3922151529464,68.88394485098746,0.0,0.0,0.0,0.0,0.0,68.88394485098746,,0.0,
2024,Órganos Autónomos,Comisión Nacional de los Derechos Humanos,,E012,"Atender asuntos relacionados con Sexualidad, Salud y VIH",0.0,0.0,0.0,0.0,0.0,0.0,0.0,0.0,0.0,0.0,0.0,,0.0,
2024,Órganos Autónomos,Comisión Nacional de los Derechos Humanos,,E012,Aprobado,6675123.0,455256.0,0.0,175880.0,7306259.0,0.0,0.0,0.0,0.0,0.0,7306259.0,100.0,0.0,0.0
2024,Órganos Autónomos,Comisión Nacional de los Derechos Humanos,,E012,Modificado,6410306.39,721010.11,0.0,176912.0,7308228.5,0.0,0.0,0.0,0.0,0.0,7308228.5,100.0,0.0,0.0
2024,Órganos Autónomos,Comisión Nacional de los Derechos Humanos,,E012,Devengado,5794215.15,522634.51,0.0,164636.0,6481485.66,0.0,0.0,0.0,0.0,0.0,6481485.66,100.0,0.0,0.0
2024,Órganos Autónomos,Comisión Nacional de los Derechos Humanos,,E012,Ejercido,5794215.15,522634.51,0.0,164636.0,6481485.66,0.0,0.0,0.0,0.0,0.0,6481485.66,100.0,0.0,0.0
2024,Órganos Autónomos,Comisión Nacional de los Derechos Humanos,,E012,Porcentaje Ejer/Aprob,86.80312183011459,114.80013662642557,0.0,93.60700477598363,88.71141387131226,0.0,0.0,0.0,0.0,0.0,88.71141387131226,,0.0,
2024,Órganos Autónomos,Comisión Nacional de los Derechos Humanos,,E012,Porcentaje Ejer/Modif,90.389051591027,72.48643295722997,0.0,93.06095685990775,88.68750696560733,0.0,0.0,0.0,0.0,0.0,88.68750696560733,,0.0,
2024,Órganos Autónomos,Comisión Nacional de los Derechos Humanos,,E013,"Realizar la promoción y observancia en el monitoreo, seguimiento y evaluación del impacto de la política nacional en materia de igualdad entre mujeres y hombres",0.0,0.0,0.0,0.0,0.0,0.0,0.0,0.0,0.0,0.0,0.0,,0.0,
2024,Órganos Autónomos,Comisión Nacional de los Derechos Humanos,,E013,Aprobado,24297998.0,5582223.0,0.0,4900314.0,34780535.0,0.0,0.0,0.0,0.0,0.0,34780535.0,100.0,0.0,0.0
2024,Órganos Autónomos,Comisión Nacional de los Derechos Humanos,,E013,Modificado,24367372.06,6350408.98,0.0,5302459.0,36020240.04,0.0,0.0,0.0,0.0,0.0,36020240.04,100.0,0.0,0.0
2024,Órganos Autónomos,Comisión Nacional de los Derechos Humanos,,E013,Devengado,16995628.89,5537400.89,0.0,5142318.0,27675347.78,0.0,0.0,0.0,0.0,0.0,27675347.78,100.0,0.0,0.0
2024,Órganos Autónomos,Comisión Nacional de los Derechos Humanos,,E013,Ejercido,16995628.89,5537400.89,0.0,5142318.0,27675347.78,0.0,0.0,0.0,0.0,0.0,27675347.78,100.0,0.0,0.0
2024,Órganos Autónomos,Comisión Nacional de los Derechos Humanos,,E013,Porcentaje Ejer/Aprob,69.94662231020021,99.19705626235282,0.0,104.93854067310788,79.57136881304443,0.0,0.0,0.0,0.0,0.0,79.57136881304443,,0.0,
2024,Órganos Autónomos,Comisión Nacional de los Derechos Humanos,,E013,Porcentaje Ejer/Modif,69.74748384089803,87.19754755070907,0.0,96.97987292310982,76.83276888012655,0.0,0.0,0.0,0.0,0.0,76.83276888012655,,0.0,
2024,Órganos Autónomos,Comisión Nacional de los Derechos Humanos,,E014,Proteger y defender el respeto de los Derechos Humanos de periodistas y personas defensores de Derechos Humanos.,0.0,0.0,0.0,0.0,0.0,0.0,0.0,0.0,0.0,0.0,0.0,,0.0,
2024,Órganos Autónomos,Comisión Nacional de los Derechos Humanos,,E014,Aprobado,14771025.0,2630481.0,0.0,1339214.0,18740720.0,0.0,0.0,0.0,0.0,0.0,18740720.0,100.0,0.0,0.0
2024,Órganos Autónomos,Comisión Nacional de los Derechos Humanos,,E014,Modificado,15033110.56,2438685.12,0.0,1446319.0,18918114.68,0.0,0.0,0.0,0.0,0.0,18918114.68,100.0,0.0,0.0
2024,Órganos Autónomos,Comisión Nacional de los Derechos Humanos,,E014,Devengado,14762722.76,2062994.52,0.0,1442708.01,18268425.29,0.0,0.0,0.0,0.0,0.0,18268425.29,100.0,0.0,0.0
2024,Órganos Autónomos,Comisión Nacional de los Derechos Humanos,,E014,Ejercido,14762722.76,2062994.52,0.0,1442708.01,18268425.29,0.0,0.0,0.0,0.0,0.0,18268425.29,100.0,0.0,0.0
2024,Órganos Autónomos,Comisión Nacional de los Derechos Humanos,,E014,Porcentaje Ejer/Aprob,99.94379374484843,78.4265128696995,0.0,107.72796655351573,97.47984757255857,0.0,0.0,0.0,0.0,0.0,97.47984757255857,,0.0,
2024,Órganos Autónomos,Comisión Nacional de los Derechos Humanos,,E014,Porcentaje Ejer/Modif,98.20138487692995,84.59454248853578,0.0,99.75033239555036,96.56578152215747,0.0,0.0,0.0,0.0,0.0,96.56578152215747,,0.0,
2024,Órganos Autónomos,Comisión Nacional de los Derechos Humanos,,E015,"Promover, fortalecer e impulsar los vínculos de colaboración interinstitucional; así como, diseñar y ejecutar los programas de educación y capacitación en materia de Derechos Humanos.",0.0,0.0,0.0,0.0,0.0,0.0,0.0,0.0,0.0,0.0,0.0,,0.0,
2024,Órganos Autónomos,Comisión Nacional de los Derechos Humanos,,E015,Aprobado,51993565.0,6636764.0,0.0,7333953.0,65964282.0,0.0,0.0,0.0,0.0,0.0,65964282.0,100.0,0.0,0.0
2024,Órganos Autónomos,Comisión Nacional de los Derechos Humanos,,E015,Modificado,47711070.23,6041889.54,0.0,8591638.0,62344597.77,0.0,0.0,0.0,0.0,0.0,62344597.77,100.0,0.0,0.0
2024,Órganos Autónomos,Comisión Nacional de los Derechos Humanos,,E015,Devengado,36944168.94,5112640.59,0.0,8066961.24,50123770.77,0.0,0.0,0.0,0.0,0.0,50123770.77,100.0,0.0,0.0
2024,Órganos Autónomos,Comisión Nacional de los Derechos Humanos,,E015,Ejercido,36944168.94,5112640.59,0.0,8066961.24,50123770.77,0.0,0.0,0.0,0.0,0.0,50123770.77,100.0,0.0,0.0
2024,Órganos Autónomos,Comisión Nacional de los Derechos Humanos,,E015,Porcentaje Ejer/Aprob,71.05527182065703,77.03514227717002,0.0,109.9947223550519,75.98622959316074,0.0,0.0,0.0,0.0,0.0,75.98622959316074,,0.0,
2024,Órganos Autónomos,Comisión Nacional de los Derechos Humanos,,E015,Porcentaje Ejer/Modif,77.43311722395626,84.61989508666191,0.0,93.89316961445536,80.39793753247918,0.0,0.0,0.0,0.0,0.0,80.39793753247918,,0.0,
2024,Órganos Autónomos,Comisión Nacional de los Derechos Humanos,,E016,"Contribuir a la protección de los derechos humanos y mantener relaciones de cooperación internacional con organismos afines nacionales e internacionales, así como realizar estudios en la materia y administrar el archivo institucional.",0.0,0.0,0.0,0.0,0.0,0.0,0.0,0.0,0.0,0.0,0.0,,0.0,
2024,Órganos Autónomos,Comisión Nacional de los Derechos Humanos,,E016,Aprobado,47109903.0,838545.0,0.0,2420502.0,50368950.0,0.0,0.0,0.0,0.0,0.0,50368950.0,100.0,0.0,0.0
2024,Órganos Autónomos,Comisión Nacional de los Derechos Humanos,,E016,Modificado,44025953.74,3340374.13,0.0,2900744.0,50267071.87,0.0,0.0,0.0,0.0,0.0,50267071.87,100.0,0.0,0.0
2024,Órganos Autónomos,Comisión Nacional de los Derechos Humanos,,E016,Devengado,34611800.39,3249841.92,0.0,2806594.76,40668237.07,0.0,0.0,0.0,0.0,0.0,40668237.07,100.0,0.0,0.0
2024,Órganos Autónomos,Comisión Nacional de los Derechos Humanos,,E016,Ejercido,34611800.39,3249841.92,0.0,2806594.76,40668237.07,0.0,0.0,0.0,0.0,0.0,40668237.07,100.0,0.0,0.0
2024,Órganos Autónomos,Comisión Nacional de los Derechos Humanos,,E016,Porcentaje Ejer/Aprob,73.47032828745158,387.55724737491727,0.0,115.9509374501653,80.74068859882924,0.0,0.0,0.0,0.0,0.0,80.74068859882924,,0.0,
2024,Órganos Autónomos,Comisión Nacional de los Derechos Humanos,,E016,Porcentaje Ejer/Modif,78.61680997169012,97.2897583780533,0.0,96.75430717084996,80.90432873268534,0.0,0.0,0.0,0.0,0.0,80.90432873268534,,0.0,
2024,Órganos Autónomos,Comisión Nacional de los Derechos Humanos,,E017,Ejecutar el programa de comunicación social,0.0,0.0,0.0,0.0,0.0,0.0,0.0,0.0,0.0,0.0,0.0,,0.0,
2024,Órganos Autónomos,Comisión Nacional de los Derechos Humanos,,E017,Aprobado,28310039.0,8448481.0,0.0,2503727.0,39262247.0,0.0,0.0,0.0,0.0,0.0,39262247.0,100.0,0.0,0.0
2024,Órganos Autónomos,Comisión Nacional de los Derechos Humanos,,E017,Modificado,27492562.69,7231148.96,0.0,2586782.0,37310493.65,0.0,0.0,0.0,0.0,0.0,37310493.65,100.0,0.0,0.0
2024,Órganos Autónomos,Comisión Nacional de los Derechos Humanos,,E017,Devengado,25399512.08,6111127.78,0.0,2580130.0,34090769.86,0.0,0.0,0.0,0.0,0.0,34090769.86,100.0,0.0,0.0
2024,Órganos Autónomos,Comisión Nacional de los Derechos Humanos,,E017,Ejercido,25399512.08,6111127.78,0.0,2580130.0,34090769.86,0.0,0.0,0.0,0.0,0.0,34090769.86,100.0,0.0,0.0
2024,Órganos Autónomos,Comisión Nacional de los Derechos Humanos,,E017,Porcentaje Ejer/Aprob,89.71909957453607,72.33404182361302,0.0,103.05157071837306,86.82837194722961,0.0,0.0,0.0,0.0,0.0,86.82837194722961,,0.0,
2024,Órganos Autónomos,Comisión Nacional de los Derechos Humanos,,E017,Porcentaje Ejer/Modif,92.38684791374025,84.51115879100905,0.0,99.74284651741043,91.37046049241967,0.0,0.0,0.0,0.0,0.0,91.37046049241967,,0.0,
2024,Órganos Autónomos,Comisión Nacional de los Derechos Humanos,,E018,"Investigación, estudios formación y profesionalización en materia de derechos humanos.",0.0,0.0,0.0,0.0,0.0,0.0,0.0,0.0,0.0,0.0,0.0,,0.0,
2024,Órganos Autónomos,Comisión Nacional de los Derechos Humanos,,E018,Aprobado,40499777.0,8384140.0,0.0,4818278.0,53702195.0,0.0,0.0,0.0,0.0,0.0,53702195.0,100.0,0.0,0.0
2024,Órganos Autónomos,Comisión Nacional de los Derechos Humanos,,E018,Modificado,37618064.12,10901254.96,0.0,5237397.0,53756716.08,0.0,0.0,0.0,0.0,0.0,53756716.08,100.0,0.0,0.0
2024,Órganos Autónomos,Comisión Nacional de los Derechos Humanos,,E018,Devengado,30261138.41,9984752.24,0.0,5103264.73,45349155.38,0.0,0.0,0.0,0.0,0.0,45349155.38,100.0,0.0,0.0
2024,Órganos Autónomos,Comisión Nacional de los Derechos Humanos,,E018,Ejercido,30261138.41,9984752.24,0.0,5103264.73,45349155.38,0.0,0.0,0.0,0.0,0.0,45349155.38,100.0,0.0,0.0
2024,Órganos Autónomos,Comisión Nacional de los Derechos Humanos,,E018,Porcentaje Ejer/Aprob,74.71927168882931,119.09095315679366,0.0,105.91470085370749,84.44562718525752,0.0,0.0,0.0,0.0,0.0,84.44562718525752,,0.0,
2024,Órganos Autónomos,Comisión Nacional de los Derechos Humanos,,E018,Porcentaje Ejer/Modif,80.44310391270608,91.59268613234966,0.0,97.43895163952628,84.35998083013855,0.0,0.0,0.0,0.0,0.0,84.35998083013855,,0.0,
2024,Órganos Autónomos,Comisión Nacional de los Derechos Humanos,,E022,Protección y defensa de los Derechos Humanos de las personas indígenas y afrodescendientes privadas de la libertad.,0.0,0.0,0.0,0.0,0.0,0.0,0.0,0.0,0.0,0.0,0.0,,0.0,
2024,Órganos Autónomos,Comisión Nacional de los Derechos Humanos,,E022,Aprobado,11563368.0,3507946.0,0.0,2171567.0,17242881.0,0.0,0.0,0.0,0.0,0.0,17242881.0,100.0,0.0,0.0
2024,Órganos Autónomos,Comisión Nacional de los Derechos Humanos,,E022,Modificado,11632722.67,4518755.91,0.0,2115225.0,18266703.58,0.0,0.0,0.0,0.0,0.0,18266703.58,100.0,0.0,0.0
2024,Órganos Autónomos,Comisión Nacional de los Derechos Humanos,,E022,Devengado,9444820.37,3691356.56,0.0,1755361.0,14891537.93,0.0,0.0,0.0,0.0,0.0,14891537.93,100.0,0.0,0.0
2024,Órganos Autónomos,Comisión Nacional de los Derechos Humanos,,E022,Ejercido,9444820.37,3691356.56,0.0,1755361.0,14891537.93,0.0,0.0,0.0,0.0,0.0,14891537.93,100.0,0.0,0.0
2024,Órganos Autónomos,Comisión Nacional de los Derechos Humanos,,E022,Porcentaje Ejer/Aprob,81.67880128004228,105.22843168053329,0.0,80.83384026373582,86.36339791476841,0.0,0.0,0.0,0.0,0.0,86.36339791476841,,0.0,
2024,Órganos Autónomos,Comisión Nacional de los Derechos Humanos,,E022,Porcentaje Ejer/Modif,81.19182961661716,81.68966488831657,0.0,82.98696356179602,81.52285312334389,0.0,0.0,0.0,0.0,0.0,81.52285312334389,,0.0,
2024,Órganos Autónomos,Comisión Nacional de los Derechos Humanos,,E023,Supervisar la observancia e incidencia de los Derechos Humanos en los centros penitenciarios en la República Mexicana.,0.0,0.0,0.0,0.0,0.0,0.0,0.0,0.0,0.0,0.0,0.0,,0.0,
2024,Órganos Autónomos,Comisión Nacional de los Derechos Humanos,,E023,Aprobado,18303475.0,4404726.0,0.0,2577381.0,25285582.0,0.0,0.0,0.0,0.0,0.0,25285582.0,100.0,0.0,0.0
2024,Órganos Autónomos,Comisión Nacional de los Derechos Humanos,,E023,Modificado,17428580.02,4108736.49,0.0,2591593.0,24128909.51,0.0,0.0,0.0,0.0,0.0,24128909.51,100.0,0.0,0.0
2024,Órganos Autónomos,Comisión Nacional de los Derechos Humanos,,E023,Devengado,15623816.22,3271972.73,0.0,2437380.01,21333168.96,0.0,0.0,0.0,0.0,0.0,21333168.96,100.0,0.0,0.0
2024,Órganos Autónomos,Comisión Nacional de los Derechos Humanos,,E023,Ejercido,15623816.22,3271972.73,0.0,2437380.01,21333168.96,0.0,0.0,0.0,0.0,0.0,21333168.96,100.0,0.0,0.0
2024,Órganos Autónomos,Comisión Nacional de los Derechos Humanos,,E023,Porcentaje Ejer/Aprob,85.35983587815976,74.28322964924492,0.0,94.56809101952717,84.3689062011703,0.0,0.0,0.0,0.0,0.0,84.3689062011703,,0.0,
2024,Órganos Autónomos,Comisión Nacional de los Derechos Humanos,,E023,Porcentaje Ejer/Modif,89.64480297345533,79.63452360509008,0.0,94.04949040995248,88.41331578270733,0.0,0.0,0.0,0.0,0.0,88.41331578270733,,0.0,
2024,Órganos Autónomos,Comisión Nacional de los Derechos Humanos,,E024,Atender asuntos relativos a la aplicación del Mecanismo Independiente de Monitoreo Nacional de la Convención sobre los Derechos de las Personas con Discapacidad,0.0,0.0,0.0,0.0,0.0,0.0,0.0,0.0,0.0,0.0,0.0,,0.0,
2024,Órganos Autónomos,Comisión Nacional de los Derechos Humanos,,E024,Aprobado,8686606.0,2880326.0,0.0,1709720.0,13276652.0,0.0,0.0,0.0,0.0,0.0,13276652.0,100.0,0.0,0.0
2024,Órganos Autónomos,Comisión Nacional de los Derechos Humanos,,E024,Modificado,9592046.62,2768669.87,0.0,1814119.0,14174835.49,0.0,0.0,0.0,0.0,0.0,14174835.49,100.0,0.0,0.0
2024,Órganos Autónomos,Comisión Nacional de los Derechos Humanos,,E024,Devengado,9444825.3,1257258.65,0.0,1739516.0,12441599.95,0.0,0.0,0.0,0.0,0.0,12441599.95,100.0,0.0,0.0
2024,Órganos Autónomos,Comisión Nacional de los Derechos Humanos,,E024,Ejercido,9444825.3,1257258.65,0.0,1739516.0,12441599.95,0.0,0.0,0.0,0.0,0.0,12441599.95,100.0,0.0,0.0
2024,Órganos Autónomos,Comisión Nacional de los Derechos Humanos,,E024,Porcentaje Ejer/Aprob,108.72860240236521,43.64987331295138,0.0,101.74274150153242,93.71037178650158,0.0,0.0,0.0,0.0,0.0,93.71037178650158,,0.0,
2024,Órganos Autónomos,Comisión Nacional de los Derechos Humanos,,E024,Porcentaje Ejer/Modif,98.46517301434886,45.41020450372438,0.0,95.8876457387856,87.7724468744434,0.0,0.0,0.0,0.0,0.0,87.7724468744434,,0.0,
2024,Órganos Autónomos,Comisión Nacional de los Derechos Humanos,,E026,"Atender asuntos relacionados con los Derechos Humanos Económicos, Sociales, Culturales y Ambientales",0.0,0.0,0.0,0.0,0.0,0.0,0.0,0.0,0.0,0.0,0.0,,0.0,
2024,Órganos Autónomos,Comisión Nacional de los Derechos Humanos,,E026,Aprobado,8060796.0,588990.0,0.0,183161.0,8832947.0,0.0,0.0,0.0,0.0,0.0,8832947.0,100.0,0.0,0.0
2024,Órganos Autónomos,Comisión Nacional de los Derechos Humanos,,E026,Modificado,7459851.55,1767417.85,0.0,186661.0,9413930.4,0.0,0.0,0.0,0.0,0.0,9413930.4,100.0,0.0,0.0
2024,Órganos Autónomos,Comisión Nacional de los Derechos Humanos,,E026,Devengado,6643899.33,1331801.67,0.0,186661.0,8162362.0,0.0,0.0,0.0,0.0,0.0,8162362.0,100.0,0.0,0.0
2024,Órganos Autónomos,Comisión Nacional de los Derechos Humanos,,E026,Ejercido,6643899.33,1331801.67,0.0,186661.0,8162362.0,0.0,0.0,0.0,0.0,0.0,8162362.0,100.0,0.0,0.0
2024,Órganos Autónomos,Comisión Nacional de los Derechos Humanos,,E026,Porcentaje Ejer/Aprob,82.42237280288448,226.1161768451077,0.0,101.91088714300534,92.40813966165538,0.0,0.0,0.0,0.0,0.0,92.40813966165538,,0.0,
2024,Órganos Autónomos,Comisión Nacional de los Derechos Humanos,,E026,Porcentaje Ejer/Modif,89.06208502232192,75.35296025215543,0.0,100.0,86.70514496261838,0.0,0.0,0.0,0.0,0.0,86.70514496261838,,0.0,
2024,Órganos Autónomos,Comisión Nacional de los Derechos Humanos,,E032,Atender asuntos relacionados con las personas jóvenes y mayores.,0.0,0.0,0.0,0.0,0.0,0.0,0.0,0.0,0.0,0.0,0.0,,0.0,
2024,Órganos Autónomos,Comisión Nacional de los Derechos Humanos,,E032,Aprobado,5286001.0,929871.0,0.0,121503.0,6337375.0,0.0,0.0,0.0,0.0,0.0,6337375.0,100.0,0.0,0.0
2024,Órganos Autónomos,Comisión Nacional de los Derechos Humanos,,E032,Modificado,4930831.8,798381.78,0.0,121503.0,5850716.58,0.0,0.0,0.0,0.0,0.0,5850716.58,100.0,0.0,0.0
2024,Órganos Autónomos,Comisión Nacional de los Derechos Humanos,,E032,Devengado,4252949.45,404862.67,0.0,121056.0,4778868.12,0.0,0.0,0.0,0.0,0.0,4778868.12,100.0,0.0,0.0
2024,Órganos Autónomos,Comisión Nacional de los Derechos Humanos,,E032,Ejercido,4252949.45,404862.67,0.0,121056.0,4778868.12,0.0,0.0,0.0,0.0,0.0,4778868.12,100.0,0.0,0.0
2024,Órganos Autónomos,Comisión Nacional de los Derechos Humanos,,E032,Porcentaje Ejer/Aprob,80.45684157078291,43.53965980227365,0.0,99.63210784918891,75.40769040809484,0.0,0.0,0.0,0.0,0.0,75.40769040809484,,0.0,
2024,Órganos Autónomos,Comisión Nacional de los Derechos Humanos,,E032,Porcentaje Ejer/Modif,86.25217047557778,50.71040949857347,0.0,99.63210784918891,81.68004815574231,0.0,0.0,0.0,0.0,0.0,81.68004815574231,,0.0,
2024,Órganos Autónomos,Comisión Nacional de los Derechos Humanos,,E033,Proteger y defender el respeto de los Derechos Humanos de víctimas y posibles víctimas de la trata de personas.,0.0,0.0,0.0,0.0,0.0,0.0,0.0,0.0,0.0,0.0,0.0,,0.0,
2024,Órganos Autónomos,Comisión Nacional de los Derechos Humanos,,E033,Aprobado,13506647.0,1152521.0,0.0,329429.0,14988597.0,0.0,0.0,0.0,0.0,0.0,14988597.0,100.0,0.0,0.0
2024,Órganos Autónomos,Comisión Nacional de los Derechos Humanos,,E033,Modificado,13010149.27,1084129.68,0.0,338816.0,14433094.95,0.0,0.0,0.0,0.0,0.0,14433094.95,100.0,0.0,0.0
2024,Órganos Autónomos,Comisión Nacional de los Derechos Humanos,,E033,Devengado,12491810.25,767199.14,0.0,338816.0,13597825.39,0.0,0.0,0.0,0.0,0.0,13597825.39,100.0,0.0,0.0
2024,Órganos Autónomos,Comisión Nacional de los Derechos Humanos,,E033,Ejercido,12491810.25,767199.14,0.0,338816.0,13597825.39,0.0,0.0,0.0,0.0,0.0,13597825.39,100.0,0.0,0.0
2024,Órganos Autónomos,Comisión Nacional de los Derechos Humanos,,E033,Porcentaje Ejer/Aprob,92.48639021957115,66.56704216235539,0.0,102.84947591134963,90.72113547385389,0.0,0.0,0.0,0.0,0.0,90.72113547385389,,0.0,
2024,Órganos Autónomos,Comisión Nacional de los Derechos Humanos,,E033,Porcentaje Ejer/Modif,96.01588721817947,70.76636256282552,0.0,100.0,94.21281739714462,0.0,0.0,0.0,0.0,0.0,94.21281739714462,,0.0,
2024,Órganos Autónomos,Comisión Nacional de los Derechos Humanos,,E035,"Proteger y observar la defensa, respeto y remedio de los derechos humanos de las personas o grupos de personas con mayores riesgos de vulnerabilidad ante abusos de las empresas públicas y privadas.",0.0,0.0,0.0,0.0,0.0,0.0,0.0,0.0,0.0,0.0,0.0,,0.0,
2024,Órganos Autónomos,Comisión Nacional de los Derechos Humanos,,E035,Aprobado,2681768.0,439930.0,0.0,123033.0,3244731.0,0.0,0.0,0.0,0.0,0.0,3244731.0,100.0,0.0,0.0
2024,Órganos Autónomos,Comisión Nacional de los Derechos Humanos,,E035,Modificado,3839669.36,622461.68,0.0,123254.0,4585385.04,0.0,0.0,0.0,0.0,0.0,4585385.04,100.0,0.0,0.0
2024,Órganos Autónomos,Comisión Nacional de los Derechos Humanos,,E035,Devengado,3786997.93,371711.11,0.0,107926.0,4266635.04,0.0,0.0,0.0,0.0,0.0,4266635.04,100.0,0.0,0.0
2024,Órganos Autónomos,Comisión Nacional de los Derechos Humanos,,E035,Ejercido,3786997.93,371711.11,0.0,107926.0,4266635.04,0.0,0.0,0.0,0.0,0.0,4266635.04,100.0,0.0,0.0
2024,Órganos Autónomos,Comisión Nacional de los Derechos Humanos,,E035,Porcentaje Ejer/Aprob,141.2127346586282,84.49323983360989,0.0,87.7211804962896,131.49426069526257,0.0,0.0,0.0,0.0,0.0,131.49426069526257,,0.0,
2024,Órganos Autónomos,Comisión Nacional de los Derechos Humanos,,E035,Porcentaje Ejer/Modif,98.62823006197597,59.71630414261002,0.0,87.56389244973793,93.0485663206159,0.0,0.0,0.0,0.0,0.0,93.0485663206159,,0.0,
2024,Órganos Autónomos,Comisión Nacional de los Derechos Humanos,,E036,"Promover, fortalecer e impulsar los vínculos de colaboración interinstitucional; así como, diseñar y ejecutar los programas de educación y capacitación en materia de Derechos Humanos, considerando los Tratados y Convenciones Internacionales que obligan al Estado mexicano.",0.0,0.0,0.0,0.0,0.0,0.0,0.0,0.0,0.0,0.0,0.0,,0.0,
2024,Órganos Autónomos,Comisión Nacional de los Derechos Humanos,,E036,Aprobado,4834004.0,1427682.0,0.0,163691.0,6425377.0,0.0,0.0,0.0,0.0,0.0,6425377.0,100.0,0.0,0.0
2024,Órganos Autónomos,Comisión Nacional de los Derechos Humanos,,E036,Modificado,4461490.29,1802580.2,0.0,124191.0,6388261.49,0.0,0.0,0.0,0.0,0.0,6388261.49,100.0,0.0,0.0
2024,Órganos Autónomos,Comisión Nacional de los Derechos Humanos,,E036,Devengado,3333578.61,1623829.34,0.0,106395.44,5063803.39,0.0,0.0,0.0,0.0,0.0,5063803.39,100.0,0.0,0.0
2024,Órganos Autónomos,Comisión Nacional de los Derechos Humanos,,E036,Ejercido,3333578.61,1623829.34,0.0,106395.44,5063803.39,0.0,0.0,0.0,0.0,0.0,5063803.39,100.0,0.0,0.0
2024,Órganos Autónomos,Comisión Nacional de los Derechos Humanos,,E036,Porcentaje Ejer/Aprob,68.9610229946024,113.73886761897958,0.0,64.99773353452541,78.80943624008366,0.0,0.0,0.0,0.0,0.0,78.80943624008366,,0.0,
2024,Órganos Autónomos,Comisión Nacional de los Derechos Humanos,,E036,Porcentaje Ejer/Modif,74.71894800425531,90.08361125901638,0.0,85.67081350500439,79.26731549619143,0.0,0.0,0.0,0.0,0.0,79.26731549619143,,0.0,
2024,Órganos Autónomos,Comisión Nacional de los Derechos Humanos,,M001,Actividades de apoyo administrativo,0.0,0.0,0.0,0.0,0.0,0.0,0.0,0.0,0.0,0.0,0.0,,0.0,
2024,Órganos Autónomos,Comisión Nacional de los Derechos Humanos,,M001,Aprobado,170757910.0,15217921.0,0.0,2759475.0,188735306.0,0.0,0.0,0.0,0.0,0.0,188735306.0,100.0,0.0,0.0
2024,Órganos Autónomos,Comisión Nacional de los Derechos Humanos,,M001,Modificado,157726111.05,22181240.99,0.0,4608514.87,184515866.91,0.0,4080578.38,0.0,0.0,4080578.38,188596445.29,97.8363439598634,0.0,2.1636560401365985
2024,Órganos Autónomos,Comisión Nacional de los Derechos Humanos,,M001,Devengado,129853787.92,17581378.66,0.0,4588772.87,152023939.45,0.0,3995752.24,0.0,0.0,3995752.24,156019691.69,97.4389436379997,0.0,2.5610563620003015
2024,Órganos Autónomos,Comisión Nacional de los Derechos Humanos,,M001,Ejercido,129853787.92,17581378.66,0.0,4588772.87,152023939.45,0.0,3995752.24,0.0,0.0,3995752.24,156019691.69,97.4389436379997,0.0,2.5610563620003015
2024,Órganos Autónomos,Comisión Nacional de los Derechos Humanos,,M001,Porcentaje Ejer/Aprob,76.04554771137688,115.5307525909748,0.0,166.2915181329782,80.54875511739176,0.0,0.0,0.0,0.0,0.0,82.66587476219208,,0.0,
2024,Órganos Autónomos,Comisión Nacional de los Derechos Humanos,,M001,Porcentaje Ejer/Modif,82.32865633695594,79.26237611288855,0.0,99.57161904524787,82.3907135987127,0.0,97.9212226282491,0.0,0.0,97.9212226282491,82.72674039539423,,0.0,
2024,Órganos Autónomos,Comisión Nacional de los Derechos Humanos,,M002,Actividades relacionadas a la Igualdad de Género Institucional.,0.0,0.0,0.0,0.0,0.0,0.0,0.0,0.0,0.0,0.0,0.0,,0.0,
2024,Órganos Autónomos,Comisión Nacional de los Derechos Humanos,,M002,Aprobado,3399355.0,708706.0,0.0,665846.0,4773907.0,0.0,0.0,0.0,0.0,0.0,4773907.0,100.0,0.0,0.0
2024,Órganos Autónomos,Comisión Nacional de los Derechos Humanos,,M002,Modificado,3403866.62,708706.0,0.0,703360.0,4815932.62,0.0,0.0,0.0,0.0,0.0,4815932.62,100.0,0.0,0.0
2024,Órganos Autónomos,Comisión Nacional de los Derechos Humanos,,M002,Devengado,2905428.18,182007.1,0.0,620316.0,3707751.28,0.0,0.0,0.0,0.0,0.0,3707751.28,100.0,0.0,0.0
2024,Órganos Autónomos,Comisión Nacional de los Derechos Humanos,,M002,Ejercido,2905428.18,182007.1,0.0,620316.0,3707751.28,0.0,0.0,0.0,0.0,0.0,3707751.28,100.0,0.0,0.0
2024,Órganos Autónomos,Comisión Nacional de los Derechos Humanos,,M002,Porcentaje Ejer/Aprob,85.46998415875954,25.68160845258824,0.0,93.16208252358653,77.66701948739261,0.0,0.0,0.0,0.0,0.0,77.66701948739261,,0.0,
2024,Órganos Autónomos,Comisión Nacional de los Derechos Humanos,,M002,Porcentaje Ejer/Modif,85.35669884738316,25.68160845258824,0.0,88.19324385805277,76.98926817626447,0.0,0.0,0.0,0.0,0.0,76.98926817626447,,0.0,
2024,Órganos Autónomos,Comisión Nacional de los Derechos Humanos,,O001,Apoyo a la función pública y buen gobierno,0.0,0.0,0.0,0.0,0.0,0.0,0.0,0.0,0.0,0.0,0.0,,0.0,
2024,Órganos Autónomos,Comisión Nacional de los Derechos Humanos,,O001,Aprobado,39153747.0,2785147.0,0.0,2222003.0,44160897.0,0.0,0.0,0.0,0.0,0.0,44160897.0,100.0,0.0,0.0
2024,Órganos Autónomos,Comisión Nacional de los Derechos Humanos,,O001,Modificado,42112472.86,3332108.76,0.0,2712329.0,48156910.62,0.0,0.0,0.0,0.0,0.0,48156910.62,100.0,0.0,0.0
2024,Órganos Autónomos,Comisión Nacional de los Derechos Humanos,,O001,Devengado,40364883.59,3024182.67,0.0,2712329.0,46101395.26,0.0,0.0,0.0,0.0,0.0,46101395.26,100.0,0.0,0.0
2024,Órganos Autónomos,Comisión Nacional de los Derechos Humanos,,O001,Ejercido,40364883.59,3024182.67,0.0,2712329.0,46101395.26,0.0,0.0,0.0,0.0,0.0,46101395.26,100.0,0.0,0.0
2024,Órganos Autónomos,Comisión Nacional de los Derechos Humanos,,O001,Porcentaje Ejer/Aprob,103.0932839965483,108.58251539326291,0.0,122.06684689444613,104.39415499191513,0.0,0.0,0.0,0.0,0.0,104.39415499191513,,0.0,
2024,Órganos Autónomos,Comisión Nacional de los Derechos Humanos,,O001,Porcentaje Ejer/Modif,95.85018605815495,90.7588223500844,0.0,100.0,95.73162951373727,0.0,0.0,0.0,0.0,0.0,95.73162951373727,,0.0,
2024,Órganos Autónomos,Comisión Nacional de los Derechos Humanos,,P019,"Establecer y dirigir la estrategia institucional, a través de la planeación, observancia, promoción, estudio y divulgación de los Derechos Humanos",0.0,0.0,0.0,0.0,0.0,0.0,0.0,0.0,0.0,0.0,0.0,,0.0,
2024,Órganos Autónomos,Comisión Nacional de los Derechos Humanos,,P019,Aprobado,46773437.0,4338687.0,0.0,2187924.0,53300048.0,0.0,0.0,0.0,0.0,0.0,53300048.0,100.0,0.0,0.0
2024,Órganos Autónomos,Comisión Nacional de los Derechos Humanos,,P019,Modificado,44655296.15,4105945.96,0.0,2378486.0,51139728.11,0.0,0.0,0.0,0.0,0.0,51139728.11,100.0,0.0,0.0
2024,Órganos Autónomos,Comisión Nacional de los Derechos Humanos,,P019,Devengado,38775036.21,2084066.99,0.0,2319708.88,43178812.08,0.0,0.0,0.0,0.0,0.0,43178812.08,100.0,0.0,0.0
2024,Órganos Autónomos,Comisión Nacional de los Derechos Humanos,,P019,Ejercido,38775036.21,2084066.99,0.0,2319708.88,43178812.08,0.0,0.0,0.0,0.0,0.0,43178812.08,100.0,0.0,0.0
2024,Órganos Autónomos,Comisión Nacional de los Derechos Humanos,,P019,Porcentaje Ejer/Aprob,82.89969413622524,48.034508827209706,0.0,106.02328417257638,81.01083150994536,0.0,0.0,0.0,0.0,0.0,81.01083150994536,,0.0,
2024,Órganos Autónomos,Comisión Nacional de los Derechos Humanos,,P019,Porcentaje Ejer/Modif,86.83188681528875,50.75729223674439,0.0,97.52880109447774,84.43301064707205,0.0,0.0,0.0,0.0,0.0,84.43301064707205,,0.0,
2024,Órganos Autónomos,Información Nacional Estadística y Geográfica,,TOTAL,Aprobado,10421979895.0,3207479273.0,0.0,3300000.0,13632759168.0,0.0,612539570.0,0.0,0.0,612539570.0,14245298738.0,95.70005809449245,0.0,4.299941905507549
2024,Órganos Autónomos,Información Nacional Estadística y Geográfica,,TOTAL,Modificado,10664881175.8,2634507669.06,0.0,7533478.65,13306922323.51,0.0,931804164.95,0.0,0.0,931804164.95,14238726488.46,93.45584616921188,0.0,6.544153830788135
2024,Órganos Autónomos,Información Nacional Estadística y Geográfica,,TOTAL,Devengado,10664881175.8,2634507669.06,0.0,7533478.65,13306922323.51,0.0,931804164.95,0.0,0.0,931804164.95,14238726488.46,93.45584616921188,0.0,6.544153830788135
2024,Órganos Autónomos,Información Nacional Estadística y Geográfica,,TOTAL,Ejercido,10664881175.8,2634507669.06,0.0,7533478.65,13306922323.51,0.0,931804164.95,0.0,0.0,931804164.95,14238726488.46,93.45584616921188,0.0,6.544153830788135
2024,Órganos Autónomos,Información Nacional Estadística y Geográfica,,TOTAL,Porcentaje Ejer/Aprob,102.33066349433788,82.136389508011,0.0,228.28723181818185,97.60989803696648,0.0,152.1214645692196,0.0,0.0,152.1214645692196,99.95386372963544,,0.0,
2024,Órganos Autónomos,Información Nacional Estadística y Geográfica,,TOTAL,Porcentaje Ejer/Modif,100.0,100.0,0.0,100.0,100.0,0.0,100.0,0.0,0.0,100.0,100.0,,0.0,
2024,Órganos Autónomos,Información Nacional Estadística y Geográfica,,M001,Actividades de apoyo administrativo,0.0,0.0,0.0,0.0,0.0,0.0,0.0,0.0,0.0,0.0,0.0,,0.0,
2024,Órganos Autónomos,Información Nacional Estadística y Geográfica,,M001,Aprobado,532516854.0,86682113.0,0.0,0.0,619198967.0,0.0,0.0,0.0,0.0,0.0,619198967.0,100.0,0.0,0.0
2024,Órganos Autónomos,Información Nacional Estadística y Geográfica,,M001,Modificado,436542775.98,93688888.34,0.0,83200.0,530314864.32,0.0,0.0,0.0,0.0,0.0,530314864.32,100.0,0.0,0.0
2024,Órganos Autónomos,Información Nacional Estadística y Geográfica,,M001,Devengado,436542775.98,93688888.34,0.0,83200.0,530314864.32,0.0,0.0,0.0,0.0,0.0,530314864.32,100.0,0.0,0.0
2024,Órganos Autónomos,Información Nacional Estadística y Geográfica,,M001,Ejercido,436542775.98,93688888.34,0.0,83200.0,530314864.32,0.0,0.0,0.0,0.0,0.0,530314864.32,100.0,0.0,0.0
2024,Órganos Autónomos,Información Nacional Estadística y Geográfica,,M001,Porcentaje Ejer/Aprob,81.97726939549598,108.08330011521522,0.0,0.0,85.64530830685317,0.0,0.0,0.0,0.0,0.0,85.64530830685317,,0.0,
2024,Órganos Autónomos,Información Nacional Estadística y Geográfica,,M001,Porcentaje Ejer/Modif,100.0,100.0,0.0,100.0,100.0,0.0,0.0,0.0,0.0,0.0,100.0,,0.0,
2024,Órganos Autónomos,Información Nacional Estadística y Geográfica,,O001,Actividades de apoyo a la función pública y buen Gobierno,0.0,0.0,0.0,0.0,0.0,0.0,0.0,0.0,0.0,0.0,0.0,,0.0,
2024,Órganos Autónomos,Información Nacional Estadística y Geográfica,,O001,Aprobado,74984224.0,11016144.0,0.0,0.0,86000368.0,0.0,0.0,0.0,0.0,0.0,86000368.0,100.0,0.0,0.0
2024,Órganos Autónomos,Información Nacional Estadística y Geográfica,,O001,Modificado,84239419.01,15031226.62,0.0,0.0,99270645.63,0.0,103291.73,0.0,0.0,103291.73,99373937.36,99.8960575249969,0.0,0.10394247500308566
2024,Órganos Autónomos,Información Nacional Estadística y Geográfica,,O001,Devengado,84239419.01,15031226.62,0.0,0.0,99270645.63,0.0,103291.73,0.0,0.0,103291.73,99373937.36,99.8960575249969,0.0,0.10394247500308566
2024,Órganos Autónomos,Información Nacional Estadística y Geográfica,,O001,Ejercido,84239419.01,15031226.62,0.0,0.0,99270645.63,0.0,103291.73,0.0,0.0,103291.73,99373937.36,99.8960575249969,0.0,0.10394247500308566
2024,Órganos Autónomos,Información Nacional Estadística y Geográfica,,O001,Porcentaje Ejer/Aprob,112.3428562920115,136.44725976711996,0.0,0.0,115.43048935558042,0.0,0.0,0.0,0.0,0.0,115.55059550442854,,0.0,
2024,Órganos Autónomos,Información Nacional Estadística y Geográfica,,O001,Porcentaje Ejer/Modif,100.0,100.0,0.0,0.0,100.0,0.0,100.0,0.0,0.0,100.0,100.0,,0.0,
2024,Órganos Autónomos,Información Nacional Estadística y Geográfica,,P001,"Planeación, Coordinación, Seguimiento y Evaluación del Sistema Nacional de Información Estadística y Geográfica",0.0,0.0,0.0,0.0,0.0,0.0,0.0,0.0,0.0,0.0,0.0,,0.0,
2024,Órganos Autónomos,Información Nacional Estadística y Geográfica,,P001,Aprobado,253587642.0,40230385.0,0.0,900000.0,294718027.0,0.0,0.0,0.0,0.0,0.0,294718027.0,100.0,0.0,0.0
2024,Órganos Autónomos,Información Nacional Estadística y Geográfica,,P001,Modificado,272613972.4,39238733.77,0.0,5866833.78,317719539.95,0.0,593436.78,0.0,0.0,593436.78,318312976.73,99.81356814726928,0.0,0.18643185273070598
2024,Órganos Autónomos,Información Nacional Estadística y Geográfica,,P001,Devengado,272613972.4,39238733.77,0.0,5866833.78,317719539.95,0.0,593436.78,0.0,0.0,593436.78,318312976.73,99.81356814726928,0.0,0.18643185273070598
2024,Órganos Autónomos,Información Nacional Estadística y Geográfica,,P001,Ejercido,272613972.4,39238733.77,0.0,5866833.78,317719539.95,0.0,593436.78,0.0,0.0,593436.78,318312976.73,99.81356814726928,0.0,0.18643185273070598
2024,Órganos Autónomos,Información Nacional Estadística y Geográfica,,P001,Porcentaje Ejer/Aprob,107.5028618310982,97.5350690031925,0.0,0.0,107.80458297177728,0.0,0.0,0.0,0.0,0.0,108.005940447613,,0.0,
2024,Órganos Autónomos,Información Nacional Estadística y Geográfica,,P001,Porcentaje Ejer/Modif,100.0,100.0,0.0,100.0,100.0,0.0,100.0,0.0,0.0,100.0,100.0,,0.0,
2024,Órganos Autónomos,Información Nacional Estadística y Geográfica,,P002,Producción y difusión de información estadística y geográfica,0.0,0.0,0.0,0.0,0.0,0.0,0.0,0.0,0.0,0.0,0.0,,0.0,
2024,Órganos Autónomos,Información Nacional Estadística y Geográfica,,P002,Aprobado,6611638189.0,1544596322.0,0.0,2400000.0,8158634511.0,0.0,0.0,0.0,0.0,0.0,8158634511.0,100.0,0.0,0.0
2024,Órganos Autónomos,Información Nacional Estadística y Geográfica,,P002,Modificado,6639839928.95,1638606087.93,0.0,1549804.87,8279995821.75,0.0,748499151.71,0.0,0.0,748499151.71,9028494973.46,91.7095910900956,0.0,8.290408909904414
2024,Órganos Autónomos,Información Nacional Estadística y Geográfica,,P002,Devengado,6639839928.95,1638606087.93,0.0,1549804.87,8279995821.75,0.0,748499151.71,0.0,0.0,748499151.71,9028494973.46,91.7095910900956,0.0,8.290408909904414
2024,Órganos Autónomos,Información Nacional Estadística y Geográfica,,P002,Ejercido,6639839928.95,1638606087.93,0.0,1549804.87,8279995821.75,0.0,748499151.71,0.0,0.0,748499151.71,9028494973.46,91.7095910900956,0.0,8.290408909904414
2024,Órganos Autónomos,Información Nacional Estadística y Geográfica,,P002,Porcentaje Ejer/Aprob,100.42654693351068,106.08636474080637,0.0,64.57520291666667,101.4875198856668,0.0,0.0,0.0,0.0,0.0,110.66183883206433,,0.0,
2024,Órganos Autónomos,Información Nacional Estadística y Geográfica,,P002,Porcentaje Ejer/Modif,100.0,100.0,0.0,100.0,100.0,0.0,100.0,0.0,0.0,100.0,100.0,,0.0,
2024,Órganos Autónomos,Información Nacional Estadística y Geográfica,,P004,Censo de Población y Vivienda,0.0,0.0,0.0,0.0,0.0,0.0,0.0,0.0,0.0,0.0,0.0,,0.0,
2024,Órganos Autónomos,Información Nacional Estadística y Geográfica,,P004,Aprobado,638662952.0,641050837.0,0.0,0.0,1279713789.0,0.0,612539570.0,0.0,0.0,612539570.0,1892253359.0,67.62909326668026,0.0,32.37090673331974
2024,Órganos Autónomos,Información Nacional Estadística y Geográfica,,P004,Modificado,549117232.77,217632539.54,0.0,0.0,766749772.31,0.0,182608284.73,0.0,0.0,182608284.73,949358057.04,80.7650776884589,0.0,19.234922311541094
2024,Órganos Autónomos,Información Nacional Estadística y Geográfica,,P004,Devengado,549117232.77,217632539.54,0.0,0.0,766749772.31,0.0,182608284.73,0.0,0.0,182608284.73,949358057.04,80.7650776884589,0.0,19.234922311541094
2024,Órganos Autónomos,Información Nacional Estadística y Geográfica,,P004,Ejercido,549117232.77,217632539.54,0.0,0.0,766749772.31,0.0,182608284.73,0.0,0.0,182608284.73,949358057.04,80.7650776884589,0.0,19.234922311541094
2024,Órganos Autónomos,Información Nacional Estadística y Geográfica,,P004,Porcentaje Ejer/Aprob,85.97918997029907,33.9493417649184,0.0,0.0,59.91572325786668,0.0,29.81167155127627,0.0,0.0,29.81167155127627,50.170768756975946,,0.0,
2024,Órganos Autónomos,Información Nacional Estadística y Geográfica,,P004,Porcentaje Ejer/Modif,100.0,100.0,0.0,0.0,100.0,0.0,100.0,0.0,0.0,100.0,100.0,,0.0,
2024,Órganos Autónomos,Información Nacional Estadística y Geográfica,,P005,Censos Económicos,0.0,0.0,0.0,0.0,0.0,0.0,0.0,0.0,0.0,0.0,0.0,,0.0,
2024,Órganos Autónomos,Información Nacional Estadística y Geográfica,,P005,Aprobado,2310590034.0,883903472.0,0.0,0.0,3194493506.0,0.0,0.0,0.0,0.0,0.0,3194493506.0,100.0,0.0,0.0
2024,Órganos Autónomos,Información Nacional Estadística y Geográfica,,P005,Modificado,2682527846.69,630310192.86,0.0,33640.0,3312871679.55,0.0,0.0,0.0,0.0,0.0,3312871679.55,100.0,0.0,0.0
2024,Órganos Autónomos,Información Nacional Estadística y Geográfica,,P005,Devengado,2682527846.69,630310192.86,0.0,33640.0,3312871679.55,0.0,0.0,0.0,0.0,0.0,3312871679.55,100.0,0.0,0.0
2024,Órganos Autónomos,Información Nacional Estadística y Geográfica,,P005,Ejercido,2682527846.69,630310192.86,0.0,33640.0,3312871679.55,0.0,0.0,0.0,0.0,0.0,3312871679.55,100.0,0.0,0.0
2024,Órganos Autónomos,Información Nacional Estadística y Geográfica,,P005,Porcentaje Ejer/Aprob,116.09709239704962,71.30984466367161,0.0,0.0,103.70569460628604,0.0,0.0,0.0,0.0,0.0,103.70569460628604,,0.0,
2024,Órganos Autónomos,Información Nacional Estadística y Geográfica,,P005,Porcentaje Ejer/Modif,100.0,100.0,0.0,100.0,100.0,0.0,0.0,0.0,0.0,0.0,100.0,,0.0,
2024,Órganos Autónomos,Comisión Federal de Competencia Económica,,TOTAL,Aprobado,500521886.0,176378172.0,0.0,10965968.0,687866026.0,0.0,0.0,0.0,0.0,0.0,687866026.0,100.0,0.0,0.0
2024,Órganos Autónomos,Comisión Federal de Competencia Económica,,TOTAL,Modificado,499735406.3,173738628.61,0.0,44157714.11,717631749.02,0.0,205260.2,0.0,0.0,205260.2,717837009.22,99.97140573732426,0.0,0.0
2024,Órganos Autónomos,Comisión Federal de Competencia Económica,,TOTAL,Devengado,499735406.3,173738628.61,0.0,44157714.11,717631749.02,0.0,205260.2,0.0,0.0,205260.2,717837009.22,99.97140573732426,0.0,0.0
2024,Órganos Autónomos,Comisión Federal de Competencia Económica,,TOTAL,Ejercido,499735406.3,173738628.61,0.0,44157714.11,717631749.02,0.0,205260.2,0.0,0.0,205260.2,717837009.22,99.97140573732426,0.0,0.0
2024,Órganos Autónomos,Comisión Federal de Competencia Económica,,TOTAL,Porcentaje Ejer/Aprob,99.84286806990895,98.50347502751077,0.0,402.67958204875305,104.32725587467813,0.0,0.0,0.0,0.0,0.0,104.35709601683396,,0.0,
2024,Órganos Autónomos,Comisión Federal de Competencia Económica,,TOTAL,Porcentaje Ejer/Modif,100.0,100.0,0.0,100.0,100.0,0.0,100.0,0.0,0.0,100.0,100.0,,0.0,
2024,Órganos Autónomos,Comisión Federal de Competencia Económica,,G006,Prevención y eliminación de prácticas y concentraciones monopólicas y demás restricciones a la competencia y libre concurrencia,0.0,0.0,0.0,0.0,0.0,0.0,0.0,0.0,0.0,0.0,0.0,,0.0,
2024,Órganos Autónomos,Comisión Federal de Competencia Económica,,G006,Aprobado,363933778.0,114738664.0,0.0,8855919.0,487528361.0,0.0,0.0,0.0,0.0,0.0,487528361.0,100.0,0.0,0.0
2024,Órganos Autónomos,Comisión Federal de Competencia Económica,,G006,Modificado,367850569.31,115905518.72,0.0,30568117.68,514324205.71,0.0,83691.78,0.0,0.0,83691.78,514407897.49,99.98373046362461,0.0,0.0
2024,Órganos Autónomos,Comisión Federal de Competencia Económica,,G006,Devengado,367850569.31,115905518.72,0.0,30568117.68,514324205.71,0.0,83691.78,0.0,0.0,83691.78,514407897.49,99.98373046362461,0.0,0.0
2024,Órganos Autónomos,Comisión Federal de Competencia Económica,,G006,Ejercido,367850569.31,115905518.72,0.0,30568117.68,514324205.71,0.0,83691.78,0.0,0.0,83691.78,514407897.49,99.98373046362461,0.0,0.0
2024,Órganos Autónomos,Comisión Federal de Competencia Económica,,G006,Porcentaje Ejer/Aprob,101.07623736700802,101.01696732323813,0.0,345.1716042118271,105.49626377736001,0.0,0.0,0.0,0.0,0.0,105.5134303232874,,0.0,
2024,Órganos Autónomos,Comisión Federal de Competencia Económica,,G006,Porcentaje Ejer/Modif,100.0,100.0,0.0,100.0,100.0,0.0,100.0,0.0,0.0,100.0,100.0,,0.0,
2024,Órganos Autónomos,Comisión Federal de Competencia Económica,,G007,Posicionar a la competencia económica en la agenda pública,0.0,0.0,0.0,0.0,0.0,0.0,0.0,0.0,0.0,0.0,0.0,,0.0,
2024,Órganos Autónomos,Comisión Federal de Competencia Económica,,G007,Aprobado,52404188.0,29904132.0,0.0,1133793.0,83442113.0,0.0,0.0,0.0,0.0,0.0,83442113.0,100.0,0.0,0.0
2024,Órganos Autónomos,Comisión Federal de Competencia Económica,,G007,Modificado,51701392.57,27971902.52,0.0,6729247.32,86402542.41,0.0,0.0,0.0,0.0,0.0,86402542.41,100.0,0.0,0.0
2024,Órganos Autónomos,Comisión Federal de Competencia Económica,,G007,Devengado,51701392.57,27971902.52,0.0,6729247.32,86402542.41,0.0,0.0,0.0,0.0,0.0,86402542.41,100.0,0.0,0.0
2024,Órganos Autónomos,Comisión Federal de Competencia Económica,,G007,Ejercido,51701392.57,27971902.52,0.0,6729247.32,86402542.41,0.0,0.0,0.0,0.0,0.0,86402542.41,100.0,0.0,0.0
2024,Órganos Autónomos,Comisión Federal de Competencia Económica,,G007,Porcentaje Ejer/Aprob,98.6588945333911,93.53858697520462,0.0,0.0,103.5478840402807,0.0,0.0,0.0,0.0,0.0,103.5478840402807,,0.0,
2024,Órganos Autónomos,Comisión Federal de Competencia Económica,,G007,Porcentaje Ejer/Modif,100.0,100.0,0.0,100.0,100.0,0.0,0.0,0.0,0.0,0.0,100.0,,0.0,
2024,Órganos Autónomos,Comisión Federal de Competencia Económica,,M001,Actividades de Apoyo Administrativo,0.0,0.0,0.0,0.0,0.0,0.0,0.0,0.0,0.0,0.0,0.0,,0.0,
2024,Órganos Autónomos,Comisión Federal de Competencia Económica,,M001,Aprobado,65007853.0,25740633.0,0.0,670976.0,91419462.0,0.0,0.0,0.0,0.0,0.0,91419462.0,100.0,0.0,0.0
2024,Órganos Autónomos,Comisión Federal de Competencia Económica,,M001,Modificado,65451969.11,23752676.67,0.0,6631749.11,95836394.89,0.0,121568.42,0.0,0.0,121568.42,95957963.31,99.87331075420258,0.0,0.12668924579741583
2024,Órganos Autónomos,Comisión Federal de Competencia Económica,,M001,Devengado,65451969.11,23752676.67,0.0,6631749.11,95836394.89,0.0,121568.42,0.0,0.0,121568.42,95957963.31,99.87331075420258,0.0,0.12668924579741583
2024,Órganos Autónomos,Comisión Federal de Competencia Económica,,M001,Ejercido,65451969.11,23752676.67,0.0,6631749.11,95836394.89,0.0,121568.42,0.0,0.0,121568.42,95957963.31,99.87331075420258,0.0,0.12668924579741583
2024,Órganos Autónomos,Comisión Federal de Competencia Económica,,M001,Porcentaje Ejer/Aprob,100.68317301603547,92.27697186001603,0.0,0.0,104.83150173209287,0.0,0.0,0.0,0.0,0.0,104.96448044071842,,0.0,
2024,Órganos Autónomos,Comisión Federal de Competencia Económica,,M001,Porcentaje Ejer/Modif,100.0,100.0,0.0,100.0,100.0,0.0,100.0,0.0,0.0,100.0,100.0,,0.0,
2024,Órganos Autónomos,Comisión Federal de Competencia Económica,,O001,Actividades de Apoyo a la Función Pública y Buen Gobierno,0.0,0.0,0.0,0.0,0.0,0.0,0.0,0.0,0.0,0.0,0.0,,0.0,
2024,Órganos Autónomos,Comisión Federal de Competencia Económica,,O001,Aprobado,19176067.0,5994743.0,0.0,305280.0,25476090.0,0.0,0.0,0.0,0.0,0.0,25476090.0,100.0,0.0,0.0
2024,Órganos Autónomos,Comisión Federal de Competencia Económica,,O001,Modificado,14731475.31,6108530.7,0.0,228600.0,21068606.01,0.0,0.0,0.0,0.0,0.0,21068606.01,100.0,0.0,0.0
2024,Órganos Autónomos,Comisión Federal de Competencia Económica,,O001,Devengado,14731475.31,6108530.7,0.0,228600.0,21068606.01,0.0,0.0,0.0,0.0,0.0,21068606.01,100.0,0.0,0.0
2024,Órganos Autónomos,Comisión Federal de Competencia Económica,,O001,Ejercido,14731475.31,6108530.7,0.0,228600.0,21068606.01,0.0,0.0,0.0,0.0,0.0,21068606.01,100.0,0.0,0.0
2024,Órganos Autónomos,Comisión Federal de Competencia Económica,,O001,Porcentaje Ejer/Aprob,76.82219357076715,101.8981247402933,0.0,74.88207547169812,82.69952732150028,0.0,0.0,0.0,0.0,0.0,82.69952732150028,,0.0,
2024,Órganos Autónomos,Comisión Federal de Competencia Económica,,O001,Porcentaje Ejer/Modif,100.0,100.0,0.0,100.0,100.0,0.0,0.0,0.0,0.0,0.0,100.0,,0.0,
2024,Órganos Autónomos,Instituto Federal de Telecomunicaciones,,TOTAL,Aprobado,1074253879.0,500728696.0,0.0,5046696.0,1580029271.0,0.0,99970729.0,0.0,0.0,99970729.0,1680000000.0,94.04936136904763,0.0,5.950638630952381
2024,Órganos Autónomos,Instituto Federal de Telecomunicaciones,,TOTAL,Modificado,1033116213.09,611760215.25,0.0,568687839.61,2213564267.95,0.0,27944283.79,0.0,0.0,27944283.79,2241508551.74,98.7533269160045,0.0,1.2466730839955034
2024,Órganos Autónomos,Instituto Federal de Telecomunicaciones,,TOTAL,Devengado,1033116213.09,611760215.25,0.0,568687839.61,2213564267.95,0.0,27944283.79,0.0,0.0,27944283.79,2241508551.74,98.7533269160045,0.0,1.2466730839955034
2024,Órganos Autónomos,Instituto Federal de Telecomunicaciones,,TOTAL,Ejercido,1033116213.09,611760215.25,0.0,568687839.61,2213564267.95,0.0,27944283.79,0.0,0.0,27944283.79,2241508551.74,98.7533269160045,0.0,1.2466730839955034
2024,Órganos Autónomos,Instituto Federal de Telecomunicaciones,,TOTAL,Porcentaje Ejer/Aprob,96.17058251180865,122.17398765777945,0.0,0.0,140.09640888165544,0.0,27.95246575625151,0.0,0.0,27.95246575625151,133.42312807976188,,0.0,
2024,Órganos Autónomos,Instituto Federal de Telecomunicaciones,,TOTAL,Porcentaje Ejer/Modif,100.0,100.0,0.0,100.0,100.0,0.0,100.0,0.0,0.0,100.0,100.0,,0.0,
2024,Órganos Autónomos,Instituto Federal de Telecomunicaciones,,E001,Fortalecimiento e innovación institucional para el desarrollo de los sectores de Telecomunicaciones y Radiodifusión,0.0,0.0,0.0,0.0,0.0,0.0,0.0,0.0,0.0,0.0,0.0,,0.0,
2024,Órganos Autónomos,Instituto Federal de Telecomunicaciones,,E001,Aprobado,306390461.0,180163895.0,0.0,1957696.0,488512052.0,0.0,0.0,0.0,0.0,0.0,488512052.0,100.0,0.0,0.0
2024,Órganos Autónomos,Instituto Federal de Telecomunicaciones,,E001,Modificado,286480789.09,239456817.39,0.0,2849363.45,528786969.93,0.0,0.0,0.0,0.0,0.0,528786969.93,100.0,0.0,0.0
2024,Órganos Autónomos,Instituto Federal de Telecomunicaciones,,E001,Devengado,286480789.09,239456817.39,0.0,2849363.45,528786969.93,0.0,0.0,0.0,0.0,0.0,528786969.93,100.0,0.0,0.0
2024,Órganos Autónomos,Instituto Federal de Telecomunicaciones,,E001,Ejercido,286480789.09,239456817.39,0.0,2849363.45,528786969.93,0.0,0.0,0.0,0.0,0.0,528786969.93,100.0,0.0,0.0
2024,Órganos Autónomos,Instituto Federal de Telecomunicaciones,,E001,Porcentaje Ejer/Aprob,93.50186300023223,132.91054647214415,0.0,145.54677794713785,108.24440620556072,0.0,0.0,0.0,0.0,0.0,108.24440620556072,,0.0,
2024,Órganos Autónomos,Instituto Federal de Telecomunicaciones,,E001,Porcentaje Ejer/Modif,100.0,100.0,0.0,100.0,100.0,0.0,0.0,0.0,0.0,0.0,100.0,,0.0,
2024,Órganos Autónomos,Instituto Federal de Telecomunicaciones,,G004,Regulación y supervisión de redes e infraestructura de telecomunicaciones y radiodifusión,0.0,0.0,0.0,0.0,0.0,0.0,0.0,0.0,0.0,0.0,0.0,,0.0,
2024,Órganos Autónomos,Instituto Federal de Telecomunicaciones,,G004,Aprobado,390800014.0,158695982.0,0.0,0.0,549495996.0,0.0,62012161.0,0.0,0.0,62012161.0,611508157.0,89.85914410296247,0.0,10.140855897037527
2024,Órganos Autónomos,Instituto Federal de Telecomunicaciones,,G004,Modificado,390802641.09,136441844.5,0.0,547939.37,527792424.96,0.0,0.0,0.0,0.0,0.0,527792424.96,100.0,0.0,0.0
2024,Órganos Autónomos,Instituto Federal de Telecomunicaciones,,G004,Devengado,390802641.09,136441844.5,0.0,547939.37,527792424.96,0.0,0.0,0.0,0.0,0.0,527792424.96,100.0,0.0,0.0
2024,Órganos Autónomos,Instituto Federal de Telecomunicaciones,,G004,Ejercido,390802641.09,136441844.5,0.0,547939.37,527792424.96,0.0,0.0,0.0,0.0,0.0,527792424.96,100.0,0.0,0.0
2024,Órganos Autónomos,Instituto Federal de Telecomunicaciones,,G004,Porcentaje Ejer/Aprob,100.00067223385514,85.97687400806406,0.0,0.0,96.05027676307218,0.0,0.0,0.0,0.0,0.0,86.3099566078233,,0.0,
2024,Órganos Autónomos,Instituto Federal de Telecomunicaciones,,G004,Porcentaje Ejer/Modif,100.0,100.0,0.0,100.0,100.0,0.0,0.0,0.0,0.0,0.0,100.0,,0.0,
2024,Órganos Autónomos,Instituto Federal de Telecomunicaciones,,G008,Promoción de la competencia económica en los sectores de telecomunicaciones y radiodifusión,0.0,0.0,0.0,0.0,0.0,0.0,0.0,0.0,0.0,0.0,0.0,,0.0,
2024,Órganos Autónomos,Instituto Federal de Telecomunicaciones,,G008,Aprobado,122125143.0,12093992.0,0.0,0.0,134219135.0,0.0,0.0,0.0,0.0,0.0,134219135.0,100.0,0.0,0.0
2024,Órganos Autónomos,Instituto Federal de Telecomunicaciones,,G008,Modificado,111136034.76,10382362.28,0.0,420561.39,121938958.43,0.0,0.0,0.0,0.0,0.0,121938958.43,100.0,0.0,0.0
2024,Órganos Autónomos,Instituto Federal de Telecomunicaciones,,G008,Devengado,111136034.76,10382362.28,0.0,420561.39,121938958.43,0.0,0.0,0.0,0.0,0.0,121938958.43,100.0,0.0,0.0
2024,Órganos Autónomos,Instituto Federal de Telecomunicaciones,,G008,Ejercido,111136034.76,10382362.28,0.0,420561.39,121938958.43,0.0,0.0,0.0,0.0,0.0,121938958.43,100.0,0.0,0.0
2024,Órganos Autónomos,Instituto Federal de Telecomunicaciones,,G008,Porcentaje Ejer/Aprob,91.0017642804316,85.84727259617833,0.0,0.0,90.85065138439464,0.0,0.0,0.0,0.0,0.0,90.85065138439464,,0.0,
2024,Órganos Autónomos,Instituto Federal de Telecomunicaciones,,G008,Porcentaje Ejer/Modif,100.0,100.0,0.0,100.0,100.0,0.0,0.0,0.0,0.0,0.0,100.0,,0.0,
2024,Órganos Autónomos,Instituto Federal de Telecomunicaciones,,G009,Regulación para el desarrollo del nuevo ecosistema digital,0.0,0.0,0.0,0.0,0.0,0.0,0.0,0.0,0.0,0.0,0.0,,0.0,
2024,Órganos Autónomos,Instituto Federal de Telecomunicaciones,,G009,Aprobado,0.0,258000.0,0.0,0.0,258000.0,0.0,10000000.0,0.0,0.0,10000000.0,10258000.0,2.5151101579255215,0.0,97.48488984207448
2024,Órganos Autónomos,Instituto Federal de Telecomunicaciones,,G009,Modificado,0.0,543106.78,0.0,0.0,543106.78,0.0,0.0,0.0,0.0,0.0,543106.78,100.0,0.0,0.0
2024,Órganos Autónomos,Instituto Federal de Telecomunicaciones,,G009,Devengado,0.0,543106.78,0.0,0.0,543106.78,0.0,0.0,0.0,0.0,0.0,543106.78,100.0,0.0,0.0
2024,Órganos Autónomos,Instituto Federal de Telecomunicaciones,,G009,Ejercido,0.0,543106.78,0.0,0.0,543106.78,0.0,0.0,0.0,0.0,0.0,543106.78,100.0,0.0,0.0
2024,Órganos Autónomos,Instituto Federal de Telecomunicaciones,,G009,Porcentaje Ejer/Aprob,0.0,210.50650387596897,0.0,0.0,210.50650387596897,0.0,0.0,0.0,0.0,0.0,5.294470462078378,,0.0,
2024,Órganos Autónomos,Instituto Federal de Telecomunicaciones,,G009,Porcentaje Ejer/Modif,0.0,100.0,0.0,0.0,100.0,0.0,0.0,0.0,0.0,0.0,100.0,,0.0,
2024,Órganos Autónomos,Instituto Federal de Telecomunicaciones,,G010,Regulación de los servicios de Telecomunicaciones y Radiodifusión y fortalecimiento de los derechos de sus usuarios y audiencias,0.0,0.0,0.0,0.0,0.0,0.0,0.0,0.0,0.0,0.0,0.0,,0.0,
2024,Órganos Autónomos,Instituto Federal de Telecomunicaciones,,G010,Aprobado,72805762.0,65869120.0,0.0,1457000.0,140131882.0,0.0,0.0,0.0,0.0,0.0,140131882.0,100.0,0.0,0.0
2024,Órganos Autónomos,Instituto Federal de Telecomunicaciones,,G010,Modificado,71294286.58,58943071.33,0.0,1723399.85,131960757.76,0.0,5979.0,0.0,0.0,5979.0,131966736.76,99.99546931283838,0.0,0.0
2024,Órganos Autónomos,Instituto Federal de Telecomunicaciones,,G010,Devengado,71294286.58,58943071.33,0.0,1723399.85,131960757.76,0.0,5979.0,0.0,0.0,5979.0,131966736.76,99.99546931283838,0.0,0.0
2024,Órganos Autónomos,Instituto Federal de Telecomunicaciones,,G010,Ejercido,71294286.58,58943071.33,0.0,1723399.85,131960757.76,0.0,5979.0,0.0,0.0,5979.0,131966736.76,99.99546931283838,0.0,0.0
2024,Órganos Autónomos,Instituto Federal de Telecomunicaciones,,G010,Porcentaje Ejer/Aprob,97.92396181500031,89.48513556883711,0.0,118.28413520933425,94.16897559400509,0.0,0.0,0.0,0.0,0.0,94.17324228900316,,0.0,
2024,Órganos Autónomos,Instituto Federal de Telecomunicaciones,,G010,Porcentaje Ejer/Modif,100.0,100.0,0.0,100.0,100.0,0.0,100.0,0.0,0.0,100.0,100.0,,0.0,
2024,Órganos Autónomos,Instituto Federal de Telecomunicaciones,,M001,Actividades de apoyo administrativo,0.0,0.0,0.0,0.0,0.0,0.0,0.0,0.0,0.0,0.0,0.0,,0.0,
2024,Órganos Autónomos,Instituto Federal de Telecomunicaciones,,M001,Aprobado,141490054.0,77937542.0,0.0,1632000.0,221059596.0,0.0,27958568.0,0.0,0.0,27958568.0,249018164.0,88.77247846064755,0.0,11.227521539352447
2024,Órganos Autónomos,Instituto Federal de Telecomunicaciones,,M001,Modificado,131564759.37,160189044.26,0.0,562766703.55,854520507.18,0.0,27938304.79,0.0,0.0,27938304.79,882458811.97,96.83403866435073,0.0,3.1659613356492597
2024,Órganos Autónomos,Instituto Federal de Telecomunicaciones,,M001,Devengado,131564759.37,160189044.26,0.0,562766703.55,854520507.18,0.0,27938304.79,0.0,0.0,27938304.79,882458811.97,96.83403866435073,0.0,3.1659613356492597
2024,Órganos Autónomos,Instituto Federal de Telecomunicaciones,,M001,Ejercido,131564759.37,160189044.26,0.0,562766703.55,854520507.18,0.0,27938304.79,0.0,0.0,27938304.79,882458811.97,96.83403866435073,0.0,3.1659613356492597
2024,Órganos Autónomos,Instituto Federal de Telecomunicaciones,,M001,Porcentaje Ejer/Aprob,92.98516443424356,205.5351505183471,0.0,0.0,386.5566221246509,0.0,99.9275241493055,0.0,0.0,99.9275241493055,354.3752784114174,,0.0,
2024,Órganos Autónomos,Instituto Federal de Telecomunicaciones,,M001,Porcentaje Ejer/Modif,100.0,100.0,0.0,100.0,100.0,0.0,100.0,0.0,0.0,100.0,100.0,,0.0,
2024,Órganos Autónomos,Instituto Federal de Telecomunicaciones,,O001,Actividades de apoyo a la función pública y buen gobierno,0.0,0.0,0.0,0.0,0.0,0.0,0.0,0.0,0.0,0.0,0.0,,0.0,
2024,Órganos Autónomos,Instituto Federal de Telecomunicaciones,,O001,Aprobado,40642445.0,5710165.0,0.0,0.0,46352610.0,0.0,0.0,0.0,0.0,0.0,46352610.0,100.0,0.0,0.0
2024,Órganos Autónomos,Instituto Federal de Telecomunicaciones,,O001,Modificado,41837702.2,5803968.71,0.0,379872.0,48021542.91,0.0,0.0,0.0,0.0,0.0,48021542.91,100.0,0.0,0.0
2024,Órganos Autónomos,Instituto Federal de Telecomunicaciones,,O001,Devengado,41837702.2,5803968.71,0.0,379872.0,48021542.91,0.0,0.0,0.0,0.0,0.0,48021542.91,100.0,0.0,0.0
2024,Órganos Autónomos,Instituto Federal de Telecomunicaciones,,O001,Ejercido,41837702.2,5803968.71,0.0,379872.0,48021542.91,0.0,0.0,0.0,0.0,0.0,48021542.91,100.0,0.0,0.0
2024,Órganos Autónomos,Instituto Federal de Telecomunicaciones,,O001,Porcentaje Ejer/Aprob,102.9409086977912,101.64274955277124,0.0,0.0,103.60051550495216,0.0,0.0,0.0,0.0,0.0,103.60051550495216,,0.0,
2024,Órganos Autónomos,Instituto Federal de Telecomunicaciones,,O001,Porcentaje Ejer/Modif,100.0,100.0,0.0,100.0,100.0,0.0,0.0,0.0,0.0,0.0,100.0,,0.0,
2024,Órganos Autónomos,"Instituto Nacional de Transparencia, Acceso a la Información y Protección de Datos Personales",,TOTAL,Aprobado,778022104.0,224135096.0,0.0,16644826.0,1018802026.0,0.0,78551440.0,0.0,0.0,78551440.0,1097353466.0,92.84173765028231,0.0,7.158262349717679
2024,Órganos Autónomos,"Instituto Nacional de Transparencia, Acceso a la Información y Protección de Datos Personales",,TOTAL,Modificado,769090872.94,168640156.45,0.0,12911845.35,950642874.74,0.0,82553934.73,0.0,0.0,82553934.73,1033196809.47,92.00985388521013,0.0,7.9901461147898605
2024,Órganos Autónomos,"Instituto Nacional de Transparencia, Acceso a la Información y Protección de Datos Personales",,TOTAL,Devengado,769090872.94,168640156.45,0.0,12911845.35,950642874.74,0.0,82553934.73,0.0,0.0,82553934.73,1033196809.47,92.00985388521013,0.0,7.9901461147898605
2024,Órganos Autónomos,"Instituto Nacional de Transparencia, Acceso a la Información y Protección de Datos Personales",,TOTAL,Ejercido,769090872.94,168640156.45,0.0,12911845.35,950642874.74,0.0,82553934.73,0.0,0.0,82553934.73,1033196809.47,92.00985388521013,0.0,7.9901461147898605
2024,Órganos Autónomos,"Instituto Nacional de Transparencia, Acceso a la Información y Protección de Datos Personales",,TOTAL,Porcentaje Ejer/Aprob,98.85205947053659,75.24040610311202,0.0,77.57272650371954,93.30987281919677,0.0,105.09538046660889,0.0,0.0,105.09538046660889,94.15351037584458,,0.0,
2024,Órganos Autónomos,"Instituto Nacional de Transparencia, Acceso a la Información y Protección de Datos Personales",,TOTAL,Porcentaje Ejer/Modif,100.0,100.0,0.0,100.0,100.0,0.0,100.0,0.0,0.0,100.0,100.0,,0.0,
2024,Órganos Autónomos,"Instituto Nacional de Transparencia, Acceso a la Información y Protección de Datos Personales",,E001,Garantizar el óptimo cumplimiento de los derechos de acceso a la información pública y la protección de datos personales,0.0,0.0,0.0,0.0,0.0,0.0,0.0,0.0,0.0,0.0,0.0,,0.0,
2024,Órganos Autónomos,"Instituto Nacional de Transparencia, Acceso a la Información y Protección de Datos Personales",,E001,Aprobado,424681444.0,20877382.0,0.0,1067698.0,446626524.0,0.0,0.0,0.0,0.0,0.0,446626524.0,100.0,0.0,0.0
2024,Órganos Autónomos,"Instituto Nacional de Transparencia, Acceso a la Información y Protección de Datos Personales",,E001,Modificado,415564825.65,15968939.42,0.0,3320956.57,434854721.64,0.0,61222.0,0.0,0.0,61222.0,434915943.64,99.98592325692005,0.0,0.0
2024,Órganos Autónomos,"Instituto Nacional de Transparencia, Acceso a la Información y Protección de Datos Personales",,E001,Devengado,415564825.65,15968939.42,0.0,3320956.57,434854721.64,0.0,61222.0,0.0,0.0,61222.0,434915943.64,99.98592325692005,0.0,0.0
2024,Órganos Autónomos,"Instituto Nacional de Transparencia, Acceso a la Información y Protección de Datos Personales",,E001,Ejercido,415564825.65,15968939.42,0.0,3320956.57,434854721.64,0.0,61222.0,0.0,0.0,61222.0,434915943.64,99.98592325692005,0.0,0.0
2024,Órganos Autónomos,"Instituto Nacional de Transparencia, Acceso a la Información y Protección de Datos Personales",,E001,Porcentaje Ejer/Aprob,97.85330428753086,76.48918537774516,0.0,311.0389426598158,97.36428498366568,0.0,0.0,0.0,0.0,0.0,97.37799263350512,,0.0,
2024,Órganos Autónomos,"Instituto Nacional de Transparencia, Acceso a la Información y Protección de Datos Personales",,E001,Porcentaje Ejer/Modif,100.0,100.0,0.0,100.0,100.0,0.0,100.0,0.0,0.0,100.0,100.0,,0.0,
2024,Órganos Autónomos,"Instituto Nacional de Transparencia, Acceso a la Información y Protección de Datos Personales",,E002,Promover el pleno ejercicio de los derechos de acceso a la información pública y de protección de datos personales,0.0,0.0,0.0,0.0,0.0,0.0,0.0,0.0,0.0,0.0,0.0,,0.0,
2024,Órganos Autónomos,"Instituto Nacional de Transparencia, Acceso a la Información y Protección de Datos Personales",,E002,Aprobado,150538423.0,43226901.0,0.0,5998489.0,199763813.0,0.0,0.0,0.0,0.0,0.0,199763813.0,100.0,0.0,0.0
2024,Órganos Autónomos,"Instituto Nacional de Transparencia, Acceso a la Información y Protección de Datos Personales",,E002,Modificado,147282231.84,28845383.38,0.0,3788375.19,179915990.41,0.0,215644.72,0.0,0.0,215644.72,180131635.13,99.88028492616282,0.0,0.11971507383718046
2024,Órganos Autónomos,"Instituto Nacional de Transparencia, Acceso a la Información y Protección de Datos Personales",,E002,Devengado,147282231.84,28845383.38,0.0,3788375.19,179915990.41,0.0,215644.72,0.0,0.0,215644.72,180131635.13,99.88028492616282,0.0,0.11971507383718046
2024,Órganos Autónomos,"Instituto Nacional de Transparencia, Acceso a la Información y Protección de Datos Personales",,E002,Ejercido,147282231.84,28845383.38,0.0,3788375.19,179915990.41,0.0,215644.72,0.0,0.0,215644.72,180131635.13,99.88028492616282,0.0,0.11971507383718046
2024,Órganos Autónomos,"Instituto Nacional de Transparencia, Acceso a la Información y Protección de Datos Personales",,E002,Porcentaje Ejer/Aprob,97.83697006046091,66.7301673557399,0.0,63.15549115785659,90.06435535449056,0.0,0.0,0.0,0.0,0.0,90.17230519623692,,0.0,
2024,Órganos Autónomos,"Instituto Nacional de Transparencia, Acceso a la Información y Protección de Datos Personales",,E002,Porcentaje Ejer/Modif,100.0,100.0,0.0,100.0,100.0,0.0,100.0,0.0,0.0,100.0,100.0,,0.0,
2024,Órganos Autónomos,"Instituto Nacional de Transparencia, Acceso a la Información y Protección de Datos Personales",,E003,"Coordinar el Sistema Nacional de Transparencia y Protección de Datos personales, así como ser miembro del Sistema Nacional Anticorrupción, del Sistema Nacional de Archivos y demás colegiados que establezcan las normas vigentes",0.0,0.0,0.0,0.0,0.0,0.0,0.0,0.0,0.0,0.0,0.0,,0.0,
2024,Órganos Autónomos,"Instituto Nacional de Transparencia, Acceso a la Información y Protección de Datos Personales",,E003,Aprobado,67675122.0,100599633.0,0.0,834940.0,169109695.0,0.0,4001440.0,0.0,0.0,4001440.0,173111135.0,97.68851379779817,0.0,2.3114862022018396
2024,Órganos Autónomos,"Instituto Nacional de Transparencia, Acceso a la Información y Protección de Datos Personales",,E003,Modificado,65234031.38,63198365.64,0.0,904000.41,129336397.43,0.0,6563758.96,0.0,0.0,6563758.96,135900156.39,95.1701608487016,0.0,4.829839151298419
2024,Órganos Autónomos,"Instituto Nacional de Transparencia, Acceso a la Información y Protección de Datos Personales",,E003,Devengado,65234031.38,63198365.64,0.0,904000.41,129336397.43,0.0,6563758.96,0.0,0.0,6563758.96,135900156.39,95.1701608487016,0.0,4.829839151298419
2024,Órganos Autónomos,"Instituto Nacional de Transparencia, Acceso a la Información y Protección de Datos Personales",,E003,Ejercido,65234031.38,63198365.64,0.0,904000.41,129336397.43,0.0,6563758.96,0.0,0.0,6563758.96,135900156.39,95.1701608487016,0.0,4.829839151298419
2024,Órganos Autónomos,"Instituto Nacional de Transparencia, Acceso a la Información y Protección de Datos Personales",,E003,Porcentaje Ejer/Aprob,96.39292764038166,62.821666198325,0.0,108.27130212949434,76.48077032484744,0.0,164.03492142828583,0.0,0.0,164.03492142828583,78.50457244705835,,0.0,
2024,Órganos Autónomos,"Instituto Nacional de Transparencia, Acceso a la Información y Protección de Datos Personales",,E003,Porcentaje Ejer/Modif,100.0,100.0,0.0,100.0,100.0,0.0,100.0,0.0,0.0,100.0,100.0,,0.0,
2024,Órganos Autónomos,"Instituto Nacional de Transparencia, Acceso a la Información y Protección de Datos Personales",,E004,Desempeño organizacional y modelo institucional orientado a resultados con enfoque de derechos humanos y perspectiva de género,0.0,0.0,0.0,0.0,0.0,0.0,0.0,0.0,0.0,0.0,0.0,,0.0,
2024,Órganos Autónomos,"Instituto Nacional de Transparencia, Acceso a la Información y Protección de Datos Personales",,E004,Aprobado,71536907.0,4282451.0,0.0,193072.0,76012430.0,0.0,0.0,0.0,0.0,0.0,76012430.0,100.0,0.0,0.0
2024,Órganos Autónomos,"Instituto Nacional de Transparencia, Acceso a la Información y Protección de Datos Personales",,E004,Modificado,72751044.01,5115545.63,0.0,1583688.54,79450278.18,0.0,0.0,0.0,0.0,0.0,79450278.18,100.0,0.0,0.0
2024,Órganos Autónomos,"Instituto Nacional de Transparencia, Acceso a la Información y Protección de Datos Personales",,E004,Devengado,72751044.01,5115545.63,0.0,1583688.54,79450278.18,0.0,0.0,0.0,0.0,0.0,79450278.18,100.0,0.0,0.0
2024,Órganos Autónomos,"Instituto Nacional de Transparencia, Acceso a la Información y Protección de Datos Personales",,E004,Ejercido,72751044.01,5115545.63,0.0,1583688.54,79450278.18,0.0,0.0,0.0,0.0,0.0,79450278.18,100.0,0.0,0.0
2024,Órganos Autónomos,"Instituto Nacional de Transparencia, Acceso a la Información y Protección de Datos Personales",,E004,Porcentaje Ejer/Aprob,101.69721764738864,119.45368738603197,0.0,0.0,104.52274474056415,0.0,0.0,0.0,0.0,0.0,104.52274474056415,,0.0,
2024,Órganos Autónomos,"Instituto Nacional de Transparencia, Acceso a la Información y Protección de Datos Personales",,E004,Porcentaje Ejer/Modif,100.0,100.0,0.0,100.0,100.0,0.0,0.0,0.0,0.0,0.0,100.0,,0.0,
2024,Órganos Autónomos,"Instituto Nacional de Transparencia, Acceso a la Información y Protección de Datos Personales",,K025,Proyectos de inmuebles (oficinas administrativas),0.0,0.0,0.0,0.0,0.0,0.0,0.0,0.0,0.0,0.0,0.0,,0.0,
2024,Órganos Autónomos,"Instituto Nacional de Transparencia, Acceso a la Información y Protección de Datos Personales",,K025,Aprobado,0.0,0.0,0.0,0.0,0.0,0.0,74550000.0,0.0,0.0,74550000.0,74550000.0,0.0,0.0,100.0
2024,Órganos Autónomos,"Instituto Nacional de Transparencia, Acceso a la Información y Protección de Datos Personales",,K025,Modificado,0.0,0.0,0.0,0.0,0.0,0.0,71258909.05,0.0,0.0,71258909.05,71258909.05,0.0,0.0,100.0
2024,Órganos Autónomos,"Instituto Nacional de Transparencia, Acceso a la Información y Protección de Datos Personales",,K025,Devengado,0.0,0.0,0.0,0.0,0.0,0.0,71258909.05,0.0,0.0,71258909.05,71258909.05,0.0,0.0,100.0
2024,Órganos Autónomos,"Instituto Nacional de Transparencia, Acceso a la Información y Protección de Datos Personales",,K025,Ejercido,0.0,0.0,0.0,0.0,0.0,0.0,71258909.05,0.0,0.0,71258909.05,71258909.05,0.0,0.0,100.0
2024,Órganos Autónomos,"Instituto Nacional de Transparencia, Acceso a la Información y Protección de Datos Personales",,K025,Porcentaje Ejer/Aprob,0.0,0.0,0.0,0.0,0.0,0.0,95.5853910798122,0.0,0.0,95.5853910798122,95.5853910798122,,0.0,
2024,Órganos Autónomos,"Instituto Nacional de Transparencia, Acceso a la Información y Protección de Datos Personales",,K025,Porcentaje Ejer/Modif,0.0,0.0,0.0,0.0,0.0,0.0,100.0,0.0,0.0,100.0,100.0,,0.0,
2024,Órganos Autónomos,"Instituto Nacional de Transparencia, Acceso a la Información y Protección de Datos Personales",,M001,Actividades de apoyo administrativo,0.0,0.0,0.0,0.0,0.0,0.0,0.0,0.0,0.0,0.0,0.0,,0.0,
2024,Órganos Autónomos,"Instituto Nacional de Transparencia, Acceso a la Información y Protección de Datos Personales",,M001,Aprobado,40395535.0,54408218.0,0.0,8496615.0,103300368.0,0.0,0.0,0.0,0.0,0.0,103300368.0,100.0,0.0,0.0
2024,Órganos Autónomos,"Instituto Nacional de Transparencia, Acceso a la Información y Protección de Datos Personales",,M001,Modificado,43694481.94,54519804.93,0.0,3314824.64,101529111.51,0.0,4454400.0,0.0,0.0,4454400.0,105983511.51,95.79708207764025,0.0,4.2029179223597515
2024,Órganos Autónomos,"Instituto Nacional de Transparencia, Acceso a la Información y Protección de Datos Personales",,M001,Devengado,43694481.94,54519804.93,0.0,3314824.64,101529111.51,0.0,4454400.0,0.0,0.0,4454400.0,105983511.51,95.79708207764025,0.0,4.2029179223597515
2024,Órganos Autónomos,"Instituto Nacional de Transparencia, Acceso a la Información y Protección de Datos Personales",,M001,Ejercido,43694481.94,54519804.93,0.0,3314824.64,101529111.51,0.0,4454400.0,0.0,0.0,4454400.0,105983511.51,95.79708207764025,0.0,4.2029179223597515
2024,Órganos Autónomos,"Instituto Nacional de Transparencia, Acceso a la Información y Protección de Datos Personales",,M001,Porcentaje Ejer/Aprob,108.16661281995646,100.20509205061632,0.0,39.01347348326363,98.28533380442556,0.0,0.0,0.0,0.0,0.0,102.59741912052047,,0.0,
2024,Órganos Autónomos,"Instituto Nacional de Transparencia, Acceso a la Información y Protección de Datos Personales",,M001,Porcentaje Ejer/Modif,100.0,100.0,0.0,100.0,100.0,0.0,100.0,0.0,0.0,100.0,100.0,,0.0,
2024,Órganos Autónomos,"Instituto Nacional de Transparencia, Acceso a la Información y Protección de Datos Personales",,O001,Actividades de apoyo a la función pública y buen gobierno,0.0,0.0,0.0,0.0,0.0,0.0,0.0,0.0,0.0,0.0,0.0,,0.0,
2024,Órganos Autónomos,"Instituto Nacional de Transparencia, Acceso a la Información y Protección de Datos Personales",,O001,Aprobado,23194673.0,740511.0,0.0,54012.0,23989196.0,0.0,0.0,0.0,0.0,0.0,23989196.0,100.0,0.0,0.0
2024,Órganos Autónomos,"Instituto Nacional de Transparencia, Acceso a la Información y Protección de Datos Personales",,O001,Modificado,24564258.12,992117.45,0.0,0.0,25556375.57,0.0,0.0,0.0,0.0,0.0,25556375.57,100.0,0.0,0.0
2024,Órganos Autónomos,"Instituto Nacional de Transparencia, Acceso a la Información y Protección de Datos Personales",,O001,Devengado,24564258.12,992117.45,0.0,0.0,25556375.57,0.0,0.0,0.0,0.0,0.0,25556375.57,100.0,0.0,0.0
2024,Órganos Autónomos,"Instituto Nacional de Transparencia, Acceso a la Información y Protección de Datos Personales",,O001,Ejercido,24564258.12,992117.45,0.0,0.0,25556375.57,0.0,0.0,0.0,0.0,0.0,25556375.57,100.0,0.0,0.0
2024,Órganos Autónomos,"Instituto Nacional de Transparencia, Acceso a la Información y Protección de Datos Personales",,O001,Porcentaje Ejer/Aprob,105.90473993748479,133.97740884335278,0.0,0.0,106.53285574889631,0.0,0.0,0.0,0.0,0.0,106.53285574889631,,0.0,
2024,Órganos Autónomos,"Instituto Nacional de Transparencia, Acceso a la Información y Protección de Datos Personales",,O001,Porcentaje Ejer/Modif,100.0,100.0,0.0,0.0,100.0,0.0,0.0,0.0,0.0,0.0,100.0,,0.0,
2024,Órganos Autónomos,Fiscalía General de la República,,TOTAL,Aprobado,13886000000.0,4527117305.0,0.0,176797002.0,18589914307.0,0.0,743457822.0,0.0,0.0,743457822.0,19333372129.0,96.15453622348264,0.0,3.8454637765173696
2024,Órganos Autónomos,Fiscalía General de la República,,TOTAL,Modificado,13587272765.83,4227493263.92,0.0,412766992.92,18227533022.67,0.0,1583182366.93,0.0,0.0,1583182366.93,19810715389.6,92.008454334965,0.0,7.991545665034999
2024,Órganos Autónomos,Fiscalía General de la República,,TOTAL,Devengado,13587272765.83,4227493263.92,0.0,412766992.92,18227533022.67,0.0,1583182366.93,0.0,0.0,1583182366.93,19810715389.6,92.008454334965,0.0,7.991545665034999
2024,Órganos Autónomos,Fiscalía General de la República,,TOTAL,Ejercido,13587272765.83,4227493263.92,0.0,412766992.92,18227533022.67,0.0,1583182366.93,0.0,0.0,1583182366.93,19810715389.6,92.008454334965,0.0,7.991545665034999
2024,Órganos Autónomos,Fiscalía General de la República,,TOTAL,Porcentaje Ejer/Aprob,97.84871644699697,93.38157107727078,0.0,233.46945267771,98.05065651005424,0.0,212.94851168167548,0.0,0.0,212.94851168167548,102.46901191067433,,0.0,
2024,Órganos Autónomos,Fiscalía General de la República,,TOTAL,Porcentaje Ejer/Modif,100.0,100.0,0.0,100.0,100.0,0.0,100.0,0.0,0.0,100.0,100.0,,0.0,
2024,Órganos Autónomos,Fiscalía General de la República,,E002,Investigar y perseguir los delitos del orden federal,0.0,0.0,0.0,0.0,0.0,0.0,0.0,0.0,0.0,0.0,0.0,,0.0,
2024,Órganos Autónomos,Fiscalía General de la República,,E002,Aprobado,8364737244.0,3882531450.0,0.0,131170491.0,12378439185.0,0.0,228235004.0,0.0,0.0,228235004.0,12606674189.0,98.18957005965025,0.0,1.8104299403497497
2024,Órganos Autónomos,Fiscalía General de la República,,E002,Modificado,8797815540.78,3757244834.59,0.0,109383697.79,12664444073.16,0.0,358090891.2,0.0,0.0,358090891.2,13022534964.36,97.25022131113472,0.0,2.7497786888652715
2024,Órganos Autónomos,Fiscalía General de la República,,E002,Devengado,8797815540.78,3757244834.59,0.0,109383697.79,12664444073.16,0.0,358090891.2,0.0,0.0,358090891.2,13022534964.36,97.25022131113472,0.0,2.7497786888652715
2024,Órganos Autónomos,Fiscalía General de la República,,E002,Ejercido,8797815540.78,3757244834.59,0.0,109383697.79,12664444073.16,0.0,358090891.2,0.0,0.0,358090891.2,13022534964.36,97.25022131113472,0.0,2.7497786888652715
2024,Órganos Autónomos,Fiscalía General de la República,,E002,Porcentaje Ejer/Aprob,105.17742858080385,96.77306888499255,0.0,83.39047674221179,102.31050848887779,0.0,156.8956930024634,0.0,0.0,156.8956930024634,103.2987350123069,,0.0,
2024,Órganos Autónomos,Fiscalía General de la República,,E002,Porcentaje Ejer/Modif,100.0,100.0,0.0,100.0,100.0,0.0,100.0,0.0,0.0,100.0,100.0,,0.0,
2024,Órganos Autónomos,Fiscalía General de la República,,E003,Investigar y perseguir los delitos relativos a la Delincuencia Organizada,0.0,0.0,0.0,0.0,0.0,0.0,0.0,0.0,0.0,0.0,0.0,,0.0,
2024,Órganos Autónomos,Fiscalía General de la República,,E003,Aprobado,1148389509.0,218655819.0,0.0,25000.0,1367070328.0,0.0,0.0,0.0,0.0,0.0,1367070328.0,100.0,0.0,0.0
2024,Órganos Autónomos,Fiscalía General de la República,,E003,Modificado,1149225942.95,162187547.62,0.0,2652994.78,1314066485.35,0.0,4118846.6,0.0,0.0,4118846.6,1318185331.95,99.68753660808021,0.0,0.3124633919197814
2024,Órganos Autónomos,Fiscalía General de la República,,E003,Devengado,1149225942.95,162187547.62,0.0,2652994.78,1314066485.35,0.0,4118846.6,0.0,0.0,4118846.6,1318185331.95,99.68753660808021,0.0,0.3124633919197814
2024,Órganos Autónomos,Fiscalía General de la República,,E003,Ejercido,1149225942.95,162187547.62,0.0,2652994.78,1314066485.35,0.0,4118846.6,0.0,0.0,4118846.6,1318185331.95,99.68753660808021,0.0,0.3124633919197814
2024,Órganos Autónomos,Fiscalía General de la República,,E003,Porcentaje Ejer/Aprob,100.0728353875967,74.17481426368991,0.0,0.0,96.122815222861,0.0,0.0,0.0,0.0,0.0,96.42410525276209,,0.0,
2024,Órganos Autónomos,Fiscalía General de la República,,E003,Porcentaje Ejer/Modif,100.0,100.0,0.0,100.0,100.0,0.0,100.0,0.0,0.0,100.0,100.0,,0.0,
2024,Órganos Autónomos,Fiscalía General de la República,,E004,Promover la solución de controversias en materia penal federal mediante la aplicación de mecanismos alternativos,0.0,0.0,0.0,0.0,0.0,0.0,0.0,0.0,0.0,0.0,0.0,,0.0,
2024,Órganos Autónomos,Fiscalía General de la República,,E004,Aprobado,120760096.0,401177.0,0.0,0.0,121161273.0,0.0,0.0,0.0,0.0,0.0,121161273.0,100.0,0.0,0.0
2024,Órganos Autónomos,Fiscalía General de la República,,E004,Modificado,112070395.06,364026.6,0.0,0.0,112434421.66,0.0,0.0,0.0,0.0,0.0,112434421.66,100.0,0.0,0.0
2024,Órganos Autónomos,Fiscalía General de la República,,E004,Devengado,112070395.06,364026.6,0.0,0.0,112434421.66,0.0,0.0,0.0,0.0,0.0,112434421.66,100.0,0.0,0.0
2024,Órganos Autónomos,Fiscalía General de la República,,E004,Ejercido,112070395.06,364026.6,0.0,0.0,112434421.66,0.0,0.0,0.0,0.0,0.0,112434421.66,100.0,0.0,0.0
2024,Órganos Autónomos,Fiscalía General de la República,,E004,Porcentaje Ejer/Aprob,92.80416194766855,90.73964858404146,0.0,0.0,92.79732613902134,0.0,0.0,0.0,0.0,0.0,92.79732613902134,,0.0,
2024,Órganos Autónomos,Fiscalía General de la República,,E004,Porcentaje Ejer/Modif,100.0,100.0,0.0,0.0,100.0,0.0,0.0,0.0,0.0,0.0,100.0,,0.0,
2024,Órganos Autónomos,Fiscalía General de la República,,E006,Investigar y perseguir los delitos federales de carácter especial,0.0,0.0,0.0,0.0,0.0,0.0,0.0,0.0,0.0,0.0,0.0,,0.0,
2024,Órganos Autónomos,Fiscalía General de la República,,E006,Aprobado,720343064.0,71250569.0,0.0,591000.0,792184633.0,0.0,0.0,0.0,0.0,0.0,792184633.0,100.0,0.0,0.0
2024,Órganos Autónomos,Fiscalía General de la República,,E006,Modificado,619088729.18,2743575.57,0.0,167599.21,621999903.96,0.0,0.0,0.0,0.0,0.0,621999903.96,100.0,0.0,0.0
2024,Órganos Autónomos,Fiscalía General de la República,,E006,Devengado,619088729.18,2743575.57,0.0,167599.21,621999903.96,0.0,0.0,0.0,0.0,0.0,621999903.96,100.0,0.0,0.0
2024,Órganos Autónomos,Fiscalía General de la República,,E006,Ejercido,619088729.18,2743575.57,0.0,167599.21,621999903.96,0.0,0.0,0.0,0.0,0.0,621999903.96,100.0,0.0,0.0
2024,Órganos Autónomos,Fiscalía General de la República,,E006,Porcentaje Ejer/Aprob,85.9435955060435,3.8506016281778743,0.0,28.35858037225042,78.51703732304033,0.0,0.0,0.0,0.0,0.0,78.51703732304033,,0.0,
2024,Órganos Autónomos,Fiscalía General de la República,,E006,Porcentaje Ejer/Modif,100.0,100.0,0.0,100.0,100.0,0.0,0.0,0.0,0.0,0.0,100.0,,0.0,
2024,Órganos Autónomos,Fiscalía General de la República,,E008,Representar jurídicamente a la Fiscalía General de la República,0.0,0.0,0.0,0.0,0.0,0.0,0.0,0.0,0.0,0.0,0.0,,0.0,
2024,Órganos Autónomos,Fiscalía General de la República,,E008,Aprobado,277051692.0,25154681.0,0.0,35901928.0,338108301.0,0.0,0.0,0.0,0.0,0.0,338108301.0,100.0,0.0,0.0
2024,Órganos Autónomos,Fiscalía General de la República,,E008,Modificado,223317831.17,21811848.17,0.0,24414994.11,269544673.45,0.0,0.0,0.0,0.0,0.0,269544673.45,100.0,0.0,0.0
2024,Órganos Autónomos,Fiscalía General de la República,,E008,Devengado,223317831.17,21811848.17,0.0,24414994.11,269544673.45,0.0,0.0,0.0,0.0,0.0,269544673.45,100.0,0.0,0.0
2024,Órganos Autónomos,Fiscalía General de la República,,E008,Ejercido,223317831.17,21811848.17,0.0,24414994.11,269544673.45,0.0,0.0,0.0,0.0,0.0,269544673.45,100.0,0.0,0.0
2024,Órganos Autónomos,Fiscalía General de la República,,E008,Porcentaje Ejer/Aprob,80.60511363706091,86.71089158316101,0.0,68.00468796550425,79.72140070290673,0.0,0.0,0.0,0.0,0.0,79.72140070290673,,0.0,
2024,Órganos Autónomos,Fiscalía General de la República,,E008,Porcentaje Ejer/Modif,100.0,100.0,0.0,100.0,100.0,0.0,0.0,0.0,0.0,0.0,100.0,,0.0,
2024,Órganos Autónomos,Fiscalía General de la República,,E009,Investigar y perseguir los delitos cometidos en materia de derechos humanos,0.0,0.0,0.0,0.0,0.0,0.0,0.0,0.0,0.0,0.0,0.0,,0.0,
2024,Órganos Autónomos,Fiscalía General de la República,,E009,Aprobado,541836014.0,29943235.0,0.0,500000.0,572279249.0,0.0,0.0,0.0,0.0,0.0,572279249.0,100.0,0.0,0.0
2024,Órganos Autónomos,Fiscalía General de la República,,E009,Modificado,670238574.04,32139521.87,0.0,105008.27,702483104.18,0.0,308142.4,0.0,0.0,308142.4,702791246.58,99.95615449089618,0.0,0.0
2024,Órganos Autónomos,Fiscalía General de la República,,E009,Devengado,670238574.04,32139521.87,0.0,105008.27,702483104.18,0.0,308142.4,0.0,0.0,308142.4,702791246.58,99.95615449089618,0.0,0.0
2024,Órganos Autónomos,Fiscalía General de la República,,E009,Ejercido,670238574.04,32139521.87,0.0,105008.27,702483104.18,0.0,308142.4,0.0,0.0,308142.4,702791246.58,99.95615449089618,0.0,0.0
2024,Órganos Autónomos,Fiscalía General de la República,,E009,Porcentaje Ejer/Aprob,123.69767913581322,107.33483496355689,0.0,21.001654,122.75180436954827,0.0,0.0,0.0,0.0,0.0,122.80564913161827,,0.0,
2024,Órganos Autónomos,Fiscalía General de la República,,E009,Porcentaje Ejer/Modif,100.0,100.0,0.0,100.0,100.0,0.0,100.0,0.0,0.0,100.0,100.0,,0.0,
2024,Órganos Autónomos,Fiscalía General de la República,,E010,Realizar investigación académica en el marco de las ciencias penales,0.0,0.0,0.0,0.0,0.0,0.0,0.0,0.0,0.0,0.0,0.0,,0.0,
2024,Órganos Autónomos,Fiscalía General de la República,,E010,Aprobado,87462346.0,45764476.0,0.0,0.0,133226822.0,0.0,0.0,0.0,0.0,0.0,133226822.0,100.0,0.0,0.0
2024,Órganos Autónomos,Fiscalía General de la República,,E010,Modificado,103424032.14,11551875.62,0.0,250682.69,115226590.45,0.0,0.0,0.0,0.0,0.0,115226590.45,100.0,0.0,0.0
2024,Órganos Autónomos,Fiscalía General de la República,,E010,Devengado,103424032.14,11551875.62,0.0,250682.69,115226590.45,0.0,0.0,0.0,0.0,0.0,115226590.45,100.0,0.0,0.0
2024,Órganos Autónomos,Fiscalía General de la República,,E010,Ejercido,103424032.14,11551875.62,0.0,250682.69,115226590.45,0.0,0.0,0.0,0.0,0.0,115226590.45,100.0,0.0,0.0
2024,Órganos Autónomos,Fiscalía General de la República,,E010,Porcentaje Ejer/Aprob,118.24978047124416,25.242014395619865,0.0,0.0,86.48903330441973,0.0,0.0,0.0,0.0,0.0,86.48903330441973,,0.0,
2024,Órganos Autónomos,Fiscalía General de la República,,E010,Porcentaje Ejer/Modif,100.0,100.0,0.0,100.0,100.0,0.0,0.0,0.0,0.0,0.0,100.0,,0.0,
2024,Órganos Autónomos,Fiscalía General de la República,,E011,"Investigar, perseguir y prevenir delitos del orden electoral",0.0,0.0,0.0,0.0,0.0,0.0,0.0,0.0,0.0,0.0,0.0,,0.0,
2024,Órganos Autónomos,Fiscalía General de la República,,E011,Aprobado,183679731.0,14542871.0,0.0,0.0,198222602.0,0.0,0.0,0.0,0.0,0.0,198222602.0,100.0,0.0,0.0
2024,Órganos Autónomos,Fiscalía General de la República,,E011,Modificado,185081911.52,2868645.27,0.0,210475.29,188161032.08,0.0,0.0,0.0,0.0,0.0,188161032.08,100.0,0.0,0.0
2024,Órganos Autónomos,Fiscalía General de la República,,E011,Devengado,185081911.52,2868645.27,0.0,210475.29,188161032.08,0.0,0.0,0.0,0.0,0.0,188161032.08,100.0,0.0,0.0
2024,Órganos Autónomos,Fiscalía General de la República,,E011,Ejercido,185081911.52,2868645.27,0.0,210475.29,188161032.08,0.0,0.0,0.0,0.0,0.0,188161032.08,100.0,0.0,0.0
2024,Órganos Autónomos,Fiscalía General de la República,,E011,Porcentaje Ejer/Aprob,100.76338336971978,19.725439839217444,0.0,0.0,94.92410561738062,0.0,0.0,0.0,0.0,0.0,94.92410561738062,,0.0,
2024,Órganos Autónomos,Fiscalía General de la República,,E011,Porcentaje Ejer/Modif,100.0,100.0,0.0,100.0,100.0,0.0,0.0,0.0,0.0,0.0,100.0,,0.0,
2024,Órganos Autónomos,Fiscalía General de la República,,E012,Supervisar y vigilar la aplicación del marco legal en la investigación y persecución del delito del orden federal,0.0,0.0,0.0,0.0,0.0,0.0,0.0,0.0,0.0,0.0,0.0,,0.0,
2024,Órganos Autónomos,Fiscalía General de la República,,E012,Aprobado,268133411.0,7864055.0,0.0,0.0,275997466.0,0.0,0.0,0.0,0.0,0.0,275997466.0,100.0,0.0,0.0
2024,Órganos Autónomos,Fiscalía General de la República,,E012,Modificado,279623525.05,4725558.19,0.0,0.0,284349083.24,0.0,0.0,0.0,0.0,0.0,284349083.24,100.0,0.0,0.0
2024,Órganos Autónomos,Fiscalía General de la República,,E012,Devengado,279623525.05,4725558.19,0.0,0.0,284349083.24,0.0,0.0,0.0,0.0,0.0,284349083.24,100.0,0.0,0.0
2024,Órganos Autónomos,Fiscalía General de la República,,E012,Ejercido,279623525.05,4725558.19,0.0,0.0,284349083.24,0.0,0.0,0.0,0.0,0.0,284349083.24,100.0,0.0,0.0
2024,Órganos Autónomos,Fiscalía General de la República,,E012,Porcentaje Ejer/Aprob,104.2852227953047,60.09060452908837,0.0,0.0,103.02597605733091,0.0,0.0,0.0,0.0,0.0,103.02597605733091,,0.0,
2024,Órganos Autónomos,Fiscalía General de la República,,E012,Porcentaje Ejer/Modif,100.0,100.0,0.0,0.0,100.0,0.0,0.0,0.0,0.0,0.0,100.0,,0.0,
2024,Órganos Autónomos,Fiscalía General de la República,,E013,Promover la formación profesional y capacitación del capital humano,0.0,0.0,0.0,0.0,0.0,0.0,0.0,0.0,0.0,0.0,0.0,,0.0,
2024,Órganos Autónomos,Fiscalía General de la República,,E013,Aprobado,358386822.0,19854797.0,0.0,3829706.0,382071325.0,0.0,0.0,0.0,0.0,0.0,382071325.0,100.0,0.0,0.0
2024,Órganos Autónomos,Fiscalía General de la República,,E013,Modificado,269705489.69,6473687.21,0.0,20880.0,276200056.9,0.0,13532560.0,0.0,0.0,13532560.0,289732616.9,95.32929355873291,0.0,4.67070644126709
2024,Órganos Autónomos,Fiscalía General de la República,,E013,Devengado,269705489.69,6473687.21,0.0,20880.0,276200056.9,0.0,13532560.0,0.0,0.0,13532560.0,289732616.9,95.32929355873291,0.0,4.67070644126709
2024,Órganos Autónomos,Fiscalía General de la República,,E013,Ejercido,269705489.69,6473687.21,0.0,20880.0,276200056.9,0.0,13532560.0,0.0,0.0,13532560.0,289732616.9,95.32929355873291,0.0,4.67070644126709
2024,Órganos Autónomos,Fiscalía General de la República,,E013,Porcentaje Ejer/Aprob,75.25541485730187,32.60515436143719,0.0,0.5452115645430746,72.29018217998956,0.0,0.0,0.0,0.0,0.0,75.83207583034397,,0.0,
2024,Órganos Autónomos,Fiscalía General de la República,,E013,Porcentaje Ejer/Modif,100.0,100.0,0.0,100.0,100.0,0.0,100.0,0.0,0.0,100.0,100.0,,0.0,
2024,Órganos Autónomos,Fiscalía General de la República,,K022,Proyectos de infraestructura gubernamental de procuración de justicia,0.0,0.0,0.0,0.0,0.0,0.0,0.0,0.0,0.0,0.0,0.0,,0.0,
2024,Órganos Autónomos,Fiscalía General de la República,,K022,Aprobado,0.0,0.0,0.0,0.0,0.0,0.0,515222818.0,0.0,0.0,515222818.0,515222818.0,0.0,0.0,100.0
2024,Órganos Autónomos,Fiscalía General de la República,,K022,Modificado,0.0,0.0,0.0,0.0,0.0,0.0,930620851.59,0.0,0.0,930620851.59,930620851.59,0.0,0.0,100.0
2024,Órganos Autónomos,Fiscalía General de la República,,K022,Devengado,0.0,0.0,0.0,0.0,0.0,0.0,930620851.59,0.0,0.0,930620851.59,930620851.59,0.0,0.0,100.0
2024,Órganos Autónomos,Fiscalía General de la República,,K022,Ejercido,0.0,0.0,0.0,0.0,0.0,0.0,930620851.59,0.0,0.0,930620851.59,930620851.59,0.0,0.0,100.0
2024,Órganos Autónomos,Fiscalía General de la República,,K022,Porcentaje Ejer/Aprob,0.0,0.0,0.0,0.0,0.0,0.0,180.62492946304255,0.0,0.0,180.62492946304255,180.62492946304255,,0.0,
2024,Órganos Autónomos,Fiscalía General de la República,,K022,Porcentaje Ejer/Modif,0.0,0.0,0.0,0.0,0.0,0.0,100.0,0.0,0.0,100.0,100.0,,0.0,
2024,Órganos Autónomos,Fiscalía General de la República,,M001,Actividades de apoyo administrativo,0.0,0.0,0.0,0.0,0.0,0.0,0.0,0.0,0.0,0.0,0.0,,0.0,
2024,Órganos Autónomos,Fiscalía General de la República,,M001,Aprobado,1710925053.0,203652945.0,0.0,4778877.0,1919356875.0,0.0,0.0,0.0,0.0,0.0,1919356875.0,100.0,0.0,0.0
2024,Órganos Autónomos,Fiscalía General de la República,,M001,Modificado,1060607528.25,218181713.19,0.0,3613142.09,1282402383.53,0.0,4563556.46,0.0,0.0,4563556.46,1286965939.99,99.64540192415383,0.0,0.35459807584616104
2024,Órganos Autónomos,Fiscalía General de la República,,M001,Devengado,1060607528.25,218181713.19,0.0,3613142.09,1282402383.53,0.0,4563556.46,0.0,0.0,4563556.46,1286965939.99,99.64540192415383,0.0,0.35459807584616104
2024,Órganos Autónomos,Fiscalía General de la República,,M001,Ejercido,1060607528.25,218181713.19,0.0,3613142.09,1282402383.53,0.0,4563556.46,0.0,0.0,4563556.46,1286965939.99,99.64540192415383,0.0,0.35459807584616104
2024,Órganos Autónomos,Fiscalía General de la República,,M001,Porcentaje Ejer/Aprob,61.99029737686587,107.13408204826106,0.0,75.606509437259,66.81417094619259,0.0,0.0,0.0,0.0,0.0,67.05193582042943,,0.0,
2024,Órganos Autónomos,Fiscalía General de la República,,M001,Porcentaje Ejer/Modif,100.0,100.0,0.0,100.0,100.0,0.0,100.0,0.0,0.0,100.0,100.0,,0.0,
2024,Órganos Autónomos,Fiscalía General de la República,,O001,Actividades de apoyo a la función pública y buen gobierno,0.0,0.0,0.0,0.0,0.0,0.0,0.0,0.0,0.0,0.0,0.0,,0.0,
2024,Órganos Autónomos,Fiscalía General de la República,,O001,Aprobado,104295018.0,7501230.0,0.0,0.0,111796248.0,0.0,0.0,0.0,0.0,0.0,111796248.0,100.0,0.0,0.0
2024,Órganos Autónomos,Fiscalía General de la República,,O001,Modificado,117073266.0,7200430.02,0.0,0.0,124273696.02,0.0,0.0,0.0,0.0,0.0,124273696.02,100.0,0.0,0.0
2024,Órganos Autónomos,Fiscalía General de la República,,O001,Devengado,117073266.0,7200430.02,0.0,0.0,124273696.02,0.0,0.0,0.0,0.0,0.0,124273696.02,100.0,0.0,0.0
2024,Órganos Autónomos,Fiscalía General de la República,,O001,Ejercido,117073266.0,7200430.02,0.0,0.0,124273696.02,0.0,0.0,0.0,0.0,0.0,124273696.02,100.0,0.0,0.0
2024,Órganos Autónomos,Fiscalía General de la República,,O001,Porcentaje Ejer/Aprob,112.2520214723967,95.9899912414364,0.0,0.0,111.16088262640085,0.0,0.0,0.0,0.0,0.0,111.16088262640085,,0.0,
2024,Órganos Autónomos,Fiscalía General de la República,,O001,Porcentaje Ejer/Modif,100.0,100.0,0.0,0.0,100.0,0.0,0.0,0.0,0.0,0.0,100.0,,0.0,
2024,Órganos Autónomos,Fiscalía General de la República,,R001,Fortalecimiento de las Capacidades Institucionales para la Investigación de Delitos,0.0,0.0,0.0,0.0,0.0,0.0,0.0,0.0,0.0,0.0,0.0,,0.0,
2024,Órganos Autónomos,Fiscalía General de la República,,R001,Aprobado,0.0,0.0,0.0,0.0,0.0,0.0,0.0,0.0,0.0,0.0,0.0,0.0,0.0,0.0
2024,Órganos Autónomos,Fiscalía General de la República,,R001,Modificado,0.0,0.0,0.0,271947518.69,271947518.69,0.0,271947518.68,0.0,0.0,271947518.68,543895037.37,50.0000000009193,0.0,49.99999999908071
2024,Órganos Autónomos,Fiscalía General de la República,,R001,Devengado,0.0,0.0,0.0,271947518.69,271947518.69,0.0,271947518.68,0.0,0.0,271947518.68,543895037.37,50.0000000009193,0.0,49.99999999908071
2024,Órganos Autónomos,Fiscalía General de la República,,R001,Ejercido,0.0,0.0,0.0,271947518.69,271947518.69,0.0,271947518.68,0.0,0.0,271947518.68,543895037.37,50.0000000009193,0.0,49.99999999908071
2024,Órganos Autónomos,Fiscalía General de la República,,R001,Porcentaje Ejer/Aprob,0.0,0.0,0.0,0.0,0.0,0.0,0.0,0.0,0.0,0.0,0.0,,0.0,
2024,Órganos Autónomos,Fiscalía General de la República,,R001,Porcentaje Ejer/Modif,0.0,0.0,0.0,100.0,100.0,0.0,100.0,0.0,0.0,100.0,100.0,,0.0,
2024,Poder Ejecutivo,Ramos Administrativos,Oficina de la Presidencia de la República,TOTAL,Aprobado,560749142.0,362177021.0,0.0,1160203.0,924086366.0,0.0,0.0,0.0,0.0,0.0,924086366.0,100.0,0.0,0.0
2024,Poder Ejecutivo,Ramos Administrativos,Oficina de la Presidencia de la República,TOTAL,Modificado,363101299.25,229267541.96,0.0,1009356.58,593378197.79,0.0,0.0,0.0,0.0,0.0,593378197.79,100.0,0.0,0.0
2024,Poder Ejecutivo,Ramos Administrativos,Oficina de la Presidencia de la República,TOTAL,Devengado,363101299.25,229267541.96,0.0,1009356.58,593378197.79,0.0,0.0,0.0,0.0,0.0,593378197.79,100.0,0.0,0.0
2024,Poder Ejecutivo,Ramos Administrativos,Oficina de la Presidencia de la República,TOTAL,Ejercido,363101299.25,229267541.96,0.0,1009356.58,593378197.79,0.0,0.0,0.0,0.0,0.0,593378197.79,100.0,0.0,0.0
2024,Poder Ejecutivo,Ramos Administrativos,Oficina de la Presidencia de la República,TOTAL,Porcentaje Ejer/Aprob,64.75289430759396,63.30261962146958,0.0,86.99827357798591,64.2124177590128,0.0,0.0,0.0,0.0,0.0,64.2124177590128,,0.0,
2024,Poder Ejecutivo,Ramos Administrativos,Oficina de la Presidencia de la República,TOTAL,Porcentaje Ejer/Modif,100.0,100.0,0.0,100.0,100.0,0.0,0.0,0.0,0.0,0.0,100.0,,0.0,
2024,Poder Ejecutivo,Ramos Administrativos,Oficina de la Presidencia de la República,M001,Actividades de apoyo administrativo,0.0,0.0,0.0,0.0,0.0,0.0,0.0,0.0,0.0,0.0,0.0,,0.0,
2024,Poder Ejecutivo,Ramos Administrativos,Oficina de la Presidencia de la República,M001,Aprobado,43026531.0,5981488.0,0.0,0.0,49008019.0,0.0,0.0,0.0,0.0,0.0,49008019.0,100.0,0.0,0.0
2024,Poder Ejecutivo,Ramos Administrativos,Oficina de la Presidencia de la República,M001,Modificado,59254323.33,5510092.6,0.0,0.0,64764415.93,0.0,0.0,0.0,0.0,0.0,64764415.93,100.0,0.0,0.0
2024,Poder Ejecutivo,Ramos Administrativos,Oficina de la Presidencia de la República,M001,Devengado,59254323.33,5510092.6,0.0,0.0,64764415.93,0.0,0.0,0.0,0.0,0.0,64764415.93,100.0,0.0,0.0
2024,Poder Ejecutivo,Ramos Administrativos,Oficina de la Presidencia de la República,M001,Ejercido,59254323.33,5510092.6,0.0,0.0,64764415.93,0.0,0.0,0.0,0.0,0.0,64764415.93,100.0,0.0,0.0
2024,Poder Ejecutivo,Ramos Administrativos,Oficina de la Presidencia de la República,M001,Porcentaje Ejer/Aprob,137.71578129317464,92.11909478042921,0.0,0.0,132.150650549658,0.0,0.0,0.0,0.0,0.0,132.150650549658,,0.0,
2024,Poder Ejecutivo,Ramos Administrativos,Oficina de la Presidencia de la República,M001,Porcentaje Ejer/Modif,100.0,100.0,0.0,0.0,100.0,0.0,0.0,0.0,0.0,0.0,100.0,,0.0,
2024,Poder Ejecutivo,Ramos Administrativos,Oficina de la Presidencia de la República,P002,"Asesoría, coordinación, difusión y apoyo técnico de las actividades del Presidente de la República",0.0,0.0,0.0,0.0,0.0,0.0,0.0,0.0,0.0,0.0,0.0,,0.0,
2024,Poder Ejecutivo,Ramos Administrativos,Oficina de la Presidencia de la República,P002,Aprobado,475536576.0,350331629.0,0.0,1160203.0,827028408.0,0.0,0.0,0.0,0.0,0.0,827028408.0,100.0,0.0,0.0
2024,Poder Ejecutivo,Ramos Administrativos,Oficina de la Presidencia de la República,P002,Modificado,280397968.17,163372181.46,0.0,1009356.58,444779506.21,0.0,0.0,0.0,0.0,0.0,444779506.21,100.0,0.0,0.0
2024,Poder Ejecutivo,Ramos Administrativos,Oficina de la Presidencia de la República,P002,Devengado,280397968.17,163372181.46,0.0,1009356.58,444779506.21,0.0,0.0,0.0,0.0,0.0,444779506.21,100.0,0.0,0.0
2024,Poder Ejecutivo,Ramos Administrativos,Oficina de la Presidencia de la República,P002,Ejercido,280397968.17,163372181.46,0.0,1009356.58,444779506.21,0.0,0.0,0.0,0.0,0.0,444779506.21,100.0,0.0,0.0
2024,Poder Ejecutivo,Ramos Administrativos,Oficina de la Presidencia de la República,P002,Porcentaje Ejer/Aprob,58.964542859895595,46.63358028115697,0.0,86.99827357798591,53.780438725872635,0.0,0.0,0.0,0.0,0.0,53.780438725872635,,0.0,
2024,Poder Ejecutivo,Ramos Administrativos,Oficina de la Presidencia de la República,P002,Porcentaje Ejer/Modif,100.0,100.0,0.0,100.0,100.0,0.0,0.0,0.0,0.0,0.0,100.0,,0.0,
2024,Poder Ejecutivo,Ramos Administrativos,Oficina de la Presidencia de la República,P003,Atención y seguimiento a las solicitudes y demandas de la ciudadanía,0.0,0.0,0.0,0.0,0.0,0.0,0.0,0.0,0.0,0.0,0.0,,0.0,
2024,Poder Ejecutivo,Ramos Administrativos,Oficina de la Presidencia de la República,P003,Aprobado,42186035.0,3650060.0,0.0,0.0,45836095.0,0.0,0.0,0.0,0.0,0.0,45836095.0,100.0,0.0,0.0
2024,Poder Ejecutivo,Ramos Administrativos,Oficina de la Presidencia de la República,P003,Modificado,23449007.75,5682404.62,0.0,0.0,29131412.37,0.0,0.0,0.0,0.0,0.0,29131412.37,100.0,0.0,0.0
2024,Poder Ejecutivo,Ramos Administrativos,Oficina de la Presidencia de la República,P003,Devengado,23449007.75,5682404.62,0.0,0.0,29131412.37,0.0,0.0,0.0,0.0,0.0,29131412.37,100.0,0.0,0.0
2024,Poder Ejecutivo,Ramos Administrativos,Oficina de la Presidencia de la República,P003,Ejercido,23449007.75,5682404.62,0.0,0.0,29131412.37,0.0,0.0,0.0,0.0,0.0,29131412.37,100.0,0.0,0.0
2024,Poder Ejecutivo,Ramos Administrativos,Oficina de la Presidencia de la República,P003,Porcentaje Ejer/Aprob,55.584763417562236,155.67975923683446,0.0,0.0,63.55561565617664,0.0,0.0,0.0,0.0,0.0,63.55561565617664,,0.0,
2024,Poder Ejecutivo,Ramos Administrativos,Oficina de la Presidencia de la República,P003,Porcentaje Ejer/Modif,100.0,100.0,0.0,0.0,100.0,0.0,0.0,0.0,0.0,0.0,100.0,,0.0,
2024,Poder Ejecutivo,Ramos Administrativos,Oficina de la Presidencia de la República,P005,Apoyo a las actividades de Ayudantía y Logística de la Oficina de la Presidencia de la República,0.0,0.0,0.0,0.0,0.0,0.0,0.0,0.0,0.0,0.0,0.0,,0.0,
2024,Poder Ejecutivo,Ramos Administrativos,Oficina de la Presidencia de la República,P005,Aprobado,0.0,2213844.0,0.0,0.0,2213844.0,0.0,0.0,0.0,0.0,0.0,2213844.0,100.0,0.0,0.0
2024,Poder Ejecutivo,Ramos Administrativos,Oficina de la Presidencia de la República,P005,Modificado,0.0,54702863.28,0.0,0.0,54702863.28,0.0,0.0,0.0,0.0,0.0,54702863.28,100.0,0.0,0.0
2024,Poder Ejecutivo,Ramos Administrativos,Oficina de la Presidencia de la República,P005,Devengado,0.0,54702863.28,0.0,0.0,54702863.28,0.0,0.0,0.0,0.0,0.0,54702863.28,100.0,0.0,0.0
2024,Poder Ejecutivo,Ramos Administrativos,Oficina de la Presidencia de la República,P005,Ejercido,0.0,54702863.28,0.0,0.0,54702863.28,0.0,0.0,0.0,0.0,0.0,54702863.28,100.0,0.0,0.0
2024,Poder Ejecutivo,Ramos Administrativos,Oficina de la Presidencia de la República,P005,Porcentaje Ejer/Aprob,0.0,0.0,0.0,0.0,0.0,0.0,0.0,0.0,0.0,0.0,0.0,,0.0,
2024,Poder Ejecutivo,Ramos Administrativos,Oficina de la Presidencia de la República,P005,Porcentaje Ejer/Modif,0.0,100.0,0.0,0.0,100.0,0.0,0.0,0.0,0.0,0.0,100.0,,0.0,
2024,Poder Ejecutivo,Ramos Administrativos,Gobernación,TOTAL,Aprobado,4533165343.0,1800711159.0,1966147877.0,2568768506.0,10868792885.0,0.0,0.0,0.0,0.0,0.0,10868792885.0,100.0,0.0,0.0
2024,Poder Ejecutivo,Ramos Administrativos,Gobernación,TOTAL,Modificado,4789438468.68,10244659964.56,1577098485.83,3643723876.79,20254920795.86,0.0,0.0,0.0,0.0,0.0,20254920795.86,100.0,0.0,0.0
2024,Poder Ejecutivo,Ramos Administrativos,Gobernación,TOTAL,Devengado,4789438468.68,10244659964.56,1577098485.83,3643723876.79,20254920795.86,0.0,0.0,0.0,0.0,0.0,20254920795.86,100.0,0.0,0.0
2024,Poder Ejecutivo,Ramos Administrativos,Gobernación,TOTAL,Ejercido,4789438468.68,10244659964.56,1577098485.83,3643723876.79,20254920795.86,0.0,0.0,0.0,0.0,0.0,20254920795.86,100.0,0.0,0.0
2024,Poder Ejecutivo,Ramos Administrativos,Gobernación,TOTAL,Porcentaje Ejer/Aprob,105.65329314704417,0.0,80.2126078246148,141.84710954993312,186.35851294777893,0.0,0.0,0.0,0.0,0.0,186.35851294777893,,0.0,
2024,Poder Ejecutivo,Ramos Administrativos,Gobernación,TOTAL,Porcentaje Ejer/Modif,100.0,100.0,100.0,100.0,100.0,0.0,0.0,0.0,0.0,0.0,100.0,,0.0,
2024,Poder Ejecutivo,Ramos Administrativos,Gobernación,E003,Servicios de edición y artes gráficas para el Gobierno Federal,0.0,0.0,0.0,0.0,0.0,0.0,0.0,0.0,0.0,0.0,0.0,,0.0,
2024,Poder Ejecutivo,Ramos Administrativos,Gobernación,E003,Aprobado,0.0,0.0,0.0,0.0,0.0,0.0,0.0,0.0,0.0,0.0,0.0,0.0,0.0,0.0
2024,Poder Ejecutivo,Ramos Administrativos,Gobernación,E003,Modificado,0.0,330000000.0,0.0,0.0,330000000.0,0.0,0.0,0.0,0.0,0.0,330000000.0,100.0,0.0,0.0
2024,Poder Ejecutivo,Ramos Administrativos,Gobernación,E003,Devengado,0.0,330000000.0,0.0,0.0,330000000.0,0.0,0.0,0.0,0.0,0.0,330000000.0,100.0,0.0,0.0
2024,Poder Ejecutivo,Ramos Administrativos,Gobernación,E003,Ejercido,0.0,330000000.0,0.0,0.0,330000000.0,0.0,0.0,0.0,0.0,0.0,330000000.0,100.0,0.0,0.0
2024,Poder Ejecutivo,Ramos Administrativos,Gobernación,E003,Porcentaje Ejer/Aprob,0.0,0.0,0.0,0.0,0.0,0.0,0.0,0.0,0.0,0.0,0.0,,0.0,
2024,Poder Ejecutivo,Ramos Administrativos,Gobernación,E003,Porcentaje Ejer/Modif,0.0,100.0,0.0,0.0,100.0,0.0,0.0,0.0,0.0,0.0,100.0,,0.0,
2024,Poder Ejecutivo,Ramos Administrativos,Gobernación,E004,Producción de programas informativos de radio y televisión del Ejecutivo Federal,0.0,0.0,0.0,0.0,0.0,0.0,0.0,0.0,0.0,0.0,0.0,,0.0,
2024,Poder Ejecutivo,Ramos Administrativos,Gobernación,E004,Aprobado,29254968.0,5969118.0,0.0,0.0,35224086.0,0.0,0.0,0.0,0.0,0.0,35224086.0,100.0,0.0,0.0
2024,Poder Ejecutivo,Ramos Administrativos,Gobernación,E004,Modificado,39812270.72,26490518.26,0.0,358688.98,66661477.96,0.0,0.0,0.0,0.0,0.0,66661477.96,100.0,0.0,0.0
2024,Poder Ejecutivo,Ramos Administrativos,Gobernación,E004,Devengado,39812270.72,26490518.26,0.0,358688.98,66661477.96,0.0,0.0,0.0,0.0,0.0,66661477.96,100.0,0.0,0.0
2024,Poder Ejecutivo,Ramos Administrativos,Gobernación,E004,Ejercido,39812270.72,26490518.26,0.0,358688.98,66661477.96,0.0,0.0,0.0,0.0,0.0,66661477.96,100.0,0.0,0.0
2024,Poder Ejecutivo,Ramos Administrativos,Gobernación,E004,Porcentaje Ejer/Aprob,136.08721335808673,443.7928394111157,0.0,0.0,189.24970249050608,0.0,0.0,0.0,0.0,0.0,189.24970249050608,,0.0,
2024,Poder Ejecutivo,Ramos Administrativos,Gobernación,E004,Porcentaje Ejer/Modif,100.0,100.0,0.0,100.0,100.0,0.0,0.0,0.0,0.0,0.0,100.0,,0.0,
2024,Poder Ejecutivo,Ramos Administrativos,Gobernación,E006,Atención a refugiados en el país,0.0,0.0,0.0,0.0,0.0,0.0,0.0,0.0,0.0,0.0,0.0,,0.0,
2024,Poder Ejecutivo,Ramos Administrativos,Gobernación,E006,Aprobado,31688972.0,19398113.0,0.0,114846.0,51201931.0,0.0,0.0,0.0,0.0,0.0,51201931.0,100.0,0.0,0.0
2024,Poder Ejecutivo,Ramos Administrativos,Gobernación,E006,Modificado,95044099.02,4797524.04,0.0,0.0,99841623.06,0.0,0.0,0.0,0.0,0.0,99841623.06,100.0,0.0,0.0
2024,Poder Ejecutivo,Ramos Administrativos,Gobernación,E006,Devengado,95044099.02,4797524.04,0.0,0.0,99841623.06,0.0,0.0,0.0,0.0,0.0,99841623.06,100.0,0.0,0.0
2024,Poder Ejecutivo,Ramos Administrativos,Gobernación,E006,Ejercido,95044099.02,4797524.04,0.0,0.0,99841623.06,0.0,0.0,0.0,0.0,0.0,99841623.06,100.0,0.0,0.0
2024,Poder Ejecutivo,Ramos Administrativos,Gobernación,E006,Porcentaje Ejer/Aprob,299.9279970962769,24.73191098536234,0.0,0.0,194.99581580233763,0.0,0.0,0.0,0.0,0.0,194.99581580233763,,0.0,
2024,Poder Ejecutivo,Ramos Administrativos,Gobernación,E006,Porcentaje Ejer/Modif,100.0,100.0,0.0,0.0,100.0,0.0,0.0,0.0,0.0,0.0,100.0,,0.0,
2024,Poder Ejecutivo,Ramos Administrativos,Gobernación,E008,Política y servicios migratorios,0.0,0.0,0.0,0.0,0.0,0.0,0.0,0.0,0.0,0.0,0.0,,0.0,
2024,Poder Ejecutivo,Ramos Administrativos,Gobernación,E008,Aprobado,1990894717.0,1305473.0,0.0,18872305.0,2011072495.0,0.0,0.0,0.0,0.0,0.0,2011072495.0,100.0,0.0,0.0
2024,Poder Ejecutivo,Ramos Administrativos,Gobernación,E008,Modificado,2117378905.28,7398273912.5,0.0,1408987110.77,10924639928.55,0.0,0.0,0.0,0.0,0.0,10924639928.55,100.0,0.0,0.0
2024,Poder Ejecutivo,Ramos Administrativos,Gobernación,E008,Devengado,2117378905.28,7398273912.5,0.0,1408987110.77,10924639928.55,0.0,0.0,0.0,0.0,0.0,10924639928.55,100.0,0.0,0.0
2024,Poder Ejecutivo,Ramos Administrativos,Gobernación,E008,Ejercido,2117378905.28,7398273912.5,0.0,1408987110.77,10924639928.55,0.0,0.0,0.0,0.0,0.0,10924639928.55,100.0,0.0,0.0
2024,Poder Ejecutivo,Ramos Administrativos,Gobernación,E008,Porcentaje Ejer/Aprob,106.3531329507265,0.0,0.0,0.0,0.0,0.0,0.0,0.0,0.0,0.0,0.0,,0.0,
2024,Poder Ejecutivo,Ramos Administrativos,Gobernación,E008,Porcentaje Ejer/Modif,100.0,100.0,0.0,100.0,100.0,0.0,0.0,0.0,0.0,0.0,100.0,,0.0,
2024,Poder Ejecutivo,Ramos Administrativos,Gobernación,E010,Impartición de justicia laboral para los trabajadores al servicio del Estado,0.0,0.0,0.0,0.0,0.0,0.0,0.0,0.0,0.0,0.0,0.0,,0.0,
2024,Poder Ejecutivo,Ramos Administrativos,Gobernación,E010,Aprobado,392988155.0,12690269.0,0.0,0.0,405678424.0,0.0,0.0,0.0,0.0,0.0,405678424.0,100.0,0.0,0.0
2024,Poder Ejecutivo,Ramos Administrativos,Gobernación,E010,Modificado,415874845.29,17538323.92,0.0,63822.99,433476992.2,0.0,0.0,0.0,0.0,0.0,433476992.2,100.0,0.0,0.0
2024,Poder Ejecutivo,Ramos Administrativos,Gobernación,E010,Devengado,415874845.29,17538323.92,0.0,63822.99,433476992.2,0.0,0.0,0.0,0.0,0.0,433476992.2,100.0,0.0,0.0
2024,Poder Ejecutivo,Ramos Administrativos,Gobernación,E010,Ejercido,415874845.29,17538323.92,0.0,63822.99,433476992.2,0.0,0.0,0.0,0.0,0.0,433476992.2,100.0,0.0,0.0
2024,Poder Ejecutivo,Ramos Administrativos,Gobernación,E010,Porcentaje Ejer/Aprob,105.82376084337707,138.20293265651028,0.0,0.0,106.85236545880488,0.0,0.0,0.0,0.0,0.0,106.85236545880488,,0.0,
2024,Poder Ejecutivo,Ramos Administrativos,Gobernación,E010,Porcentaje Ejer/Modif,100.0,100.0,0.0,100.0,100.0,0.0,0.0,0.0,0.0,0.0,100.0,,0.0,
2024,Poder Ejecutivo,Ramos Administrativos,Gobernación,E012,Registro e Identificación de Población,0.0,0.0,0.0,0.0,0.0,0.0,0.0,0.0,0.0,0.0,0.0,,0.0,
2024,Poder Ejecutivo,Ramos Administrativos,Gobernación,E012,Aprobado,74570153.0,170885728.0,43933067.0,3445394.0,292834342.0,0.0,0.0,0.0,0.0,0.0,292834342.0,100.0,0.0,0.0
2024,Poder Ejecutivo,Ramos Administrativos,Gobernación,E012,Modificado,98093079.36,122993205.38,38083072.17,119104.34,259288461.25,0.0,0.0,0.0,0.0,0.0,259288461.25,100.0,0.0,0.0
2024,Poder Ejecutivo,Ramos Administrativos,Gobernación,E012,Devengado,98093079.36,122993205.38,38083072.17,119104.34,259288461.25,0.0,0.0,0.0,0.0,0.0,259288461.25,100.0,0.0,0.0
2024,Poder Ejecutivo,Ramos Administrativos,Gobernación,E012,Ejercido,98093079.36,122993205.38,38083072.17,119104.34,259288461.25,0.0,0.0,0.0,0.0,0.0,259288461.25,100.0,0.0,0.0
2024,Poder Ejecutivo,Ramos Administrativos,Gobernación,E012,Porcentaje Ejer/Aprob,131.544693706073,71.97394821643618,86.68430130316193,3.456914942093705,88.54441711962868,0.0,0.0,0.0,0.0,0.0,88.54441711962868,,0.0,
2024,Poder Ejecutivo,Ramos Administrativos,Gobernación,E012,Porcentaje Ejer/Modif,100.0,100.0,100.0,100.0,100.0,0.0,0.0,0.0,0.0,0.0,100.0,,0.0,
2024,Poder Ejecutivo,Ramos Administrativos,Gobernación,E015,Promover la atención y prevención de la violencia contra las mujeres,0.0,0.0,0.0,0.0,0.0,0.0,0.0,0.0,0.0,0.0,0.0,,0.0,
2024,Poder Ejecutivo,Ramos Administrativos,Gobernación,E015,Aprobado,40337908.0,75297095.0,247880944.0,0.0,363515947.0,0.0,0.0,0.0,0.0,0.0,363515947.0,100.0,0.0,0.0
2024,Poder Ejecutivo,Ramos Administrativos,Gobernación,E015,Modificado,47562272.71,18498141.75,235850799.72,69614.15,301980828.33,0.0,0.0,0.0,0.0,0.0,301980828.33,100.0,0.0,0.0
2024,Poder Ejecutivo,Ramos Administrativos,Gobernación,E015,Devengado,47562272.71,18498141.75,235850799.72,69614.15,301980828.33,0.0,0.0,0.0,0.0,0.0,301980828.33,100.0,0.0,0.0
2024,Poder Ejecutivo,Ramos Administrativos,Gobernación,E015,Ejercido,47562272.71,18498141.75,235850799.72,69614.15,301980828.33,0.0,0.0,0.0,0.0,0.0,301980828.33,100.0,0.0,0.0
2024,Poder Ejecutivo,Ramos Administrativos,Gobernación,E015,Porcentaje Ejer/Aprob,117.90961670595313,24.56687306462487,95.14680552451019,0.0,83.07223680891227,0.0,0.0,0.0,0.0,0.0,83.07223680891227,,0.0,
2024,Poder Ejecutivo,Ramos Administrativos,Gobernación,E015,Porcentaje Ejer/Modif,100.0,100.0,100.0,100.0,100.0,0.0,0.0,0.0,0.0,0.0,100.0,,0.0,
2024,Poder Ejecutivo,Ramos Administrativos,Gobernación,M001,Actividades de apoyo administrativo,0.0,0.0,0.0,0.0,0.0,0.0,0.0,0.0,0.0,0.0,0.0,,0.0,
2024,Poder Ejecutivo,Ramos Administrativos,Gobernación,M001,Aprobado,609471336.0,157472598.0,0.0,1532966.0,768476900.0,0.0,0.0,0.0,0.0,0.0,768476900.0,100.0,0.0,0.0
2024,Poder Ejecutivo,Ramos Administrativos,Gobernación,M001,Modificado,396351974.01,1207034768.02,0.0,2046609533.21,3649996275.24,0.0,0.0,0.0,0.0,0.0,3649996275.24,100.0,0.0,0.0
2024,Poder Ejecutivo,Ramos Administrativos,Gobernación,M001,Devengado,396351974.01,1207034768.02,0.0,2046609533.21,3649996275.24,0.0,0.0,0.0,0.0,0.0,3649996275.24,100.0,0.0,0.0
2024,Poder Ejecutivo,Ramos Administrativos,Gobernación,M001,Ejercido,396351974.01,1207034768.02,0.0,2046609533.21,3649996275.24,0.0,0.0,0.0,0.0,0.0,3649996275.24,100.0,0.0,0.0
2024,Poder Ejecutivo,Ramos Administrativos,Gobernación,M001,Porcentaje Ejer/Aprob,65.03209430836957,0.0,0.0,0.0,474.9649957259613,0.0,0.0,0.0,0.0,0.0,474.9649957259613,,0.0,
2024,Poder Ejecutivo,Ramos Administrativos,Gobernación,M001,Porcentaje Ejer/Modif,100.0,100.0,0.0,100.0,100.0,0.0,0.0,0.0,0.0,0.0,100.0,,0.0,
2024,Poder Ejecutivo,Ramos Administrativos,Gobernación,O001,Actividades de apoyo a la función pública y buen gobierno,0.0,0.0,0.0,0.0,0.0,0.0,0.0,0.0,0.0,0.0,0.0,,0.0,
2024,Poder Ejecutivo,Ramos Administrativos,Gobernación,O001,Aprobado,0.0,1072967.0,0.0,0.0,1072967.0,0.0,0.0,0.0,0.0,0.0,1072967.0,100.0,0.0,0.0
2024,Poder Ejecutivo,Ramos Administrativos,Gobernación,O001,Modificado,0.0,1072967.0,0.0,0.0,1072967.0,0.0,0.0,0.0,0.0,0.0,1072967.0,100.0,0.0,0.0
2024,Poder Ejecutivo,Ramos Administrativos,Gobernación,O001,Devengado,0.0,1072967.0,0.0,0.0,1072967.0,0.0,0.0,0.0,0.0,0.0,1072967.0,100.0,0.0,0.0
2024,Poder Ejecutivo,Ramos Administrativos,Gobernación,O001,Ejercido,0.0,1072967.0,0.0,0.0,1072967.0,0.0,0.0,0.0,0.0,0.0,1072967.0,100.0,0.0,0.0
2024,Poder Ejecutivo,Ramos Administrativos,Gobernación,O001,Porcentaje Ejer/Aprob,0.0,100.0,0.0,0.0,100.0,0.0,0.0,0.0,0.0,0.0,100.0,,0.0,
2024,Poder Ejecutivo,Ramos Administrativos,Gobernación,O001,Porcentaje Ejer/Modif,0.0,100.0,0.0,0.0,100.0,0.0,0.0,0.0,0.0,0.0,100.0,,0.0,
2024,Poder Ejecutivo,Ramos Administrativos,Gobernación,P001,Conducción de la política interior,0.0,0.0,0.0,0.0,0.0,0.0,0.0,0.0,0.0,0.0,0.0,,0.0,
2024,Poder Ejecutivo,Ramos Administrativos,Gobernación,P001,Aprobado,516433663.0,25434215.0,0.0,2516015929.0,3057883807.0,0.0,0.0,0.0,0.0,0.0,3057883807.0,100.0,0.0,0.0
2024,Poder Ejecutivo,Ramos Administrativos,Gobernación,P001,Modificado,462636123.97,21899947.31,74974980.0,6395498.22,565906549.5,0.0,0.0,0.0,0.0,0.0,565906549.5,100.0,0.0,0.0
2024,Poder Ejecutivo,Ramos Administrativos,Gobernación,P001,Devengado,462636123.97,21899947.31,74974980.0,6395498.22,565906549.5,0.0,0.0,0.0,0.0,0.0,565906549.5,100.0,0.0,0.0
2024,Poder Ejecutivo,Ramos Administrativos,Gobernación,P001,Ejercido,462636123.97,21899947.31,74974980.0,6395498.22,565906549.5,0.0,0.0,0.0,0.0,0.0,565906549.5,100.0,0.0,0.0
2024,Poder Ejecutivo,Ramos Administrativos,Gobernación,P001,Porcentaje Ejer/Aprob,89.5828752298047,86.10427846898361,0.0,0.25419148369787603,18.50647654448304,0.0,0.0,0.0,0.0,0.0,18.50647654448304,,0.0,
2024,Poder Ejecutivo,Ramos Administrativos,Gobernación,P001,Porcentaje Ejer/Modif,100.0,100.0,100.0,100.0,100.0,0.0,0.0,0.0,0.0,0.0,100.0,,0.0,
2024,Poder Ejecutivo,Ramos Administrativos,Gobernación,P005,Instrumentar la normatividad en materia de comunicación social y coordinar la relación con los medios de comunicación del Gobierno Federal,0.0,0.0,0.0,0.0,0.0,0.0,0.0,0.0,0.0,0.0,0.0,,0.0,
2024,Poder Ejecutivo,Ramos Administrativos,Gobernación,P005,Aprobado,170666352.0,293320055.0,0.0,0.0,463986407.0,0.0,0.0,0.0,0.0,0.0,463986407.0,100.0,0.0,0.0
2024,Poder Ejecutivo,Ramos Administrativos,Gobernación,P005,Modificado,164093416.93,168972646.04,0.0,1362813.53,334428876.5,0.0,0.0,0.0,0.0,0.0,334428876.5,100.0,0.0,0.0
2024,Poder Ejecutivo,Ramos Administrativos,Gobernación,P005,Devengado,164093416.93,168972646.04,0.0,1362813.53,334428876.5,0.0,0.0,0.0,0.0,0.0,334428876.5,100.0,0.0,0.0
2024,Poder Ejecutivo,Ramos Administrativos,Gobernación,P005,Ejercido,164093416.93,168972646.04,0.0,1362813.53,334428876.5,0.0,0.0,0.0,0.0,0.0,334428876.5,100.0,0.0,0.0
2024,Poder Ejecutivo,Ramos Administrativos,Gobernación,P005,Porcentaje Ejer/Aprob,96.14866375652068,57.60691884501385,0.0,0.0,72.07730042401867,0.0,0.0,0.0,0.0,0.0,72.07730042401867,,0.0,
2024,Poder Ejecutivo,Ramos Administrativos,Gobernación,P005,Porcentaje Ejer/Modif,100.0,100.0,0.0,100.0,100.0,0.0,0.0,0.0,0.0,0.0,100.0,,0.0,
2024,Poder Ejecutivo,Ramos Administrativos,Gobernación,P006,Planeación demográfica del país,0.0,0.0,0.0,0.0,0.0,0.0,0.0,0.0,0.0,0.0,0.0,,0.0,
2024,Poder Ejecutivo,Ramos Administrativos,Gobernación,P006,Aprobado,54116989.0,19503157.0,0.0,1844374.0,75464520.0,0.0,0.0,0.0,0.0,0.0,75464520.0,100.0,0.0,0.0
2024,Poder Ejecutivo,Ramos Administrativos,Gobernación,P006,Modificado,54324181.67,16717953.36,0.0,1844374.0,72886509.03,0.0,0.0,0.0,0.0,0.0,72886509.03,100.0,0.0,0.0
2024,Poder Ejecutivo,Ramos Administrativos,Gobernación,P006,Devengado,54324181.67,16717953.36,0.0,1844374.0,72886509.03,0.0,0.0,0.0,0.0,0.0,72886509.03,100.0,0.0,0.0
2024,Poder Ejecutivo,Ramos Administrativos,Gobernación,P006,Ejercido,54324181.67,16717953.36,0.0,1844374.0,72886509.03,0.0,0.0,0.0,0.0,0.0,72886509.03,100.0,0.0,0.0
2024,Poder Ejecutivo,Ramos Administrativos,Gobernación,P006,Porcentaje Ejer/Aprob,100.38286067615476,85.71921643249858,0.0,100.0,96.5838105509715,0.0,0.0,0.0,0.0,0.0,96.5838105509715,,0.0,
2024,Poder Ejecutivo,Ramos Administrativos,Gobernación,P006,Porcentaje Ejer/Modif,100.0,100.0,0.0,100.0,100.0,0.0,0.0,0.0,0.0,0.0,100.0,,0.0,
2024,Poder Ejecutivo,Ramos Administrativos,Gobernación,P009,Defensa jurídica de la Secretaría de Gobernación y compilación jurídica nacional y testamentaria ciudadana,0.0,0.0,0.0,0.0,0.0,0.0,0.0,0.0,0.0,0.0,0.0,,0.0,
2024,Poder Ejecutivo,Ramos Administrativos,Gobernación,P009,Aprobado,96601233.0,3865277.0,0.0,0.0,100466510.0,0.0,0.0,0.0,0.0,0.0,100466510.0,100.0,0.0,0.0
2024,Poder Ejecutivo,Ramos Administrativos,Gobernación,P009,Modificado,108439109.63,3719214.14,0.0,854594.29,113012918.06,0.0,0.0,0.0,0.0,0.0,113012918.06,100.0,0.0,0.0
2024,Poder Ejecutivo,Ramos Administrativos,Gobernación,P009,Devengado,108439109.63,3719214.14,0.0,854594.29,113012918.06,0.0,0.0,0.0,0.0,0.0,113012918.06,100.0,0.0,0.0
2024,Poder Ejecutivo,Ramos Administrativos,Gobernación,P009,Ejercido,108439109.63,3719214.14,0.0,854594.29,113012918.06,0.0,0.0,0.0,0.0,0.0,113012918.06,100.0,0.0,0.0
2024,Poder Ejecutivo,Ramos Administrativos,Gobernación,P009,Porcentaje Ejer/Aprob,112.25437425834926,96.22115413720674,0.0,0.0,112.48814959333215,0.0,0.0,0.0,0.0,0.0,112.48814959333215,,0.0,
2024,Poder Ejecutivo,Ramos Administrativos,Gobernación,P009,Porcentaje Ejer/Modif,100.0,100.0,0.0,100.0,100.0,0.0,0.0,0.0,0.0,0.0,100.0,,0.0,
2024,Poder Ejecutivo,Ramos Administrativos,Gobernación,P016,Fortalecimiento de las instituciones democráticas a fin de lograr las reformas legislativas que transformen el orden jurídico nacional,0.0,0.0,0.0,0.0,0.0,0.0,0.0,0.0,0.0,0.0,0.0,,0.0,
2024,Poder Ejecutivo,Ramos Administrativos,Gobernación,P016,Aprobado,60449053.0,2681563.0,0.0,0.0,63130616.0,0.0,0.0,0.0,0.0,0.0,63130616.0,100.0,0.0,0.0
2024,Poder Ejecutivo,Ramos Administrativos,Gobernación,P016,Modificado,73020791.92,2634414.17,0.0,383120.51,76038326.6,0.0,0.0,0.0,0.0,0.0,76038326.6,100.0,0.0,0.0
2024,Poder Ejecutivo,Ramos Administrativos,Gobernación,P016,Devengado,73020791.92,2634414.17,0.0,383120.51,76038326.6,0.0,0.0,0.0,0.0,0.0,76038326.6,100.0,0.0,0.0
2024,Poder Ejecutivo,Ramos Administrativos,Gobernación,P016,Ejercido,73020791.92,2634414.17,0.0,383120.51,76038326.6,0.0,0.0,0.0,0.0,0.0,76038326.6,100.0,0.0,0.0
2024,Poder Ejecutivo,Ramos Administrativos,Gobernación,P016,Porcentaje Ejer/Aprob,120.7972470966584,98.24174073105871,0.0,0.0,120.44603936701645,0.0,0.0,0.0,0.0,0.0,120.44603936701645,,0.0,
2024,Poder Ejecutivo,Ramos Administrativos,Gobernación,P016,Porcentaje Ejer/Modif,100.0,100.0,0.0,100.0,100.0,0.0,0.0,0.0,0.0,0.0,100.0,,0.0,
2024,Poder Ejecutivo,Ramos Administrativos,Gobernación,P018,Conducción de la política del Gobierno Federal en materia religiosa,0.0,0.0,0.0,0.0,0.0,0.0,0.0,0.0,0.0,0.0,0.0,,0.0,
2024,Poder Ejecutivo,Ramos Administrativos,Gobernación,P018,Aprobado,18088911.0,1482460.0,0.0,0.0,19571371.0,0.0,0.0,0.0,0.0,0.0,19571371.0,100.0,0.0,0.0
2024,Poder Ejecutivo,Ramos Administrativos,Gobernación,P018,Modificado,27120000.78,1432080.2,0.0,0.0,28552080.98,0.0,0.0,0.0,0.0,0.0,28552080.98,100.0,0.0,0.0
2024,Poder Ejecutivo,Ramos Administrativos,Gobernación,P018,Devengado,27120000.78,1432080.2,0.0,0.0,28552080.98,0.0,0.0,0.0,0.0,0.0,28552080.98,100.0,0.0,0.0
2024,Poder Ejecutivo,Ramos Administrativos,Gobernación,P018,Ejercido,27120000.78,1432080.2,0.0,0.0,28552080.98,0.0,0.0,0.0,0.0,0.0,28552080.98,100.0,0.0,0.0
2024,Poder Ejecutivo,Ramos Administrativos,Gobernación,P018,Porcentaje Ejer/Aprob,149.9261109748398,96.60160813782497,0.0,0.0,145.88697429526016,0.0,0.0,0.0,0.0,0.0,145.88697429526016,,0.0,
2024,Poder Ejecutivo,Ramos Administrativos,Gobernación,P018,Porcentaje Ejer/Modif,100.0,100.0,0.0,0.0,100.0,0.0,0.0,0.0,0.0,0.0,100.0,,0.0,
2024,Poder Ejecutivo,Ramos Administrativos,Gobernación,P022,Protección y defensa de los derechos humanos,0.0,0.0,0.0,0.0,0.0,0.0,0.0,0.0,0.0,0.0,0.0,,0.0,
2024,Poder Ejecutivo,Ramos Administrativos,Gobernación,P022,Aprobado,139416084.0,688031904.0,0.0,25804441.0,853252429.0,0.0,0.0,0.0,0.0,0.0,853252429.0,100.0,0.0,0.0
2024,Poder Ejecutivo,Ramos Administrativos,Gobernación,P022,Modificado,221231660.37,657238182.93,0.0,174439681.7,1052909525.0,0.0,0.0,0.0,0.0,0.0,1052909525.0,100.0,0.0,0.0
2024,Poder Ejecutivo,Ramos Administrativos,Gobernación,P022,Devengado,221231660.37,657238182.93,0.0,174439681.7,1052909525.0,0.0,0.0,0.0,0.0,0.0,1052909525.0,100.0,0.0,0.0
2024,Poder Ejecutivo,Ramos Administrativos,Gobernación,P022,Ejercido,221231660.37,657238182.93,0.0,174439681.7,1052909525.0,0.0,0.0,0.0,0.0,0.0,1052909525.0,100.0,0.0,0.0
2024,Poder Ejecutivo,Ramos Administrativos,Gobernación,P022,Porcentaje Ejer/Aprob,158.6844602305714,95.52437599318068,0.0,0.0,123.39953444187617,0.0,0.0,0.0,0.0,0.0,123.39953444187617,,0.0,
2024,Poder Ejecutivo,Ramos Administrativos,Gobernación,P022,Porcentaje Ejer/Modif,100.0,100.0,0.0,100.0,100.0,0.0,0.0,0.0,0.0,0.0,100.0,,0.0,
2024,Poder Ejecutivo,Ramos Administrativos,Gobernación,P023,Impulso a la democracia participativa y fomento a la construcción de paz en México,0.0,0.0,0.0,0.0,0.0,0.0,0.0,0.0,0.0,0.0,0.0,,0.0,
2024,Poder Ejecutivo,Ramos Administrativos,Gobernación,P023,Aprobado,60349408.0,8974522.0,0.0,23009.0,69346939.0,0.0,0.0,0.0,0.0,0.0,69346939.0,100.0,0.0,0.0
2024,Poder Ejecutivo,Ramos Administrativos,Gobernación,P023,Modificado,135533597.08,7086385.17,0.0,8285.5,142628267.75,0.0,0.0,0.0,0.0,0.0,142628267.75,100.0,0.0,0.0
2024,Poder Ejecutivo,Ramos Administrativos,Gobernación,P023,Devengado,135533597.08,7086385.17,0.0,8285.5,142628267.75,0.0,0.0,0.0,0.0,0.0,142628267.75,100.0,0.0,0.0
2024,Poder Ejecutivo,Ramos Administrativos,Gobernación,P023,Ejercido,135533597.08,7086385.17,0.0,8285.5,142628267.75,0.0,0.0,0.0,0.0,0.0,142628267.75,100.0,0.0,0.0
2024,Poder Ejecutivo,Ramos Administrativos,Gobernación,P023,Porcentaje Ejer/Aprob,224.58148567091166,78.96114322300396,0.0,36.00982224346995,205.67348726091575,0.0,0.0,0.0,0.0,0.0,205.67348726091575,,0.0,
2024,Poder Ejecutivo,Ramos Administrativos,Gobernación,P023,Porcentaje Ejer/Modif,100.0,100.0,0.0,100.0,100.0,0.0,0.0,0.0,0.0,0.0,100.0,,0.0,
2024,Poder Ejecutivo,Ramos Administrativos,Gobernación,P024,Promover la Protección de los Derechos Humanos y Prevenir la Discriminación,0.0,0.0,0.0,0.0,0.0,0.0,0.0,0.0,0.0,0.0,0.0,,0.0,
2024,Poder Ejecutivo,Ramos Administrativos,Gobernación,P024,Aprobado,91828261.0,66892539.0,0.0,541010.0,159261810.0,0.0,0.0,0.0,0.0,0.0,159261810.0,100.0,0.0,0.0
2024,Poder Ejecutivo,Ramos Administrativos,Gobernación,P024,Modificado,102125114.5,58931243.16,0.0,2227634.6,163283992.26,0.0,0.0,0.0,0.0,0.0,163283992.26,100.0,0.0,0.0
2024,Poder Ejecutivo,Ramos Administrativos,Gobernación,P024,Devengado,102125114.5,58931243.16,0.0,2227634.6,163283992.26,0.0,0.0,0.0,0.0,0.0,163283992.26,100.0,0.0,0.0
2024,Poder Ejecutivo,Ramos Administrativos,Gobernación,P024,Ejercido,102125114.5,58931243.16,0.0,2227634.6,163283992.26,0.0,0.0,0.0,0.0,0.0,163283992.26,100.0,0.0,0.0
2024,Poder Ejecutivo,Ramos Administrativos,Gobernación,P024,Porcentaje Ejer/Aprob,111.21316399534126,88.09837994039962,0.0,411.75479196318,102.525515853424,0.0,0.0,0.0,0.0,0.0,102.525515853424,,0.0,
2024,Poder Ejecutivo,Ramos Administrativos,Gobernación,P024,Porcentaje Ejer/Modif,100.0,100.0,0.0,100.0,100.0,0.0,0.0,0.0,0.0,0.0,100.0,,0.0,
2024,Poder Ejecutivo,Ramos Administrativos,Gobernación,P025,"Coordinación con las instancias que integran el Sistema Nacional de Protección Integral de Niñas, Niños y Adolescentes",0.0,0.0,0.0,0.0,0.0,0.0,0.0,0.0,0.0,0.0,0.0,,0.0,
2024,Poder Ejecutivo,Ramos Administrativos,Gobernación,P025,Aprobado,39414129.0,37442301.0,0.0,574232.0,77430662.0,0.0,0.0,0.0,0.0,0.0,77430662.0,100.0,0.0,0.0
2024,Poder Ejecutivo,Ramos Administrativos,Gobernación,P025,Modificado,39275293.57,1456952.59,0.0,0.0,40732246.16,0.0,0.0,0.0,0.0,0.0,40732246.16,100.0,0.0,0.0
2024,Poder Ejecutivo,Ramos Administrativos,Gobernación,P025,Devengado,39275293.57,1456952.59,0.0,0.0,40732246.16,0.0,0.0,0.0,0.0,0.0,40732246.16,100.0,0.0,0.0
2024,Poder Ejecutivo,Ramos Administrativos,Gobernación,P025,Ejercido,39275293.57,1456952.59,0.0,0.0,40732246.16,0.0,0.0,0.0,0.0,0.0,40732246.16,100.0,0.0,0.0
2024,Poder Ejecutivo,Ramos Administrativos,Gobernación,P025,Porcentaje Ejer/Aprob,99.64775212969948,3.8911940534851213,0.0,0.0,52.60480164821527,0.0,0.0,0.0,0.0,0.0,52.60480164821527,,0.0,
2024,Poder Ejecutivo,Ramos Administrativos,Gobernación,P025,Porcentaje Ejer/Modif,100.0,100.0,0.0,0.0,100.0,0.0,0.0,0.0,0.0,0.0,100.0,,0.0,
2024,Poder Ejecutivo,Ramos Administrativos,Gobernación,P026,"Determinación, ejecución y seguimiento a las acciones de búsqueda de Personas Desaparecidas y No Localizadas",0.0,0.0,0.0,0.0,0.0,0.0,0.0,0.0,0.0,0.0,0.0,,0.0,
2024,Poder Ejecutivo,Ramos Administrativos,Gobernación,P026,Aprobado,86869952.0,208384106.0,0.0,0.0,295254058.0,0.0,0.0,0.0,0.0,0.0,295254058.0,100.0,0.0,0.0
2024,Poder Ejecutivo,Ramos Administrativos,Gobernación,P026,Modificado,134505508.33,176388726.39,0.0,0.0,310894234.72,0.0,0.0,0.0,0.0,0.0,310894234.72,100.0,0.0,0.0
2024,Poder Ejecutivo,Ramos Administrativos,Gobernación,P026,Devengado,134505508.33,176388726.39,0.0,0.0,310894234.72,0.0,0.0,0.0,0.0,0.0,310894234.72,100.0,0.0,0.0
2024,Poder Ejecutivo,Ramos Administrativos,Gobernación,P026,Ejercido,134505508.33,176388726.39,0.0,0.0,310894234.72,0.0,0.0,0.0,0.0,0.0,310894234.72,100.0,0.0,0.0
2024,Poder Ejecutivo,Ramos Administrativos,Gobernación,P026,Porcentaje Ejer/Aprob,154.83548135263158,84.64595970193619,0.0,0.0,105.29719280606807,0.0,0.0,0.0,0.0,0.0,105.29719280606807,,0.0,
2024,Poder Ejecutivo,Ramos Administrativos,Gobernación,P026,Porcentaje Ejer/Modif,100.0,100.0,0.0,0.0,100.0,0.0,0.0,0.0,0.0,0.0,100.0,,0.0,
2024,Poder Ejecutivo,Ramos Administrativos,Gobernación,P027,Coordinar la relación entre autoridades locales y federales para la consolidación del sistema de justicia penal y la reconciliación social,0.0,0.0,0.0,0.0,0.0,0.0,0.0,0.0,0.0,0.0,0.0,,0.0,
2024,Poder Ejecutivo,Ramos Administrativos,Gobernación,P027,Aprobado,29725099.0,607699.0,0.0,0.0,30332798.0,0.0,0.0,0.0,0.0,0.0,30332798.0,100.0,0.0,0.0
2024,Poder Ejecutivo,Ramos Administrativos,Gobernación,P027,Modificado,41923224.34,1482858.23,0.0,0.0,43406082.57,0.0,0.0,0.0,0.0,0.0,43406082.57,100.0,0.0,0.0
2024,Poder Ejecutivo,Ramos Administrativos,Gobernación,P027,Devengado,41923224.34,1482858.23,0.0,0.0,43406082.57,0.0,0.0,0.0,0.0,0.0,43406082.57,100.0,0.0,0.0
2024,Poder Ejecutivo,Ramos Administrativos,Gobernación,P027,Ejercido,41923224.34,1482858.23,0.0,0.0,43406082.57,0.0,0.0,0.0,0.0,0.0,43406082.57,100.0,0.0,0.0
2024,Poder Ejecutivo,Ramos Administrativos,Gobernación,P027,Porcentaje Ejer/Aprob,141.0364498365506,244.01195822273854,0.0,0.0,143.09950097580844,0.0,0.0,0.0,0.0,0.0,143.09950097580844,,0.0,
2024,Poder Ejecutivo,Ramos Administrativos,Gobernación,P027,Porcentaje Ejer/Modif,100.0,100.0,0.0,0.0,100.0,0.0,0.0,0.0,0.0,0.0,100.0,,0.0,
2024,Poder Ejecutivo,Ramos Administrativos,Gobernación,S155,Programa de Apoyo a las Instancias de Mujeres en las Entidades Federativas (PAIMEF),0.0,0.0,0.0,0.0,0.0,0.0,0.0,0.0,0.0,0.0,0.0,,0.0,
2024,Poder Ejecutivo,Ramos Administrativos,Gobernación,S155,Aprobado,0.0,0.0,334014744.0,0.0,334014744.0,0.0,0.0,0.0,0.0,0.0,334014744.0,100.0,0.0,0.0
2024,Poder Ejecutivo,Ramos Administrativos,Gobernación,S155,Modificado,5920751.41,0.0,320175533.97,0.0,326096285.38,0.0,0.0,0.0,0.0,0.0,326096285.38,100.0,0.0,0.0
2024,Poder Ejecutivo,Ramos Administrativos,Gobernación,S155,Devengado,5920751.41,0.0,320175533.97,0.0,326096285.38,0.0,0.0,0.0,0.0,0.0,326096285.38,100.0,0.0,0.0
2024,Poder Ejecutivo,Ramos Administrativos,Gobernación,S155,Ejercido,5920751.41,0.0,320175533.97,0.0,326096285.38,0.0,0.0,0.0,0.0,0.0,326096285.38,100.0,0.0,0.0
2024,Poder Ejecutivo,Ramos Administrativos,Gobernación,S155,Porcentaje Ejer/Aprob,0.0,0.0,95.856706843456,0.0,97.62930865710527,0.0,0.0,0.0,0.0,0.0,97.62930865710527,,0.0,
2024,Poder Ejecutivo,Ramos Administrativos,Gobernación,S155,Porcentaje Ejer/Modif,100.0,0.0,100.0,0.0,100.0,0.0,0.0,0.0,0.0,0.0,100.0,,0.0,
2024,Poder Ejecutivo,Ramos Administrativos,Gobernación,U008,Subsidios para las acciones de búsqueda de Personas Desaparecidas y No Localizadas,0.0,0.0,0.0,0.0,0.0,0.0,0.0,0.0,0.0,0.0,0.0,,0.0,
2024,Poder Ejecutivo,Ramos Administrativos,Gobernación,U008,Aprobado,0.0,0.0,854645124.0,0.0,854645124.0,0.0,0.0,0.0,0.0,0.0,854645124.0,100.0,0.0,0.0
2024,Poder Ejecutivo,Ramos Administrativos,Gobernación,U008,Modificado,0.0,0.0,477973295.01,0.0,477973295.01,0.0,0.0,0.0,0.0,0.0,477973295.01,100.0,0.0,0.0
2024,Poder Ejecutivo,Ramos Administrativos,Gobernación,U008,Devengado,0.0,0.0,477973295.01,0.0,477973295.01,0.0,0.0,0.0,0.0,0.0,477973295.01,100.0,0.0,0.0
2024,Poder Ejecutivo,Ramos Administrativos,Gobernación,U008,Ejercido,0.0,0.0,477973295.01,0.0,477973295.01,0.0,0.0,0.0,0.0,0.0,477973295.01,100.0,0.0,0.0
2024,Poder Ejecutivo,Ramos Administrativos,Gobernación,U008,Porcentaje Ejer/Aprob,0.0,0.0,55.92652220057597,0.0,55.92652220057597,0.0,0.0,0.0,0.0,0.0,55.92652220057597,,0.0,
2024,Poder Ejecutivo,Ramos Administrativos,Gobernación,U008,Porcentaje Ejer/Modif,0.0,0.0,100.0,0.0,100.0,0.0,0.0,0.0,0.0,0.0,100.0,,0.0,
2024,Poder Ejecutivo,Ramos Administrativos,Gobernación,U012,"Programa de Apoyo para Refugios Especializados para Mujeres Víctimas de Violencia de Género, sus hijas e hijos",0.0,0.0,0.0,0.0,0.0,0.0,0.0,0.0,0.0,0.0,0.0,,0.0,
2024,Poder Ejecutivo,Ramos Administrativos,Gobernación,U012,Aprobado,0.0,0.0,485673998.0,0.0,485673998.0,0.0,0.0,0.0,0.0,0.0,485673998.0,100.0,0.0,0.0
2024,Poder Ejecutivo,Ramos Administrativos,Gobernación,U012,Modificado,9172247.79,0.0,430040804.96,0.0,439213052.75,0.0,0.0,0.0,0.0,0.0,439213052.75,100.0,0.0,0.0
2024,Poder Ejecutivo,Ramos Administrativos,Gobernación,U012,Devengado,9172247.79,0.0,430040804.96,0.0,439213052.75,0.0,0.0,0.0,0.0,0.0,439213052.75,100.0,0.0,0.0
2024,Poder Ejecutivo,Ramos Administrativos,Gobernación,U012,Ejercido,9172247.79,0.0,430040804.96,0.0,439213052.75,0.0,0.0,0.0,0.0,0.0,439213052.75,100.0,0.0,0.0
2024,Poder Ejecutivo,Ramos Administrativos,Gobernación,U012,Porcentaje Ejer/Aprob,0.0,0.0,88.54515718998816,0.0,90.43371779396763,0.0,0.0,0.0,0.0,0.0,90.43371779396763,,0.0,
2024,Poder Ejecutivo,Ramos Administrativos,Gobernación,U012,Porcentaje Ejer/Modif,100.0,0.0,100.0,0.0,100.0,0.0,0.0,0.0,0.0,0.0,100.0,,0.0,
2024,Poder Ejecutivo,Ramos Administrativos,Relaciones Exteriores,TOTAL,Aprobado,5659503759.0,2140020731.0,0.0,2090142170.0,9889666660.0,0.0,104806526.0,0.0,0.0,104806526.0,9994473186.0,98.9513551735092,0.0,1.0486448264908077
2024,Poder Ejecutivo,Ramos Administrativos,Relaciones Exteriores,TOTAL,Modificado,4751321869.73,6546414162.23,0.0,2699030407.82,13996766439.78,0.0,149896908.22,0.0,0.0,149896908.22,14146663348.0,98.94040803451232,0.0,1.059591965487691
2024,Poder Ejecutivo,Ramos Administrativos,Relaciones Exteriores,TOTAL,Devengado,4751321869.73,6546414162.23,0.0,2699030407.82,13996766439.78,0.0,149896908.22,0.0,0.0,149896908.22,14146663348.0,98.94040803451232,0.0,1.059591965487691
2024,Poder Ejecutivo,Ramos Administrativos,Relaciones Exteriores,TOTAL,Ejercido,4751321869.73,6546414162.23,0.0,2699030407.82,13996766439.78,0.0,149896908.22,0.0,0.0,149896908.22,14146663348.0,98.94040803451232,0.0,1.059591965487691
2024,Poder Ejecutivo,Ramos Administrativos,Relaciones Exteriores,TOTAL,Porcentaje Ejer/Aprob,83.952976657613,305.90424043093066,0.0,129.13142687418244,141.52920336932772,0.0,143.02249482059923,0.0,0.0,143.02249482059923,141.5448626928759,,0.0,
2024,Poder Ejecutivo,Ramos Administrativos,Relaciones Exteriores,TOTAL,Porcentaje Ejer/Modif,100.0,100.0,0.0,100.0,100.0,0.0,100.0,0.0,0.0,100.0,100.0,,0.0,
2024,Poder Ejecutivo,Ramos Administrativos,Relaciones Exteriores,E002,"Atención, protección, servicios y asistencia consulares",0.0,0.0,0.0,0.0,0.0,0.0,0.0,0.0,0.0,0.0,0.0,,0.0,
2024,Poder Ejecutivo,Ramos Administrativos,Relaciones Exteriores,E002,Aprobado,390432423.0,18565706.0,0.0,148729992.0,557728121.0,0.0,0.0,0.0,0.0,0.0,557728121.0,100.0,0.0,0.0
2024,Poder Ejecutivo,Ramos Administrativos,Relaciones Exteriores,E002,Modificado,372487937.56,3900807045.15,0.0,355267042.6,4628562025.31,0.0,183799.22,0.0,0.0,183799.22,4628745824.53,99.9960291788107,0.0,0.0
2024,Poder Ejecutivo,Ramos Administrativos,Relaciones Exteriores,E002,Devengado,372487937.56,3900807045.15,0.0,355267042.6,4628562025.31,0.0,183799.22,0.0,0.0,183799.22,4628745824.53,99.9960291788107,0.0,0.0
2024,Poder Ejecutivo,Ramos Administrativos,Relaciones Exteriores,E002,Ejercido,372487937.56,3900807045.15,0.0,355267042.6,4628562025.31,0.0,183799.22,0.0,0.0,183799.22,4628745824.53,99.9960291788107,0.0,0.0
2024,Poder Ejecutivo,Ramos Administrativos,Relaciones Exteriores,E002,Porcentaje Ejer/Aprob,95.40394588591839,0.0,0.0,238.86711605551625,0.0,0.0,0.0,0.0,0.0,0.0,0.0,,0.0,
2024,Poder Ejecutivo,Ramos Administrativos,Relaciones Exteriores,E002,Porcentaje Ejer/Modif,100.0,100.0,0.0,100.0,100.0,0.0,100.0,0.0,0.0,100.0,100.0,,0.0,
2024,Poder Ejecutivo,Ramos Administrativos,Relaciones Exteriores,E006,Fortalecimiento de las capacidades del Servicio Exterior Mexicano y de la Cancillería,0.0,0.0,0.0,0.0,0.0,0.0,0.0,0.0,0.0,0.0,0.0,,0.0,
2024,Poder Ejecutivo,Ramos Administrativos,Relaciones Exteriores,E006,Aprobado,14948288.0,6684065.0,0.0,1000000.0,22632353.0,0.0,0.0,0.0,0.0,0.0,22632353.0,100.0,0.0,0.0
2024,Poder Ejecutivo,Ramos Administrativos,Relaciones Exteriores,E006,Modificado,11526460.51,3858184.58,0.0,41245.22,15425890.31,0.0,0.0,0.0,0.0,0.0,15425890.31,100.0,0.0,0.0
2024,Poder Ejecutivo,Ramos Administrativos,Relaciones Exteriores,E006,Devengado,11526460.51,3858184.58,0.0,41245.22,15425890.31,0.0,0.0,0.0,0.0,0.0,15425890.31,100.0,0.0,0.0
2024,Poder Ejecutivo,Ramos Administrativos,Relaciones Exteriores,E006,Ejercido,11526460.51,3858184.58,0.0,41245.22,15425890.31,0.0,0.0,0.0,0.0,0.0,15425890.31,100.0,0.0,0.0
2024,Poder Ejecutivo,Ramos Administrativos,Relaciones Exteriores,E006,Porcentaje Ejer/Aprob,77.10890043060449,57.72212837547212,0.0,4.124522,68.15857949016613,0.0,0.0,0.0,0.0,0.0,68.15857949016613,,0.0,
2024,Poder Ejecutivo,Ramos Administrativos,Relaciones Exteriores,E006,Porcentaje Ejer/Modif,100.0,100.0,0.0,100.0,100.0,0.0,0.0,0.0,0.0,0.0,100.0,,0.0,
2024,Poder Ejecutivo,Ramos Administrativos,Relaciones Exteriores,K025,Proyectos de inmuebles (oficinas administrativas),0.0,0.0,0.0,0.0,0.0,0.0,0.0,0.0,0.0,0.0,0.0,,0.0,
2024,Poder Ejecutivo,Ramos Administrativos,Relaciones Exteriores,K025,Aprobado,0.0,0.0,0.0,0.0,0.0,0.0,104806526.0,0.0,0.0,104806526.0,104806526.0,0.0,0.0,100.0
2024,Poder Ejecutivo,Ramos Administrativos,Relaciones Exteriores,K025,Modificado,0.0,0.0,0.0,0.0,0.0,0.0,147859254.35,0.0,0.0,147859254.35,147859254.35,0.0,0.0,100.0
2024,Poder Ejecutivo,Ramos Administrativos,Relaciones Exteriores,K025,Devengado,0.0,0.0,0.0,0.0,0.0,0.0,147859254.35,0.0,0.0,147859254.35,147859254.35,0.0,0.0,100.0
2024,Poder Ejecutivo,Ramos Administrativos,Relaciones Exteriores,K025,Ejercido,0.0,0.0,0.0,0.0,0.0,0.0,147859254.35,0.0,0.0,147859254.35,147859254.35,0.0,0.0,100.0
2024,Poder Ejecutivo,Ramos Administrativos,Relaciones Exteriores,K025,Porcentaje Ejer/Aprob,0.0,0.0,0.0,0.0,0.0,0.0,141.07828967635086,0.0,0.0,141.07828967635086,141.07828967635086,,0.0,
2024,Poder Ejecutivo,Ramos Administrativos,Relaciones Exteriores,K025,Porcentaje Ejer/Modif,0.0,0.0,0.0,0.0,0.0,0.0,100.0,0.0,0.0,100.0,100.0,,0.0,
2024,Poder Ejecutivo,Ramos Administrativos,Relaciones Exteriores,M001,Actividades de apoyo administrativo,0.0,0.0,0.0,0.0,0.0,0.0,0.0,0.0,0.0,0.0,0.0,,0.0,
2024,Poder Ejecutivo,Ramos Administrativos,Relaciones Exteriores,M001,Aprobado,530353820.0,573774020.0,0.0,7080000.0,1111207840.0,0.0,0.0,0.0,0.0,0.0,1111207840.0,100.0,0.0,0.0
2024,Poder Ejecutivo,Ramos Administrativos,Relaciones Exteriores,M001,Modificado,561481035.89,814923574.01,0.0,20432837.45,1396837447.35,0.0,0.0,0.0,0.0,0.0,1396837447.35,100.0,0.0,0.0
2024,Poder Ejecutivo,Ramos Administrativos,Relaciones Exteriores,M001,Devengado,561481035.89,814923574.01,0.0,20432837.45,1396837447.35,0.0,0.0,0.0,0.0,0.0,1396837447.35,100.0,0.0,0.0
2024,Poder Ejecutivo,Ramos Administrativos,Relaciones Exteriores,M001,Ejercido,561481035.89,814923574.01,0.0,20432837.45,1396837447.35,0.0,0.0,0.0,0.0,0.0,1396837447.35,100.0,0.0,0.0
2024,Poder Ejecutivo,Ramos Administrativos,Relaciones Exteriores,M001,Porcentaje Ejer/Aprob,105.86914145164448,142.0286638300563,0.0,288.59939901129945,125.70442693690858,0.0,0.0,0.0,0.0,0.0,125.70442693690858,,0.0,
2024,Poder Ejecutivo,Ramos Administrativos,Relaciones Exteriores,M001,Porcentaje Ejer/Modif,100.0,100.0,0.0,100.0,100.0,0.0,0.0,0.0,0.0,0.0,100.0,,0.0,
2024,Poder Ejecutivo,Ramos Administrativos,Relaciones Exteriores,P001,"Coordinación, promoción y ejecución de la Cooperación internacional para el desarrollo",0.0,0.0,0.0,0.0,0.0,0.0,0.0,0.0,0.0,0.0,0.0,,0.0,
2024,Poder Ejecutivo,Ramos Administrativos,Relaciones Exteriores,P001,Aprobado,98131715.0,6105253.0,0.0,28272379.0,132509347.0,0.0,0.0,0.0,0.0,0.0,132509347.0,100.0,0.0,0.0
2024,Poder Ejecutivo,Ramos Administrativos,Relaciones Exteriores,P001,Modificado,86162835.13,2540338.16,0.0,222067282.28,310770455.57,0.0,0.0,0.0,0.0,0.0,310770455.57,100.0,0.0,0.0
2024,Poder Ejecutivo,Ramos Administrativos,Relaciones Exteriores,P001,Devengado,86162835.13,2540338.16,0.0,222067282.28,310770455.57,0.0,0.0,0.0,0.0,0.0,310770455.57,100.0,0.0,0.0
2024,Poder Ejecutivo,Ramos Administrativos,Relaciones Exteriores,P001,Ejercido,86162835.13,2540338.16,0.0,222067282.28,310770455.57,0.0,0.0,0.0,0.0,0.0,310770455.57,100.0,0.0,0.0
2024,Poder Ejecutivo,Ramos Administrativos,Relaciones Exteriores,P001,Porcentaje Ejer/Aprob,87.80325008077153,41.609056332309244,0.0,0.0,234.52719570793747,0.0,0.0,0.0,0.0,0.0,234.52719570793747,,0.0,
2024,Poder Ejecutivo,Ramos Administrativos,Relaciones Exteriores,P001,Porcentaje Ejer/Modif,100.0,100.0,0.0,100.0,100.0,0.0,0.0,0.0,0.0,0.0,100.0,,0.0,
2024,Poder Ejecutivo,Ramos Administrativos,Relaciones Exteriores,P002,"Diseño, conducción y ejecución de la política exterior",0.0,0.0,0.0,0.0,0.0,0.0,0.0,0.0,0.0,0.0,0.0,,0.0,
2024,Poder Ejecutivo,Ramos Administrativos,Relaciones Exteriores,P002,Aprobado,4041576581.0,1517938671.0,0.0,14491000.0,5574006252.0,0.0,0.0,0.0,0.0,0.0,5574006252.0,100.0,0.0,0.0
2024,Poder Ejecutivo,Ramos Administrativos,Relaciones Exteriores,P002,Modificado,3531258936.45,1817109034.49,0.0,12736534.41,5361104505.35,0.0,1853854.65,0.0,0.0,1853854.65,5362958360.0,99.9654322385975,0.0,0.0
2024,Poder Ejecutivo,Ramos Administrativos,Relaciones Exteriores,P002,Devengado,3531258936.45,1817109034.49,0.0,12736534.41,5361104505.35,0.0,1853854.65,0.0,0.0,1853854.65,5362958360.0,99.9654322385975,0.0,0.0
2024,Poder Ejecutivo,Ramos Administrativos,Relaciones Exteriores,P002,Ejercido,3531258936.45,1817109034.49,0.0,12736534.41,5361104505.35,0.0,1853854.65,0.0,0.0,1853854.65,5362958360.0,99.9654322385975,0.0,0.0
2024,Poder Ejecutivo,Ramos Administrativos,Relaciones Exteriores,P002,Porcentaje Ejer/Aprob,87.37330261291912,119.70898885479413,0.0,87.89272244841627,96.18045375220724,0.0,0.0,0.0,0.0,0.0,96.21371267884254,,0.0,
2024,Poder Ejecutivo,Ramos Administrativos,Relaciones Exteriores,P002,Porcentaje Ejer/Modif,100.0,100.0,0.0,100.0,100.0,0.0,100.0,0.0,0.0,100.0,100.0,,0.0,
2024,Poder Ejecutivo,Ramos Administrativos,Relaciones Exteriores,P005,Promoción y defensa de los intereses de México en el ámbito multilateral,0.0,0.0,0.0,0.0,0.0,0.0,0.0,0.0,0.0,0.0,0.0,,0.0,
2024,Poder Ejecutivo,Ramos Administrativos,Relaciones Exteriores,P005,Aprobado,584060932.0,16953016.0,0.0,1890568799.0,2491582747.0,0.0,0.0,0.0,0.0,0.0,2491582747.0,100.0,0.0,0.0
2024,Poder Ejecutivo,Ramos Administrativos,Relaciones Exteriores,P005,Modificado,188404664.19,7175985.84,0.0,2088485465.86,2284066115.89,0.0,0.0,0.0,0.0,0.0,2284066115.89,100.0,0.0,0.0
2024,Poder Ejecutivo,Ramos Administrativos,Relaciones Exteriores,P005,Devengado,188404664.19,7175985.84,0.0,2088485465.86,2284066115.89,0.0,0.0,0.0,0.0,0.0,2284066115.89,100.0,0.0,0.0
2024,Poder Ejecutivo,Ramos Administrativos,Relaciones Exteriores,P005,Ejercido,188404664.19,7175985.84,0.0,2088485465.86,2284066115.89,0.0,0.0,0.0,0.0,0.0,2284066115.89,100.0,0.0,0.0
2024,Poder Ejecutivo,Ramos Administrativos,Relaciones Exteriores,P005,Porcentaje Ejer/Aprob,32.25770700752845,42.328667890126454,0.0,110.46863076152988,91.67129282140594,0.0,0.0,0.0,0.0,0.0,91.67129282140594,,0.0,
2024,Poder Ejecutivo,Ramos Administrativos,Relaciones Exteriores,P005,Porcentaje Ejer/Modif,100.0,100.0,0.0,100.0,100.0,0.0,0.0,0.0,0.0,0.0,100.0,,0.0,
2024,Poder Ejecutivo,Ramos Administrativos,Hacienda y Crédito Público,TOTAL,Aprobado,19274660846.0,5317542806.0,0.0,3345022870.0,27937226522.0,0.0,150000000.0,0.0,233614303.0,383614303.0,28320840825.0,98.64546993724365,0.0,1.3545300627563552
2024,Poder Ejecutivo,Ramos Administrativos,Hacienda y Crédito Público,TOTAL,Modificado,20985863743.18,12834635105.52,0.0,25372803020.99,59193301869.69,0.0,221620474.94,0.0,45747137800.0,45968758274.94,105162060144.63,56.28769709178491,0.0,43.71230290821509
2024,Poder Ejecutivo,Ramos Administrativos,Hacienda y Crédito Público,TOTAL,Devengado,20971323743.18,12834633785.52,0.0,25372803020.99,59178760549.69,0.0,221620474.94,0.0,45747137800.0,45968758274.94,105147518824.63,56.28165192218291,0.0,43.7183480778171
2024,Poder Ejecutivo,Ramos Administrativos,Hacienda y Crédito Público,TOTAL,Ejercido,20971323743.18,12834633785.52,0.0,25372803020.99,59178760549.69,0.0,221620474.94,0.0,45747137800.0,45968758274.94,105147518824.63,56.28165192218291,0.0,43.7183480778171
2024,Poder Ejecutivo,Ramos Administrativos,Hacienda y Crédito Público,TOTAL,Porcentaje Ejer/Aprob,108.8025564275083,241.36399562290615,0.0,0.0,211.82761468139267,0.0,147.74698329333333,0.0,0.0,0.0,371.27258853067616,,0.0,
2024,Poder Ejecutivo,Ramos Administrativos,Hacienda y Crédito Público,TOTAL,Porcentaje Ejer/Modif,99.93071526539038,99.99998971532897,0.0,100.0,99.97543417998203,0.0,100.0,0.0,100.0,100.0,99.98617246564018,,0.0,
2024,Poder Ejecutivo,Ramos Administrativos,Hacienda y Crédito Público,B001,"Producción de impresos valorados, no valorados, numerados y de seguridad",0.0,0.0,0.0,0.0,0.0,0.0,0.0,0.0,0.0,0.0,0.0,,0.0,
2024,Poder Ejecutivo,Ramos Administrativos,Hacienda y Crédito Público,B001,Aprobado,70122444.0,85397482.0,0.0,0.0,155519926.0,0.0,0.0,0.0,0.0,0.0,155519926.0,100.0,0.0,0.0
2024,Poder Ejecutivo,Ramos Administrativos,Hacienda y Crédito Público,B001,Modificado,75937946.54,567834442.33,0.0,0.0,643772388.87,0.0,0.0,0.0,0.0,0.0,643772388.87,100.0,0.0,0.0
2024,Poder Ejecutivo,Ramos Administrativos,Hacienda y Crédito Público,B001,Devengado,75937946.54,567834442.33,0.0,0.0,643772388.87,0.0,0.0,0.0,0.0,0.0,643772388.87,100.0,0.0,0.0
2024,Poder Ejecutivo,Ramos Administrativos,Hacienda y Crédito Público,B001,Ejercido,75937946.54,567834442.33,0.0,0.0,643772388.87,0.0,0.0,0.0,0.0,0.0,643772388.87,100.0,0.0,0.0
2024,Poder Ejecutivo,Ramos Administrativos,Hacienda y Crédito Público,B001,Porcentaje Ejer/Aprob,108.29335403654785,0.0,0.0,0.0,413.94849227873215,0.0,0.0,0.0,0.0,0.0,413.94849227873215,,0.0,
2024,Poder Ejecutivo,Ramos Administrativos,Hacienda y Crédito Público,B001,Porcentaje Ejer/Modif,100.0,100.0,0.0,0.0,100.0,0.0,0.0,0.0,0.0,0.0,100.0,,0.0,
2024,Poder Ejecutivo,Ramos Administrativos,Hacienda y Crédito Público,E003,Administración de los recursos y valores federales,0.0,0.0,0.0,0.0,0.0,0.0,0.0,0.0,0.0,0.0,0.0,,0.0,
2024,Poder Ejecutivo,Ramos Administrativos,Hacienda y Crédito Público,E003,Aprobado,209381215.0,579197538.0,0.0,0.0,788578753.0,0.0,0.0,0.0,0.0,0.0,788578753.0,100.0,0.0,0.0
2024,Poder Ejecutivo,Ramos Administrativos,Hacienda y Crédito Público,E003,Modificado,217645117.7,614711166.19,0.0,0.0,832356283.89,0.0,0.0,0.0,0.0,0.0,832356283.89,100.0,0.0,0.0
2024,Poder Ejecutivo,Ramos Administrativos,Hacienda y Crédito Público,E003,Devengado,217645117.7,614711166.19,0.0,0.0,832356283.89,0.0,0.0,0.0,0.0,0.0,832356283.89,100.0,0.0,0.0
2024,Poder Ejecutivo,Ramos Administrativos,Hacienda y Crédito Público,E003,Ejercido,217645117.7,614711166.19,0.0,0.0,832356283.89,0.0,0.0,0.0,0.0,0.0,832356283.89,100.0,0.0,0.0
2024,Poder Ejecutivo,Ramos Administrativos,Hacienda y Crédito Público,E003,Porcentaje Ejer/Aprob,103.94682144718665,106.13152264297092,0.0,0.0,105.55144691934149,0.0,0.0,0.0,0.0,0.0,105.55144691934149,,0.0,
2024,Poder Ejecutivo,Ramos Administrativos,Hacienda y Crédito Público,E003,Porcentaje Ejer/Modif,100.0,100.0,0.0,0.0,100.0,0.0,0.0,0.0,0.0,0.0,100.0,,0.0,
2024,Poder Ejecutivo,Ramos Administrativos,Hacienda y Crédito Público,E008,"Administración, restauración y difusión del acervo patrimonial y documental de la SHCP",0.0,0.0,0.0,0.0,0.0,0.0,0.0,0.0,0.0,0.0,0.0,,0.0,
2024,Poder Ejecutivo,Ramos Administrativos,Hacienda y Crédito Público,E008,Aprobado,89597166.0,40275214.0,0.0,2460240.0,132332620.0,0.0,0.0,0.0,0.0,0.0,132332620.0,100.0,0.0,0.0
2024,Poder Ejecutivo,Ramos Administrativos,Hacienda y Crédito Público,E008,Modificado,108551690.69,82067817.93,0.0,1061244.09,191680752.71,0.0,0.0,0.0,0.0,0.0,191680752.71,100.0,0.0,0.0
2024,Poder Ejecutivo,Ramos Administrativos,Hacienda y Crédito Público,E008,Devengado,108551690.69,82067817.93,0.0,1061244.09,191680752.71,0.0,0.0,0.0,0.0,0.0,191680752.71,100.0,0.0,0.0
2024,Poder Ejecutivo,Ramos Administrativos,Hacienda y Crédito Público,E008,Ejercido,108551690.69,82067817.93,0.0,1061244.09,191680752.71,0.0,0.0,0.0,0.0,0.0,191680752.71,100.0,0.0,0.0
2024,Poder Ejecutivo,Ramos Administrativos,Hacienda y Crédito Público,E008,Porcentaje Ejer/Aprob,121.1552725785992,203.76755274348142,0.0,43.13579528826456,144.8476971966549,0.0,0.0,0.0,0.0,0.0,144.8476971966549,,0.0,
2024,Poder Ejecutivo,Ramos Administrativos,Hacienda y Crédito Público,E008,Porcentaje Ejer/Modif,100.0,100.0,0.0,100.0,100.0,0.0,0.0,0.0,0.0,0.0,100.0,,0.0,
2024,Poder Ejecutivo,Ramos Administrativos,Hacienda y Crédito Público,E011,Protección y Defensa de los Usuarios de Servicios Financieros,0.0,0.0,0.0,0.0,0.0,0.0,0.0,0.0,0.0,0.0,0.0,,0.0,
2024,Poder Ejecutivo,Ramos Administrativos,Hacienda y Crédito Público,E011,Aprobado,469710308.0,123584267.0,0.0,3480994.0,596775569.0,0.0,0.0,0.0,0.0,0.0,596775569.0,100.0,0.0,0.0
2024,Poder Ejecutivo,Ramos Administrativos,Hacienda y Crédito Público,E011,Modificado,468879394.58,138505362.62,0.0,11539251.92,618924009.12,0.0,0.0,0.0,0.0,0.0,618924009.12,100.0,0.0,0.0
2024,Poder Ejecutivo,Ramos Administrativos,Hacienda y Crédito Público,E011,Devengado,468879394.58,138505362.62,0.0,11539251.92,618924009.12,0.0,0.0,0.0,0.0,0.0,618924009.12,100.0,0.0,0.0
2024,Poder Ejecutivo,Ramos Administrativos,Hacienda y Crédito Público,E011,Ejercido,468879394.58,138505362.62,0.0,11539251.92,618924009.12,0.0,0.0,0.0,0.0,0.0,618924009.12,100.0,0.0,0.0
2024,Poder Ejecutivo,Ramos Administrativos,Hacienda y Crédito Público,E011,Porcentaje Ejer/Aprob,99.82310087604039,112.07362068183,0.0,331.4930137770993,103.71135168236086,0.0,0.0,0.0,0.0,0.0,103.71135168236086,,0.0,
2024,Poder Ejecutivo,Ramos Administrativos,Hacienda y Crédito Público,E011,Porcentaje Ejer/Modif,100.0,100.0,0.0,100.0,100.0,0.0,0.0,0.0,0.0,0.0,100.0,,0.0,
2024,Poder Ejecutivo,Ramos Administrativos,Hacienda y Crédito Público,E016,Funciones de otorgamiento de crédito a estados y municipios,0.0,0.0,0.0,0.0,0.0,0.0,0.0,0.0,0.0,0.0,0.0,,0.0,
2024,Poder Ejecutivo,Ramos Administrativos,Hacienda y Crédito Público,E016,Aprobado,0.0,0.0,0.0,0.0,0.0,0.0,0.0,0.0,0.0,0.0,0.0,0.0,0.0,0.0
2024,Poder Ejecutivo,Ramos Administrativos,Hacienda y Crédito Público,E016,Modificado,0.0,0.0,0.0,0.0,0.0,0.0,0.0,0.0,11300000000.0,11300000000.0,11300000000.0,0.0,0.0,100.0
2024,Poder Ejecutivo,Ramos Administrativos,Hacienda y Crédito Público,E016,Devengado,0.0,0.0,0.0,0.0,0.0,0.0,0.0,0.0,11300000000.0,11300000000.0,11300000000.0,0.0,0.0,100.0
2024,Poder Ejecutivo,Ramos Administrativos,Hacienda y Crédito Público,E016,Ejercido,0.0,0.0,0.0,0.0,0.0,0.0,0.0,0.0,11300000000.0,11300000000.0,11300000000.0,0.0,0.0,100.0
2024,Poder Ejecutivo,Ramos Administrativos,Hacienda y Crédito Público,E016,Porcentaje Ejer/Aprob,0.0,0.0,0.0,0.0,0.0,0.0,0.0,0.0,0.0,0.0,0.0,,0.0,
2024,Poder Ejecutivo,Ramos Administrativos,Hacienda y Crédito Público,E016,Porcentaje Ejer/Modif,0.0,0.0,0.0,0.0,0.0,0.0,0.0,0.0,100.0,100.0,100.0,,0.0,
2024,Poder Ejecutivo,Ramos Administrativos,Hacienda y Crédito Público,E021,Operación de financiamiento para el personal de las fuerzas armadas,0.0,0.0,0.0,0.0,0.0,0.0,0.0,0.0,0.0,0.0,0.0,,0.0,
2024,Poder Ejecutivo,Ramos Administrativos,Hacienda y Crédito Público,E021,Aprobado,0.0,0.0,0.0,0.0,0.0,0.0,0.0,0.0,0.0,0.0,0.0,0.0,0.0,0.0
2024,Poder Ejecutivo,Ramos Administrativos,Hacienda y Crédito Público,E021,Modificado,0.0,0.0,0.0,0.0,0.0,0.0,0.0,0.0,7881000000.0,7881000000.0,7881000000.0,0.0,0.0,100.0
2024,Poder Ejecutivo,Ramos Administrativos,Hacienda y Crédito Público,E021,Devengado,0.0,0.0,0.0,0.0,0.0,0.0,0.0,0.0,7881000000.0,7881000000.0,7881000000.0,0.0,0.0,100.0
2024,Poder Ejecutivo,Ramos Administrativos,Hacienda y Crédito Público,E021,Ejercido,0.0,0.0,0.0,0.0,0.0,0.0,0.0,0.0,7881000000.0,7881000000.0,7881000000.0,0.0,0.0,100.0
2024,Poder Ejecutivo,Ramos Administrativos,Hacienda y Crédito Público,E021,Porcentaje Ejer/Aprob,0.0,0.0,0.0,0.0,0.0,0.0,0.0,0.0,0.0,0.0,0.0,,0.0,
2024,Poder Ejecutivo,Ramos Administrativos,Hacienda y Crédito Público,E021,Porcentaje Ejer/Modif,0.0,0.0,0.0,0.0,0.0,0.0,0.0,0.0,100.0,100.0,100.0,,0.0,
2024,Poder Ejecutivo,Ramos Administrativos,Hacienda y Crédito Público,E025,Control de la operación aduanera,0.0,0.0,0.0,0.0,0.0,0.0,0.0,0.0,0.0,0.0,0.0,,0.0,
2024,Poder Ejecutivo,Ramos Administrativos,Hacienda y Crédito Público,E025,Aprobado,1861882774.0,116700529.0,0.0,7390573.0,1985973876.0,0.0,0.0,0.0,0.0,0.0,1985973876.0,100.0,0.0,0.0
2024,Poder Ejecutivo,Ramos Administrativos,Hacienda y Crédito Público,E025,Modificado,3434170855.64,1620519088.84,0.0,30922881.75,5085612826.23,0.0,0.0,0.0,0.0,0.0,5085612826.23,100.0,0.0,0.0
2024,Poder Ejecutivo,Ramos Administrativos,Hacienda y Crédito Público,E025,Devengado,3434170855.64,1620519088.84,0.0,30922881.75,5085612826.23,0.0,0.0,0.0,0.0,0.0,5085612826.23,100.0,0.0,0.0
2024,Poder Ejecutivo,Ramos Administrativos,Hacienda y Crédito Público,E025,Ejercido,3434170855.64,1620519088.84,0.0,30922881.75,5085612826.23,0.0,0.0,0.0,0.0,0.0,5085612826.23,100.0,0.0,0.0
2024,Poder Ejecutivo,Ramos Administrativos,Hacienda y Crédito Público,E025,Porcentaje Ejer/Aprob,184.44613718951567,0.0,0.0,418.40980056620776,256.07652183587936,0.0,0.0,0.0,0.0,0.0,256.07652183587936,,0.0,
2024,Poder Ejecutivo,Ramos Administrativos,Hacienda y Crédito Público,E025,Porcentaje Ejer/Modif,100.0,100.0,0.0,100.0,100.0,0.0,0.0,0.0,0.0,0.0,100.0,,0.0,
2024,Poder Ejecutivo,Ramos Administrativos,Hacienda y Crédito Público,E026,Recaudación de las contribuciones federales,0.0,0.0,0.0,0.0,0.0,0.0,0.0,0.0,0.0,0.0,0.0,,0.0,
2024,Poder Ejecutivo,Ramos Administrativos,Hacienda y Crédito Público,E026,Aprobado,9411034914.0,835527340.0,0.0,110292396.0,10356854650.0,0.0,0.0,0.0,0.0,0.0,10356854650.0,100.0,0.0,0.0
2024,Poder Ejecutivo,Ramos Administrativos,Hacienda y Crédito Público,E026,Modificado,9404442839.85,1664299291.1,0.0,433590411.76,11502332542.71,0.0,63055418.25,0.0,0.0,63055418.25,11565387960.96,99.45479201853972,0.0,0.5452079814602778
2024,Poder Ejecutivo,Ramos Administrativos,Hacienda y Crédito Público,E026,Devengado,9404442839.85,1664299291.1,0.0,433590411.76,11502332542.71,0.0,63055418.25,0.0,0.0,63055418.25,11565387960.96,99.45479201853972,0.0,0.5452079814602778
2024,Poder Ejecutivo,Ramos Administrativos,Hacienda y Crédito Público,E026,Ejercido,9404442839.85,1664299291.1,0.0,433590411.76,11502332542.71,0.0,63055418.25,0.0,0.0,63055418.25,11565387960.96,99.45479201853972,0.0,0.5452079814602778
2024,Poder Ejecutivo,Ramos Administrativos,Hacienda y Crédito Público,E026,Porcentaje Ejer/Aprob,99.92995378074528,199.1914820046463,0.0,393.12810990161097,111.06009431840388,0.0,0.0,0.0,0.0,0.0,111.66892219502182,,0.0,
2024,Poder Ejecutivo,Ramos Administrativos,Hacienda y Crédito Público,E026,Porcentaje Ejer/Modif,100.0,100.0,0.0,100.0,100.0,0.0,100.0,0.0,0.0,100.0,100.0,,0.0,
2024,Poder Ejecutivo,Ramos Administrativos,Hacienda y Crédito Público,E032,Administración y enajenación de activos,0.0,0.0,0.0,0.0,0.0,0.0,0.0,0.0,0.0,0.0,0.0,,0.0,
2024,Poder Ejecutivo,Ramos Administrativos,Hacienda y Crédito Público,E032,Aprobado,520247621.0,286833648.0,0.0,2720388431.0,3527469700.0,0.0,0.0,0.0,0.0,0.0,3527469700.0,100.0,0.0,0.0
2024,Poder Ejecutivo,Ramos Administrativos,Hacienda y Crédito Público,E032,Modificado,604977820.62,316485707.38,0.0,4599610938.0,5521074466.0,0.0,0.0,0.0,0.0,0.0,5521074466.0,100.0,0.0,0.0
2024,Poder Ejecutivo,Ramos Administrativos,Hacienda y Crédito Público,E032,Devengado,590744120.05,316484387.38,0.0,4599610938.0,5506839445.43,0.0,0.0,0.0,0.0,0.0,5506839445.43,100.0,0.0,0.0
2024,Poder Ejecutivo,Ramos Administrativos,Hacienda y Crédito Público,E032,Ejercido,590744120.05,316484387.38,0.0,4599610938.0,5506839445.43,0.0,0.0,0.0,0.0,0.0,5506839445.43,100.0,0.0,0.0
2024,Poder Ejecutivo,Ramos Administrativos,Hacienda y Crédito Público,E032,Porcentaje Ejer/Aprob,113.55056634655902,110.33725979735823,0.0,169.07919786694606,156.113019069448,0.0,0.0,0.0,0.0,0.0,156.113019069448,,0.0,
2024,Poder Ejecutivo,Ramos Administrativos,Hacienda y Crédito Público,E032,Porcentaje Ejer/Modif,97.64723596719415,99.99958291955396,0.0,100.0,99.74216937920939,0.0,0.0,0.0,0.0,0.0,99.74216937920939,,0.0,
2024,Poder Ejecutivo,Ramos Administrativos,Hacienda y Crédito Público,F007,Operación de financiamiento para la exportación,0.0,0.0,0.0,0.0,0.0,0.0,0.0,0.0,0.0,0.0,0.0,,0.0,
2024,Poder Ejecutivo,Ramos Administrativos,Hacienda y Crédito Público,F007,Aprobado,0.0,0.0,0.0,0.0,0.0,0.0,0.0,0.0,0.0,0.0,0.0,0.0,0.0,0.0
2024,Poder Ejecutivo,Ramos Administrativos,Hacienda y Crédito Público,F007,Modificado,0.0,0.0,0.0,0.0,0.0,0.0,0.0,0.0,9299000000.0,9299000000.0,9299000000.0,0.0,0.0,100.0
2024,Poder Ejecutivo,Ramos Administrativos,Hacienda y Crédito Público,F007,Devengado,0.0,0.0,0.0,0.0,0.0,0.0,0.0,0.0,9299000000.0,9299000000.0,9299000000.0,0.0,0.0,100.0
2024,Poder Ejecutivo,Ramos Administrativos,Hacienda y Crédito Público,F007,Ejercido,0.0,0.0,0.0,0.0,0.0,0.0,0.0,0.0,9299000000.0,9299000000.0,9299000000.0,0.0,0.0,100.0
2024,Poder Ejecutivo,Ramos Administrativos,Hacienda y Crédito Público,F007,Porcentaje Ejer/Aprob,0.0,0.0,0.0,0.0,0.0,0.0,0.0,0.0,0.0,0.0,0.0,,0.0,
2024,Poder Ejecutivo,Ramos Administrativos,Hacienda y Crédito Público,F007,Porcentaje Ejer/Modif,0.0,0.0,0.0,0.0,0.0,0.0,0.0,0.0,100.0,100.0,100.0,,0.0,
2024,Poder Ejecutivo,Ramos Administrativos,Hacienda y Crédito Público,F026,Operación de financiamiento y asistencia técnica,0.0,0.0,0.0,0.0,0.0,0.0,0.0,0.0,0.0,0.0,0.0,,0.0,
2024,Poder Ejecutivo,Ramos Administrativos,Hacienda y Crédito Público,F026,Aprobado,0.0,0.0,0.0,0.0,0.0,0.0,0.0,0.0,0.0,0.0,0.0,0.0,0.0,0.0
2024,Poder Ejecutivo,Ramos Administrativos,Hacienda y Crédito Público,F026,Modificado,0.0,0.0,0.0,0.0,0.0,0.0,0.0,0.0,12029000000.0,12029000000.0,12029000000.0,0.0,0.0,100.0
2024,Poder Ejecutivo,Ramos Administrativos,Hacienda y Crédito Público,F026,Devengado,0.0,0.0,0.0,0.0,0.0,0.0,0.0,0.0,12029000000.0,12029000000.0,12029000000.0,0.0,0.0,100.0
2024,Poder Ejecutivo,Ramos Administrativos,Hacienda y Crédito Público,F026,Ejercido,0.0,0.0,0.0,0.0,0.0,0.0,0.0,0.0,12029000000.0,12029000000.0,12029000000.0,0.0,0.0,100.0
2024,Poder Ejecutivo,Ramos Administrativos,Hacienda y Crédito Público,F026,Porcentaje Ejer/Aprob,0.0,0.0,0.0,0.0,0.0,0.0,0.0,0.0,0.0,0.0,0.0,,0.0,
2024,Poder Ejecutivo,Ramos Administrativos,Hacienda y Crédito Público,F026,Porcentaje Ejer/Modif,0.0,0.0,0.0,0.0,0.0,0.0,0.0,0.0,100.0,100.0,100.0,,0.0,
2024,Poder Ejecutivo,Ramos Administrativos,Hacienda y Crédito Público,F034,Operación de crédito y garantías al sector rural y pesquero,0.0,0.0,0.0,0.0,0.0,0.0,0.0,0.0,0.0,0.0,0.0,,0.0,
2024,Poder Ejecutivo,Ramos Administrativos,Hacienda y Crédito Público,F034,Aprobado,0.0,0.0,0.0,0.0,0.0,0.0,0.0,0.0,0.0,0.0,0.0,0.0,0.0,0.0
2024,Poder Ejecutivo,Ramos Administrativos,Hacienda y Crédito Público,F034,Modificado,0.0,0.0,0.0,0.0,0.0,0.0,0.0,0.0,55000000.0,55000000.0,55000000.0,0.0,0.0,100.0
2024,Poder Ejecutivo,Ramos Administrativos,Hacienda y Crédito Público,F034,Devengado,0.0,0.0,0.0,0.0,0.0,0.0,0.0,0.0,55000000.0,55000000.0,55000000.0,0.0,0.0,100.0
2024,Poder Ejecutivo,Ramos Administrativos,Hacienda y Crédito Público,F034,Ejercido,0.0,0.0,0.0,0.0,0.0,0.0,0.0,0.0,55000000.0,55000000.0,55000000.0,0.0,0.0,100.0
2024,Poder Ejecutivo,Ramos Administrativos,Hacienda y Crédito Público,F034,Porcentaje Ejer/Aprob,0.0,0.0,0.0,0.0,0.0,0.0,0.0,0.0,0.0,0.0,0.0,,0.0,
2024,Poder Ejecutivo,Ramos Administrativos,Hacienda y Crédito Público,F034,Porcentaje Ejer/Modif,0.0,0.0,0.0,0.0,0.0,0.0,0.0,0.0,100.0,100.0,100.0,,0.0,
2024,Poder Ejecutivo,Ramos Administrativos,Hacienda y Crédito Público,F035,Programa de Inclusión Financiera,0.0,0.0,0.0,0.0,0.0,0.0,0.0,0.0,0.0,0.0,0.0,,0.0,
2024,Poder Ejecutivo,Ramos Administrativos,Hacienda y Crédito Público,F035,Aprobado,0.0,2355808207.0,0.0,0.0,2355808207.0,0.0,0.0,0.0,0.0,0.0,2355808207.0,100.0,0.0,0.0
2024,Poder Ejecutivo,Ramos Administrativos,Hacienda y Crédito Público,F035,Modificado,0.0,2352388198.0,0.0,0.0,2352388198.0,0.0,0.0,0.0,4245000000.0,4245000000.0,6597388198.0,35.65635562741521,0.0,64.34364437258479
2024,Poder Ejecutivo,Ramos Administrativos,Hacienda y Crédito Público,F035,Devengado,0.0,2352388198.0,0.0,0.0,2352388198.0,0.0,0.0,0.0,4245000000.0,4245000000.0,6597388198.0,35.65635562741521,0.0,64.34364437258479
2024,Poder Ejecutivo,Ramos Administrativos,Hacienda y Crédito Público,F035,Ejercido,0.0,2352388198.0,0.0,0.0,2352388198.0,0.0,0.0,0.0,4245000000.0,4245000000.0,6597388198.0,35.65635562741521,0.0,64.34364437258479
2024,Poder Ejecutivo,Ramos Administrativos,Hacienda y Crédito Público,F035,Porcentaje Ejer/Aprob,0.0,99.85482650965227,0.0,0.0,99.85482650965227,0.0,0.0,0.0,0.0,0.0,280.04776358264894,,0.0,
2024,Poder Ejecutivo,Ramos Administrativos,Hacienda y Crédito Público,F035,Porcentaje Ejer/Modif,0.0,100.0,0.0,0.0,100.0,0.0,0.0,0.0,100.0,100.0,100.0,,0.0,
2024,Poder Ejecutivo,Ramos Administrativos,Hacienda y Crédito Público,G001,Regulación del sector financiero,0.0,0.0,0.0,0.0,0.0,0.0,0.0,0.0,0.0,0.0,0.0,,0.0,
2024,Poder Ejecutivo,Ramos Administrativos,Hacienda y Crédito Público,G001,Aprobado,126741746.0,39947346.0,0.0,0.0,166689092.0,0.0,0.0,0.0,0.0,0.0,166689092.0,100.0,0.0,0.0
2024,Poder Ejecutivo,Ramos Administrativos,Hacienda y Crédito Público,G001,Modificado,136475229.27,2863938827.42,0.0,368721060.66,3369135117.35,0.0,0.0,0.0,0.0,0.0,3369135117.35,100.0,0.0,0.0
2024,Poder Ejecutivo,Ramos Administrativos,Hacienda y Crédito Público,G001,Devengado,136475229.27,2863938827.42,0.0,368721060.66,3369135117.35,0.0,0.0,0.0,0.0,0.0,3369135117.35,100.0,0.0,0.0
2024,Poder Ejecutivo,Ramos Administrativos,Hacienda y Crédito Público,G001,Ejercido,136475229.27,2863938827.42,0.0,368721060.66,3369135117.35,0.0,0.0,0.0,0.0,0.0,3369135117.35,100.0,0.0,0.0
2024,Poder Ejecutivo,Ramos Administrativos,Hacienda y Crédito Público,G001,Porcentaje Ejer/Aprob,107.6797768511095,0.0,0.0,0.0,0.0,0.0,0.0,0.0,0.0,0.0,0.0,,0.0,
2024,Poder Ejecutivo,Ramos Administrativos,Hacienda y Crédito Público,G001,Porcentaje Ejer/Modif,100.0,100.0,0.0,100.0,100.0,0.0,0.0,0.0,0.0,0.0,100.0,,0.0,
2024,Poder Ejecutivo,Ramos Administrativos,Hacienda y Crédito Público,G002,Detección y prevención de ilícitos financieros,0.0,0.0,0.0,0.0,0.0,0.0,0.0,0.0,0.0,0.0,0.0,,0.0,
2024,Poder Ejecutivo,Ramos Administrativos,Hacienda y Crédito Público,G002,Aprobado,143041263.0,47539541.0,0.0,4593859.0,195174663.0,0.0,0.0,0.0,0.0,0.0,195174663.0,100.0,0.0,0.0
2024,Poder Ejecutivo,Ramos Administrativos,Hacienda y Crédito Público,G002,Modificado,160523447.04,90005042.72,0.0,5489168.94,256017658.7,0.0,0.0,0.0,0.0,0.0,256017658.7,100.0,0.0,0.0
2024,Poder Ejecutivo,Ramos Administrativos,Hacienda y Crédito Público,G002,Devengado,160523447.04,90005042.72,0.0,5489168.94,256017658.7,0.0,0.0,0.0,0.0,0.0,256017658.7,100.0,0.0,0.0
2024,Poder Ejecutivo,Ramos Administrativos,Hacienda y Crédito Público,G002,Ejercido,160523447.04,90005042.72,0.0,5489168.94,256017658.7,0.0,0.0,0.0,0.0,0.0,256017658.7,100.0,0.0,0.0
2024,Poder Ejecutivo,Ramos Administrativos,Hacienda y Crédito Público,G002,Porcentaje Ejer/Aprob,112.22177690083734,189.32669694896717,0.0,119.48927775101501,131.17361381072297,0.0,0.0,0.0,0.0,0.0,131.17361381072297,,0.0,
2024,Poder Ejecutivo,Ramos Administrativos,Hacienda y Crédito Público,G002,Porcentaje Ejer/Modif,100.0,100.0,0.0,100.0,100.0,0.0,0.0,0.0,0.0,0.0,100.0,,0.0,
2024,Poder Ejecutivo,Ramos Administrativos,Hacienda y Crédito Público,G003,Regulación y supervisión del Sistema de Ahorro para el Retiro,0.0,0.0,0.0,0.0,0.0,0.0,0.0,0.0,0.0,0.0,0.0,,0.0,
2024,Poder Ejecutivo,Ramos Administrativos,Hacienda y Crédito Público,G003,Aprobado,154171824.0,26789325.0,0.0,339266.0,181300415.0,0.0,0.0,0.0,0.0,0.0,181300415.0,100.0,0.0,0.0
2024,Poder Ejecutivo,Ramos Administrativos,Hacienda y Crédito Público,G003,Modificado,193243668.7,143116740.04,0.0,2839502.75,339199911.49,0.0,0.0,0.0,0.0,0.0,339199911.49,100.0,0.0,0.0
2024,Poder Ejecutivo,Ramos Administrativos,Hacienda y Crédito Público,G003,Devengado,193243668.7,143116740.04,0.0,2839502.75,339199911.49,0.0,0.0,0.0,0.0,0.0,339199911.49,100.0,0.0,0.0
2024,Poder Ejecutivo,Ramos Administrativos,Hacienda y Crédito Público,G003,Ejercido,193243668.7,143116740.04,0.0,2839502.75,339199911.49,0.0,0.0,0.0,0.0,0.0,339199911.49,100.0,0.0,0.0
2024,Poder Ejecutivo,Ramos Administrativos,Hacienda y Crédito Público,G003,Porcentaje Ejer/Aprob,125.34305146444918,0.0,0.0,0.0,187.09273858529227,0.0,0.0,0.0,0.0,0.0,187.09273858529227,,0.0,
2024,Poder Ejecutivo,Ramos Administrativos,Hacienda y Crédito Público,G003,Porcentaje Ejer/Modif,100.0,100.0,0.0,100.0,100.0,0.0,0.0,0.0,0.0,0.0,100.0,,0.0,
2024,Poder Ejecutivo,Ramos Administrativos,Hacienda y Crédito Público,G004,Regulación y supervisión del sector asegurador y afianzador,0.0,0.0,0.0,0.0,0.0,0.0,0.0,0.0,0.0,0.0,0.0,,0.0,
2024,Poder Ejecutivo,Ramos Administrativos,Hacienda y Crédito Público,G004,Aprobado,201646127.0,11760824.0,0.0,923124.0,214330075.0,0.0,0.0,0.0,0.0,0.0,214330075.0,100.0,0.0,0.0
2024,Poder Ejecutivo,Ramos Administrativos,Hacienda y Crédito Público,G004,Modificado,253227798.84,183422805.79,0.0,1589545.45,438240150.08,0.0,0.0,0.0,0.0,0.0,438240150.08,100.0,0.0,0.0
2024,Poder Ejecutivo,Ramos Administrativos,Hacienda y Crédito Público,G004,Devengado,253227798.84,183422805.79,0.0,1589545.45,438240150.08,0.0,0.0,0.0,0.0,0.0,438240150.08,100.0,0.0,0.0
2024,Poder Ejecutivo,Ramos Administrativos,Hacienda y Crédito Público,G004,Ejercido,253227798.84,183422805.79,0.0,1589545.45,438240150.08,0.0,0.0,0.0,0.0,0.0,438240150.08,100.0,0.0,0.0
2024,Poder Ejecutivo,Ramos Administrativos,Hacienda y Crédito Público,G004,Porcentaje Ejer/Aprob,125.58029385806155,0.0,0.0,172.1919752925934,204.46974139303595,0.0,0.0,0.0,0.0,0.0,204.46974139303595,,0.0,
2024,Poder Ejecutivo,Ramos Administrativos,Hacienda y Crédito Público,G004,Porcentaje Ejer/Modif,100.0,100.0,0.0,100.0,100.0,0.0,0.0,0.0,0.0,0.0,100.0,,0.0,
2024,Poder Ejecutivo,Ramos Administrativos,Hacienda y Crédito Público,G005,Regulación y supervisión de las entidades del sistema financiero mexicano,0.0,0.0,0.0,0.0,0.0,0.0,0.0,0.0,0.0,0.0,0.0,,0.0,
2024,Poder Ejecutivo,Ramos Administrativos,Hacienda y Crédito Público,G005,Aprobado,1333430156.0,41376582.0,0.0,613989.0,1375420727.0,0.0,0.0,0.0,0.0,0.0,1375420727.0,100.0,0.0,0.0
2024,Poder Ejecutivo,Ramos Administrativos,Hacienda y Crédito Público,G005,Modificado,1137258389.61,721963193.12,0.0,8747221.22,1867968803.95,0.0,0.0,0.0,0.0,0.0,1867968803.95,100.0,0.0,0.0
2024,Poder Ejecutivo,Ramos Administrativos,Hacienda y Crédito Público,G005,Devengado,1137258389.61,721963193.12,0.0,8747221.22,1867968803.95,0.0,0.0,0.0,0.0,0.0,1867968803.95,100.0,0.0,0.0
2024,Poder Ejecutivo,Ramos Administrativos,Hacienda y Crédito Público,G005,Ejercido,1137258389.61,721963193.12,0.0,8747221.22,1867968803.95,0.0,0.0,0.0,0.0,0.0,1867968803.95,100.0,0.0,0.0
2024,Poder Ejecutivo,Ramos Administrativos,Hacienda y Crédito Público,G005,Porcentaje Ejer/Aprob,85.28818584855823,0.0,0.0,0.0,135.8107208420744,0.0,0.0,0.0,0.0,0.0,135.8107208420744,,0.0,
2024,Poder Ejecutivo,Ramos Administrativos,Hacienda y Crédito Público,G005,Porcentaje Ejer/Modif,100.0,100.0,0.0,100.0,100.0,0.0,0.0,0.0,0.0,0.0,100.0,,0.0,
2024,Poder Ejecutivo,Ramos Administrativos,Hacienda y Crédito Público,G006,Regulación del proceso de compras y contrataciones,0.0,0.0,0.0,0.0,0.0,0.0,0.0,0.0,0.0,0.0,0.0,,0.0,
2024,Poder Ejecutivo,Ramos Administrativos,Hacienda y Crédito Público,G006,Aprobado,147995739.0,19384022.0,0.0,0.0,167379761.0,0.0,0.0,0.0,0.0,0.0,167379761.0,100.0,0.0,0.0
2024,Poder Ejecutivo,Ramos Administrativos,Hacienda y Crédito Público,G006,Modificado,7325135.7,888212.14,0.0,0.0,8213347.84,0.0,0.0,0.0,0.0,0.0,8213347.84,100.0,0.0,0.0
2024,Poder Ejecutivo,Ramos Administrativos,Hacienda y Crédito Público,G006,Devengado,7325135.7,888212.14,0.0,0.0,8213347.84,0.0,0.0,0.0,0.0,0.0,8213347.84,100.0,0.0,0.0
2024,Poder Ejecutivo,Ramos Administrativos,Hacienda y Crédito Público,G006,Ejercido,7325135.7,888212.14,0.0,0.0,8213347.84,0.0,0.0,0.0,0.0,0.0,8213347.84,100.0,0.0,0.0
2024,Poder Ejecutivo,Ramos Administrativos,Hacienda y Crédito Público,G006,Porcentaje Ejer/Aprob,4.949558513978568,4.582187019804249,0.0,0.0,4.907013721927826,0.0,0.0,0.0,0.0,0.0,4.907013721927826,,0.0,
2024,Poder Ejecutivo,Ramos Administrativos,Hacienda y Crédito Público,G006,Porcentaje Ejer/Modif,100.0,100.0,0.0,0.0,100.0,0.0,0.0,0.0,0.0,0.0,100.0,,0.0,
2024,Poder Ejecutivo,Ramos Administrativos,Hacienda y Crédito Público,K024,Otros proyectos de infraestructura gubernamental,0.0,0.0,0.0,0.0,0.0,0.0,0.0,0.0,0.0,0.0,0.0,,0.0,
2024,Poder Ejecutivo,Ramos Administrativos,Hacienda y Crédito Público,K024,Aprobado,0.0,0.0,0.0,0.0,0.0,0.0,25123086.0,0.0,0.0,25123086.0,25123086.0,0.0,0.0,100.0
2024,Poder Ejecutivo,Ramos Administrativos,Hacienda y Crédito Público,K024,Modificado,0.0,0.0,0.0,0.0,0.0,0.0,102604260.63,0.0,0.0,102604260.63,102604260.63,0.0,0.0,100.0
2024,Poder Ejecutivo,Ramos Administrativos,Hacienda y Crédito Público,K024,Devengado,0.0,0.0,0.0,0.0,0.0,0.0,102604260.63,0.0,0.0,102604260.63,102604260.63,0.0,0.0,100.0
2024,Poder Ejecutivo,Ramos Administrativos,Hacienda y Crédito Público,K024,Ejercido,0.0,0.0,0.0,0.0,0.0,0.0,102604260.63,0.0,0.0,102604260.63,102604260.63,0.0,0.0,100.0
2024,Poder Ejecutivo,Ramos Administrativos,Hacienda y Crédito Público,K024,Porcentaje Ejer/Aprob,0.0,0.0,0.0,0.0,0.0,0.0,408.4062787111424,0.0,0.0,408.4062787111424,408.4062787111424,,0.0,
2024,Poder Ejecutivo,Ramos Administrativos,Hacienda y Crédito Público,K024,Porcentaje Ejer/Modif,0.0,0.0,0.0,0.0,0.0,0.0,100.0,0.0,0.0,100.0,100.0,,0.0,
2024,Poder Ejecutivo,Ramos Administrativos,Hacienda y Crédito Público,K025,Proyectos de inmuebles (oficinas administrativas),0.0,0.0,0.0,0.0,0.0,0.0,0.0,0.0,0.0,0.0,0.0,,0.0,
2024,Poder Ejecutivo,Ramos Administrativos,Hacienda y Crédito Público,K025,Aprobado,0.0,0.0,0.0,0.0,0.0,0.0,0.0,0.0,0.0,0.0,0.0,0.0,0.0,0.0
2024,Poder Ejecutivo,Ramos Administrativos,Hacienda y Crédito Público,K025,Modificado,0.0,0.0,0.0,0.0,0.0,0.0,53176388.43,0.0,0.0,53176388.43,53176388.43,0.0,0.0,100.0
2024,Poder Ejecutivo,Ramos Administrativos,Hacienda y Crédito Público,K025,Devengado,0.0,0.0,0.0,0.0,0.0,0.0,53176388.43,0.0,0.0,53176388.43,53176388.43,0.0,0.0,100.0
2024,Poder Ejecutivo,Ramos Administrativos,Hacienda y Crédito Público,K025,Ejercido,0.0,0.0,0.0,0.0,0.0,0.0,53176388.43,0.0,0.0,53176388.43,53176388.43,0.0,0.0,100.0
2024,Poder Ejecutivo,Ramos Administrativos,Hacienda y Crédito Público,K025,Porcentaje Ejer/Aprob,0.0,0.0,0.0,0.0,0.0,0.0,0.0,0.0,0.0,0.0,0.0,,0.0,
2024,Poder Ejecutivo,Ramos Administrativos,Hacienda y Crédito Público,K025,Porcentaje Ejer/Modif,0.0,0.0,0.0,0.0,0.0,0.0,100.0,0.0,0.0,100.0,100.0,,0.0,
2024,Poder Ejecutivo,Ramos Administrativos,Hacienda y Crédito Público,K028,Estudios de preinversión,0.0,0.0,0.0,0.0,0.0,0.0,0.0,0.0,0.0,0.0,0.0,,0.0,
2024,Poder Ejecutivo,Ramos Administrativos,Hacienda y Crédito Público,K028,Aprobado,0.0,0.0,0.0,0.0,0.0,0.0,0.0,0.0,0.0,0.0,0.0,0.0,0.0,0.0
2024,Poder Ejecutivo,Ramos Administrativos,Hacienda y Crédito Público,K028,Modificado,0.0,0.0,0.0,0.0,0.0,0.0,672603.72,0.0,0.0,672603.72,672603.72,0.0,0.0,100.0
2024,Poder Ejecutivo,Ramos Administrativos,Hacienda y Crédito Público,K028,Devengado,0.0,0.0,0.0,0.0,0.0,0.0,672603.72,0.0,0.0,672603.72,672603.72,0.0,0.0,100.0
2024,Poder Ejecutivo,Ramos Administrativos,Hacienda y Crédito Público,K028,Ejercido,0.0,0.0,0.0,0.0,0.0,0.0,672603.72,0.0,0.0,672603.72,672603.72,0.0,0.0,100.0
2024,Poder Ejecutivo,Ramos Administrativos,Hacienda y Crédito Público,K028,Porcentaje Ejer/Aprob,0.0,0.0,0.0,0.0,0.0,0.0,0.0,0.0,0.0,0.0,0.0,,0.0,
2024,Poder Ejecutivo,Ramos Administrativos,Hacienda y Crédito Público,K028,Porcentaje Ejer/Modif,0.0,0.0,0.0,0.0,0.0,0.0,100.0,0.0,0.0,100.0,100.0,,0.0,
2024,Poder Ejecutivo,Ramos Administrativos,Hacienda y Crédito Público,M001,Actividades de apoyo administrativo,0.0,0.0,0.0,0.0,0.0,0.0,0.0,0.0,0.0,0.0,0.0,,0.0,
2024,Poder Ejecutivo,Ramos Administrativos,Hacienda y Crédito Público,M001,Aprobado,2709973764.0,260338283.0,0.0,50317677.0,3020629724.0,0.0,0.0,0.0,0.0,0.0,3020629724.0,100.0,0.0,0.0
2024,Poder Ejecutivo,Ramos Administrativos,Hacienda y Crédito Público,M001,Modificado,2748619525.32,640081044.57,0.0,26766496.37,3415467066.26,0.0,0.0,0.0,0.0,0.0,3415467066.26,100.0,0.0,0.0
2024,Poder Ejecutivo,Ramos Administrativos,Hacienda y Crédito Público,M001,Devengado,2748619525.32,640081044.57,0.0,26766496.37,3415467066.26,0.0,0.0,0.0,0.0,0.0,3415467066.26,100.0,0.0,0.0
2024,Poder Ejecutivo,Ramos Administrativos,Hacienda y Crédito Público,M001,Ejercido,2748619525.32,640081044.57,0.0,26766496.37,3415467066.26,0.0,0.0,0.0,0.0,0.0,3415467066.26,100.0,0.0,0.0
2024,Poder Ejecutivo,Ramos Administrativos,Hacienda y Crédito Público,M001,Porcentaje Ejer/Aprob,101.4260566590489,245.8651248652508,0.0,53.19501607755064,113.07135856880683,0.0,0.0,0.0,0.0,0.0,113.07135856880683,,0.0,
2024,Poder Ejecutivo,Ramos Administrativos,Hacienda y Crédito Público,M001,Porcentaje Ejer/Modif,100.0,100.0,0.0,100.0,100.0,0.0,0.0,0.0,0.0,0.0,100.0,,0.0,
2024,Poder Ejecutivo,Ramos Administrativos,Hacienda y Crédito Público,O001,Actividades de apoyo a la función pública y buen gobierno,0.0,0.0,0.0,0.0,0.0,0.0,0.0,0.0,0.0,0.0,0.0,,0.0,
2024,Poder Ejecutivo,Ramos Administrativos,Hacienda y Crédito Público,O001,Aprobado,237382025.0,7568136.0,0.0,16904.0,244967065.0,0.0,0.0,0.0,0.0,0.0,244967065.0,100.0,0.0,0.0
2024,Poder Ejecutivo,Ramos Administrativos,Hacienda y Crédito Público,O001,Modificado,194810088.67,29891637.99,0.0,143515.0,224845241.66,0.0,0.0,0.0,0.0,0.0,224845241.66,100.0,0.0,0.0
2024,Poder Ejecutivo,Ramos Administrativos,Hacienda y Crédito Público,O001,Devengado,194503789.24,29891637.99,0.0,143515.0,224538942.23,0.0,0.0,0.0,0.0,0.0,224538942.23,100.0,0.0,0.0
2024,Poder Ejecutivo,Ramos Administrativos,Hacienda y Crédito Público,O001,Ejercido,194503789.24,29891637.99,0.0,143515.0,224538942.23,0.0,0.0,0.0,0.0,0.0,224538942.23,100.0,0.0,0.0
2024,Poder Ejecutivo,Ramos Administrativos,Hacienda y Crédito Público,O001,Porcentaje Ejer/Aprob,81.93703345482878,394.9669772054836,0.0,0.0,91.66086968874775,0.0,0.0,0.0,0.0,0.0,91.66086968874775,,0.0,
2024,Poder Ejecutivo,Ramos Administrativos,Hacienda y Crédito Público,O001,Porcentaje Ejer/Modif,99.84277024250072,100.0,0.0,100.0,99.86377322119932,0.0,0.0,0.0,0.0,0.0,99.86377322119932,,0.0,
2024,Poder Ejecutivo,Ramos Administrativos,Hacienda y Crédito Público,O007,Optimización de los inmuebles federales y valuación de los bienes nacionales,0.0,0.0,0.0,0.0,0.0,0.0,0.0,0.0,0.0,0.0,0.0,,0.0,
2024,Poder Ejecutivo,Ramos Administrativos,Hacienda y Crédito Público,O007,Aprobado,126245895.0,2261230.0,0.0,0.0,128507125.0,0.0,0.0,0.0,0.0,0.0,128507125.0,100.0,0.0,0.0
2024,Poder Ejecutivo,Ramos Administrativos,Hacienda y Crédito Público,O007,Modificado,218637324.62,304231625.61,0.0,2442524.29,525311474.52,0.0,0.0,0.0,0.0,0.0,525311474.52,100.0,0.0,0.0
2024,Poder Ejecutivo,Ramos Administrativos,Hacienda y Crédito Público,O007,Devengado,218637324.62,304231625.61,0.0,2442524.29,525311474.52,0.0,0.0,0.0,0.0,0.0,525311474.52,100.0,0.0,0.0
2024,Poder Ejecutivo,Ramos Administrativos,Hacienda y Crédito Público,O007,Ejercido,218637324.62,304231625.61,0.0,2442524.29,525311474.52,0.0,0.0,0.0,0.0,0.0,525311474.52,100.0,0.0,0.0
2024,Poder Ejecutivo,Ramos Administrativos,Hacienda y Crédito Público,O007,Porcentaje Ejer/Aprob,173.18370994953935,0.0,0.0,0.0,408.7800380873823,0.0,0.0,0.0,0.0,0.0,408.7800380873823,,0.0,
2024,Poder Ejecutivo,Ramos Administrativos,Hacienda y Crédito Público,O007,Porcentaje Ejer/Modif,100.0,100.0,0.0,100.0,100.0,0.0,0.0,0.0,0.0,0.0,100.0,,0.0,
2024,Poder Ejecutivo,Ramos Administrativos,Hacienda y Crédito Público,P001,Diseño de la política de ingresos,0.0,0.0,0.0,0.0,0.0,0.0,0.0,0.0,0.0,0.0,0.0,,0.0,
2024,Poder Ejecutivo,Ramos Administrativos,Hacienda y Crédito Público,P001,Aprobado,305063862.0,157315773.0,0.0,17801202.0,480180837.0,0.0,0.0,0.0,0.0,0.0,480180837.0,100.0,0.0,0.0
2024,Poder Ejecutivo,Ramos Administrativos,Hacienda y Crédito Público,P001,Modificado,326393305.26,165268628.49,0.0,22938072.39,514600006.14,0.0,0.0,0.0,0.0,0.0,514600006.14,100.0,0.0,0.0
2024,Poder Ejecutivo,Ramos Administrativos,Hacienda y Crédito Público,P001,Devengado,326393305.26,165268628.49,0.0,22938072.39,514600006.14,0.0,0.0,0.0,0.0,0.0,514600006.14,100.0,0.0,0.0
2024,Poder Ejecutivo,Ramos Administrativos,Hacienda y Crédito Público,P001,Ejercido,326393305.26,165268628.49,0.0,22938072.39,514600006.14,0.0,0.0,0.0,0.0,0.0,514600006.14,100.0,0.0,0.0
2024,Poder Ejecutivo,Ramos Administrativos,Hacienda y Crédito Público,P001,Porcentaje Ejer/Aprob,106.99179611775844,105.05534527043261,0.0,128.8568737661648,107.16795975346263,0.0,0.0,0.0,0.0,0.0,107.16795975346263,,0.0,
2024,Poder Ejecutivo,Ramos Administrativos,Hacienda y Crédito Público,P001,Porcentaje Ejer/Modif,100.0,100.0,0.0,100.0,100.0,0.0,0.0,0.0,0.0,0.0,100.0,,0.0,
2024,Poder Ejecutivo,Ramos Administrativos,Hacienda y Crédito Público,P002,Diseño y conducción de la política de gasto público,0.0,0.0,0.0,0.0,0.0,0.0,0.0,0.0,0.0,0.0,0.0,,0.0,
2024,Poder Ejecutivo,Ramos Administrativos,Hacienda y Crédito Público,P002,Aprobado,513385117.0,98873144.0,0.0,0.0,612258261.0,0.0,0.0,0.0,0.0,0.0,612258261.0,100.0,0.0,0.0
2024,Poder Ejecutivo,Ramos Administrativos,Hacienda y Crédito Público,P002,Modificado,585884182.2,120320210.44,0.0,1364778.12,707569170.76,0.0,2111803.91,0.0,0.0,2111803.91,709680974.67,99.702429121623,0.0,0.29757087837700374
2024,Poder Ejecutivo,Ramos Administrativos,Hacienda y Crédito Público,P002,Devengado,585884182.2,120320210.44,0.0,1364778.12,707569170.76,0.0,2111803.91,0.0,0.0,2111803.91,709680974.67,99.702429121623,0.0,0.29757087837700374
2024,Poder Ejecutivo,Ramos Administrativos,Hacienda y Crédito Público,P002,Ejercido,585884182.2,120320210.44,0.0,1364778.12,707569170.76,0.0,2111803.91,0.0,0.0,2111803.91,709680974.67,99.702429121623,0.0,0.29757087837700374
2024,Poder Ejecutivo,Ramos Administrativos,Hacienda y Crédito Público,P002,Porcentaje Ejer/Aprob,114.12176995384151,121.69149839111013,0.0,0.0,115.56710882174606,0.0,0.0,0.0,0.0,0.0,115.91202926537565,,0.0,
2024,Poder Ejecutivo,Ramos Administrativos,Hacienda y Crédito Público,P002,Porcentaje Ejer/Modif,100.0,100.0,0.0,100.0,100.0,0.0,100.0,0.0,0.0,100.0,100.0,,0.0,
2024,Poder Ejecutivo,Ramos Administrativos,Hacienda y Crédito Público,P003,Diseño y aplicación de la política económica,0.0,0.0,0.0,0.0,0.0,0.0,0.0,0.0,0.0,0.0,0.0,,0.0,
2024,Poder Ejecutivo,Ramos Administrativos,Hacienda y Crédito Público,P003,Aprobado,313254176.0,97317261.0,0.0,46404215.0,456975652.0,0.0,0.0,0.0,233614303.0,233614303.0,690589955.0,66.17177801261242,0.0,33.82822198738758
2024,Poder Ejecutivo,Ramos Administrativos,Hacienda y Crédito Público,P003,Modificado,355604050.97,118044421.7,0.0,7475036308.28,7948684780.95,0.0,0.0,0.0,938137800.0,938137800.0,8886822580.95,89.44349578879842,0.0,10.556504211201583
2024,Poder Ejecutivo,Ramos Administrativos,Hacienda y Crédito Público,P003,Devengado,355604050.97,118044421.7,0.0,7475036308.28,7948684780.95,0.0,0.0,0.0,938137800.0,938137800.0,8886822580.95,89.44349578879842,0.0,10.556504211201583
2024,Poder Ejecutivo,Ramos Administrativos,Hacienda y Crédito Público,P003,Ejercido,355604050.97,118044421.7,0.0,7475036308.28,7948684780.95,0.0,0.0,0.0,938137800.0,938137800.0,8886822580.95,89.44349578879842,0.0,10.556504211201583
2024,Poder Ejecutivo,Ramos Administrativos,Hacienda y Crédito Público,P003,Porcentaje Ejer/Aprob,113.51933292981865,121.298545075164,0.0,0.0,0.0,0.0,0.0,0.0,401.5754977125694,401.5754977125694,0.0,,0.0,
2024,Poder Ejecutivo,Ramos Administrativos,Hacienda y Crédito Público,P003,Porcentaje Ejer/Modif,100.0,100.0,0.0,100.0,100.0,0.0,0.0,0.0,100.0,100.0,100.0,,0.0,
2024,Poder Ejecutivo,Ramos Administrativos,Hacienda y Crédito Público,P004,Asesoría jurídica y representación judicial y administrativa de la SHCP,0.0,0.0,0.0,0.0,0.0,0.0,0.0,0.0,0.0,0.0,0.0,,0.0,
2024,Poder Ejecutivo,Ramos Administrativos,Hacienda y Crédito Público,P004,Aprobado,296075496.0,82983602.0,0.0,0.0,379059098.0,0.0,0.0,0.0,0.0,0.0,379059098.0,100.0,0.0,0.0
2024,Poder Ejecutivo,Ramos Administrativos,Hacienda y Crédito Público,P004,Modificado,352014248.46,96616717.93,0.0,0.0,448630966.39,0.0,0.0,0.0,0.0,0.0,448630966.39,100.0,0.0,0.0
2024,Poder Ejecutivo,Ramos Administrativos,Hacienda y Crédito Público,P004,Devengado,352014248.46,96616717.93,0.0,0.0,448630966.39,0.0,0.0,0.0,0.0,0.0,448630966.39,100.0,0.0,0.0
2024,Poder Ejecutivo,Ramos Administrativos,Hacienda y Crédito Público,P004,Ejercido,352014248.46,96616717.93,0.0,0.0,448630966.39,0.0,0.0,0.0,0.0,0.0,448630966.39,100.0,0.0,0.0
2024,Poder Ejecutivo,Ramos Administrativos,Hacienda y Crédito Público,P004,Porcentaje Ejer/Aprob,118.89340834203989,116.42868663377617,0.0,0.0,118.35383156797361,0.0,0.0,0.0,0.0,0.0,118.35383156797361,,0.0,
2024,Poder Ejecutivo,Ramos Administrativos,Hacienda y Crédito Público,P004,Porcentaje Ejer/Modif,100.0,100.0,0.0,0.0,100.0,0.0,0.0,0.0,0.0,0.0,100.0,,0.0,
2024,Poder Ejecutivo,Ramos Administrativos,Hacienda y Crédito Público,P006,Diseño y conducción de la política operativa de las Unidades de Administración y Finanzas,0.0,0.0,0.0,0.0,0.0,0.0,0.0,0.0,0.0,0.0,0.0,,0.0,
2024,Poder Ejecutivo,Ramos Administrativos,Hacienda y Crédito Público,P006,Aprobado,34277214.0,763512.0,0.0,0.0,35040726.0,0.0,0.0,0.0,0.0,0.0,35040726.0,100.0,0.0,0.0
2024,Poder Ejecutivo,Ramos Administrativos,Hacienda y Crédito Público,P006,Modificado,1241682.9,34923.17,0.0,0.0,1276606.07,0.0,0.0,0.0,0.0,0.0,1276606.07,100.0,0.0,0.0
2024,Poder Ejecutivo,Ramos Administrativos,Hacienda y Crédito Público,P006,Devengado,1241682.9,34923.17,0.0,0.0,1276606.07,0.0,0.0,0.0,0.0,0.0,1276606.07,100.0,0.0,0.0
2024,Poder Ejecutivo,Ramos Administrativos,Hacienda y Crédito Público,P006,Ejercido,1241682.9,34923.17,0.0,0.0,1276606.07,0.0,0.0,0.0,0.0,0.0,1276606.07,100.0,0.0,0.0
2024,Poder Ejecutivo,Ramos Administrativos,Hacienda y Crédito Público,P006,Porcentaje Ejer/Aprob,3.6224732266747233,4.57401717327298,0.0,0.0,3.6432066789940367,0.0,0.0,0.0,0.0,0.0,3.6432066789940367,,0.0,
2024,Poder Ejecutivo,Ramos Administrativos,Hacienda y Crédito Público,P006,Porcentaje Ejer/Modif,100.0,100.0,0.0,0.0,100.0,0.0,0.0,0.0,0.0,0.0,100.0,,0.0,
2024,Poder Ejecutivo,Ramos Administrativos,Hacienda y Crédito Público,R021,Administración del Fondo de Pensiones,0.0,0.0,0.0,0.0,0.0,0.0,0.0,0.0,0.0,0.0,0.0,,0.0,
2024,Poder Ejecutivo,Ramos Administrativos,Hacienda y Crédito Público,R021,Aprobado,0.0,0.0,0.0,380000000.0,380000000.0,0.0,0.0,0.0,0.0,0.0,380000000.0,100.0,0.0,0.0
2024,Poder Ejecutivo,Ramos Administrativos,Hacienda y Crédito Público,R021,Modificado,0.0,0.0,0.0,380000000.0,380000000.0,0.0,0.0,0.0,0.0,0.0,380000000.0,100.0,0.0,0.0
2024,Poder Ejecutivo,Ramos Administrativos,Hacienda y Crédito Público,R021,Devengado,0.0,0.0,0.0,380000000.0,380000000.0,0.0,0.0,0.0,0.0,0.0,380000000.0,100.0,0.0,0.0
2024,Poder Ejecutivo,Ramos Administrativos,Hacienda y Crédito Público,R021,Ejercido,0.0,0.0,0.0,380000000.0,380000000.0,0.0,0.0,0.0,0.0,0.0,380000000.0,100.0,0.0,0.0
2024,Poder Ejecutivo,Ramos Administrativos,Hacienda y Crédito Público,R021,Porcentaje Ejer/Aprob,0.0,0.0,0.0,100.0,100.0,0.0,0.0,0.0,0.0,0.0,100.0,,0.0,
2024,Poder Ejecutivo,Ramos Administrativos,Hacienda y Crédito Público,R021,Porcentaje Ejer/Modif,0.0,0.0,0.0,100.0,100.0,0.0,0.0,0.0,0.0,0.0,100.0,,0.0,
2024,Poder Ejecutivo,Ramos Administrativos,Hacienda y Crédito Público,R023,Previsiones para proyectos culturales en la Ciudad de Veracruz,0.0,0.0,0.0,0.0,0.0,0.0,0.0,0.0,0.0,0.0,0.0,,0.0,
2024,Poder Ejecutivo,Ramos Administrativos,Hacienda y Crédito Público,R023,Aprobado,0.0,0.0,0.0,0.0,0.0,0.0,124876914.0,0.0,0.0,124876914.0,124876914.0,0.0,0.0,100.0
2024,Poder Ejecutivo,Ramos Administrativos,Hacienda y Crédito Público,R023,Modificado,0.0,0.0,0.0,0.0,0.0,0.0,0.0,0.0,0.0,0.0,0.0,0.0,0.0,0.0
2024,Poder Ejecutivo,Ramos Administrativos,Hacienda y Crédito Público,R023,Devengado,0.0,0.0,0.0,0.0,0.0,0.0,0.0,0.0,0.0,0.0,0.0,0.0,0.0,0.0
2024,Poder Ejecutivo,Ramos Administrativos,Hacienda y Crédito Público,R023,Ejercido,0.0,0.0,0.0,0.0,0.0,0.0,0.0,0.0,0.0,0.0,0.0,0.0,0.0,0.0
2024,Poder Ejecutivo,Ramos Administrativos,Hacienda y Crédito Público,R023,Porcentaje Ejer/Aprob,0.0,0.0,0.0,0.0,0.0,0.0,0.0,0.0,0.0,0.0,0.0,,0.0,
2024,Poder Ejecutivo,Ramos Administrativos,Hacienda y Crédito Público,R023,Porcentaje Ejer/Modif,0.0,0.0,0.0,0.0,0.0,0.0,0.0,0.0,0.0,0.0,0.0,,0.0,
2024,Poder Ejecutivo,Ramos Administrativos,Hacienda y Crédito Público,Z001,Aportaciones al Fondo de Pensiones para el Bienestar,0.0,0.0,0.0,0.0,0.0,0.0,0.0,0.0,0.0,0.0,0.0,,0.0,
2024,Poder Ejecutivo,Ramos Administrativos,Hacienda y Crédito Público,Z001,Aprobado,0.0,0.0,0.0,0.0,0.0,0.0,0.0,0.0,0.0,0.0,0.0,0.0,0.0,0.0
2024,Poder Ejecutivo,Ramos Administrativos,Hacienda y Crédito Público,Z001,Modificado,0.0,0.0,0.0,12000000100.0,12000000100.0,0.0,0.0,0.0,0.0,0.0,12000000100.0,100.0,0.0,0.0
2024,Poder Ejecutivo,Ramos Administrativos,Hacienda y Crédito Público,Z001,Devengado,0.0,0.0,0.0,12000000100.0,12000000100.0,0.0,0.0,0.0,0.0,0.0,12000000100.0,100.0,0.0,0.0
2024,Poder Ejecutivo,Ramos Administrativos,Hacienda y Crédito Público,Z001,Ejercido,0.0,0.0,0.0,12000000100.0,12000000100.0,0.0,0.0,0.0,0.0,0.0,12000000100.0,100.0,0.0,0.0
2024,Poder Ejecutivo,Ramos Administrativos,Hacienda y Crédito Público,Z001,Porcentaje Ejer/Aprob,0.0,0.0,0.0,0.0,0.0,0.0,0.0,0.0,0.0,0.0,0.0,,0.0,
2024,Poder Ejecutivo,Ramos Administrativos,Hacienda y Crédito Público,Z001,Porcentaje Ejer/Modif,0.0,0.0,0.0,100.0,100.0,0.0,0.0,0.0,0.0,0.0,100.0,,0.0,
2024,Poder Ejecutivo,Ramos Administrativos,Defensa Nacional,TOTAL,Aprobado,88822298410.0,41747583469.0,56186570.0,1198703992.0,131824772441.0,0.0,127609032325.0,0.0,0.0,127609032325.0,259433804766.0,50.812488588332286,0.0,49.187511411667714
2024,Poder Ejecutivo,Ramos Administrativos,Defensa Nacional,TOTAL,Modificado,89635220184.97,28029879668.26,39796800.98,42310952445.29,160015849099.5,0.0,76305349911.74,0.0,0.0,76305349911.74,236321199011.24,67.71117012312098,0.0,32.28882987687903
2024,Poder Ejecutivo,Ramos Administrativos,Defensa Nacional,TOTAL,Devengado,89635220184.97,28029879668.23,39796800.98,42310952445.29,160015849099.47,0.0,76305349911.74,0.0,0.0,76305349911.74,236321199011.21,67.71117012311689,0.0,32.28882987688313
2024,Poder Ejecutivo,Ramos Administrativos,Defensa Nacional,TOTAL,Ejercido,89635220184.97,28029876854.23,39796800.98,42310952445.29,160015846285.47,0.0,76305349911.74,0.0,0.0,76305349911.74,236321196197.21,67.7111697386369,0.0,32.2888302613631
2024,Poder Ejecutivo,Ramos Administrativos,Defensa Nacional,TOTAL,Porcentaje Ejer/Aprob,100.91522262936452,67.14131579626354,70.82973917076625,0.0,121.38526266532135,0.0,59.79619821691177,0.0,0.0,59.79619821691177,91.09113456142049,,0.0,
2024,Poder Ejecutivo,Ramos Administrativos,Defensa Nacional,TOTAL,Porcentaje Ejer/Modif,100.0,99.9999899606062,100.0,100.0,99.99999824140545,0.0,100.0,0.0,0.0,100.0,99.99999880923505,,0.0,
2024,Poder Ejecutivo,Ramos Administrativos,Defensa Nacional,A001,"Investigación y desarrollo tecnológico, producción y mantenimiento de armamento, municiones, explosivos, vehículos y equipos militares y sus accesorios",0.0,0.0,0.0,0.0,0.0,0.0,0.0,0.0,0.0,0.0,0.0,,0.0,
2024,Poder Ejecutivo,Ramos Administrativos,Defensa Nacional,A001,Aprobado,1513345186.0,345100108.0,0.0,0.0,1858445294.0,0.0,0.0,0.0,0.0,0.0,1858445294.0,100.0,0.0,0.0
2024,Poder Ejecutivo,Ramos Administrativos,Defensa Nacional,A001,Modificado,603177804.93,323258802.79,0.0,0.0,926436607.72,0.0,0.0,0.0,0.0,0.0,926436607.72,100.0,0.0,0.0
2024,Poder Ejecutivo,Ramos Administrativos,Defensa Nacional,A001,Devengado,603177804.93,323258802.79,0.0,0.0,926436607.72,0.0,0.0,0.0,0.0,0.0,926436607.72,100.0,0.0,0.0
2024,Poder Ejecutivo,Ramos Administrativos,Defensa Nacional,A001,Ejercido,603177804.93,323258802.79,0.0,0.0,926436607.72,0.0,0.0,0.0,0.0,0.0,926436607.72,100.0,0.0,0.0
2024,Poder Ejecutivo,Ramos Administrativos,Defensa Nacional,A001,Porcentaje Ejer/Aprob,39.857252034104,93.67102336287881,0.0,0.0,49.85008763567081,0.0,0.0,0.0,0.0,0.0,49.85008763567081,,0.0,
2024,Poder Ejecutivo,Ramos Administrativos,Defensa Nacional,A001,Porcentaje Ejer/Modif,100.0,100.0,0.0,0.0,100.0,0.0,0.0,0.0,0.0,0.0,100.0,,0.0,
2024,Poder Ejecutivo,Ramos Administrativos,Defensa Nacional,A002,"Defensa de la Integridad, la Independencia, la Soberanía del Territorio Nacional",0.0,0.0,0.0,0.0,0.0,0.0,0.0,0.0,0.0,0.0,0.0,,0.0,
2024,Poder Ejecutivo,Ramos Administrativos,Defensa Nacional,A002,Aprobado,36565607344.0,8274133938.0,0.0,66896040.0,44906637322.0,0.0,0.0,0.0,0.0,0.0,44906637322.0,100.0,0.0,0.0
2024,Poder Ejecutivo,Ramos Administrativos,Defensa Nacional,A002,Modificado,32341014283.79,9034649947.7,0.0,291531995.1,41667196226.59,0.0,8624435905.75,0.0,0.0,8624435905.75,50291632132.34,82.85115129480147,0.0,17.14884870519854
2024,Poder Ejecutivo,Ramos Administrativos,Defensa Nacional,A002,Devengado,32341014283.79,9034649947.7,0.0,291531995.1,41667196226.59,0.0,8624435905.75,0.0,0.0,8624435905.75,50291632132.34,82.85115129480147,0.0,17.14884870519854
2024,Poder Ejecutivo,Ramos Administrativos,Defensa Nacional,A002,Ejercido,32341014283.79,9034649947.7,0.0,291531995.1,41667196226.59,0.0,8624435905.75,0.0,0.0,8624435905.75,50291632132.34,82.85115129480147,0.0,17.14884870519854
2024,Poder Ejecutivo,Ramos Administrativos,Defensa Nacional,A002,Porcentaje Ejer/Aprob,88.44653933827465,109.19148777864515,0.0,435.79858404174604,92.78627550715541,0.0,0.0,0.0,0.0,0.0,111.99153428417998,,0.0,
2024,Poder Ejecutivo,Ramos Administrativos,Defensa Nacional,A002,Porcentaje Ejer/Modif,100.0,100.0,0.0,100.0,100.0,0.0,100.0,0.0,0.0,100.0,100.0,,0.0,
2024,Poder Ejecutivo,Ramos Administrativos,Defensa Nacional,A003,Operación y desarrollo de la Fuerza Aérea Mexicana,0.0,0.0,0.0,0.0,0.0,0.0,0.0,0.0,0.0,0.0,0.0,,0.0,
2024,Poder Ejecutivo,Ramos Administrativos,Defensa Nacional,A003,Aprobado,3804934140.0,2763802664.0,0.0,0.0,6568736804.0,0.0,3199945267.0,0.0,0.0,3199945267.0,9768682071.0,67.2428149084759,0.0,32.75718509152411
2024,Poder Ejecutivo,Ramos Administrativos,Defensa Nacional,A003,Modificado,3348761840.57,2486712110.48,0.0,20535110000.0,26370583951.05,0.0,10688173512.25,0.0,0.0,10688173512.25,37058757463.3,71.15884545553179,0.0,28.841154544468207
2024,Poder Ejecutivo,Ramos Administrativos,Defensa Nacional,A003,Devengado,3348761840.57,2486712110.48,0.0,20535110000.0,26370583951.05,0.0,10688173512.25,0.0,0.0,10688173512.25,37058757463.3,71.15884545553179,0.0,28.841154544468207
2024,Poder Ejecutivo,Ramos Administrativos,Defensa Nacional,A003,Ejercido,3348761840.57,2486712110.48,0.0,20535110000.0,26370583951.05,0.0,10688173512.25,0.0,0.0,10688173512.25,37058757463.3,71.15884545553179,0.0,28.841154544468207
2024,Poder Ejecutivo,Ramos Administrativos,Defensa Nacional,A003,Porcentaje Ejer/Aprob,88.01103297335916,89.97430036777764,0.0,0.0,401.4559379969641,0.0,334.01113520514474,0.0,0.0,334.01113520514474,379.36291911183446,,0.0,
2024,Poder Ejecutivo,Ramos Administrativos,Defensa Nacional,A003,Porcentaje Ejer/Modif,100.0,100.0,0.0,100.0,100.0,0.0,100.0,0.0,0.0,100.0,100.0,,0.0,
2024,Poder Ejecutivo,Ramos Administrativos,Defensa Nacional,A004,Programa de la Secretaría de la Defensa Nacional en Apoyo a la Seguridad Pública,0.0,0.0,0.0,0.0,0.0,0.0,0.0,0.0,0.0,0.0,0.0,,0.0,
2024,Poder Ejecutivo,Ramos Administrativos,Defensa Nacional,A004,Aprobado,4839411087.0,4905861.0,0.0,0.0,4844316948.0,0.0,0.0,0.0,0.0,0.0,4844316948.0,100.0,0.0,0.0
2024,Poder Ejecutivo,Ramos Administrativos,Defensa Nacional,A004,Modificado,3176741444.9,267157750.29,0.0,235000.0,3444134195.19,0.0,0.0,0.0,0.0,0.0,3444134195.19,100.0,0.0,0.0
2024,Poder Ejecutivo,Ramos Administrativos,Defensa Nacional,A004,Devengado,3176741444.9,267157750.29,0.0,235000.0,3444134195.19,0.0,0.0,0.0,0.0,0.0,3444134195.19,100.0,0.0,0.0
2024,Poder Ejecutivo,Ramos Administrativos,Defensa Nacional,A004,Ejercido,3176741444.9,267157750.29,0.0,235000.0,3444134195.19,0.0,0.0,0.0,0.0,0.0,3444134195.19,100.0,0.0,0.0
2024,Poder Ejecutivo,Ramos Administrativos,Defensa Nacional,A004,Porcentaje Ejer/Aprob,65.64314103080865,0.0,0.0,0.0,71.09638432332402,0.0,0.0,0.0,0.0,0.0,71.09638432332402,,0.0,
2024,Poder Ejecutivo,Ramos Administrativos,Defensa Nacional,A004,Porcentaje Ejer/Modif,100.0,100.0,0.0,100.0,100.0,0.0,0.0,0.0,0.0,0.0,100.0,,0.0,
2024,Poder Ejecutivo,Ramos Administrativos,Defensa Nacional,A009,Programa de sanidad militar,0.0,0.0,0.0,0.0,0.0,0.0,0.0,0.0,0.0,0.0,0.0,,0.0,
2024,Poder Ejecutivo,Ramos Administrativos,Defensa Nacional,A009,Aprobado,5199550249.0,2749882075.0,56186570.0,2247220.0,8007866114.0,0.0,0.0,0.0,0.0,0.0,8007866114.0,100.0,0.0,0.0
2024,Poder Ejecutivo,Ramos Administrativos,Defensa Nacional,A009,Modificado,5714647885.33,3015873525.11,39796800.98,24070.0,8770342281.42,0.0,0.0,0.0,0.0,0.0,8770342281.42,100.0,0.0,0.0
2024,Poder Ejecutivo,Ramos Administrativos,Defensa Nacional,A009,Devengado,5714647885.33,3015873525.11,39796800.98,24070.0,8770342281.42,0.0,0.0,0.0,0.0,0.0,8770342281.42,100.0,0.0,0.0
2024,Poder Ejecutivo,Ramos Administrativos,Defensa Nacional,A009,Ejercido,5714647885.33,3015873525.11,39796800.98,24070.0,8770342281.42,0.0,0.0,0.0,0.0,0.0,8770342281.42,100.0,0.0,0.0
2024,Poder Ejecutivo,Ramos Administrativos,Defensa Nacional,A009,Porcentaje Ejer/Aprob,109.90658060144847,109.67283115622331,70.82973917076625,1.071101182794742,109.52158985384355,0.0,0.0,0.0,0.0,0.0,109.52158985384355,,0.0,
2024,Poder Ejecutivo,Ramos Administrativos,Defensa Nacional,A009,Porcentaje Ejer/Modif,100.0,100.0,100.0,100.0,100.0,0.0,0.0,0.0,0.0,0.0,100.0,,0.0,
2024,Poder Ejecutivo,Ramos Administrativos,Defensa Nacional,A015,Producción de árboles en viveros forestales militares,0.0,0.0,0.0,0.0,0.0,0.0,0.0,0.0,0.0,0.0,0.0,,0.0,
2024,Poder Ejecutivo,Ramos Administrativos,Defensa Nacional,A015,Aprobado,0.0,0.0,0.0,0.0,0.0,0.0,0.0,0.0,0.0,0.0,0.0,0.0,0.0,0.0
2024,Poder Ejecutivo,Ramos Administrativos,Defensa Nacional,A015,Modificado,5961839.39,82186878.44,0.0,0.0,88148717.83,0.0,0.0,0.0,0.0,0.0,88148717.83,100.0,0.0,0.0
2024,Poder Ejecutivo,Ramos Administrativos,Defensa Nacional,A015,Devengado,5961839.39,82186878.44,0.0,0.0,88148717.83,0.0,0.0,0.0,0.0,0.0,88148717.83,100.0,0.0,0.0
2024,Poder Ejecutivo,Ramos Administrativos,Defensa Nacional,A015,Ejercido,5961839.39,82186878.44,0.0,0.0,88148717.83,0.0,0.0,0.0,0.0,0.0,88148717.83,100.0,0.0,0.0
2024,Poder Ejecutivo,Ramos Administrativos,Defensa Nacional,A015,Porcentaje Ejer/Aprob,0.0,0.0,0.0,0.0,0.0,0.0,0.0,0.0,0.0,0.0,0.0,,0.0,
2024,Poder Ejecutivo,Ramos Administrativos,Defensa Nacional,A015,Porcentaje Ejer/Modif,100.0,100.0,0.0,0.0,100.0,0.0,0.0,0.0,0.0,0.0,100.0,,0.0,
2024,Poder Ejecutivo,Ramos Administrativos,Defensa Nacional,A017,Derechos humanos,0.0,0.0,0.0,0.0,0.0,0.0,0.0,0.0,0.0,0.0,0.0,,0.0,
2024,Poder Ejecutivo,Ramos Administrativos,Defensa Nacional,A017,Aprobado,74788823.0,2286722.0,0.0,0.0,77075545.0,0.0,0.0,0.0,0.0,0.0,77075545.0,100.0,0.0,0.0
2024,Poder Ejecutivo,Ramos Administrativos,Defensa Nacional,A017,Modificado,45000227.87,2432294.0,0.0,0.0,47432521.87,0.0,0.0,0.0,0.0,0.0,47432521.87,100.0,0.0,0.0
2024,Poder Ejecutivo,Ramos Administrativos,Defensa Nacional,A017,Devengado,45000227.87,2432294.0,0.0,0.0,47432521.87,0.0,0.0,0.0,0.0,0.0,47432521.87,100.0,0.0,0.0
2024,Poder Ejecutivo,Ramos Administrativos,Defensa Nacional,A017,Ejercido,45000227.87,2432294.0,0.0,0.0,47432521.87,0.0,0.0,0.0,0.0,0.0,47432521.87,100.0,0.0,0.0
2024,Poder Ejecutivo,Ramos Administrativos,Defensa Nacional,A017,Porcentaje Ejer/Aprob,60.169723315474556,106.36596840368003,0.0,0.0,61.54030032483065,0.0,0.0,0.0,0.0,0.0,61.54030032483065,,0.0,
2024,Poder Ejecutivo,Ramos Administrativos,Defensa Nacional,A017,Porcentaje Ejer/Modif,100.0,100.0,0.0,0.0,100.0,0.0,0.0,0.0,0.0,0.0,100.0,,0.0,
2024,Poder Ejecutivo,Ramos Administrativos,Defensa Nacional,A018,"Investigación, desarrollo y producción de vestuario y equipo militar y mantenimiento de infraestructura",0.0,0.0,0.0,0.0,0.0,0.0,0.0,0.0,0.0,0.0,0.0,,0.0,
2024,Poder Ejecutivo,Ramos Administrativos,Defensa Nacional,A018,Aprobado,697184538.0,409610551.0,0.0,0.0,1106795089.0,0.0,0.0,0.0,0.0,0.0,1106795089.0,100.0,0.0,0.0
2024,Poder Ejecutivo,Ramos Administrativos,Defensa Nacional,A018,Modificado,570318189.82,1277854916.21,0.0,0.0,1848173106.03,0.0,0.0,0.0,0.0,0.0,1848173106.03,100.0,0.0,0.0
2024,Poder Ejecutivo,Ramos Administrativos,Defensa Nacional,A018,Devengado,570318189.82,1277854916.21,0.0,0.0,1848173106.03,0.0,0.0,0.0,0.0,0.0,1848173106.03,100.0,0.0,0.0
2024,Poder Ejecutivo,Ramos Administrativos,Defensa Nacional,A018,Ejercido,570318189.82,1277854916.21,0.0,0.0,1848173106.03,0.0,0.0,0.0,0.0,0.0,1848173106.03,100.0,0.0,0.0
2024,Poder Ejecutivo,Ramos Administrativos,Defensa Nacional,A018,Porcentaje Ejer/Aprob,81.80304621442997,311.9682618258532,0.0,0.0,166.98421635569798,0.0,0.0,0.0,0.0,0.0,166.98421635569798,,0.0,
2024,Poder Ejecutivo,Ramos Administrativos,Defensa Nacional,A018,Porcentaje Ejer/Modif,100.0,100.0,0.0,0.0,100.0,0.0,0.0,0.0,0.0,0.0,100.0,,0.0,
2024,Poder Ejecutivo,Ramos Administrativos,Defensa Nacional,A019,Mantenimiento y conservación de la infraestructura militar y maquinaria pesada y administración inmobiliaria,0.0,0.0,0.0,0.0,0.0,0.0,0.0,0.0,0.0,0.0,0.0,,0.0,
2024,Poder Ejecutivo,Ramos Administrativos,Defensa Nacional,A019,Aprobado,3616464547.0,249966296.0,0.0,0.0,3866430843.0,0.0,0.0,0.0,0.0,0.0,3866430843.0,100.0,0.0,0.0
2024,Poder Ejecutivo,Ramos Administrativos,Defensa Nacional,A019,Modificado,2414855707.57,624908834.73,0.0,0.0,3039764542.3,0.0,2384063821.01,0.0,0.0,2384063821.01,5423828363.31,56.04463007831838,0.0,43.955369921681616
2024,Poder Ejecutivo,Ramos Administrativos,Defensa Nacional,A019,Devengado,2414855707.57,624908834.73,0.0,0.0,3039764542.3,0.0,2384063821.01,0.0,0.0,2384063821.01,5423828363.31,56.04463007831838,0.0,43.955369921681616
2024,Poder Ejecutivo,Ramos Administrativos,Defensa Nacional,A019,Ejercido,2414855707.57,624908834.73,0.0,0.0,3039764542.3,0.0,2384063821.01,0.0,0.0,2384063821.01,5423828363.31,56.04463007831838,0.0,43.955369921681616
2024,Poder Ejecutivo,Ramos Administrativos,Defensa Nacional,A019,Porcentaje Ejer/Aprob,66.77393559887703,249.99723751957345,0.0,0.0,78.61939514069824,0.0,0.0,0.0,0.0,0.0,140.2799787077428,,0.0,
2024,Poder Ejecutivo,Ramos Administrativos,Defensa Nacional,A019,Porcentaje Ejer/Modif,100.0,100.0,0.0,0.0,100.0,0.0,100.0,0.0,0.0,100.0,100.0,,0.0,
2024,Poder Ejecutivo,Ramos Administrativos,Defensa Nacional,A020,Programa de justicia militar,0.0,0.0,0.0,0.0,0.0,0.0,0.0,0.0,0.0,0.0,0.0,,0.0,
2024,Poder Ejecutivo,Ramos Administrativos,Defensa Nacional,A020,Aprobado,1123774967.0,41114745.0,0.0,0.0,1164889712.0,0.0,0.0,0.0,0.0,0.0,1164889712.0,100.0,0.0,0.0
2024,Poder Ejecutivo,Ramos Administrativos,Defensa Nacional,A020,Modificado,409629431.87,48364648.33,0.0,0.0,457994080.2,0.0,2156092.0,0.0,0.0,2156092.0,460150172.2,99.53143731541127,0.0,0.4685626845887335
2024,Poder Ejecutivo,Ramos Administrativos,Defensa Nacional,A020,Devengado,409629431.87,48364648.33,0.0,0.0,457994080.2,0.0,2156092.0,0.0,0.0,2156092.0,460150172.2,99.53143731541127,0.0,0.4685626845887335
2024,Poder Ejecutivo,Ramos Administrativos,Defensa Nacional,A020,Ejercido,409629431.87,48364648.33,0.0,0.0,457994080.2,0.0,2156092.0,0.0,0.0,2156092.0,460150172.2,99.53143731541127,0.0,0.4685626845887335
2024,Poder Ejecutivo,Ramos Administrativos,Defensa Nacional,A020,Porcentaje Ejer/Aprob,36.45119742821251,117.63334134748982,0.0,0.0,39.31651859244852,0.0,0.0,0.0,0.0,0.0,39.50160838917255,,0.0,
2024,Poder Ejecutivo,Ramos Administrativos,Defensa Nacional,A020,Porcentaje Ejer/Modif,100.0,100.0,0.0,0.0,100.0,0.0,100.0,0.0,0.0,100.0,100.0,,0.0,
2024,Poder Ejecutivo,Ramos Administrativos,Defensa Nacional,A021,Sistema educativo militar,0.0,0.0,0.0,0.0,0.0,0.0,0.0,0.0,0.0,0.0,0.0,,0.0,
2024,Poder Ejecutivo,Ramos Administrativos,Defensa Nacional,A021,Aprobado,2117549704.0,489533641.0,0.0,59207353.0,2666290698.0,0.0,0.0,0.0,0.0,0.0,2666290698.0,100.0,0.0,0.0
2024,Poder Ejecutivo,Ramos Administrativos,Defensa Nacional,A021,Modificado,1482607573.44,653852862.68,0.0,309597202.81,2446057638.93,0.0,0.0,0.0,0.0,0.0,2446057638.93,100.0,0.0,0.0
2024,Poder Ejecutivo,Ramos Administrativos,Defensa Nacional,A021,Devengado,1482607573.44,653852862.68,0.0,309597202.81,2446057638.93,0.0,0.0,0.0,0.0,0.0,2446057638.93,100.0,0.0,0.0
2024,Poder Ejecutivo,Ramos Administrativos,Defensa Nacional,A021,Ejercido,1482607573.44,653852862.68,0.0,309597202.81,2446057638.93,0.0,0.0,0.0,0.0,0.0,2446057638.93,100.0,0.0,0.0
2024,Poder Ejecutivo,Ramos Administrativos,Defensa Nacional,A021,Porcentaje Ejer/Aprob,70.01524311988476,133.5664820387696,0.0,0.0,91.74009573542756,0.0,0.0,0.0,0.0,0.0,91.74009573542756,,0.0,
2024,Poder Ejecutivo,Ramos Administrativos,Defensa Nacional,A021,Porcentaje Ejer/Modif,100.0,100.0,0.0,100.0,100.0,0.0,0.0,0.0,0.0,0.0,100.0,,0.0,
2024,Poder Ejecutivo,Ramos Administrativos,Defensa Nacional,A022,"Investigación y desarrollo militar en coordinación con universidades públicas, instituciones públicas de educación superior y/o demás centros públicos de investigación superior",0.0,0.0,0.0,0.0,0.0,0.0,0.0,0.0,0.0,0.0,0.0,,0.0,
2024,Poder Ejecutivo,Ramos Administrativos,Defensa Nacional,A022,Aprobado,0.0,135371817.0,0.0,0.0,135371817.0,0.0,0.0,0.0,0.0,0.0,135371817.0,100.0,0.0,0.0
2024,Poder Ejecutivo,Ramos Administrativos,Defensa Nacional,A022,Modificado,0.0,60164136.03,0.0,0.0,60164136.03,0.0,45203673.35,0.0,0.0,45203673.35,105367809.38,57.0991618635851,0.0,42.90083813641491
2024,Poder Ejecutivo,Ramos Administrativos,Defensa Nacional,A022,Devengado,0.0,60164136.03,0.0,0.0,60164136.03,0.0,45203673.35,0.0,0.0,45203673.35,105367809.38,57.0991618635851,0.0,42.90083813641491
2024,Poder Ejecutivo,Ramos Administrativos,Defensa Nacional,A022,Ejercido,0.0,60164136.03,0.0,0.0,60164136.03,0.0,45203673.35,0.0,0.0,45203673.35,105367809.38,57.0991618635851,0.0,42.90083813641491
2024,Poder Ejecutivo,Ramos Administrativos,Defensa Nacional,A022,Porcentaje Ejer/Aprob,0.0,44.443620070490745,0.0,0.0,44.443620070490745,0.0,0.0,0.0,0.0,0.0,77.83585366221389,,0.0,
2024,Poder Ejecutivo,Ramos Administrativos,Defensa Nacional,A022,Porcentaje Ejer/Modif,0.0,100.0,0.0,0.0,100.0,0.0,100.0,0.0,0.0,100.0,100.0,,0.0,
2024,Poder Ejecutivo,Ramos Administrativos,Defensa Nacional,A023,Salud y producción animal,0.0,0.0,0.0,0.0,0.0,0.0,0.0,0.0,0.0,0.0,0.0,,0.0,
2024,Poder Ejecutivo,Ramos Administrativos,Defensa Nacional,A023,Aprobado,0.0,113413524.0,0.0,0.0,113413524.0,0.0,0.0,0.0,0.0,0.0,113413524.0,100.0,0.0,0.0
2024,Poder Ejecutivo,Ramos Administrativos,Defensa Nacional,A023,Modificado,0.0,151162894.63,0.0,0.0,151162894.63,0.0,0.0,0.0,0.0,0.0,151162894.63,100.0,0.0,0.0
2024,Poder Ejecutivo,Ramos Administrativos,Defensa Nacional,A023,Devengado,0.0,151162894.63,0.0,0.0,151162894.63,0.0,0.0,0.0,0.0,0.0,151162894.63,100.0,0.0,0.0
2024,Poder Ejecutivo,Ramos Administrativos,Defensa Nacional,A023,Ejercido,0.0,151162894.63,0.0,0.0,151162894.63,0.0,0.0,0.0,0.0,0.0,151162894.63,100.0,0.0,0.0
2024,Poder Ejecutivo,Ramos Administrativos,Defensa Nacional,A023,Porcentaje Ejer/Aprob,0.0,133.28471711186754,0.0,0.0,133.28471711186754,0.0,0.0,0.0,0.0,0.0,133.28471711186754,,0.0,
2024,Poder Ejecutivo,Ramos Administrativos,Defensa Nacional,A023,Porcentaje Ejer/Modif,0.0,100.0,0.0,0.0,100.0,0.0,0.0,0.0,0.0,0.0,100.0,,0.0,
2024,Poder Ejecutivo,Ramos Administrativos,Defensa Nacional,A024,Fortalecimiento de las capacidades de auxilio a la población civil mediante el Plan DN-III-E,0.0,0.0,0.0,0.0,0.0,0.0,0.0,0.0,0.0,0.0,0.0,,0.0,
2024,Poder Ejecutivo,Ramos Administrativos,Defensa Nacional,A024,Aprobado,64925043.0,1972663.0,0.0,0.0,66897706.0,0.0,0.0,0.0,0.0,0.0,66897706.0,100.0,0.0,0.0
2024,Poder Ejecutivo,Ramos Administrativos,Defensa Nacional,A024,Modificado,0.0,1405220.12,0.0,4491797453.99,4493202674.11,0.0,0.0,0.0,0.0,0.0,4493202674.11,100.0,0.0,0.0
2024,Poder Ejecutivo,Ramos Administrativos,Defensa Nacional,A024,Devengado,0.0,1405220.12,0.0,4491797453.99,4493202674.11,0.0,0.0,0.0,0.0,0.0,4493202674.11,100.0,0.0,0.0
2024,Poder Ejecutivo,Ramos Administrativos,Defensa Nacional,A024,Ejercido,0.0,1405220.12,0.0,4491797453.99,4493202674.11,0.0,0.0,0.0,0.0,0.0,4493202674.11,100.0,0.0,0.0
2024,Poder Ejecutivo,Ramos Administrativos,Defensa Nacional,A024,Porcentaje Ejer/Aprob,0.0,71.23467718510462,0.0,0.0,0.0,0.0,0.0,0.0,0.0,0.0,0.0,,0.0,
2024,Poder Ejecutivo,Ramos Administrativos,Defensa Nacional,A024,Porcentaje Ejer/Modif,0.0,100.0,0.0,100.0,100.0,0.0,0.0,0.0,0.0,0.0,100.0,,0.0,
2024,Poder Ejecutivo,Ramos Administrativos,Defensa Nacional,A026,Operación y desarrollo de los cuerpos de seguridad de las Fuerzas Armadas,0.0,0.0,0.0,0.0,0.0,0.0,0.0,0.0,0.0,0.0,0.0,,0.0,
2024,Poder Ejecutivo,Ramos Administrativos,Defensa Nacional,A026,Aprobado,17013603174.0,4127909341.0,0.0,0.0,21141512515.0,0.0,0.0,0.0,0.0,0.0,21141512515.0,100.0,0.0,0.0
2024,Poder Ejecutivo,Ramos Administrativos,Defensa Nacional,A026,Modificado,30961241857.08,3558176664.16,0.0,673892631.96,35193311153.2,0.0,0.0,0.0,0.0,0.0,35193311153.2,100.0,0.0,0.0
2024,Poder Ejecutivo,Ramos Administrativos,Defensa Nacional,A026,Devengado,30961241857.08,3558176664.16,0.0,673892631.96,35193311153.2,0.0,0.0,0.0,0.0,0.0,35193311153.2,100.0,0.0,0.0
2024,Poder Ejecutivo,Ramos Administrativos,Defensa Nacional,A026,Ejercido,30961241857.08,3558176664.16,0.0,673892631.96,35193311153.2,0.0,0.0,0.0,0.0,0.0,35193311153.2,100.0,0.0,0.0
2024,Poder Ejecutivo,Ramos Administrativos,Defensa Nacional,A026,Porcentaje Ejer/Aprob,181.97933465613346,86.19803319852028,0.0,0.0,166.46543679516864,0.0,0.0,0.0,0.0,0.0,166.46543679516864,,0.0,
2024,Poder Ejecutivo,Ramos Administrativos,Defensa Nacional,A026,Porcentaje Ejer/Modif,100.0,100.0,0.0,100.0,100.0,0.0,0.0,0.0,0.0,0.0,100.0,,0.0,
2024,Poder Ejecutivo,Ramos Administrativos,Defensa Nacional,A900,Programa de igualdad entre mujeres y hombres SDN,0.0,0.0,0.0,0.0,0.0,0.0,0.0,0.0,0.0,0.0,0.0,,0.0,
2024,Poder Ejecutivo,Ramos Administrativos,Defensa Nacional,A900,Aprobado,0.0,147726176.0,0.0,0.0,147726176.0,0.0,0.0,0.0,0.0,0.0,147726176.0,100.0,0.0,0.0
2024,Poder Ejecutivo,Ramos Administrativos,Defensa Nacional,A900,Modificado,0.0,75200466.78,0.0,0.0,75200466.78,0.0,3725086.98,0.0,0.0,3725086.98,78925553.76,95.2802523358564,0.0,4.719747664143599
2024,Poder Ejecutivo,Ramos Administrativos,Defensa Nacional,A900,Devengado,0.0,75200466.78,0.0,0.0,75200466.78,0.0,3725086.98,0.0,0.0,3725086.98,78925553.76,95.2802523358564,0.0,4.719747664143599
2024,Poder Ejecutivo,Ramos Administrativos,Defensa Nacional,A900,Ejercido,0.0,75200466.78,0.0,0.0,75200466.78,0.0,3725086.98,0.0,0.0,3725086.98,78925553.76,95.2802523358564,0.0,4.719747664143599
2024,Poder Ejecutivo,Ramos Administrativos,Defensa Nacional,A900,Porcentaje Ejer/Aprob,0.0,50.90530927978533,0.0,0.0,50.90530927978533,0.0,0.0,0.0,0.0,0.0,53.426925340570655,,0.0,
2024,Poder Ejecutivo,Ramos Administrativos,Defensa Nacional,A900,Porcentaje Ejer/Modif,0.0,100.0,0.0,0.0,100.0,0.0,100.0,0.0,0.0,100.0,100.0,,0.0,
2024,Poder Ejecutivo,Ramos Administrativos,Defensa Nacional,E001,"Administración de la Infraestructura Aeroportuaria en Santa Lucía, Edo. Méx.",0.0,0.0,0.0,0.0,0.0,0.0,0.0,0.0,0.0,0.0,0.0,,0.0,
2024,Poder Ejecutivo,Ramos Administrativos,Defensa Nacional,E001,Aprobado,464551565.0,1035448436.0,0.0,0.0,1500000001.0,0.0,0.0,0.0,0.0,0.0,1500000001.0,100.0,0.0,0.0
2024,Poder Ejecutivo,Ramos Administrativos,Defensa Nacional,E001,Modificado,479362743.42,1030885771.67,0.0,0.0,1510248515.09,0.0,0.0,0.0,0.0,0.0,1510248515.09,100.0,0.0,0.0
2024,Poder Ejecutivo,Ramos Administrativos,Defensa Nacional,E001,Devengado,479362743.42,1030885771.67,0.0,0.0,1510248515.09,0.0,0.0,0.0,0.0,0.0,1510248515.09,100.0,0.0,0.0
2024,Poder Ejecutivo,Ramos Administrativos,Defensa Nacional,E001,Ejercido,479362743.42,1030885771.67,0.0,0.0,1510248515.09,0.0,0.0,0.0,0.0,0.0,1510248515.09,100.0,0.0,0.0
2024,Poder Ejecutivo,Ramos Administrativos,Defensa Nacional,E001,Porcentaje Ejer/Aprob,103.188274356583,99.55935378611166,0.0,0.0,100.68323427221118,0.0,0.0,0.0,0.0,0.0,100.68323427221118,,0.0,
2024,Poder Ejecutivo,Ramos Administrativos,Defensa Nacional,E001,Porcentaje Ejer/Modif,100.0,100.0,0.0,0.0,100.0,0.0,0.0,0.0,0.0,0.0,100.0,,0.0,
2024,Poder Ejecutivo,Ramos Administrativos,Defensa Nacional,E002,Prestación de Servicios Públicos de Transporte Masivo de Personas y Carga Tren Maya,0.0,0.0,0.0,0.0,0.0,0.0,0.0,0.0,0.0,0.0,0.0,,0.0,
2024,Poder Ejecutivo,Ramos Administrativos,Defensa Nacional,E002,Aprobado,937262358.0,5000000000.0,0.0,0.0,5937262358.0,0.0,0.0,0.0,0.0,0.0,5937262358.0,100.0,0.0,0.0
2024,Poder Ejecutivo,Ramos Administrativos,Defensa Nacional,E002,Modificado,492809128.48,325153606.12,0.0,11611025362.33,12428988096.93,0.0,0.0,0.0,0.0,0.0,12428988096.93,100.0,0.0,0.0
2024,Poder Ejecutivo,Ramos Administrativos,Defensa Nacional,E002,Devengado,492809128.48,325153606.12,0.0,11611025362.33,12428988096.93,0.0,0.0,0.0,0.0,0.0,12428988096.93,100.0,0.0,0.0
2024,Poder Ejecutivo,Ramos Administrativos,Defensa Nacional,E002,Ejercido,492809128.48,325153606.12,0.0,11611025362.33,12428988096.93,0.0,0.0,0.0,0.0,0.0,12428988096.93,100.0,0.0,0.0
2024,Poder Ejecutivo,Ramos Administrativos,Defensa Nacional,E002,Porcentaje Ejer/Aprob,52.579635176173376,6.5030721224,0.0,0.0,209.3387043977079,0.0,0.0,0.0,0.0,0.0,209.3387043977079,,0.0,
2024,Poder Ejecutivo,Ramos Administrativos,Defensa Nacional,E002,Porcentaje Ejer/Modif,100.0,100.0,0.0,100.0,100.0,0.0,0.0,0.0,0.0,0.0,100.0,,0.0,
2024,Poder Ejecutivo,Ramos Administrativos,Defensa Nacional,E003,Dirigir la Aerolínea del Estado Mexicano,0.0,0.0,0.0,0.0,0.0,0.0,0.0,0.0,0.0,0.0,0.0,,0.0,
2024,Poder Ejecutivo,Ramos Administrativos,Defensa Nacional,E003,Aprobado,119673172.0,0.0,0.0,0.0,119673172.0,0.0,0.0,0.0,0.0,0.0,119673172.0,100.0,0.0,0.0
2024,Poder Ejecutivo,Ramos Administrativos,Defensa Nacional,E003,Modificado,257278000.24,1168660004.45,0.0,336138.04,1426274142.73,0.0,0.0,0.0,0.0,0.0,1426274142.73,100.0,0.0,0.0
2024,Poder Ejecutivo,Ramos Administrativos,Defensa Nacional,E003,Devengado,257278000.24,1168660004.45,0.0,336138.04,1426274142.73,0.0,0.0,0.0,0.0,0.0,1426274142.73,100.0,0.0,0.0
2024,Poder Ejecutivo,Ramos Administrativos,Defensa Nacional,E003,Ejercido,257278000.24,1168657190.45,0.0,336138.04,1426271328.73,0.0,0.0,0.0,0.0,0.0,1426271328.73,100.0,0.0,0.0
2024,Poder Ejecutivo,Ramos Administrativos,Defensa Nacional,E003,Porcentaje Ejer/Aprob,214.98385639849172,0.0,0.0,0.0,0.0,0.0,0.0,0.0,0.0,0.0,0.0,,0.0,
2024,Poder Ejecutivo,Ramos Administrativos,Defensa Nacional,E003,Porcentaje Ejer/Modif,100.0,99.99975921140543,0.0,100.0,99.99980270272624,0.0,0.0,0.0,0.0,0.0,99.99980270272624,,0.0,
2024,Poder Ejecutivo,Ramos Administrativos,Defensa Nacional,E004,"Dirigir la infraestructura aeroportuaria, ferroviaria y de servicios auxiliares",0.0,0.0,0.0,0.0,0.0,0.0,0.0,0.0,0.0,0.0,0.0,,0.0,
2024,Poder Ejecutivo,Ramos Administrativos,Defensa Nacional,E004,Aprobado,625339573.0,14540013886.0,0.0,7401155.0,15172754614.0,0.0,0.0,0.0,0.0,0.0,15172754614.0,100.0,0.0,0.0
2024,Poder Ejecutivo,Ramos Administrativos,Defensa Nacional,E004,Modificado,867428090.95,2700352351.6,0.0,13409600.0,3581190042.55,0.0,1603570425.0,0.0,0.0,1603570425.0,5184760467.55,69.0714655954444,0.0,30.928534404555606
2024,Poder Ejecutivo,Ramos Administrativos,Defensa Nacional,E004,Devengado,867428090.95,2700352351.57,0.0,13409600.0,3581190042.52,0.0,1603570425.0,0.0,0.0,1603570425.0,5184760467.52,69.07146559526542,0.0,30.928534404734563
2024,Poder Ejecutivo,Ramos Administrativos,Defensa Nacional,E004,Ejercido,867428090.95,2700352351.57,0.0,13409600.0,3581190042.52,0.0,1603570425.0,0.0,0.0,1603570425.0,5184760467.52,69.07146559526542,0.0,30.928534404734563
2024,Poder Ejecutivo,Ramos Administrativos,Defensa Nacional,E004,Porcentaje Ejer/Aprob,138.71312937842814,18.57186913810352,0.0,181.1825316453986,23.602767813931507,0.0,0.0,0.0,0.0,0.0,34.171517298091594,,0.0,
2024,Poder Ejecutivo,Ramos Administrativos,Defensa Nacional,E004,Porcentaje Ejer/Modif,100.0,99.99999999888904,0.0,100.0,99.99999999916228,0.0,100.0,0.0,0.0,100.0,99.99999999942139,,0.0,
2024,Poder Ejecutivo,Ramos Administrativos,Defensa Nacional,K014,Otros proyectos de infraestructura social,0.0,0.0,0.0,0.0,0.0,0.0,0.0,0.0,0.0,0.0,0.0,,0.0,
2024,Poder Ejecutivo,Ramos Administrativos,Defensa Nacional,K014,Aprobado,0.0,0.0,0.0,0.0,0.0,0.0,0.0,0.0,0.0,0.0,0.0,0.0,0.0,0.0
2024,Poder Ejecutivo,Ramos Administrativos,Defensa Nacional,K014,Modificado,0.0,0.0,0.0,0.0,0.0,0.0,65453627.02,0.0,0.0,65453627.02,65453627.02,0.0,0.0,100.0
2024,Poder Ejecutivo,Ramos Administrativos,Defensa Nacional,K014,Devengado,0.0,0.0,0.0,0.0,0.0,0.0,65453627.02,0.0,0.0,65453627.02,65453627.02,0.0,0.0,100.0
2024,Poder Ejecutivo,Ramos Administrativos,Defensa Nacional,K014,Ejercido,0.0,0.0,0.0,0.0,0.0,0.0,65453627.02,0.0,0.0,65453627.02,65453627.02,0.0,0.0,100.0
2024,Poder Ejecutivo,Ramos Administrativos,Defensa Nacional,K014,Porcentaje Ejer/Aprob,0.0,0.0,0.0,0.0,0.0,0.0,0.0,0.0,0.0,0.0,0.0,,0.0,
2024,Poder Ejecutivo,Ramos Administrativos,Defensa Nacional,K014,Porcentaje Ejer/Modif,0.0,0.0,0.0,0.0,0.0,0.0,100.0,0.0,0.0,100.0,100.0,,0.0,
2024,Poder Ejecutivo,Ramos Administrativos,Defensa Nacional,K019,Proyectos de infraestructura gubernamental de seguridad nacional,0.0,0.0,0.0,0.0,0.0,0.0,0.0,0.0,0.0,0.0,0.0,,0.0,
2024,Poder Ejecutivo,Ramos Administrativos,Defensa Nacional,K019,Aprobado,0.0,0.0,0.0,0.0,0.0,0.0,0.0,0.0,0.0,0.0,0.0,0.0,0.0,0.0
2024,Poder Ejecutivo,Ramos Administrativos,Defensa Nacional,K019,Modificado,0.0,0.0,0.0,0.0,0.0,0.0,35403990376.3,0.0,0.0,35403990376.3,35403990376.3,0.0,0.0,100.0
2024,Poder Ejecutivo,Ramos Administrativos,Defensa Nacional,K019,Devengado,0.0,0.0,0.0,0.0,0.0,0.0,35403990376.3,0.0,0.0,35403990376.3,35403990376.3,0.0,0.0,100.0
2024,Poder Ejecutivo,Ramos Administrativos,Defensa Nacional,K019,Ejercido,0.0,0.0,0.0,0.0,0.0,0.0,35403990376.3,0.0,0.0,35403990376.3,35403990376.3,0.0,0.0,100.0
2024,Poder Ejecutivo,Ramos Administrativos,Defensa Nacional,K019,Porcentaje Ejer/Aprob,0.0,0.0,0.0,0.0,0.0,0.0,0.0,0.0,0.0,0.0,0.0,,0.0,
2024,Poder Ejecutivo,Ramos Administrativos,Defensa Nacional,K019,Porcentaje Ejer/Modif,0.0,0.0,0.0,0.0,0.0,0.0,100.0,0.0,0.0,100.0,100.0,,0.0,
2024,Poder Ejecutivo,Ramos Administrativos,Defensa Nacional,K041,Proyectos de Transporte Masivo de Pasajeros,0.0,0.0,0.0,0.0,0.0,0.0,0.0,0.0,0.0,0.0,0.0,,0.0,
2024,Poder Ejecutivo,Ramos Administrativos,Defensa Nacional,K041,Aprobado,0.0,0.0,0.0,0.0,0.0,0.0,119999999999.0,0.0,0.0,119999999999.0,119999999999.0,0.0,0.0,100.0
2024,Poder Ejecutivo,Ramos Administrativos,Defensa Nacional,K041,Modificado,0.0,0.0,0.0,0.0,0.0,0.0,17483700420.48,0.0,0.0,17483700420.48,17483700420.48,0.0,0.0,100.0
2024,Poder Ejecutivo,Ramos Administrativos,Defensa Nacional,K041,Devengado,0.0,0.0,0.0,0.0,0.0,0.0,17483700420.48,0.0,0.0,17483700420.48,17483700420.48,0.0,0.0,100.0
2024,Poder Ejecutivo,Ramos Administrativos,Defensa Nacional,K041,Ejercido,0.0,0.0,0.0,0.0,0.0,0.0,17483700420.48,0.0,0.0,17483700420.48,17483700420.48,0.0,0.0,100.0
2024,Poder Ejecutivo,Ramos Administrativos,Defensa Nacional,K041,Porcentaje Ejer/Aprob,0.0,0.0,0.0,0.0,0.0,0.0,14.569750350521415,0.0,0.0,14.569750350521415,14.569750350521415,,0.0,
2024,Poder Ejecutivo,Ramos Administrativos,Defensa Nacional,K041,Porcentaje Ejer/Modif,0.0,0.0,0.0,0.0,0.0,0.0,100.0,0.0,0.0,100.0,100.0,,0.0,
2024,Poder Ejecutivo,Ramos Administrativos,Defensa Nacional,M001,Actividades de apoyo administrativo,0.0,0.0,0.0,0.0,0.0,0.0,0.0,0.0,0.0,0.0,0.0,,0.0,
2024,Poder Ejecutivo,Ramos Administrativos,Defensa Nacional,M001,Aprobado,10044332940.0,1315391025.0,0.0,0.0,11359723965.0,0.0,0.0,0.0,0.0,0.0,11359723965.0,100.0,0.0,0.0
2024,Poder Ejecutivo,Ramos Administrativos,Defensa Nacional,M001,Modificado,6464384135.32,1141465981.94,0.0,2553479015.02,10159329132.28,0.0,876971.6,0.0,0.0,876971.6,10160206103.88,99.9913685648595,0.0,0.0
2024,Poder Ejecutivo,Ramos Administrativos,Defensa Nacional,M001,Devengado,6464384135.32,1141465981.94,0.0,2553479015.02,10159329132.28,0.0,876971.6,0.0,0.0,876971.6,10160206103.88,99.9913685648595,0.0,0.0
2024,Poder Ejecutivo,Ramos Administrativos,Defensa Nacional,M001,Ejercido,6464384135.32,1141465981.94,0.0,2553479015.02,10159329132.28,0.0,876971.6,0.0,0.0,876971.6,10160206103.88,99.9913685648595,0.0,0.0
2024,Poder Ejecutivo,Ramos Administrativos,Defensa Nacional,M001,Porcentaje Ejer/Aprob,64.35852110772426,86.77769273513175,0.0,0.0,89.43288730942328,0.0,0.0,0.0,0.0,0.0,89.44060731743316,,0.0,
2024,Poder Ejecutivo,Ramos Administrativos,Defensa Nacional,M001,Porcentaje Ejer/Modif,100.0,100.0,0.0,100.0,100.0,0.0,100.0,0.0,0.0,100.0,100.0,,0.0,
2024,Poder Ejecutivo,Ramos Administrativos,Defensa Nacional,R016,Programa de Becas para los hijos del Personal de las Fuerzas Armadas en activo,0.0,0.0,0.0,0.0,0.0,0.0,0.0,0.0,0.0,0.0,0.0,,0.0,
2024,Poder Ejecutivo,Ramos Administrativos,Defensa Nacional,R016,Aprobado,0.0,0.0,0.0,1042070970.0,1042070970.0,0.0,0.0,0.0,0.0,0.0,1042070970.0,100.0,0.0,0.0
2024,Poder Ejecutivo,Ramos Administrativos,Defensa Nacional,R016,Modificado,0.0,0.0,0.0,1509632722.04,1509632722.04,0.0,0.0,0.0,0.0,0.0,1509632722.04,100.0,0.0,0.0
2024,Poder Ejecutivo,Ramos Administrativos,Defensa Nacional,R016,Devengado,0.0,0.0,0.0,1509632722.04,1509632722.04,0.0,0.0,0.0,0.0,0.0,1509632722.04,100.0,0.0,0.0
2024,Poder Ejecutivo,Ramos Administrativos,Defensa Nacional,R016,Ejercido,0.0,0.0,0.0,1509632722.04,1509632722.04,0.0,0.0,0.0,0.0,0.0,1509632722.04,100.0,0.0,0.0
2024,Poder Ejecutivo,Ramos Administrativos,Defensa Nacional,R016,Porcentaje Ejer/Aprob,0.0,0.0,0.0,144.8685133259206,144.8685133259206,0.0,0.0,0.0,0.0,0.0,144.8685133259206,,0.0,
2024,Poder Ejecutivo,Ramos Administrativos,Defensa Nacional,R016,Porcentaje Ejer/Modif,0.0,0.0,0.0,100.0,100.0,0.0,0.0,0.0,0.0,0.0,100.0,,0.0,
2024,Poder Ejecutivo,Ramos Administrativos,Defensa Nacional,R018,Fideicomiso de apoyo a deudos de militares fallecidos o a militares que hayan adquirido una incapacidad en 1/a. categoría en actos del servicio considerados de alto riesgo,0.0,0.0,0.0,0.0,0.0,0.0,0.0,0.0,0.0,0.0,0.0,,0.0,
2024,Poder Ejecutivo,Ramos Administrativos,Defensa Nacional,R018,Aprobado,0.0,0.0,0.0,20881254.0,20881254.0,0.0,0.0,0.0,0.0,0.0,20881254.0,100.0,0.0,0.0
2024,Poder Ejecutivo,Ramos Administrativos,Defensa Nacional,R018,Modificado,0.0,0.0,0.0,320881254.0,320881254.0,0.0,0.0,0.0,0.0,0.0,320881254.0,100.0,0.0,0.0
2024,Poder Ejecutivo,Ramos Administrativos,Defensa Nacional,R018,Devengado,0.0,0.0,0.0,320881254.0,320881254.0,0.0,0.0,0.0,0.0,0.0,320881254.0,100.0,0.0,0.0
2024,Poder Ejecutivo,Ramos Administrativos,Defensa Nacional,R018,Ejercido,0.0,0.0,0.0,320881254.0,320881254.0,0.0,0.0,0.0,0.0,0.0,320881254.0,100.0,0.0,0.0
2024,Poder Ejecutivo,Ramos Administrativos,Defensa Nacional,R018,Porcentaje Ejer/Aprob,0.0,0.0,0.0,0.0,0.0,0.0,0.0,0.0,0.0,0.0,0.0,,0.0,
2024,Poder Ejecutivo,Ramos Administrativos,Defensa Nacional,R018,Porcentaje Ejer/Modif,0.0,0.0,0.0,100.0,100.0,0.0,0.0,0.0,0.0,0.0,100.0,,0.0,
2024,Poder Ejecutivo,Ramos Administrativos,Defensa Nacional,R027,Provisiones para la construcción y fortalecimiento de infraestructura,0.0,0.0,0.0,0.0,0.0,0.0,0.0,0.0,0.0,0.0,0.0,,0.0,
2024,Poder Ejecutivo,Ramos Administrativos,Defensa Nacional,R027,Aprobado,0.0,0.0,0.0,0.0,0.0,0.0,4409087059.0,0.0,0.0,4409087059.0,4409087059.0,0.0,0.0,100.0
2024,Poder Ejecutivo,Ramos Administrativos,Defensa Nacional,R027,Modificado,0.0,0.0,0.0,0.0,0.0,0.0,0.0,0.0,0.0,0.0,0.0,0.0,0.0,0.0
2024,Poder Ejecutivo,Ramos Administrativos,Defensa Nacional,R027,Devengado,0.0,0.0,0.0,0.0,0.0,0.0,0.0,0.0,0.0,0.0,0.0,0.0,0.0,0.0
2024,Poder Ejecutivo,Ramos Administrativos,Defensa Nacional,R027,Ejercido,0.0,0.0,0.0,0.0,0.0,0.0,0.0,0.0,0.0,0.0,0.0,0.0,0.0,0.0
2024,Poder Ejecutivo,Ramos Administrativos,Defensa Nacional,R027,Porcentaje Ejer/Aprob,0.0,0.0,0.0,0.0,0.0,0.0,0.0,0.0,0.0,0.0,0.0,,0.0,
2024,Poder Ejecutivo,Ramos Administrativos,Defensa Nacional,R027,Porcentaje Ejer/Modif,0.0,0.0,0.0,0.0,0.0,0.0,0.0,0.0,0.0,0.0,0.0,,0.0,
2024,Poder Ejecutivo,Ramos Administrativos,Agricultura y Desarrollo Rural,TOTAL,Aprobado,9619358872.0,8930763349.0,55447989087.0,111460850.0,74109572158.0,0.0,0.0,0.0,0.0,0.0,74109572158.0,100.0,0.0,0.0
2024,Poder Ejecutivo,Ramos Administrativos,Agricultura y Desarrollo Rural,TOTAL,Modificado,9989475158.06,9632526044.33,49558396658.72,287590395.12,69467988256.23,0.0,6155346.99,0.0,0.0,6155346.99,69474143603.22,99.99114008943361,0.0,0.0
2024,Poder Ejecutivo,Ramos Administrativos,Agricultura y Desarrollo Rural,TOTAL,Devengado,9989475158.06,9632526044.33,49558396658.72,287590395.12,69467988256.23,0.0,6155346.99,0.0,0.0,6155346.99,69474143603.22,99.99114008943361,0.0,0.0
2024,Poder Ejecutivo,Ramos Administrativos,Agricultura y Desarrollo Rural,TOTAL,Ejercido,9989475158.06,9632526044.33,49558396658.72,287590395.12,69467988256.23,0.0,6155346.99,0.0,0.0,6155346.99,69474143603.22,99.99114008943361,0.0,0.0
2024,Poder Ejecutivo,Ramos Administrativos,Agricultura y Desarrollo Rural,TOTAL,Porcentaje Ejer/Aprob,103.84761906676891,107.85781313316937,89.37816767522622,258.0192014684977,93.73686317892343,0.0,0.0,0.0,0.0,0.0,93.7451689170498,,0.0,
2024,Poder Ejecutivo,Ramos Administrativos,Agricultura y Desarrollo Rural,TOTAL,Porcentaje Ejer/Modif,100.0,100.0,100.0,100.0,100.0,0.0,100.0,0.0,0.0,100.0,100.0,,0.0,
2024,Poder Ejecutivo,Ramos Administrativos,Agricultura y Desarrollo Rural,B004,Adquisición de leche nacional,0.0,0.0,0.0,0.0,0.0,0.0,0.0,0.0,0.0,0.0,0.0,,0.0,
2024,Poder Ejecutivo,Ramos Administrativos,Agricultura y Desarrollo Rural,B004,Aprobado,0.0,3618615544.0,0.0,0.0,3618615544.0,0.0,0.0,0.0,0.0,0.0,3618615544.0,100.0,0.0,0.0
2024,Poder Ejecutivo,Ramos Administrativos,Agricultura y Desarrollo Rural,B004,Modificado,0.0,3914098697.0,0.0,0.0,3914098697.0,0.0,0.0,0.0,0.0,0.0,3914098697.0,100.0,0.0,0.0
2024,Poder Ejecutivo,Ramos Administrativos,Agricultura y Desarrollo Rural,B004,Devengado,0.0,3914098697.0,0.0,0.0,3914098697.0,0.0,0.0,0.0,0.0,0.0,3914098697.0,100.0,0.0,0.0
2024,Poder Ejecutivo,Ramos Administrativos,Agricultura y Desarrollo Rural,B004,Ejercido,0.0,3914098697.0,0.0,0.0,3914098697.0,0.0,0.0,0.0,0.0,0.0,3914098697.0,100.0,0.0,0.0
2024,Poder Ejecutivo,Ramos Administrativos,Agricultura y Desarrollo Rural,B004,Porcentaje Ejer/Aprob,0.0,108.16564095873457,0.0,0.0,108.16564095873457,0.0,0.0,0.0,0.0,0.0,108.16564095873457,,0.0,
2024,Poder Ejecutivo,Ramos Administrativos,Agricultura y Desarrollo Rural,B004,Porcentaje Ejer/Modif,0.0,100.0,0.0,0.0,100.0,0.0,0.0,0.0,0.0,0.0,100.0,,0.0,
2024,Poder Ejecutivo,Ramos Administrativos,Agricultura y Desarrollo Rural,E001,"Desarrollo, aplicación de programas educativos e investigación en materia agroalimentaria",0.0,0.0,0.0,0.0,0.0,0.0,0.0,0.0,0.0,0.0,0.0,,0.0,
2024,Poder Ejecutivo,Ramos Administrativos,Agricultura y Desarrollo Rural,E001,Aprobado,2694419901.0,2250444385.0,2755289.0,61007654.0,5008627229.0,0.0,0.0,0.0,0.0,0.0,5008627229.0,100.0,0.0,0.0
2024,Poder Ejecutivo,Ramos Administrativos,Agricultura y Desarrollo Rural,E001,Modificado,3113290331.36,1875127250.59,3123371.63,60957654.0,5052498607.58,0.0,0.0,0.0,0.0,0.0,5052498607.58,100.0,0.0,0.0
2024,Poder Ejecutivo,Ramos Administrativos,Agricultura y Desarrollo Rural,E001,Devengado,3113290331.36,1875127250.59,3123371.63,60957654.0,5052498607.58,0.0,0.0,0.0,0.0,0.0,5052498607.58,100.0,0.0,0.0
2024,Poder Ejecutivo,Ramos Administrativos,Agricultura y Desarrollo Rural,E001,Ejercido,3113290331.36,1875127250.59,3123371.63,60957654.0,5052498607.58,0.0,0.0,0.0,0.0,0.0,5052498607.58,100.0,0.0,0.0
2024,Poder Ejecutivo,Ramos Administrativos,Agricultura y Desarrollo Rural,E001,Porcentaje Ejer/Aprob,115.54584829946297,83.32253234465067,113.35912965935697,99.91804307046456,100.87591622562735,0.0,0.0,0.0,0.0,0.0,100.87591622562735,,0.0,
2024,Poder Ejecutivo,Ramos Administrativos,Agricultura y Desarrollo Rural,E001,Porcentaje Ejer/Modif,100.0,100.0,100.0,100.0,100.0,0.0,0.0,0.0,0.0,0.0,100.0,,0.0,
2024,Poder Ejecutivo,Ramos Administrativos,Agricultura y Desarrollo Rural,E006,Generación de Proyectos de Investigación,0.0,0.0,0.0,0.0,0.0,0.0,0.0,0.0,0.0,0.0,0.0,,0.0,
2024,Poder Ejecutivo,Ramos Administrativos,Agricultura y Desarrollo Rural,E006,Aprobado,1088848647.0,661391332.0,0.0,0.0,1750239979.0,0.0,0.0,0.0,0.0,0.0,1750239979.0,100.0,0.0,0.0
2024,Poder Ejecutivo,Ramos Administrativos,Agricultura y Desarrollo Rural,E006,Modificado,1066431232.2,598303930.76,0.0,31425.6,1664766588.56,0.0,0.0,0.0,0.0,0.0,1664766588.56,100.0,0.0,0.0
2024,Poder Ejecutivo,Ramos Administrativos,Agricultura y Desarrollo Rural,E006,Devengado,1066431232.2,598303930.76,0.0,31425.6,1664766588.56,0.0,0.0,0.0,0.0,0.0,1664766588.56,100.0,0.0,0.0
2024,Poder Ejecutivo,Ramos Administrativos,Agricultura y Desarrollo Rural,E006,Ejercido,1066431232.2,598303930.76,0.0,31425.6,1664766588.56,0.0,0.0,0.0,0.0,0.0,1664766588.56,100.0,0.0,0.0
2024,Poder Ejecutivo,Ramos Administrativos,Agricultura y Desarrollo Rural,E006,Porcentaje Ejer/Aprob,97.94118173707939,90.46141093968858,0.0,0.0,95.11647594241131,0.0,0.0,0.0,0.0,0.0,95.11647594241131,,0.0,
2024,Poder Ejecutivo,Ramos Administrativos,Agricultura y Desarrollo Rural,E006,Porcentaje Ejer/Modif,100.0,100.0,0.0,100.0,100.0,0.0,0.0,0.0,0.0,0.0,100.0,,0.0,
2024,Poder Ejecutivo,Ramos Administrativos,Agricultura y Desarrollo Rural,G001,"Regulación, supervisión y aplicación de las políticas públicas en materia agropecuaria, acuícola y pesquera",0.0,0.0,0.0,0.0,0.0,0.0,0.0,0.0,0.0,0.0,0.0,,0.0,
2024,Poder Ejecutivo,Ramos Administrativos,Agricultura y Desarrollo Rural,G001,Aprobado,551346438.0,1305561159.0,0.0,26160000.0,1883067597.0,0.0,0.0,0.0,0.0,0.0,1883067597.0,100.0,0.0,0.0
2024,Poder Ejecutivo,Ramos Administrativos,Agricultura y Desarrollo Rural,G001,Modificado,562679397.21,1753218840.1,1937305.0,38649775.45,2356485317.76,0.0,4390693.33,0.0,0.0,4390693.33,2360876011.09,99.81402270558152,0.0,0.18597729441847508
2024,Poder Ejecutivo,Ramos Administrativos,Agricultura y Desarrollo Rural,G001,Devengado,562679397.21,1753218840.1,1937305.0,38649775.45,2356485317.76,0.0,4390693.33,0.0,0.0,4390693.33,2360876011.09,99.81402270558152,0.0,0.18597729441847508
2024,Poder Ejecutivo,Ramos Administrativos,Agricultura y Desarrollo Rural,G001,Ejercido,562679397.21,1753218840.1,1937305.0,38649775.45,2356485317.76,0.0,4390693.33,0.0,0.0,4390693.33,2360876011.09,99.81402270558152,0.0,0.18597729441847508
2024,Poder Ejecutivo,Ramos Administrativos,Agricultura y Desarrollo Rural,G001,Porcentaje Ejer/Aprob,102.05550601743437,134.28852627960265,0.0,147.7437899464832,125.1407714473035,0.0,0.0,0.0,0.0,0.0,125.37393850604292,,0.0,
2024,Poder Ejecutivo,Ramos Administrativos,Agricultura y Desarrollo Rural,G001,Porcentaje Ejer/Modif,100.0,100.0,100.0,100.0,100.0,0.0,100.0,0.0,0.0,100.0,100.0,,0.0,
2024,Poder Ejecutivo,Ramos Administrativos,Agricultura y Desarrollo Rural,M001,Actividades de apoyo administrativo,0.0,0.0,0.0,0.0,0.0,0.0,0.0,0.0,0.0,0.0,0.0,,0.0,
2024,Poder Ejecutivo,Ramos Administrativos,Agricultura y Desarrollo Rural,M001,Aprobado,1956499002.0,502460813.0,0.0,23080503.0,2482040318.0,0.0,0.0,0.0,0.0,0.0,2482040318.0,100.0,0.0,0.0
2024,Poder Ejecutivo,Ramos Administrativos,Agricultura y Desarrollo Rural,M001,Modificado,1879088533.77,395713070.09,0.0,28395501.99,2303197105.85,0.0,0.0,0.0,0.0,0.0,2303197105.85,100.0,0.0,0.0
2024,Poder Ejecutivo,Ramos Administrativos,Agricultura y Desarrollo Rural,M001,Devengado,1879088533.77,395713070.09,0.0,28395501.99,2303197105.85,0.0,0.0,0.0,0.0,0.0,2303197105.85,100.0,0.0,0.0
2024,Poder Ejecutivo,Ramos Administrativos,Agricultura y Desarrollo Rural,M001,Ejercido,1879088533.77,395713070.09,0.0,28395501.99,2303197105.85,0.0,0.0,0.0,0.0,0.0,2303197105.85,100.0,0.0,0.0
2024,Poder Ejecutivo,Ramos Administrativos,Agricultura y Desarrollo Rural,M001,Porcentaje Ejer/Aprob,96.04341897691396,78.75501130672254,0.0,123.02808994240723,92.79450817728416,0.0,0.0,0.0,0.0,0.0,92.79450817728416,,0.0,
2024,Poder Ejecutivo,Ramos Administrativos,Agricultura y Desarrollo Rural,M001,Porcentaje Ejer/Modif,100.0,100.0,0.0,100.0,100.0,0.0,0.0,0.0,0.0,0.0,100.0,,0.0,
2024,Poder Ejecutivo,Ramos Administrativos,Agricultura y Desarrollo Rural,O001,Actividades de apoyo a la función pública y buen gobierno,0.0,0.0,0.0,0.0,0.0,0.0,0.0,0.0,0.0,0.0,0.0,,0.0,
2024,Poder Ejecutivo,Ramos Administrativos,Agricultura y Desarrollo Rural,O001,Aprobado,32942014.0,4458362.0,0.0,0.0,37400376.0,0.0,0.0,0.0,0.0,0.0,37400376.0,100.0,0.0,0.0
2024,Poder Ejecutivo,Ramos Administrativos,Agricultura y Desarrollo Rural,O001,Modificado,40283877.22,3055754.79,0.0,0.0,43339632.01,0.0,0.0,0.0,0.0,0.0,43339632.01,100.0,0.0,0.0
2024,Poder Ejecutivo,Ramos Administrativos,Agricultura y Desarrollo Rural,O001,Devengado,40283877.22,3055754.79,0.0,0.0,43339632.01,0.0,0.0,0.0,0.0,0.0,43339632.01,100.0,0.0,0.0
2024,Poder Ejecutivo,Ramos Administrativos,Agricultura y Desarrollo Rural,O001,Ejercido,40283877.22,3055754.79,0.0,0.0,43339632.01,0.0,0.0,0.0,0.0,0.0,43339632.01,100.0,0.0,0.0
2024,Poder Ejecutivo,Ramos Administrativos,Agricultura y Desarrollo Rural,O001,Porcentaje Ejer/Aprob,122.2872324078303,68.5398536502868,0.0,0.0,115.88020401185271,0.0,0.0,0.0,0.0,0.0,115.88020401185271,,0.0,
2024,Poder Ejecutivo,Ramos Administrativos,Agricultura y Desarrollo Rural,O001,Porcentaje Ejer/Modif,100.0,100.0,0.0,0.0,100.0,0.0,0.0,0.0,0.0,0.0,100.0,,0.0,
2024,Poder Ejecutivo,Ramos Administrativos,Agricultura y Desarrollo Rural,P001,Diseño y Aplicación de la Política Agropecuaria,0.0,0.0,0.0,0.0,0.0,0.0,0.0,0.0,0.0,0.0,0.0,,0.0,
2024,Poder Ejecutivo,Ramos Administrativos,Agricultura y Desarrollo Rural,P001,Aprobado,3295302870.0,587831754.0,0.0,1212693.0,3884347317.0,0.0,0.0,0.0,0.0,0.0,3884347317.0,100.0,0.0,0.0
2024,Poder Ejecutivo,Ramos Administrativos,Agricultura y Desarrollo Rural,P001,Modificado,3278827644.16,530109759.24,0.0,158812438.08,3967749841.48,0.0,1764653.66,0.0,0.0,1764653.66,3969514495.14,99.95554484907008,0.0,0.0
2024,Poder Ejecutivo,Ramos Administrativos,Agricultura y Desarrollo Rural,P001,Devengado,3278827644.16,530109759.24,0.0,158812438.08,3967749841.48,0.0,1764653.66,0.0,0.0,1764653.66,3969514495.14,99.95554484907008,0.0,0.0
2024,Poder Ejecutivo,Ramos Administrativos,Agricultura y Desarrollo Rural,P001,Ejercido,3278827644.16,530109759.24,0.0,158812438.08,3967749841.48,0.0,1764653.66,0.0,0.0,1764653.66,3969514495.14,99.95554484907008,0.0,0.0
2024,Poder Ejecutivo,Ramos Administrativos,Agricultura y Desarrollo Rural,P001,Porcentaje Ejer/Aprob,99.50003910141346,90.18052455192817,0.0,0.0,102.14714384872295,0.0,0.0,0.0,0.0,0.0,102.19257371160562,,0.0,
2024,Poder Ejecutivo,Ramos Administrativos,Agricultura y Desarrollo Rural,P001,Porcentaje Ejer/Modif,100.0,100.0,0.0,100.0,100.0,0.0,100.0,0.0,0.0,100.0,100.0,,0.0,
2024,Poder Ejecutivo,Ramos Administrativos,Agricultura y Desarrollo Rural,S052,"Programa de Abasto Social de Leche a cargo de Liconsa, S.A. de C.V.",0.0,0.0,0.0,0.0,0.0,0.0,0.0,0.0,0.0,0.0,0.0,,0.0,
2024,Poder Ejecutivo,Ramos Administrativos,Agricultura y Desarrollo Rural,S052,Aprobado,0.0,0.0,1424958675.0,0.0,1424958675.0,0.0,0.0,0.0,0.0,0.0,1424958675.0,100.0,0.0,0.0
2024,Poder Ejecutivo,Ramos Administrativos,Agricultura y Desarrollo Rural,S052,Modificado,0.0,0.0,1424958675.0,0.0,1424958675.0,0.0,0.0,0.0,0.0,0.0,1424958675.0,100.0,0.0,0.0
2024,Poder Ejecutivo,Ramos Administrativos,Agricultura y Desarrollo Rural,S052,Devengado,0.0,0.0,1424958675.0,0.0,1424958675.0,0.0,0.0,0.0,0.0,0.0,1424958675.0,100.0,0.0,0.0
2024,Poder Ejecutivo,Ramos Administrativos,Agricultura y Desarrollo Rural,S052,Ejercido,0.0,0.0,1424958675.0,0.0,1424958675.0,0.0,0.0,0.0,0.0,0.0,1424958675.0,100.0,0.0,0.0
2024,Poder Ejecutivo,Ramos Administrativos,Agricultura y Desarrollo Rural,S052,Porcentaje Ejer/Aprob,0.0,0.0,100.0,0.0,100.0,0.0,0.0,0.0,0.0,0.0,100.0,,0.0,
2024,Poder Ejecutivo,Ramos Administrativos,Agricultura y Desarrollo Rural,S052,Porcentaje Ejer/Modif,0.0,0.0,100.0,0.0,100.0,0.0,0.0,0.0,0.0,0.0,100.0,,0.0,
2024,Poder Ejecutivo,Ramos Administrativos,Agricultura y Desarrollo Rural,S053,"Programa de Abasto Rural a cargo de Diconsa, S.A. de C.V. (DICONSA)",0.0,0.0,0.0,0.0,0.0,0.0,0.0,0.0,0.0,0.0,0.0,,0.0,
2024,Poder Ejecutivo,Ramos Administrativos,Agricultura y Desarrollo Rural,S053,Aprobado,0.0,0.0,2465908711.0,0.0,2465908711.0,0.0,0.0,0.0,0.0,0.0,2465908711.0,100.0,0.0,0.0
2024,Poder Ejecutivo,Ramos Administrativos,Agricultura y Desarrollo Rural,S053,Modificado,0.0,0.0,2170394169.16,0.0,2170394169.16,0.0,0.0,0.0,0.0,0.0,2170394169.16,100.0,0.0,0.0
2024,Poder Ejecutivo,Ramos Administrativos,Agricultura y Desarrollo Rural,S053,Devengado,0.0,0.0,2170394169.16,0.0,2170394169.16,0.0,0.0,0.0,0.0,0.0,2170394169.16,100.0,0.0,0.0
2024,Poder Ejecutivo,Ramos Administrativos,Agricultura y Desarrollo Rural,S053,Ejercido,0.0,0.0,2170394169.16,0.0,2170394169.16,0.0,0.0,0.0,0.0,0.0,2170394169.16,100.0,0.0,0.0
2024,Poder Ejecutivo,Ramos Administrativos,Agricultura y Desarrollo Rural,S053,Porcentaje Ejer/Aprob,0.0,0.0,88.01599830027122,0.0,88.01599830027122,0.0,0.0,0.0,0.0,0.0,88.01599830027122,,0.0,
2024,Poder Ejecutivo,Ramos Administrativos,Agricultura y Desarrollo Rural,S053,Porcentaje Ejer/Modif,0.0,0.0,100.0,0.0,100.0,0.0,0.0,0.0,0.0,0.0,100.0,,0.0,
2024,Poder Ejecutivo,Ramos Administrativos,Agricultura y Desarrollo Rural,S263,Sanidad e Inocuidad Agroalimentaria,0.0,0.0,0.0,0.0,0.0,0.0,0.0,0.0,0.0,0.0,0.0,,0.0,
2024,Poder Ejecutivo,Ramos Administrativos,Agricultura y Desarrollo Rural,S263,Aprobado,0.0,0.0,3505483054.0,0.0,3505483054.0,0.0,0.0,0.0,0.0,0.0,3505483054.0,100.0,0.0,0.0
2024,Poder Ejecutivo,Ramos Administrativos,Agricultura y Desarrollo Rural,S263,Modificado,0.0,0.0,3665805563.75,743600.0,3666549163.75,0.0,0.0,0.0,0.0,0.0,3666549163.75,100.0,0.0,0.0
2024,Poder Ejecutivo,Ramos Administrativos,Agricultura y Desarrollo Rural,S263,Devengado,0.0,0.0,3665805563.75,743600.0,3666549163.75,0.0,0.0,0.0,0.0,0.0,3666549163.75,100.0,0.0,0.0
2024,Poder Ejecutivo,Ramos Administrativos,Agricultura y Desarrollo Rural,S263,Ejercido,0.0,0.0,3665805563.75,743600.0,3666549163.75,0.0,0.0,0.0,0.0,0.0,3666549163.75,100.0,0.0,0.0
2024,Poder Ejecutivo,Ramos Administrativos,Agricultura y Desarrollo Rural,S263,Porcentaje Ejer/Aprob,0.0,0.0,104.57347838458557,0.0,104.59469086767407,0.0,0.0,0.0,0.0,0.0,104.59469086767407,,0.0,
2024,Poder Ejecutivo,Ramos Administrativos,Agricultura y Desarrollo Rural,S263,Porcentaje Ejer/Modif,0.0,0.0,100.0,100.0,100.0,0.0,0.0,0.0,0.0,0.0,100.0,,0.0,
2024,Poder Ejecutivo,Ramos Administrativos,Agricultura y Desarrollo Rural,S290,Precios de Garantía a Productos Alimentarios Básicos,0.0,0.0,0.0,0.0,0.0,0.0,0.0,0.0,0.0,0.0,0.0,,0.0,
2024,Poder Ejecutivo,Ramos Administrativos,Agricultura y Desarrollo Rural,S290,Aprobado,0.0,0.0,12534195172.0,0.0,12534195172.0,0.0,0.0,0.0,0.0,0.0,12534195172.0,100.0,0.0,0.0
2024,Poder Ejecutivo,Ramos Administrativos,Agricultura y Desarrollo Rural,S290,Modificado,0.0,0.0,10446520552.15,0.0,10446520552.15,0.0,0.0,0.0,0.0,0.0,10446520552.15,100.0,0.0,0.0
2024,Poder Ejecutivo,Ramos Administrativos,Agricultura y Desarrollo Rural,S290,Devengado,0.0,0.0,10446520552.15,0.0,10446520552.15,0.0,0.0,0.0,0.0,0.0,10446520552.15,100.0,0.0,0.0
2024,Poder Ejecutivo,Ramos Administrativos,Agricultura y Desarrollo Rural,S290,Ejercido,0.0,0.0,10446520552.15,0.0,10446520552.15,0.0,0.0,0.0,0.0,0.0,10446520552.15,100.0,0.0,0.0
2024,Poder Ejecutivo,Ramos Administrativos,Agricultura y Desarrollo Rural,S290,Porcentaje Ejer/Aprob,0.0,0.0,83.3441669672287,0.0,83.3441669672287,0.0,0.0,0.0,0.0,0.0,83.3441669672287,,0.0,
2024,Poder Ejecutivo,Ramos Administrativos,Agricultura y Desarrollo Rural,S290,Porcentaje Ejer/Modif,0.0,0.0,100.0,0.0,100.0,0.0,0.0,0.0,0.0,0.0,100.0,,0.0,
2024,Poder Ejecutivo,Ramos Administrativos,Agricultura y Desarrollo Rural,S292,Fertilizantes,0.0,0.0,0.0,0.0,0.0,0.0,0.0,0.0,0.0,0.0,0.0,,0.0,
2024,Poder Ejecutivo,Ramos Administrativos,Agricultura y Desarrollo Rural,S292,Aprobado,0.0,0.0,17489243340.0,0.0,17489243340.0,0.0,0.0,0.0,0.0,0.0,17489243340.0,100.0,0.0,0.0
2024,Poder Ejecutivo,Ramos Administrativos,Agricultura y Desarrollo Rural,S292,Modificado,45696934.33,247567799.75,14466833064.35,0.0,14760097798.43,0.0,0.0,0.0,0.0,0.0,14760097798.43,100.0,0.0,0.0
2024,Poder Ejecutivo,Ramos Administrativos,Agricultura y Desarrollo Rural,S292,Devengado,45696934.33,247567799.75,14466833064.35,0.0,14760097798.43,0.0,0.0,0.0,0.0,0.0,14760097798.43,100.0,0.0,0.0
2024,Poder Ejecutivo,Ramos Administrativos,Agricultura y Desarrollo Rural,S292,Ejercido,45696934.33,247567799.75,14466833064.35,0.0,14760097798.43,0.0,0.0,0.0,0.0,0.0,14760097798.43,100.0,0.0,0.0
2024,Poder Ejecutivo,Ramos Administrativos,Agricultura y Desarrollo Rural,S292,Porcentaje Ejer/Aprob,0.0,0.0,82.71846176022159,0.0,84.39529093103693,0.0,0.0,0.0,0.0,0.0,84.39529093103693,,0.0,
2024,Poder Ejecutivo,Ramos Administrativos,Agricultura y Desarrollo Rural,S292,Porcentaje Ejer/Modif,100.0,100.0,100.0,0.0,100.0,0.0,0.0,0.0,0.0,0.0,100.0,,0.0,
2024,Poder Ejecutivo,Ramos Administrativos,Agricultura y Desarrollo Rural,S293,Producción para el Bienestar,0.0,0.0,0.0,0.0,0.0,0.0,0.0,0.0,0.0,0.0,0.0,,0.0,
2024,Poder Ejecutivo,Ramos Administrativos,Agricultura y Desarrollo Rural,S293,Aprobado,0.0,0.0,16255212795.0,0.0,16255212795.0,0.0,0.0,0.0,0.0,0.0,16255212795.0,100.0,0.0,0.0
2024,Poder Ejecutivo,Ramos Administrativos,Agricultura y Desarrollo Rural,S293,Modificado,3177207.81,287048330.61,15750177800.0,0.0,16040403338.42,0.0,0.0,0.0,0.0,0.0,16040403338.42,100.0,0.0,0.0
2024,Poder Ejecutivo,Ramos Administrativos,Agricultura y Desarrollo Rural,S293,Devengado,3177207.81,287048330.61,15750177800.0,0.0,16040403338.42,0.0,0.0,0.0,0.0,0.0,16040403338.42,100.0,0.0,0.0
2024,Poder Ejecutivo,Ramos Administrativos,Agricultura y Desarrollo Rural,S293,Ejercido,3177207.81,287048330.61,15750177800.0,0.0,16040403338.42,0.0,0.0,0.0,0.0,0.0,16040403338.42,100.0,0.0,0.0
2024,Poder Ejecutivo,Ramos Administrativos,Agricultura y Desarrollo Rural,S293,Porcentaje Ejer/Aprob,0.0,0.0,96.89308899631665,0.0,98.6785195660676,0.0,0.0,0.0,0.0,0.0,98.6785195660676,,0.0,
2024,Poder Ejecutivo,Ramos Administrativos,Agricultura y Desarrollo Rural,S293,Porcentaje Ejer/Modif,100.0,100.0,100.0,0.0,100.0,0.0,0.0,0.0,0.0,0.0,100.0,,0.0,
2024,Poder Ejecutivo,Ramos Administrativos,Agricultura y Desarrollo Rural,S304,"Programa de Fomento a la Agricultura, Ganadería, Pesca y Acuicultura",0.0,0.0,0.0,0.0,0.0,0.0,0.0,0.0,0.0,0.0,0.0,,0.0,
2024,Poder Ejecutivo,Ramos Administrativos,Agricultura y Desarrollo Rural,S304,Aprobado,0.0,0.0,1770232051.0,0.0,1770232051.0,0.0,0.0,0.0,0.0,0.0,1770232051.0,100.0,0.0,0.0
2024,Poder Ejecutivo,Ramos Administrativos,Agricultura y Desarrollo Rural,S304,Modificado,0.0,28282611.4,1628646157.68,0.0,1656928769.08,0.0,0.0,0.0,0.0,0.0,1656928769.08,100.0,0.0,0.0
2024,Poder Ejecutivo,Ramos Administrativos,Agricultura y Desarrollo Rural,S304,Devengado,0.0,28282611.4,1628646157.68,0.0,1656928769.08,0.0,0.0,0.0,0.0,0.0,1656928769.08,100.0,0.0,0.0
2024,Poder Ejecutivo,Ramos Administrativos,Agricultura y Desarrollo Rural,S304,Ejercido,0.0,28282611.4,1628646157.68,0.0,1656928769.08,0.0,0.0,0.0,0.0,0.0,1656928769.08,100.0,0.0,0.0
2024,Poder Ejecutivo,Ramos Administrativos,Agricultura y Desarrollo Rural,S304,Porcentaje Ejer/Aprob,0.0,0.0,92.00184556369216,0.0,93.59952375418831,0.0,0.0,0.0,0.0,0.0,93.59952375418831,,0.0,
2024,Poder Ejecutivo,Ramos Administrativos,Agricultura y Desarrollo Rural,S304,Porcentaje Ejer/Modif,0.0,100.0,100.0,0.0,100.0,0.0,0.0,0.0,0.0,0.0,100.0,,0.0,
2024,Poder Ejecutivo,Ramos Administrativos,"Infraestructura, Comunicaciones y Transportes",TOTAL,Aprobado,11858371093.0,2917804789.0,0.0,57401606.0,14833577488.0,0.0,70854718551.0,0.0,0.0,70854718551.0,85688296039.0,17.311089347894928,0.0,82.68891065210508
2024,Poder Ejecutivo,Ramos Administrativos,"Infraestructura, Comunicaciones y Transportes",TOTAL,Modificado,12653359825.43,3475459159.6,2759074978.74,342352019.9,19230245983.67,0.0,54800549609.13,662915900.0,0.0,55463465509.13,74693711492.8,25.745468526522036,0.0,74.25453147347795
2024,Poder Ejecutivo,Ramos Administrativos,"Infraestructura, Comunicaciones y Transportes",TOTAL,Devengado,12653359825.43,3475459159.6,2759074978.74,342352019.9,19230245983.67,0.0,54800549609.13,662915900.0,0.0,55463465509.13,74693711492.8,25.745468526522036,0.0,74.25453147347795
2024,Poder Ejecutivo,Ramos Administrativos,"Infraestructura, Comunicaciones y Transportes",TOTAL,Ejercido,12653359825.43,3475459159.6,2759074978.74,342352019.9,19230245983.67,0.0,54800549609.13,662915900.0,0.0,55463465509.13,74693711492.8,25.745468526522036,0.0,74.25453147347795
2024,Poder Ejecutivo,Ramos Administrativos,"Infraestructura, Comunicaciones y Transportes",TOTAL,Porcentaje Ejer/Aprob,106.70402980472826,119.11212061555088,0.0,0.0,129.6399738985878,0.0,77.34213151899758,0.0,0.0,78.27773032392804,87.16909420022083,,0.0,
2024,Poder Ejecutivo,Ramos Administrativos,"Infraestructura, Comunicaciones y Transportes",TOTAL,Porcentaje Ejer/Modif,100.0,100.0,100.0,100.0,100.0,0.0,100.0,100.0,0.0,100.0,100.0,,0.0,
2024,Poder Ejecutivo,Ramos Administrativos,"Infraestructura, Comunicaciones y Transportes",E004,"Estudios técnicos para la construcción, conservación y operación de infraestructura de comunicaciones y transportes",0.0,0.0,0.0,0.0,0.0,0.0,0.0,0.0,0.0,0.0,0.0,,0.0,
2024,Poder Ejecutivo,Ramos Administrativos,"Infraestructura, Comunicaciones y Transportes",E004,Aprobado,64825888.0,0.0,0.0,0.0,64825888.0,0.0,0.0,0.0,0.0,0.0,64825888.0,100.0,0.0,0.0
2024,Poder Ejecutivo,Ramos Administrativos,"Infraestructura, Comunicaciones y Transportes",E004,Modificado,67288526.98,0.0,0.0,0.0,67288526.98,0.0,0.0,0.0,0.0,0.0,67288526.98,100.0,0.0,0.0
2024,Poder Ejecutivo,Ramos Administrativos,"Infraestructura, Comunicaciones y Transportes",E004,Devengado,67288526.98,0.0,0.0,0.0,67288526.98,0.0,0.0,0.0,0.0,0.0,67288526.98,100.0,0.0,0.0
2024,Poder Ejecutivo,Ramos Administrativos,"Infraestructura, Comunicaciones y Transportes",E004,Ejercido,67288526.98,0.0,0.0,0.0,67288526.98,0.0,0.0,0.0,0.0,0.0,67288526.98,100.0,0.0,0.0
2024,Poder Ejecutivo,Ramos Administrativos,"Infraestructura, Comunicaciones y Transportes",E004,Porcentaje Ejer/Aprob,103.79885113181943,0.0,0.0,0.0,103.79885113181943,0.0,0.0,0.0,0.0,0.0,103.79885113181943,,0.0,
2024,Poder Ejecutivo,Ramos Administrativos,"Infraestructura, Comunicaciones y Transportes",E004,Porcentaje Ejer/Modif,100.0,0.0,0.0,0.0,100.0,0.0,0.0,0.0,0.0,0.0,100.0,,0.0,
2024,Poder Ejecutivo,Ramos Administrativos,"Infraestructura, Comunicaciones y Transportes",E009,Internet para Todos,0.0,0.0,0.0,0.0,0.0,0.0,0.0,0.0,0.0,0.0,0.0,,0.0,
2024,Poder Ejecutivo,Ramos Administrativos,"Infraestructura, Comunicaciones y Transportes",E009,Aprobado,0.0,0.0,0.0,0.0,0.0,0.0,0.0,0.0,0.0,0.0,0.0,0.0,0.0,0.0
2024,Poder Ejecutivo,Ramos Administrativos,"Infraestructura, Comunicaciones y Transportes",E009,Modificado,0.0,133169.21,0.0,274672.26,407841.47,0.0,0.0,0.0,0.0,0.0,407841.47,100.0,0.0,0.0
2024,Poder Ejecutivo,Ramos Administrativos,"Infraestructura, Comunicaciones y Transportes",E009,Devengado,0.0,133169.21,0.0,274672.26,407841.47,0.0,0.0,0.0,0.0,0.0,407841.47,100.0,0.0,0.0
2024,Poder Ejecutivo,Ramos Administrativos,"Infraestructura, Comunicaciones y Transportes",E009,Ejercido,0.0,133169.21,0.0,274672.26,407841.47,0.0,0.0,0.0,0.0,0.0,407841.47,100.0,0.0,0.0
2024,Poder Ejecutivo,Ramos Administrativos,"Infraestructura, Comunicaciones y Transportes",E009,Porcentaje Ejer/Aprob,0.0,0.0,0.0,0.0,0.0,0.0,0.0,0.0,0.0,0.0,0.0,,0.0,
2024,Poder Ejecutivo,Ramos Administrativos,"Infraestructura, Comunicaciones y Transportes",E009,Porcentaje Ejer/Modif,0.0,100.0,0.0,100.0,100.0,0.0,0.0,0.0,0.0,0.0,100.0,,0.0,
2024,Poder Ejecutivo,Ramos Administrativos,"Infraestructura, Comunicaciones y Transportes",E010,Servicios de ayudas a la navegación aérea,0.0,0.0,0.0,0.0,0.0,0.0,0.0,0.0,0.0,0.0,0.0,,0.0,
2024,Poder Ejecutivo,Ramos Administrativos,"Infraestructura, Comunicaciones y Transportes",E010,Aprobado,3045859513.0,180933734.0,0.0,1318200.0,3228111447.0,0.0,0.0,0.0,0.0,0.0,3228111447.0,100.0,0.0,0.0
2024,Poder Ejecutivo,Ramos Administrativos,"Infraestructura, Comunicaciones y Transportes",E010,Modificado,3463665372.24,646785259.81,0.0,13748786.16,4124199418.21,0.0,0.0,0.0,0.0,0.0,4124199418.21,100.0,0.0,0.0
2024,Poder Ejecutivo,Ramos Administrativos,"Infraestructura, Comunicaciones y Transportes",E010,Devengado,3463665372.24,646785259.81,0.0,13748786.16,4124199418.21,0.0,0.0,0.0,0.0,0.0,4124199418.21,100.0,0.0,0.0
2024,Poder Ejecutivo,Ramos Administrativos,"Infraestructura, Comunicaciones y Transportes",E010,Ejercido,3463665372.24,646785259.81,0.0,13748786.16,4124199418.21,0.0,0.0,0.0,0.0,0.0,4124199418.21,100.0,0.0,0.0
2024,Poder Ejecutivo,Ramos Administrativos,"Infraestructura, Comunicaciones y Transportes",E010,Porcentaje Ejer/Aprob,113.71717432983259,357.4707963579638,0.0,0.0,127.75889203090453,0.0,0.0,0.0,0.0,0.0,127.75889203090453,,0.0,
2024,Poder Ejecutivo,Ramos Administrativos,"Infraestructura, Comunicaciones y Transportes",E010,Porcentaje Ejer/Modif,100.0,100.0,0.0,100.0,100.0,0.0,0.0,0.0,0.0,0.0,100.0,,0.0,
2024,Poder Ejecutivo,Ramos Administrativos,"Infraestructura, Comunicaciones y Transportes",E012,Servicios de correo,0.0,0.0,0.0,0.0,0.0,0.0,0.0,0.0,0.0,0.0,0.0,,0.0,
2024,Poder Ejecutivo,Ramos Administrativos,"Infraestructura, Comunicaciones y Transportes",E012,Aprobado,1841895015.0,977050763.0,0.0,18131674.0,2837077452.0,0.0,0.0,0.0,0.0,0.0,2837077452.0,100.0,0.0,0.0
2024,Poder Ejecutivo,Ramos Administrativos,"Infraestructura, Comunicaciones y Transportes",E012,Modificado,2839764001.54,1041342283.23,0.0,34436519.6,3915542804.37,0.0,0.0,0.0,0.0,0.0,3915542804.37,100.0,0.0,0.0
2024,Poder Ejecutivo,Ramos Administrativos,"Infraestructura, Comunicaciones y Transportes",E012,Devengado,2839764001.54,1041342283.23,0.0,34436519.6,3915542804.37,0.0,0.0,0.0,0.0,0.0,3915542804.37,100.0,0.0,0.0
2024,Poder Ejecutivo,Ramos Administrativos,"Infraestructura, Comunicaciones y Transportes",E012,Ejercido,2839764001.54,1041342283.23,0.0,34436519.6,3915542804.37,0.0,0.0,0.0,0.0,0.0,3915542804.37,100.0,0.0,0.0
2024,Poder Ejecutivo,Ramos Administrativos,"Infraestructura, Comunicaciones y Transportes",E012,Porcentaje Ejer/Aprob,154.17621408460133,106.58016171366522,0.0,189.92465670847602,138.01325027660894,0.0,0.0,0.0,0.0,0.0,138.01325027660894,,0.0,
2024,Poder Ejecutivo,Ramos Administrativos,"Infraestructura, Comunicaciones y Transportes",E012,Porcentaje Ejer/Modif,100.0,100.0,0.0,100.0,100.0,0.0,0.0,0.0,0.0,0.0,100.0,,0.0,
2024,Poder Ejecutivo,Ramos Administrativos,"Infraestructura, Comunicaciones y Transportes",E013,"Servicios de telecomunicaciones, satelitales, telegráficos y de transferencia de fondos",0.0,0.0,0.0,0.0,0.0,0.0,0.0,0.0,0.0,0.0,0.0,,0.0,
2024,Poder Ejecutivo,Ramos Administrativos,"Infraestructura, Comunicaciones y Transportes",E013,Aprobado,847923284.0,340386040.0,0.0,0.0,1188309324.0,0.0,0.0,0.0,0.0,0.0,1188309324.0,100.0,0.0,0.0
2024,Poder Ejecutivo,Ramos Administrativos,"Infraestructura, Comunicaciones y Transportes",E013,Modificado,1629501561.0,326938327.2,0.0,0.0,1956439888.2,0.0,0.0,0.0,0.0,0.0,1956439888.2,100.0,0.0,0.0
2024,Poder Ejecutivo,Ramos Administrativos,"Infraestructura, Comunicaciones y Transportes",E013,Devengado,1629501561.0,326938327.2,0.0,0.0,1956439888.2,0.0,0.0,0.0,0.0,0.0,1956439888.2,100.0,0.0,0.0
2024,Poder Ejecutivo,Ramos Administrativos,"Infraestructura, Comunicaciones y Transportes",E013,Ejercido,1629501561.0,326938327.2,0.0,0.0,1956439888.2,0.0,0.0,0.0,0.0,0.0,1956439888.2,100.0,0.0,0.0
2024,Poder Ejecutivo,Ramos Administrativos,"Infraestructura, Comunicaciones y Transportes",E013,Porcentaje Ejer/Aprob,192.1755884934515,96.04927605139153,0.0,0.0,164.64062417808648,0.0,0.0,0.0,0.0,0.0,164.64062417808648,,0.0,
2024,Poder Ejecutivo,Ramos Administrativos,"Infraestructura, Comunicaciones y Transportes",E013,Porcentaje Ejer/Modif,100.0,100.0,0.0,0.0,100.0,0.0,0.0,0.0,0.0,0.0,100.0,,0.0,
2024,Poder Ejecutivo,Ramos Administrativos,"Infraestructura, Comunicaciones y Transportes",E015,"Investigación, estudios, proyectos y capacitación en materia de transporte",0.0,0.0,0.0,0.0,0.0,0.0,0.0,0.0,0.0,0.0,0.0,,0.0,
2024,Poder Ejecutivo,Ramos Administrativos,"Infraestructura, Comunicaciones y Transportes",E015,Aprobado,92465405.0,62980696.0,0.0,0.0,155446101.0,0.0,0.0,0.0,0.0,0.0,155446101.0,100.0,0.0,0.0
2024,Poder Ejecutivo,Ramos Administrativos,"Infraestructura, Comunicaciones y Transportes",E015,Modificado,94675514.24,73554089.97,0.0,817767.0,169047371.21,0.0,1714653.63,0.0,0.0,1714653.63,170762024.84,98.99588117931573,0.0,1.0041188206842768
2024,Poder Ejecutivo,Ramos Administrativos,"Infraestructura, Comunicaciones y Transportes",E015,Devengado,94675514.24,73554089.97,0.0,817767.0,169047371.21,0.0,1714653.63,0.0,0.0,1714653.63,170762024.84,98.99588117931573,0.0,1.0041188206842768
2024,Poder Ejecutivo,Ramos Administrativos,"Infraestructura, Comunicaciones y Transportes",E015,Ejercido,94675514.24,73554089.97,0.0,817767.0,169047371.21,0.0,1714653.63,0.0,0.0,1714653.63,170762024.84,98.99588117931573,0.0,1.0041188206842768
2024,Poder Ejecutivo,Ramos Administrativos,"Infraestructura, Comunicaciones y Transportes",E015,Porcentaje Ejer/Aprob,102.39020122174341,116.78830918286454,0.0,0.0,108.74983040584596,0.0,0.0,0.0,0.0,0.0,109.85288388803009,,0.0,
2024,Poder Ejecutivo,Ramos Administrativos,"Infraestructura, Comunicaciones y Transportes",E015,Porcentaje Ejer/Modif,100.0,100.0,0.0,100.0,100.0,0.0,100.0,0.0,0.0,100.0,100.0,,0.0,
2024,Poder Ejecutivo,Ramos Administrativos,"Infraestructura, Comunicaciones y Transportes",E026,Conservación y operación de infraestructura aeroportuaria en la Ciudad de México,0.0,0.0,0.0,0.0,0.0,0.0,0.0,0.0,0.0,0.0,0.0,,0.0,
2024,Poder Ejecutivo,Ramos Administrativos,"Infraestructura, Comunicaciones y Transportes",E026,Aprobado,0.0,0.0,0.0,0.0,0.0,0.0,95805995.0,0.0,0.0,95805995.0,95805995.0,0.0,0.0,100.0
2024,Poder Ejecutivo,Ramos Administrativos,"Infraestructura, Comunicaciones y Transportes",E026,Modificado,0.0,0.0,0.0,0.0,0.0,0.0,0.0,0.0,0.0,0.0,0.0,0.0,0.0,0.0
2024,Poder Ejecutivo,Ramos Administrativos,"Infraestructura, Comunicaciones y Transportes",E026,Devengado,0.0,0.0,0.0,0.0,0.0,0.0,0.0,0.0,0.0,0.0,0.0,0.0,0.0,0.0
2024,Poder Ejecutivo,Ramos Administrativos,"Infraestructura, Comunicaciones y Transportes",E026,Ejercido,0.0,0.0,0.0,0.0,0.0,0.0,0.0,0.0,0.0,0.0,0.0,0.0,0.0,0.0
2024,Poder Ejecutivo,Ramos Administrativos,"Infraestructura, Comunicaciones y Transportes",E026,Porcentaje Ejer/Aprob,0.0,0.0,0.0,0.0,0.0,0.0,0.0,0.0,0.0,0.0,0.0,,0.0,
2024,Poder Ejecutivo,Ramos Administrativos,"Infraestructura, Comunicaciones y Transportes",E026,Porcentaje Ejer/Modif,0.0,0.0,0.0,0.0,0.0,0.0,0.0,0.0,0.0,0.0,0.0,,0.0,
2024,Poder Ejecutivo,Ramos Administrativos,"Infraestructura, Comunicaciones y Transportes",E029,"Investigación, estudios y proyectos en materia espacial",0.0,0.0,0.0,0.0,0.0,0.0,0.0,0.0,0.0,0.0,0.0,,0.0,
2024,Poder Ejecutivo,Ramos Administrativos,"Infraestructura, Comunicaciones y Transportes",E029,Aprobado,39997577.0,28826664.0,0.0,24585.0,68848826.0,0.0,0.0,0.0,0.0,0.0,68848826.0,100.0,0.0,0.0
2024,Poder Ejecutivo,Ramos Administrativos,"Infraestructura, Comunicaciones y Transportes",E029,Modificado,45788917.53,22298145.6,0.0,131766.09,68218829.22,0.0,0.0,0.0,0.0,0.0,68218829.22,100.0,0.0,0.0
2024,Poder Ejecutivo,Ramos Administrativos,"Infraestructura, Comunicaciones y Transportes",E029,Devengado,45788917.53,22298145.6,0.0,131766.09,68218829.22,0.0,0.0,0.0,0.0,0.0,68218829.22,100.0,0.0,0.0
2024,Poder Ejecutivo,Ramos Administrativos,"Infraestructura, Comunicaciones y Transportes",E029,Ejercido,45788917.53,22298145.6,0.0,131766.09,68218829.22,0.0,0.0,0.0,0.0,0.0,68218829.22,100.0,0.0,0.0
2024,Poder Ejecutivo,Ramos Administrativos,"Infraestructura, Comunicaciones y Transportes",E029,Porcentaje Ejer/Aprob,114.4792284042606,77.35250114269206,0.0,0.0,99.08495639417293,0.0,0.0,0.0,0.0,0.0,99.08495639417293,,0.0,
2024,Poder Ejecutivo,Ramos Administrativos,"Infraestructura, Comunicaciones y Transportes",E029,Porcentaje Ejer/Modif,100.0,100.0,0.0,100.0,100.0,0.0,0.0,0.0,0.0,0.0,100.0,,0.0,
2024,Poder Ejecutivo,Ramos Administrativos,"Infraestructura, Comunicaciones y Transportes",E030,Desarrollo de Infraestructura Aeroportuaria,0.0,0.0,0.0,0.0,0.0,0.0,0.0,0.0,0.0,0.0,0.0,,0.0,
2024,Poder Ejecutivo,Ramos Administrativos,"Infraestructura, Comunicaciones y Transportes",E030,Aprobado,168828860.0,91654814.0,0.0,0.0,260483674.0,0.0,0.0,0.0,0.0,0.0,260483674.0,100.0,0.0,0.0
2024,Poder Ejecutivo,Ramos Administrativos,"Infraestructura, Comunicaciones y Transportes",E030,Modificado,0.0,0.0,0.0,0.0,0.0,0.0,0.0,0.0,0.0,0.0,0.0,0.0,0.0,0.0
2024,Poder Ejecutivo,Ramos Administrativos,"Infraestructura, Comunicaciones y Transportes",E030,Devengado,0.0,0.0,0.0,0.0,0.0,0.0,0.0,0.0,0.0,0.0,0.0,0.0,0.0,0.0
2024,Poder Ejecutivo,Ramos Administrativos,"Infraestructura, Comunicaciones y Transportes",E030,Ejercido,0.0,0.0,0.0,0.0,0.0,0.0,0.0,0.0,0.0,0.0,0.0,0.0,0.0,0.0
2024,Poder Ejecutivo,Ramos Administrativos,"Infraestructura, Comunicaciones y Transportes",E030,Porcentaje Ejer/Aprob,0.0,0.0,0.0,0.0,0.0,0.0,0.0,0.0,0.0,0.0,0.0,,0.0,
2024,Poder Ejecutivo,Ramos Administrativos,"Infraestructura, Comunicaciones y Transportes",E030,Porcentaje Ejer/Modif,0.0,0.0,0.0,0.0,0.0,0.0,0.0,0.0,0.0,0.0,0.0,,0.0,
2024,Poder Ejecutivo,Ramos Administrativos,"Infraestructura, Comunicaciones y Transportes",G001,Regulación y supervisión del programa de protección y medicina preventiva en transporte multimodal,0.0,0.0,0.0,0.0,0.0,0.0,0.0,0.0,0.0,0.0,0.0,,0.0,
2024,Poder Ejecutivo,Ramos Administrativos,"Infraestructura, Comunicaciones y Transportes",G001,Aprobado,622790196.0,20826108.0,0.0,0.0,643616304.0,0.0,0.0,0.0,0.0,0.0,643616304.0,100.0,0.0,0.0
2024,Poder Ejecutivo,Ramos Administrativos,"Infraestructura, Comunicaciones y Transportes",G001,Modificado,411818863.71,22193099.95,0.0,0.0,434011963.66,0.0,0.0,0.0,0.0,0.0,434011963.66,100.0,0.0,0.0
2024,Poder Ejecutivo,Ramos Administrativos,"Infraestructura, Comunicaciones y Transportes",G001,Devengado,411818863.71,22193099.95,0.0,0.0,434011963.66,0.0,0.0,0.0,0.0,0.0,434011963.66,100.0,0.0,0.0
2024,Poder Ejecutivo,Ramos Administrativos,"Infraestructura, Comunicaciones y Transportes",G001,Ejercido,411818863.71,22193099.95,0.0,0.0,434011963.66,0.0,0.0,0.0,0.0,0.0,434011963.66,100.0,0.0,0.0
2024,Poder Ejecutivo,Ramos Administrativos,"Infraestructura, Comunicaciones y Transportes",G001,Porcentaje Ejer/Aprob,66.12481480199794,106.56383780397182,0.0,0.0,67.43333892610652,0.0,0.0,0.0,0.0,0.0,67.43333892610652,,0.0,
2024,Poder Ejecutivo,Ramos Administrativos,"Infraestructura, Comunicaciones y Transportes",G001,Porcentaje Ejer/Modif,100.0,100.0,0.0,0.0,100.0,0.0,0.0,0.0,0.0,0.0,100.0,,0.0,
2024,Poder Ejecutivo,Ramos Administrativos,"Infraestructura, Comunicaciones y Transportes",G002,"Supervisión, inspección y verificación del transporte terrestre, marítimo y aéreo",0.0,0.0,0.0,0.0,0.0,0.0,0.0,0.0,0.0,0.0,0.0,,0.0,
2024,Poder Ejecutivo,Ramos Administrativos,"Infraestructura, Comunicaciones y Transportes",G002,Aprobado,1255463351.0,200505249.0,0.0,4174008.0,1460142608.0,0.0,0.0,0.0,0.0,0.0,1460142608.0,100.0,0.0,0.0
2024,Poder Ejecutivo,Ramos Administrativos,"Infraestructura, Comunicaciones y Transportes",G002,Modificado,1210583755.2,300666209.85,0.0,53139530.23,1564389495.28,0.0,0.0,0.0,0.0,0.0,1564389495.28,100.0,0.0,0.0
2024,Poder Ejecutivo,Ramos Administrativos,"Infraestructura, Comunicaciones y Transportes",G002,Devengado,1210583755.2,300666209.85,0.0,53139530.23,1564389495.28,0.0,0.0,0.0,0.0,0.0,1564389495.28,100.0,0.0,0.0
2024,Poder Ejecutivo,Ramos Administrativos,"Infraestructura, Comunicaciones y Transportes",G002,Ejercido,1210583755.2,300666209.85,0.0,53139530.23,1564389495.28,0.0,0.0,0.0,0.0,0.0,1564389495.28,100.0,0.0,0.0
2024,Poder Ejecutivo,Ramos Administrativos,"Infraestructura, Comunicaciones y Transportes",G002,Porcentaje Ejer/Aprob,96.42525639922084,149.95428366566105,0.0,0.0,107.13950039597775,0.0,0.0,0.0,0.0,0.0,107.13950039597775,,0.0,
2024,Poder Ejecutivo,Ramos Administrativos,"Infraestructura, Comunicaciones y Transportes",G002,Porcentaje Ejer/Modif,100.0,100.0,0.0,100.0,100.0,0.0,0.0,0.0,0.0,0.0,100.0,,0.0,
2024,Poder Ejecutivo,Ramos Administrativos,"Infraestructura, Comunicaciones y Transportes",G003,"Supervisión, regulación, inspección, verificación y servicios administrativos de construcción y conservación de carreteras",0.0,0.0,0.0,0.0,0.0,0.0,0.0,0.0,0.0,0.0,0.0,,0.0,
2024,Poder Ejecutivo,Ramos Administrativos,"Infraestructura, Comunicaciones y Transportes",G003,Aprobado,1053941602.0,23812996.0,0.0,0.0,1077754598.0,0.0,15102493262.0,0.0,0.0,15102493262.0,16180247860.0,6.660927615728131,0.0,93.33907238427187
2024,Poder Ejecutivo,Ramos Administrativos,"Infraestructura, Comunicaciones y Transportes",G003,Modificado,852147760.76,21157896.26,0.0,191710918.61,1065016575.63,0.0,15021059520.96,0.0,0.0,15021059520.96,16086076096.59,6.620735655078537,0.0,93.37926434492145
2024,Poder Ejecutivo,Ramos Administrativos,"Infraestructura, Comunicaciones y Transportes",G003,Devengado,852147760.76,21157896.26,0.0,191710918.61,1065016575.63,0.0,15021059520.96,0.0,0.0,15021059520.96,16086076096.59,6.620735655078537,0.0,93.37926434492145
2024,Poder Ejecutivo,Ramos Administrativos,"Infraestructura, Comunicaciones y Transportes",G003,Ejercido,852147760.76,21157896.26,0.0,191710918.61,1065016575.63,0.0,15021059520.96,0.0,0.0,15021059520.96,16086076096.59,6.620735655078537,0.0,93.37926434492145
2024,Poder Ejecutivo,Ramos Administrativos,"Infraestructura, Comunicaciones y Transportes",G003,Porcentaje Ejer/Aprob,80.85341342849847,88.85020708859986,0.0,0.0,98.81809621655634,0.0,99.46079273384018,0.0,0.0,99.46079273384018,99.41798318403511,,0.0,
2024,Poder Ejecutivo,Ramos Administrativos,"Infraestructura, Comunicaciones y Transportes",G003,Porcentaje Ejer/Modif,100.0,100.0,0.0,100.0,100.0,0.0,100.0,0.0,0.0,100.0,100.0,,0.0,
2024,Poder Ejecutivo,Ramos Administrativos,"Infraestructura, Comunicaciones y Transportes",G004,Supervisión y verificación de concesiones en telecomunicaciones,0.0,0.0,0.0,0.0,0.0,0.0,0.0,0.0,0.0,0.0,0.0,,0.0,
2024,Poder Ejecutivo,Ramos Administrativos,"Infraestructura, Comunicaciones y Transportes",G004,Aprobado,74526040.0,74958658.0,0.0,0.0,149484698.0,0.0,0.0,0.0,0.0,0.0,149484698.0,100.0,0.0,0.0
2024,Poder Ejecutivo,Ramos Administrativos,"Infraestructura, Comunicaciones y Transportes",G004,Modificado,69652953.25,32361109.45,0.0,0.0,102014062.7,0.0,0.0,0.0,0.0,0.0,102014062.7,100.0,0.0,0.0
2024,Poder Ejecutivo,Ramos Administrativos,"Infraestructura, Comunicaciones y Transportes",G004,Devengado,69652953.25,32361109.45,0.0,0.0,102014062.7,0.0,0.0,0.0,0.0,0.0,102014062.7,100.0,0.0,0.0
2024,Poder Ejecutivo,Ramos Administrativos,"Infraestructura, Comunicaciones y Transportes",G004,Ejercido,69652953.25,32361109.45,0.0,0.0,102014062.7,0.0,0.0,0.0,0.0,0.0,102014062.7,100.0,0.0,0.0
2024,Poder Ejecutivo,Ramos Administrativos,"Infraestructura, Comunicaciones y Transportes",G004,Porcentaje Ejer/Aprob,93.4612294575158,43.17194345982021,0.0,0.0,68.24381630018077,0.0,0.0,0.0,0.0,0.0,68.24381630018077,,0.0,
2024,Poder Ejecutivo,Ramos Administrativos,"Infraestructura, Comunicaciones y Transportes",G004,Porcentaje Ejer/Modif,100.0,100.0,0.0,0.0,100.0,0.0,0.0,0.0,0.0,0.0,100.0,,0.0,
2024,Poder Ejecutivo,Ramos Administrativos,"Infraestructura, Comunicaciones y Transportes",G008,Derecho de Vía,0.0,0.0,0.0,0.0,0.0,0.0,0.0,0.0,0.0,0.0,0.0,,0.0,
2024,Poder Ejecutivo,Ramos Administrativos,"Infraestructura, Comunicaciones y Transportes",G008,Aprobado,493261024.0,7658386.0,0.0,0.0,500919410.0,0.0,0.0,0.0,0.0,0.0,500919410.0,100.0,0.0,0.0
2024,Poder Ejecutivo,Ramos Administrativos,"Infraestructura, Comunicaciones y Transportes",G008,Modificado,315775654.56,7586350.05,0.0,967132.41,324329137.02,0.0,0.0,0.0,0.0,0.0,324329137.02,100.0,0.0,0.0
2024,Poder Ejecutivo,Ramos Administrativos,"Infraestructura, Comunicaciones y Transportes",G008,Devengado,315775654.56,7586350.05,0.0,967132.41,324329137.02,0.0,0.0,0.0,0.0,0.0,324329137.02,100.0,0.0,0.0
2024,Poder Ejecutivo,Ramos Administrativos,"Infraestructura, Comunicaciones y Transportes",G008,Ejercido,315775654.56,7586350.05,0.0,967132.41,324329137.02,0.0,0.0,0.0,0.0,0.0,324329137.02,100.0,0.0,0.0
2024,Poder Ejecutivo,Ramos Administrativos,"Infraestructura, Comunicaciones y Transportes",G008,Porcentaje Ejer/Aprob,64.0179619300308,99.05938470586361,0.0,0.0,64.74676974885043,0.0,0.0,0.0,0.0,0.0,64.74676974885043,,0.0,
2024,Poder Ejecutivo,Ramos Administrativos,"Infraestructura, Comunicaciones y Transportes",G008,Porcentaje Ejer/Modif,100.0,100.0,0.0,100.0,100.0,0.0,0.0,0.0,0.0,0.0,100.0,,0.0,
2024,Poder Ejecutivo,Ramos Administrativos,"Infraestructura, Comunicaciones y Transportes",K003,Proyectos de construcción de carreteras,0.0,0.0,0.0,0.0,0.0,0.0,0.0,0.0,0.0,0.0,0.0,,0.0,
2024,Poder Ejecutivo,Ramos Administrativos,"Infraestructura, Comunicaciones y Transportes",K003,Aprobado,0.0,0.0,0.0,0.0,0.0,0.0,7471566233.0,0.0,0.0,7471566233.0,7471566233.0,0.0,0.0,100.0
2024,Poder Ejecutivo,Ramos Administrativos,"Infraestructura, Comunicaciones y Transportes",K003,Modificado,0.0,0.0,0.0,0.0,0.0,0.0,12030435647.45,0.0,0.0,12030435647.45,12030435647.45,0.0,0.0,100.0
2024,Poder Ejecutivo,Ramos Administrativos,"Infraestructura, Comunicaciones y Transportes",K003,Devengado,0.0,0.0,0.0,0.0,0.0,0.0,12030435647.45,0.0,0.0,12030435647.45,12030435647.45,0.0,0.0,100.0
2024,Poder Ejecutivo,Ramos Administrativos,"Infraestructura, Comunicaciones y Transportes",K003,Ejercido,0.0,0.0,0.0,0.0,0.0,0.0,12030435647.45,0.0,0.0,12030435647.45,12030435647.45,0.0,0.0,100.0
2024,Poder Ejecutivo,Ramos Administrativos,"Infraestructura, Comunicaciones y Transportes",K003,Porcentaje Ejer/Aprob,0.0,0.0,0.0,0.0,0.0,0.0,161.01624843148198,0.0,0.0,161.01624843148198,161.01624843148198,,0.0,
2024,Poder Ejecutivo,Ramos Administrativos,"Infraestructura, Comunicaciones y Transportes",K003,Porcentaje Ejer/Modif,0.0,0.0,0.0,0.0,0.0,0.0,100.0,0.0,0.0,100.0,100.0,,0.0,
2024,Poder Ejecutivo,Ramos Administrativos,"Infraestructura, Comunicaciones y Transportes",K005,Proyectos de construcción de aeropuertos,0.0,0.0,0.0,0.0,0.0,0.0,0.0,0.0,0.0,0.0,0.0,,0.0,
2024,Poder Ejecutivo,Ramos Administrativos,"Infraestructura, Comunicaciones y Transportes",K005,Aprobado,0.0,0.0,0.0,0.0,0.0,0.0,289663300.0,0.0,0.0,289663300.0,289663300.0,0.0,0.0,100.0
2024,Poder Ejecutivo,Ramos Administrativos,"Infraestructura, Comunicaciones y Transportes",K005,Modificado,0.0,0.0,0.0,0.0,0.0,0.0,0.0,0.0,0.0,0.0,0.0,0.0,0.0,0.0
2024,Poder Ejecutivo,Ramos Administrativos,"Infraestructura, Comunicaciones y Transportes",K005,Devengado,0.0,0.0,0.0,0.0,0.0,0.0,0.0,0.0,0.0,0.0,0.0,0.0,0.0,0.0
2024,Poder Ejecutivo,Ramos Administrativos,"Infraestructura, Comunicaciones y Transportes",K005,Ejercido,0.0,0.0,0.0,0.0,0.0,0.0,0.0,0.0,0.0,0.0,0.0,0.0,0.0,0.0
2024,Poder Ejecutivo,Ramos Administrativos,"Infraestructura, Comunicaciones y Transportes",K005,Porcentaje Ejer/Aprob,0.0,0.0,0.0,0.0,0.0,0.0,0.0,0.0,0.0,0.0,0.0,,0.0,
2024,Poder Ejecutivo,Ramos Administrativos,"Infraestructura, Comunicaciones y Transportes",K005,Porcentaje Ejer/Modif,0.0,0.0,0.0,0.0,0.0,0.0,0.0,0.0,0.0,0.0,0.0,,0.0,
2024,Poder Ejecutivo,Ramos Administrativos,"Infraestructura, Comunicaciones y Transportes",K025,Proyectos de inmuebles (oficinas administrativas),0.0,0.0,0.0,0.0,0.0,0.0,0.0,0.0,0.0,0.0,0.0,,0.0,
2024,Poder Ejecutivo,Ramos Administrativos,"Infraestructura, Comunicaciones y Transportes",K025,Aprobado,0.0,0.0,0.0,0.0,0.0,0.0,0.0,0.0,0.0,0.0,0.0,0.0,0.0,0.0
2024,Poder Ejecutivo,Ramos Administrativos,"Infraestructura, Comunicaciones y Transportes",K025,Modificado,0.0,0.0,0.0,0.0,0.0,0.0,155943668.34,0.0,0.0,155943668.34,155943668.34,0.0,0.0,100.0
2024,Poder Ejecutivo,Ramos Administrativos,"Infraestructura, Comunicaciones y Transportes",K025,Devengado,0.0,0.0,0.0,0.0,0.0,0.0,155943668.34,0.0,0.0,155943668.34,155943668.34,0.0,0.0,100.0
2024,Poder Ejecutivo,Ramos Administrativos,"Infraestructura, Comunicaciones y Transportes",K025,Ejercido,0.0,0.0,0.0,0.0,0.0,0.0,155943668.34,0.0,0.0,155943668.34,155943668.34,0.0,0.0,100.0
2024,Poder Ejecutivo,Ramos Administrativos,"Infraestructura, Comunicaciones y Transportes",K025,Porcentaje Ejer/Aprob,0.0,0.0,0.0,0.0,0.0,0.0,0.0,0.0,0.0,0.0,0.0,,0.0,
2024,Poder Ejecutivo,Ramos Administrativos,"Infraestructura, Comunicaciones y Transportes",K025,Porcentaje Ejer/Modif,0.0,0.0,0.0,0.0,0.0,0.0,100.0,0.0,0.0,100.0,100.0,,0.0,
2024,Poder Ejecutivo,Ramos Administrativos,"Infraestructura, Comunicaciones y Transportes",K027,Mantenimiento de infraestructura,0.0,0.0,0.0,0.0,0.0,0.0,0.0,0.0,0.0,0.0,0.0,,0.0,
2024,Poder Ejecutivo,Ramos Administrativos,"Infraestructura, Comunicaciones y Transportes",K027,Aprobado,0.0,0.0,0.0,0.0,0.0,0.0,1098122982.0,0.0,0.0,1098122982.0,1098122982.0,0.0,0.0,100.0
2024,Poder Ejecutivo,Ramos Administrativos,"Infraestructura, Comunicaciones y Transportes",K027,Modificado,0.0,0.0,0.0,0.0,0.0,0.0,0.0,0.0,0.0,0.0,0.0,0.0,0.0,0.0
2024,Poder Ejecutivo,Ramos Administrativos,"Infraestructura, Comunicaciones y Transportes",K027,Devengado,0.0,0.0,0.0,0.0,0.0,0.0,0.0,0.0,0.0,0.0,0.0,0.0,0.0,0.0
2024,Poder Ejecutivo,Ramos Administrativos,"Infraestructura, Comunicaciones y Transportes",K027,Ejercido,0.0,0.0,0.0,0.0,0.0,0.0,0.0,0.0,0.0,0.0,0.0,0.0,0.0,0.0
2024,Poder Ejecutivo,Ramos Administrativos,"Infraestructura, Comunicaciones y Transportes",K027,Porcentaje Ejer/Aprob,0.0,0.0,0.0,0.0,0.0,0.0,0.0,0.0,0.0,0.0,0.0,,0.0,
2024,Poder Ejecutivo,Ramos Administrativos,"Infraestructura, Comunicaciones y Transportes",K027,Porcentaje Ejer/Modif,0.0,0.0,0.0,0.0,0.0,0.0,0.0,0.0,0.0,0.0,0.0,,0.0,
2024,Poder Ejecutivo,Ramos Administrativos,"Infraestructura, Comunicaciones y Transportes",K028,Estudios de preinversión,0.0,0.0,0.0,0.0,0.0,0.0,0.0,0.0,0.0,0.0,0.0,,0.0,
2024,Poder Ejecutivo,Ramos Administrativos,"Infraestructura, Comunicaciones y Transportes",K028,Aprobado,0.0,0.0,0.0,0.0,0.0,0.0,324160946.0,0.0,0.0,324160946.0,324160946.0,0.0,0.0,100.0
2024,Poder Ejecutivo,Ramos Administrativos,"Infraestructura, Comunicaciones y Transportes",K028,Modificado,0.0,0.0,0.0,0.0,0.0,0.0,1422837575.11,0.0,0.0,1422837575.11,1422837575.11,0.0,0.0,100.0
2024,Poder Ejecutivo,Ramos Administrativos,"Infraestructura, Comunicaciones y Transportes",K028,Devengado,0.0,0.0,0.0,0.0,0.0,0.0,1422837575.11,0.0,0.0,1422837575.11,1422837575.11,0.0,0.0,100.0
2024,Poder Ejecutivo,Ramos Administrativos,"Infraestructura, Comunicaciones y Transportes",K028,Ejercido,0.0,0.0,0.0,0.0,0.0,0.0,1422837575.11,0.0,0.0,1422837575.11,1422837575.11,0.0,0.0,100.0
2024,Poder Ejecutivo,Ramos Administrativos,"Infraestructura, Comunicaciones y Transportes",K028,Porcentaje Ejer/Aprob,0.0,0.0,0.0,0.0,0.0,0.0,438.92936291899883,0.0,0.0,438.92936291899883,438.92936291899883,,0.0,
2024,Poder Ejecutivo,Ramos Administrativos,"Infraestructura, Comunicaciones y Transportes",K028,Porcentaje Ejer/Modif,0.0,0.0,0.0,0.0,0.0,0.0,100.0,0.0,0.0,100.0,100.0,,0.0,
2024,Poder Ejecutivo,Ramos Administrativos,"Infraestructura, Comunicaciones y Transportes",K031,Proyectos de construcción de carreteras alimentadoras y caminos rurales,0.0,0.0,0.0,0.0,0.0,0.0,0.0,0.0,0.0,0.0,0.0,,0.0,
2024,Poder Ejecutivo,Ramos Administrativos,"Infraestructura, Comunicaciones y Transportes",K031,Aprobado,0.0,0.0,0.0,0.0,0.0,0.0,1704000000.0,0.0,0.0,1704000000.0,1704000000.0,0.0,0.0,100.0
2024,Poder Ejecutivo,Ramos Administrativos,"Infraestructura, Comunicaciones y Transportes",K031,Modificado,0.0,0.0,0.0,0.0,0.0,0.0,2171741064.36,0.0,0.0,2171741064.36,2171741064.36,0.0,0.0,100.0
2024,Poder Ejecutivo,Ramos Administrativos,"Infraestructura, Comunicaciones y Transportes",K031,Devengado,0.0,0.0,0.0,0.0,0.0,0.0,2171741064.36,0.0,0.0,2171741064.36,2171741064.36,0.0,0.0,100.0
2024,Poder Ejecutivo,Ramos Administrativos,"Infraestructura, Comunicaciones y Transportes",K031,Ejercido,0.0,0.0,0.0,0.0,0.0,0.0,2171741064.36,0.0,0.0,2171741064.36,2171741064.36,0.0,0.0,100.0
2024,Poder Ejecutivo,Ramos Administrativos,"Infraestructura, Comunicaciones y Transportes",K031,Porcentaje Ejer/Aprob,0.0,0.0,0.0,0.0,0.0,0.0,127.44959297887324,0.0,0.0,127.44959297887324,127.44959297887324,,0.0,
2024,Poder Ejecutivo,Ramos Administrativos,"Infraestructura, Comunicaciones y Transportes",K031,Porcentaje Ejer/Modif,0.0,0.0,0.0,0.0,0.0,0.0,100.0,0.0,0.0,100.0,100.0,,0.0,
2024,Poder Ejecutivo,Ramos Administrativos,"Infraestructura, Comunicaciones y Transportes",K032,Reconstrucción y Conservación de Carreteras,0.0,0.0,0.0,0.0,0.0,0.0,0.0,0.0,0.0,0.0,0.0,,0.0,
2024,Poder Ejecutivo,Ramos Administrativos,"Infraestructura, Comunicaciones y Transportes",K032,Aprobado,0.0,0.0,0.0,0.0,0.0,0.0,11000000000.0,0.0,0.0,11000000000.0,11000000000.0,0.0,0.0,100.0
2024,Poder Ejecutivo,Ramos Administrativos,"Infraestructura, Comunicaciones y Transportes",K032,Modificado,0.0,0.0,0.0,0.0,0.0,0.0,6613025350.48,0.0,0.0,6613025350.48,6613025350.48,0.0,0.0,100.0
2024,Poder Ejecutivo,Ramos Administrativos,"Infraestructura, Comunicaciones y Transportes",K032,Devengado,0.0,0.0,0.0,0.0,0.0,0.0,6613025350.48,0.0,0.0,6613025350.48,6613025350.48,0.0,0.0,100.0
2024,Poder Ejecutivo,Ramos Administrativos,"Infraestructura, Comunicaciones y Transportes",K032,Ejercido,0.0,0.0,0.0,0.0,0.0,0.0,6613025350.48,0.0,0.0,6613025350.48,6613025350.48,0.0,0.0,100.0
2024,Poder Ejecutivo,Ramos Administrativos,"Infraestructura, Comunicaciones y Transportes",K032,Porcentaje Ejer/Aprob,0.0,0.0,0.0,0.0,0.0,0.0,60.118412277090904,0.0,0.0,60.118412277090904,60.118412277090904,,0.0,
2024,Poder Ejecutivo,Ramos Administrativos,"Infraestructura, Comunicaciones y Transportes",K032,Porcentaje Ejer/Modif,0.0,0.0,0.0,0.0,0.0,0.0,100.0,0.0,0.0,100.0,100.0,,0.0,
2024,Poder Ejecutivo,Ramos Administrativos,"Infraestructura, Comunicaciones y Transportes",K033,"Estudios y Proyectos para la construcción, ampliación, modernización, conservación y operación de infraestructura de comunicaciones y transportes",0.0,0.0,0.0,0.0,0.0,0.0,0.0,0.0,0.0,0.0,0.0,,0.0,
2024,Poder Ejecutivo,Ramos Administrativos,"Infraestructura, Comunicaciones y Transportes",K033,Aprobado,0.0,0.0,0.0,0.0,0.0,0.0,524128449.0,0.0,0.0,524128449.0,524128449.0,0.0,0.0,100.0
2024,Poder Ejecutivo,Ramos Administrativos,"Infraestructura, Comunicaciones y Transportes",K033,Modificado,0.0,0.0,0.0,0.0,0.0,0.0,145885348.43,0.0,0.0,145885348.43,145885348.43,0.0,0.0,100.0
2024,Poder Ejecutivo,Ramos Administrativos,"Infraestructura, Comunicaciones y Transportes",K033,Devengado,0.0,0.0,0.0,0.0,0.0,0.0,145885348.43,0.0,0.0,145885348.43,145885348.43,0.0,0.0,100.0
2024,Poder Ejecutivo,Ramos Administrativos,"Infraestructura, Comunicaciones y Transportes",K033,Ejercido,0.0,0.0,0.0,0.0,0.0,0.0,145885348.43,0.0,0.0,145885348.43,145885348.43,0.0,0.0,100.0
2024,Poder Ejecutivo,Ramos Administrativos,"Infraestructura, Comunicaciones y Transportes",K033,Porcentaje Ejer/Aprob,0.0,0.0,0.0,0.0,0.0,0.0,27.833892380453477,0.0,0.0,27.833892380453477,27.833892380453477,,0.0,
2024,Poder Ejecutivo,Ramos Administrativos,"Infraestructura, Comunicaciones y Transportes",K033,Porcentaje Ejer/Modif,0.0,0.0,0.0,0.0,0.0,0.0,100.0,0.0,0.0,100.0,100.0,,0.0,
2024,Poder Ejecutivo,Ramos Administrativos,"Infraestructura, Comunicaciones y Transportes",K037,Conservación de infraestructura de caminos rurales y carreteras alimentadoras,0.0,0.0,0.0,0.0,0.0,0.0,0.0,0.0,0.0,0.0,0.0,,0.0,
2024,Poder Ejecutivo,Ramos Administrativos,"Infraestructura, Comunicaciones y Transportes",K037,Aprobado,0.0,0.0,0.0,0.0,0.0,0.0,1977500000.0,0.0,0.0,1977500000.0,1977500000.0,0.0,0.0,100.0
2024,Poder Ejecutivo,Ramos Administrativos,"Infraestructura, Comunicaciones y Transportes",K037,Modificado,0.0,0.0,0.0,0.0,0.0,0.0,5129197902.45,0.0,0.0,5129197902.45,5129197902.45,0.0,0.0,100.0
2024,Poder Ejecutivo,Ramos Administrativos,"Infraestructura, Comunicaciones y Transportes",K037,Devengado,0.0,0.0,0.0,0.0,0.0,0.0,5129197902.45,0.0,0.0,5129197902.45,5129197902.45,0.0,0.0,100.0
2024,Poder Ejecutivo,Ramos Administrativos,"Infraestructura, Comunicaciones y Transportes",K037,Ejercido,0.0,0.0,0.0,0.0,0.0,0.0,5129197902.45,0.0,0.0,5129197902.45,5129197902.45,0.0,0.0,100.0
2024,Poder Ejecutivo,Ramos Administrativos,"Infraestructura, Comunicaciones y Transportes",K037,Porcentaje Ejer/Aprob,0.0,0.0,0.0,0.0,0.0,0.0,259.37789645764855,0.0,0.0,259.37789645764855,259.37789645764855,,0.0,
2024,Poder Ejecutivo,Ramos Administrativos,"Infraestructura, Comunicaciones y Transportes",K037,Porcentaje Ejer/Modif,0.0,0.0,0.0,0.0,0.0,0.0,100.0,0.0,0.0,100.0,100.0,,0.0,
2024,Poder Ejecutivo,Ramos Administrativos,"Infraestructura, Comunicaciones y Transportes",K039,Estudios y proyectos de construcción de caminos rurales y carreteras alimentadoras,0.0,0.0,0.0,0.0,0.0,0.0,0.0,0.0,0.0,0.0,0.0,,0.0,
2024,Poder Ejecutivo,Ramos Administrativos,"Infraestructura, Comunicaciones y Transportes",K039,Aprobado,0.0,0.0,0.0,0.0,0.0,0.0,500000000.0,0.0,0.0,500000000.0,500000000.0,0.0,0.0,100.0
2024,Poder Ejecutivo,Ramos Administrativos,"Infraestructura, Comunicaciones y Transportes",K039,Modificado,0.0,0.0,0.0,0.0,0.0,0.0,174451982.66,0.0,0.0,174451982.66,174451982.66,0.0,0.0,100.0
2024,Poder Ejecutivo,Ramos Administrativos,"Infraestructura, Comunicaciones y Transportes",K039,Devengado,0.0,0.0,0.0,0.0,0.0,0.0,174451982.66,0.0,0.0,174451982.66,174451982.66,0.0,0.0,100.0
2024,Poder Ejecutivo,Ramos Administrativos,"Infraestructura, Comunicaciones y Transportes",K039,Ejercido,0.0,0.0,0.0,0.0,0.0,0.0,174451982.66,0.0,0.0,174451982.66,174451982.66,0.0,0.0,100.0
2024,Poder Ejecutivo,Ramos Administrativos,"Infraestructura, Comunicaciones y Transportes",K039,Porcentaje Ejer/Aprob,0.0,0.0,0.0,0.0,0.0,0.0,34.890396532000004,0.0,0.0,34.890396532000004,34.890396532000004,,0.0,
2024,Poder Ejecutivo,Ramos Administrativos,"Infraestructura, Comunicaciones y Transportes",K039,Porcentaje Ejer/Modif,0.0,0.0,0.0,0.0,0.0,0.0,100.0,0.0,0.0,100.0,100.0,,0.0,
2024,Poder Ejecutivo,Ramos Administrativos,"Infraestructura, Comunicaciones y Transportes",K040,Proyectos Ferroviarios para Transporte de Carga y Pasajeros,0.0,0.0,0.0,0.0,0.0,0.0,0.0,0.0,0.0,0.0,0.0,,0.0,
2024,Poder Ejecutivo,Ramos Administrativos,"Infraestructura, Comunicaciones y Transportes",K040,Aprobado,0.0,0.0,0.0,0.0,0.0,0.0,4000000000.0,0.0,0.0,4000000000.0,4000000000.0,0.0,0.0,100.0
2024,Poder Ejecutivo,Ramos Administrativos,"Infraestructura, Comunicaciones y Transportes",K040,Modificado,0.0,0.0,0.0,0.0,0.0,0.0,5686557865.07,0.0,0.0,5686557865.07,5686557865.07,0.0,0.0,100.0
2024,Poder Ejecutivo,Ramos Administrativos,"Infraestructura, Comunicaciones y Transportes",K040,Devengado,0.0,0.0,0.0,0.0,0.0,0.0,5686557865.07,0.0,0.0,5686557865.07,5686557865.07,0.0,0.0,100.0
2024,Poder Ejecutivo,Ramos Administrativos,"Infraestructura, Comunicaciones y Transportes",K040,Ejercido,0.0,0.0,0.0,0.0,0.0,0.0,5686557865.07,0.0,0.0,5686557865.07,5686557865.07,0.0,0.0,100.0
2024,Poder Ejecutivo,Ramos Administrativos,"Infraestructura, Comunicaciones y Transportes",K040,Porcentaje Ejer/Aprob,0.0,0.0,0.0,0.0,0.0,0.0,142.16394662674998,0.0,0.0,142.16394662674998,142.16394662674998,,0.0,
2024,Poder Ejecutivo,Ramos Administrativos,"Infraestructura, Comunicaciones y Transportes",K040,Porcentaje Ejer/Modif,0.0,0.0,0.0,0.0,0.0,0.0,100.0,0.0,0.0,100.0,100.0,,0.0,
2024,Poder Ejecutivo,Ramos Administrativos,"Infraestructura, Comunicaciones y Transportes",K041,Proyectos de Transporte Masivo de Pasajeros,0.0,0.0,0.0,0.0,0.0,0.0,0.0,0.0,0.0,0.0,0.0,,0.0,
2024,Poder Ejecutivo,Ramos Administrativos,"Infraestructura, Comunicaciones y Transportes",K041,Aprobado,0.0,0.0,0.0,0.0,0.0,0.0,5091956833.0,0.0,0.0,5091956833.0,5091956833.0,0.0,0.0,100.0
2024,Poder Ejecutivo,Ramos Administrativos,"Infraestructura, Comunicaciones y Transportes",K041,Modificado,0.0,0.0,0.0,0.0,0.0,0.0,5256772957.85,0.0,0.0,5256772957.85,5256772957.85,0.0,0.0,100.0
2024,Poder Ejecutivo,Ramos Administrativos,"Infraestructura, Comunicaciones y Transportes",K041,Devengado,0.0,0.0,0.0,0.0,0.0,0.0,5256772957.85,0.0,0.0,5256772957.85,5256772957.85,0.0,0.0,100.0
2024,Poder Ejecutivo,Ramos Administrativos,"Infraestructura, Comunicaciones y Transportes",K041,Ejercido,0.0,0.0,0.0,0.0,0.0,0.0,5256772957.85,0.0,0.0,5256772957.85,5256772957.85,0.0,0.0,100.0
2024,Poder Ejecutivo,Ramos Administrativos,"Infraestructura, Comunicaciones y Transportes",K041,Porcentaje Ejer/Aprob,0.0,0.0,0.0,0.0,0.0,0.0,103.2367934421961,0.0,0.0,103.2367934421961,103.2367934421961,,0.0,
2024,Poder Ejecutivo,Ramos Administrativos,"Infraestructura, Comunicaciones y Transportes",K041,Porcentaje Ejer/Modif,0.0,0.0,0.0,0.0,0.0,0.0,100.0,0.0,0.0,100.0,100.0,,0.0,
2024,Poder Ejecutivo,Ramos Administrativos,"Infraestructura, Comunicaciones y Transportes",K045,Sistema Satelital,0.0,0.0,0.0,0.0,0.0,0.0,0.0,0.0,0.0,0.0,0.0,,0.0,
2024,Poder Ejecutivo,Ramos Administrativos,"Infraestructura, Comunicaciones y Transportes",K045,Aprobado,0.0,0.0,0.0,0.0,0.0,0.0,139942239.0,0.0,0.0,139942239.0,139942239.0,0.0,0.0,100.0
2024,Poder Ejecutivo,Ramos Administrativos,"Infraestructura, Comunicaciones y Transportes",K045,Modificado,0.0,0.0,0.0,0.0,0.0,0.0,228314804.37,0.0,0.0,228314804.37,228314804.37,0.0,0.0,100.0
2024,Poder Ejecutivo,Ramos Administrativos,"Infraestructura, Comunicaciones y Transportes",K045,Devengado,0.0,0.0,0.0,0.0,0.0,0.0,228314804.37,0.0,0.0,228314804.37,228314804.37,0.0,0.0,100.0
2024,Poder Ejecutivo,Ramos Administrativos,"Infraestructura, Comunicaciones y Transportes",K045,Ejercido,0.0,0.0,0.0,0.0,0.0,0.0,228314804.37,0.0,0.0,228314804.37,228314804.37,0.0,0.0,100.0
2024,Poder Ejecutivo,Ramos Administrativos,"Infraestructura, Comunicaciones y Transportes",K045,Porcentaje Ejer/Aprob,0.0,0.0,0.0,0.0,0.0,0.0,163.14931503275434,0.0,0.0,163.14931503275434,163.14931503275434,,0.0,
2024,Poder Ejecutivo,Ramos Administrativos,"Infraestructura, Comunicaciones y Transportes",K045,Porcentaje Ejer/Modif,0.0,0.0,0.0,0.0,0.0,0.0,100.0,0.0,0.0,100.0,100.0,,0.0,
2024,Poder Ejecutivo,Ramos Administrativos,"Infraestructura, Comunicaciones y Transportes",K048,Servicios relacionados para la liberación del derecho de vía,0.0,0.0,0.0,0.0,0.0,0.0,0.0,0.0,0.0,0.0,0.0,,0.0,
2024,Poder Ejecutivo,Ramos Administrativos,"Infraestructura, Comunicaciones y Transportes",K048,Aprobado,0.0,0.0,0.0,0.0,0.0,0.0,1349447559.0,0.0,0.0,1349447559.0,1349447559.0,0.0,0.0,100.0
2024,Poder Ejecutivo,Ramos Administrativos,"Infraestructura, Comunicaciones y Transportes",K048,Modificado,0.0,0.0,0.0,0.0,0.0,0.0,762611267.97,0.0,0.0,762611267.97,762611267.97,0.0,0.0,100.0
2024,Poder Ejecutivo,Ramos Administrativos,"Infraestructura, Comunicaciones y Transportes",K048,Devengado,0.0,0.0,0.0,0.0,0.0,0.0,762611267.97,0.0,0.0,762611267.97,762611267.97,0.0,0.0,100.0
2024,Poder Ejecutivo,Ramos Administrativos,"Infraestructura, Comunicaciones y Transportes",K048,Ejercido,0.0,0.0,0.0,0.0,0.0,0.0,762611267.97,0.0,0.0,762611267.97,762611267.97,0.0,0.0,100.0
2024,Poder Ejecutivo,Ramos Administrativos,"Infraestructura, Comunicaciones y Transportes",K048,Porcentaje Ejer/Aprob,0.0,0.0,0.0,0.0,0.0,0.0,56.512849490433595,0.0,0.0,56.512849490433595,56.512849490433595,,0.0,
2024,Poder Ejecutivo,Ramos Administrativos,"Infraestructura, Comunicaciones y Transportes",K048,Porcentaje Ejer/Modif,0.0,0.0,0.0,0.0,0.0,0.0,100.0,0.0,0.0,100.0,100.0,,0.0,
2024,Poder Ejecutivo,Ramos Administrativos,"Infraestructura, Comunicaciones y Transportes",M001,Actividades de apoyo administrativo,0.0,0.0,0.0,0.0,0.0,0.0,0.0,0.0,0.0,0.0,0.0,,0.0,
2024,Poder Ejecutivo,Ramos Administrativos,"Infraestructura, Comunicaciones y Transportes",M001,Aprobado,1656930805.0,801664961.0,0.0,10074352.0,2468670118.0,0.0,0.0,0.0,0.0,0.0,2468670118.0,100.0,0.0,0.0
2024,Poder Ejecutivo,Ramos Administrativos,"Infraestructura, Comunicaciones y Transportes",M001,Modificado,1150266085.11,921297962.3,0.0,10552486.18,2082116533.59,0.0,0.0,0.0,0.0,0.0,2082116533.59,100.0,0.0,0.0
2024,Poder Ejecutivo,Ramos Administrativos,"Infraestructura, Comunicaciones y Transportes",M001,Devengado,1150266085.11,921297962.3,0.0,10552486.18,2082116533.59,0.0,0.0,0.0,0.0,0.0,2082116533.59,100.0,0.0,0.0
2024,Poder Ejecutivo,Ramos Administrativos,"Infraestructura, Comunicaciones y Transportes",M001,Ejercido,1150266085.11,921297962.3,0.0,10552486.18,2082116533.59,0.0,0.0,0.0,0.0,0.0,2082116533.59,100.0,0.0,0.0
2024,Poder Ejecutivo,Ramos Administrativos,"Infraestructura, Comunicaciones y Transportes",M001,Porcentaje Ejer/Aprob,69.42149193188547,114.92306725627242,0.0,104.74605393974718,84.34162662757196,0.0,0.0,0.0,0.0,0.0,84.34162662757196,,0.0,
2024,Poder Ejecutivo,Ramos Administrativos,"Infraestructura, Comunicaciones y Transportes",M001,Porcentaje Ejer/Modif,100.0,100.0,0.0,100.0,100.0,0.0,0.0,0.0,0.0,0.0,100.0,,0.0,
2024,Poder Ejecutivo,Ramos Administrativos,"Infraestructura, Comunicaciones y Transportes",O001,Actividades de apoyo a la función pública y buen gobierno,0.0,0.0,0.0,0.0,0.0,0.0,0.0,0.0,0.0,0.0,0.0,,0.0,
2024,Poder Ejecutivo,Ramos Administrativos,"Infraestructura, Comunicaciones y Transportes",O001,Aprobado,14985547.0,1704500.0,0.0,0.0,16690047.0,0.0,0.0,0.0,0.0,0.0,16690047.0,100.0,0.0,0.0
2024,Poder Ejecutivo,Ramos Administrativos,"Infraestructura, Comunicaciones y Transportes",O001,Modificado,15475805.15,1370161.64,0.0,0.0,16845966.79,0.0,0.0,0.0,0.0,0.0,16845966.79,100.0,0.0,0.0
2024,Poder Ejecutivo,Ramos Administrativos,"Infraestructura, Comunicaciones y Transportes",O001,Devengado,15475805.15,1370161.64,0.0,0.0,16845966.79,0.0,0.0,0.0,0.0,0.0,16845966.79,100.0,0.0,0.0
2024,Poder Ejecutivo,Ramos Administrativos,"Infraestructura, Comunicaciones y Transportes",O001,Ejercido,15475805.15,1370161.64,0.0,0.0,16845966.79,0.0,0.0,0.0,0.0,0.0,16845966.79,100.0,0.0,0.0
2024,Poder Ejecutivo,Ramos Administrativos,"Infraestructura, Comunicaciones y Transportes",O001,Porcentaje Ejer/Aprob,103.2715399044159,80.38495981226166,0.0,0.0,100.93420821403318,0.0,0.0,0.0,0.0,0.0,100.93420821403318,,0.0,
2024,Poder Ejecutivo,Ramos Administrativos,"Infraestructura, Comunicaciones y Transportes",O001,Porcentaje Ejer/Modif,100.0,100.0,0.0,0.0,100.0,0.0,0.0,0.0,0.0,0.0,100.0,,0.0,
2024,Poder Ejecutivo,Ramos Administrativos,"Infraestructura, Comunicaciones y Transportes",P001,"Definición, conducción y supervisión de la política de comunicaciones y transportes",0.0,0.0,0.0,0.0,0.0,0.0,0.0,0.0,0.0,0.0,0.0,,0.0,
2024,Poder Ejecutivo,Ramos Administrativos,"Infraestructura, Comunicaciones y Transportes",P001,Aprobado,584676986.0,104841220.0,0.0,23678787.0,713196993.0,0.0,0.0,0.0,0.0,0.0,713196993.0,100.0,0.0,0.0
2024,Poder Ejecutivo,Ramos Administrativos,"Infraestructura, Comunicaciones y Transportes",P001,Modificado,486955054.16,57775095.08,0.0,36572441.36,581302590.6,0.0,0.0,0.0,0.0,0.0,581302590.6,100.0,0.0,0.0
2024,Poder Ejecutivo,Ramos Administrativos,"Infraestructura, Comunicaciones y Transportes",P001,Devengado,486955054.16,57775095.08,0.0,36572441.36,581302590.6,0.0,0.0,0.0,0.0,0.0,581302590.6,100.0,0.0,0.0
2024,Poder Ejecutivo,Ramos Administrativos,"Infraestructura, Comunicaciones y Transportes",P001,Ejercido,486955054.16,57775095.08,0.0,36572441.36,581302590.6,0.0,0.0,0.0,0.0,0.0,581302590.6,100.0,0.0,0.0
2024,Poder Ejecutivo,Ramos Administrativos,"Infraestructura, Comunicaciones y Transportes",P001,Porcentaje Ejer/Aprob,83.28616754551034,55.107232708661726,0.0,154.4523431880189,81.50659583613809,0.0,0.0,0.0,0.0,0.0,81.50659583613809,,0.0,
2024,Poder Ejecutivo,Ramos Administrativos,"Infraestructura, Comunicaciones y Transportes",P001,Porcentaje Ejer/Modif,100.0,100.0,0.0,100.0,100.0,0.0,0.0,0.0,0.0,0.0,100.0,,0.0,
2024,Poder Ejecutivo,Ramos Administrativos,"Infraestructura, Comunicaciones y Transportes",R025,Provisiones para la modernización y rehabilitación de la infraestructura aeroportuaria y de conectividad,0.0,0.0,0.0,0.0,0.0,0.0,0.0,0.0,0.0,0.0,0.0,,0.0,
2024,Poder Ejecutivo,Ramos Administrativos,"Infraestructura, Comunicaciones y Transportes",R025,Aprobado,0.0,0.0,0.0,0.0,0.0,0.0,16407723.0,0.0,0.0,16407723.0,16407723.0,0.0,0.0,100.0
2024,Poder Ejecutivo,Ramos Administrativos,"Infraestructura, Comunicaciones y Transportes",R025,Modificado,0.0,0.0,0.0,0.0,0.0,0.0,0.0,0.0,0.0,0.0,0.0,0.0,0.0,0.0
2024,Poder Ejecutivo,Ramos Administrativos,"Infraestructura, Comunicaciones y Transportes",R025,Devengado,0.0,0.0,0.0,0.0,0.0,0.0,0.0,0.0,0.0,0.0,0.0,0.0,0.0,0.0
2024,Poder Ejecutivo,Ramos Administrativos,"Infraestructura, Comunicaciones y Transportes",R025,Ejercido,0.0,0.0,0.0,0.0,0.0,0.0,0.0,0.0,0.0,0.0,0.0,0.0,0.0,0.0
2024,Poder Ejecutivo,Ramos Administrativos,"Infraestructura, Comunicaciones y Transportes",R025,Porcentaje Ejer/Aprob,0.0,0.0,0.0,0.0,0.0,0.0,0.0,0.0,0.0,0.0,0.0,,0.0,
2024,Poder Ejecutivo,Ramos Administrativos,"Infraestructura, Comunicaciones y Transportes",R025,Porcentaje Ejer/Modif,0.0,0.0,0.0,0.0,0.0,0.0,0.0,0.0,0.0,0.0,0.0,,0.0,
2024,Poder Ejecutivo,Ramos Administrativos,"Infraestructura, Comunicaciones y Transportes",R026,"Provisiones para el desarrollo, modernización y rehabilitación de infraestructura de Comunicaciones y Transportes",0.0,0.0,0.0,0.0,0.0,0.0,0.0,0.0,0.0,0.0,0.0,,0.0,
2024,Poder Ejecutivo,Ramos Administrativos,"Infraestructura, Comunicaciones y Transportes",R026,Aprobado,0.0,0.0,0.0,0.0,0.0,0.0,12980442767.0,0.0,0.0,12980442767.0,12980442767.0,0.0,0.0,100.0
2024,Poder Ejecutivo,Ramos Administrativos,"Infraestructura, Comunicaciones y Transportes",R026,Modificado,0.0,0.0,0.0,0.0,0.0,0.0,0.0,0.0,0.0,0.0,0.0,0.0,0.0,0.0
2024,Poder Ejecutivo,Ramos Administrativos,"Infraestructura, Comunicaciones y Transportes",R026,Devengado,0.0,0.0,0.0,0.0,0.0,0.0,0.0,0.0,0.0,0.0,0.0,0.0,0.0,0.0
2024,Poder Ejecutivo,Ramos Administrativos,"Infraestructura, Comunicaciones y Transportes",R026,Ejercido,0.0,0.0,0.0,0.0,0.0,0.0,0.0,0.0,0.0,0.0,0.0,0.0,0.0,0.0
2024,Poder Ejecutivo,Ramos Administrativos,"Infraestructura, Comunicaciones y Transportes",R026,Porcentaje Ejer/Aprob,0.0,0.0,0.0,0.0,0.0,0.0,0.0,0.0,0.0,0.0,0.0,,0.0,
2024,Poder Ejecutivo,Ramos Administrativos,"Infraestructura, Comunicaciones y Transportes",R026,Porcentaje Ejer/Modif,0.0,0.0,0.0,0.0,0.0,0.0,0.0,0.0,0.0,0.0,0.0,,0.0,
2024,Poder Ejecutivo,Ramos Administrativos,"Infraestructura, Comunicaciones y Transportes",R027,Fortalecimiento para el Desarrollo de la Infraestructura estatal,0.0,0.0,0.0,0.0,0.0,0.0,0.0,0.0,0.0,0.0,0.0,,0.0,
2024,Poder Ejecutivo,Ramos Administrativos,"Infraestructura, Comunicaciones y Transportes",R027,Aprobado,0.0,0.0,0.0,0.0,0.0,0.0,7189080263.0,0.0,0.0,7189080263.0,7189080263.0,0.0,0.0,100.0
2024,Poder Ejecutivo,Ramos Administrativos,"Infraestructura, Comunicaciones y Transportes",R027,Modificado,0.0,0.0,0.0,0.0,0.0,0.0,0.0,0.0,0.0,0.0,0.0,0.0,0.0,0.0
2024,Poder Ejecutivo,Ramos Administrativos,"Infraestructura, Comunicaciones y Transportes",R027,Devengado,0.0,0.0,0.0,0.0,0.0,0.0,0.0,0.0,0.0,0.0,0.0,0.0,0.0,0.0
2024,Poder Ejecutivo,Ramos Administrativos,"Infraestructura, Comunicaciones y Transportes",R027,Ejercido,0.0,0.0,0.0,0.0,0.0,0.0,0.0,0.0,0.0,0.0,0.0,0.0,0.0,0.0
2024,Poder Ejecutivo,Ramos Administrativos,"Infraestructura, Comunicaciones y Transportes",R027,Porcentaje Ejer/Aprob,0.0,0.0,0.0,0.0,0.0,0.0,0.0,0.0,0.0,0.0,0.0,,0.0,
2024,Poder Ejecutivo,Ramos Administrativos,"Infraestructura, Comunicaciones y Transportes",R027,Porcentaje Ejer/Modif,0.0,0.0,0.0,0.0,0.0,0.0,0.0,0.0,0.0,0.0,0.0,,0.0,
2024,Poder Ejecutivo,Ramos Administrativos,"Infraestructura, Comunicaciones y Transportes",U004,Mejora en la conectividad municipal a través de caminos rurales y carreteras alimentadoras,0.0,0.0,0.0,0.0,0.0,0.0,0.0,0.0,0.0,0.0,0.0,,0.0,
2024,Poder Ejecutivo,Ramos Administrativos,"Infraestructura, Comunicaciones y Transportes",U004,Aprobado,0.0,0.0,0.0,0.0,0.0,0.0,0.0,0.0,0.0,0.0,0.0,0.0,0.0,0.0
2024,Poder Ejecutivo,Ramos Administrativos,"Infraestructura, Comunicaciones y Transportes",U004,Modificado,0.0,0.0,0.0,0.0,0.0,0.0,0.0,662915900.0,0.0,662915900.0,662915900.0,0.0,0.0,100.0
2024,Poder Ejecutivo,Ramos Administrativos,"Infraestructura, Comunicaciones y Transportes",U004,Devengado,0.0,0.0,0.0,0.0,0.0,0.0,0.0,662915900.0,0.0,662915900.0,662915900.0,0.0,0.0,100.0
2024,Poder Ejecutivo,Ramos Administrativos,"Infraestructura, Comunicaciones y Transportes",U004,Ejercido,0.0,0.0,0.0,0.0,0.0,0.0,0.0,662915900.0,0.0,662915900.0,662915900.0,0.0,0.0,100.0
2024,Poder Ejecutivo,Ramos Administrativos,"Infraestructura, Comunicaciones y Transportes",U004,Porcentaje Ejer/Aprob,0.0,0.0,0.0,0.0,0.0,0.0,0.0,0.0,0.0,0.0,0.0,,0.0,
2024,Poder Ejecutivo,Ramos Administrativos,"Infraestructura, Comunicaciones y Transportes",U004,Porcentaje Ejer/Modif,0.0,0.0,0.0,0.0,0.0,0.0,0.0,100.0,0.0,100.0,100.0,,0.0,
2024,Poder Ejecutivo,Ramos Administrativos,"Infraestructura, Comunicaciones y Transportes",U005,Conectividad para el Bienestar,0.0,0.0,0.0,0.0,0.0,0.0,0.0,0.0,0.0,0.0,0.0,,0.0,
2024,Poder Ejecutivo,Ramos Administrativos,"Infraestructura, Comunicaciones y Transportes",U005,Aprobado,0.0,0.0,0.0,0.0,0.0,0.0,0.0,0.0,0.0,0.0,0.0,0.0,0.0,0.0
2024,Poder Ejecutivo,Ramos Administrativos,"Infraestructura, Comunicaciones y Transportes",U005,Modificado,0.0,0.0,2759074978.74,0.0,2759074978.74,0.0,0.0,0.0,0.0,0.0,2759074978.74,100.0,0.0,0.0
2024,Poder Ejecutivo,Ramos Administrativos,"Infraestructura, Comunicaciones y Transportes",U005,Devengado,0.0,0.0,2759074978.74,0.0,2759074978.74,0.0,0.0,0.0,0.0,0.0,2759074978.74,100.0,0.0,0.0
2024,Poder Ejecutivo,Ramos Administrativos,"Infraestructura, Comunicaciones y Transportes",U005,Ejercido,0.0,0.0,2759074978.74,0.0,2759074978.74,0.0,0.0,0.0,0.0,0.0,2759074978.74,100.0,0.0,0.0
2024,Poder Ejecutivo,Ramos Administrativos,"Infraestructura, Comunicaciones y Transportes",U005,Porcentaje Ejer/Aprob,0.0,0.0,0.0,0.0,0.0,0.0,0.0,0.0,0.0,0.0,0.0,,0.0,
2024,Poder Ejecutivo,Ramos Administrativos,"Infraestructura, Comunicaciones y Transportes",U005,Porcentaje Ejer/Modif,0.0,0.0,100.0,0.0,100.0,0.0,0.0,0.0,0.0,0.0,100.0,,0.0,
2024,Poder Ejecutivo,Ramos Administrativos,Economía,TOTAL,Aprobado,2895744768.0,970933341.0,0.0,93755608.0,3960433717.0,0.0,0.0,0.0,0.0,0.0,3960433717.0,100.0,0.0,0.0
2024,Poder Ejecutivo,Ramos Administrativos,Economía,TOTAL,Modificado,2907226771.56,642586539.23,0.0,174146611.65,3723959922.44,0.0,0.0,22552665.0,0.0,22552665.0,3746512587.44,99.3980357873184,0.0,0.6019642126815936
2024,Poder Ejecutivo,Ramos Administrativos,Economía,TOTAL,Devengado,2907226771.56,642586539.23,0.0,174146611.65,3723959922.44,0.0,0.0,22552665.0,0.0,22552665.0,3746512587.44,99.3980357873184,0.0,0.6019642126815936
2024,Poder Ejecutivo,Ramos Administrativos,Economía,TOTAL,Ejercido,2907226771.56,642586539.23,0.0,174146611.65,3723959922.44,0.0,0.0,22552665.0,0.0,22552665.0,3746512587.44,99.3980357873184,0.0,0.6019642126815936
2024,Poder Ejecutivo,Ramos Administrativos,Economía,TOTAL,Porcentaje Ejer/Aprob,100.39651296919826,66.18235383370154,0.0,185.74527472532628,94.02909349183282,0.0,0.0,0.0,0.0,0.0,94.59854286560201,,0.0,
2024,Poder Ejecutivo,Ramos Administrativos,Economía,TOTAL,Porcentaje Ejer/Modif,100.0,100.0,0.0,100.0,100.0,0.0,0.0,100.0,0.0,100.0,100.0,,0.0,
2024,Poder Ejecutivo,Ramos Administrativos,Economía,B002,Generación y difusión de información para el consumidor,0.0,0.0,0.0,0.0,0.0,0.0,0.0,0.0,0.0,0.0,0.0,,0.0,
2024,Poder Ejecutivo,Ramos Administrativos,Economía,B002,Aprobado,300404282.0,27172101.0,0.0,0.0,327576383.0,0.0,0.0,0.0,0.0,0.0,327576383.0,100.0,0.0,0.0
2024,Poder Ejecutivo,Ramos Administrativos,Economía,B002,Modificado,315824256.79,23530261.11,0.0,0.0,339354517.9,0.0,0.0,0.0,0.0,0.0,339354517.9,100.0,0.0,0.0
2024,Poder Ejecutivo,Ramos Administrativos,Economía,B002,Devengado,315824256.79,23530261.11,0.0,0.0,339354517.9,0.0,0.0,0.0,0.0,0.0,339354517.9,100.0,0.0,0.0
2024,Poder Ejecutivo,Ramos Administrativos,Economía,B002,Ejercido,315824256.79,23530261.11,0.0,0.0,339354517.9,0.0,0.0,0.0,0.0,0.0,339354517.9,100.0,0.0,0.0
2024,Poder Ejecutivo,Ramos Administrativos,Economía,B002,Porcentaje Ejer/Aprob,105.13307423161167,86.59713545890322,0.0,0.0,103.59553847934147,0.0,0.0,0.0,0.0,0.0,103.59553847934147,,0.0,
2024,Poder Ejecutivo,Ramos Administrativos,Economía,B002,Porcentaje Ejer/Modif,100.0,100.0,0.0,0.0,100.0,0.0,0.0,0.0,0.0,0.0,100.0,,0.0,
2024,Poder Ejecutivo,Ramos Administrativos,Economía,E005,Protección de los derechos de los consumidores,0.0,0.0,0.0,0.0,0.0,0.0,0.0,0.0,0.0,0.0,0.0,,0.0,
2024,Poder Ejecutivo,Ramos Administrativos,Economía,E005,Aprobado,349410502.0,43400878.0,0.0,2763588.0,395574968.0,0.0,0.0,0.0,0.0,0.0,395574968.0,100.0,0.0,0.0
2024,Poder Ejecutivo,Ramos Administrativos,Economía,E005,Modificado,360736666.67,36049283.03,0.0,32972725.41,429758675.11,0.0,0.0,0.0,0.0,0.0,429758675.11,100.0,0.0,0.0
2024,Poder Ejecutivo,Ramos Administrativos,Economía,E005,Devengado,360736666.67,36049283.03,0.0,32972725.41,429758675.11,0.0,0.0,0.0,0.0,0.0,429758675.11,100.0,0.0,0.0
2024,Poder Ejecutivo,Ramos Administrativos,Economía,E005,Ejercido,360736666.67,36049283.03,0.0,32972725.41,429758675.11,0.0,0.0,0.0,0.0,0.0,429758675.11,100.0,0.0,0.0
2024,Poder Ejecutivo,Ramos Administrativos,Economía,E005,Porcentaje Ejer/Aprob,103.24150665339762,83.06118376222712,0.0,0.0,108.64152433174183,0.0,0.0,0.0,0.0,0.0,108.64152433174183,,0.0,
2024,Poder Ejecutivo,Ramos Administrativos,Economía,E005,Porcentaje Ejer/Modif,100.0,100.0,0.0,100.0,100.0,0.0,0.0,0.0,0.0,0.0,100.0,,0.0,
2024,Poder Ejecutivo,Ramos Administrativos,Economía,E006,Desarrollo tecnológico y prestación de servicios metrológicos para la competitividad,0.0,0.0,0.0,0.0,0.0,0.0,0.0,0.0,0.0,0.0,0.0,,0.0,
2024,Poder Ejecutivo,Ramos Administrativos,Economía,E006,Aprobado,137646278.0,33671944.0,0.0,4391818.0,175710040.0,0.0,0.0,0.0,0.0,0.0,175710040.0,100.0,0.0,0.0
2024,Poder Ejecutivo,Ramos Administrativos,Economía,E006,Modificado,139458656.86,31003227.98,0.0,4501537.27,174963422.11,0.0,0.0,0.0,0.0,0.0,174963422.11,100.0,0.0,0.0
2024,Poder Ejecutivo,Ramos Administrativos,Economía,E006,Devengado,139458656.86,31003227.98,0.0,4501537.27,174963422.11,0.0,0.0,0.0,0.0,0.0,174963422.11,100.0,0.0,0.0
2024,Poder Ejecutivo,Ramos Administrativos,Economía,E006,Ejercido,139458656.86,31003227.98,0.0,4501537.27,174963422.11,0.0,0.0,0.0,0.0,0.0,174963422.11,100.0,0.0,0.0
2024,Poder Ejecutivo,Ramos Administrativos,Economía,E006,Porcentaje Ejer/Aprob,101.31669296571899,92.0743630958759,0.0,102.49826541081619,99.5750852427101,0.0,0.0,0.0,0.0,0.0,99.5750852427101,,0.0,
2024,Poder Ejecutivo,Ramos Administrativos,Economía,E006,Porcentaje Ejer/Modif,100.0,100.0,0.0,100.0,100.0,0.0,0.0,0.0,0.0,0.0,100.0,,0.0,
2024,Poder Ejecutivo,Ramos Administrativos,Economía,E007,Producción de información geológica del territorio nacional,0.0,0.0,0.0,0.0,0.0,0.0,0.0,0.0,0.0,0.0,0.0,,0.0,
2024,Poder Ejecutivo,Ramos Administrativos,Economía,E007,Aprobado,234560589.0,5566371.0,0.0,0.0,240126960.0,0.0,0.0,0.0,0.0,0.0,240126960.0,100.0,0.0,0.0
2024,Poder Ejecutivo,Ramos Administrativos,Economía,E007,Modificado,248102434.29,5566371.0,0.0,0.0,253668805.29,0.0,0.0,0.0,0.0,0.0,253668805.29,100.0,0.0,0.0
2024,Poder Ejecutivo,Ramos Administrativos,Economía,E007,Devengado,248102434.29,5566371.0,0.0,0.0,253668805.29,0.0,0.0,0.0,0.0,0.0,253668805.29,100.0,0.0,0.0
2024,Poder Ejecutivo,Ramos Administrativos,Economía,E007,Ejercido,248102434.29,5566371.0,0.0,0.0,253668805.29,0.0,0.0,0.0,0.0,0.0,253668805.29,100.0,0.0,0.0
2024,Poder Ejecutivo,Ramos Administrativos,Economía,E007,Porcentaje Ejer/Aprob,105.77328243748569,100.0,0.0,0.0,105.63945226725062,0.0,0.0,0.0,0.0,0.0,105.63945226725062,,0.0,
2024,Poder Ejecutivo,Ramos Administrativos,Economía,E007,Porcentaje Ejer/Modif,100.0,100.0,0.0,0.0,100.0,0.0,0.0,0.0,0.0,0.0,100.0,,0.0,
2024,Poder Ejecutivo,Ramos Administrativos,Economía,E009,Atención de trámites y servicios a cargo de la Secretaría en las entidades federativas,0.0,0.0,0.0,0.0,0.0,0.0,0.0,0.0,0.0,0.0,0.0,,0.0,
2024,Poder Ejecutivo,Ramos Administrativos,Economía,E009,Aprobado,43417041.0,37990116.0,0.0,0.0,81407157.0,0.0,0.0,0.0,0.0,0.0,81407157.0,100.0,0.0,0.0
2024,Poder Ejecutivo,Ramos Administrativos,Economía,E009,Modificado,903948.83,33948729.59,0.0,0.0,34852678.42,0.0,0.0,0.0,0.0,0.0,34852678.42,100.0,0.0,0.0
2024,Poder Ejecutivo,Ramos Administrativos,Economía,E009,Devengado,903948.83,33948729.59,0.0,0.0,34852678.42,0.0,0.0,0.0,0.0,0.0,34852678.42,100.0,0.0,0.0
2024,Poder Ejecutivo,Ramos Administrativos,Economía,E009,Ejercido,903948.83,33948729.59,0.0,0.0,34852678.42,0.0,0.0,0.0,0.0,0.0,34852678.42,100.0,0.0,0.0
2024,Poder Ejecutivo,Ramos Administrativos,Economía,E009,Porcentaje Ejer/Aprob,2.082013903250569,89.36200560693209,0.0,0.0,42.81279399058243,0.0,0.0,0.0,0.0,0.0,42.81279399058243,,0.0,
2024,Poder Ejecutivo,Ramos Administrativos,Economía,E009,Porcentaje Ejer/Modif,100.0,100.0,0.0,0.0,100.0,0.0,0.0,0.0,0.0,0.0,100.0,,0.0,
2024,Poder Ejecutivo,Ramos Administrativos,Economía,F003,Promoción del comercio exterior y atracción de inversión extranjera directa,0.0,0.0,0.0,0.0,0.0,0.0,0.0,0.0,0.0,0.0,0.0,,0.0,
2024,Poder Ejecutivo,Ramos Administrativos,Economía,F003,Aprobado,91668877.0,53260910.0,0.0,0.0,144929787.0,0.0,0.0,0.0,0.0,0.0,144929787.0,100.0,0.0,0.0
2024,Poder Ejecutivo,Ramos Administrativos,Economía,F003,Modificado,60690337.7,27851676.54,0.0,774160.11,89316174.35,0.0,0.0,0.0,0.0,0.0,89316174.35,100.0,0.0,0.0
2024,Poder Ejecutivo,Ramos Administrativos,Economía,F003,Devengado,60690337.7,27851676.54,0.0,774160.11,89316174.35,0.0,0.0,0.0,0.0,0.0,89316174.35,100.0,0.0,0.0
2024,Poder Ejecutivo,Ramos Administrativos,Economía,F003,Ejercido,60690337.7,27851676.54,0.0,774160.11,89316174.35,0.0,0.0,0.0,0.0,0.0,89316174.35,100.0,0.0,0.0
2024,Poder Ejecutivo,Ramos Administrativos,Economía,F003,Porcentaje Ejer/Aprob,66.2060447189726,52.292904007836135,0.0,0.0,61.62720321254594,0.0,0.0,0.0,0.0,0.0,61.62720321254594,,0.0,
2024,Poder Ejecutivo,Ramos Administrativos,Economía,F003,Porcentaje Ejer/Modif,100.0,100.0,0.0,100.0,100.0,0.0,0.0,0.0,0.0,0.0,100.0,,0.0,
2024,Poder Ejecutivo,Ramos Administrativos,Economía,G001,"Supervisión aplicación y actualización del marco normativo y operativo en materia de Infraestructura de la Calidad, Mercantil, Competitividad y Competencia",0.0,0.0,0.0,0.0,0.0,0.0,0.0,0.0,0.0,0.0,0.0,,0.0,
2024,Poder Ejecutivo,Ramos Administrativos,Economía,G001,Aprobado,61913377.0,56006136.0,0.0,13650782.0,131570295.0,0.0,0.0,0.0,0.0,0.0,131570295.0,100.0,0.0,0.0
2024,Poder Ejecutivo,Ramos Administrativos,Economía,G001,Modificado,73509009.0,27283786.41,0.0,11090246.67,111883042.08,0.0,0.0,0.0,0.0,0.0,111883042.08,100.0,0.0,0.0
2024,Poder Ejecutivo,Ramos Administrativos,Economía,G001,Devengado,73509009.0,27283786.41,0.0,11090246.67,111883042.08,0.0,0.0,0.0,0.0,0.0,111883042.08,100.0,0.0,0.0
2024,Poder Ejecutivo,Ramos Administrativos,Economía,G001,Ejercido,73509009.0,27283786.41,0.0,11090246.67,111883042.08,0.0,0.0,0.0,0.0,0.0,111883042.08,100.0,0.0,0.0
2024,Poder Ejecutivo,Ramos Administrativos,Economía,G001,Porcentaje Ejer/Aprob,118.72879910911661,48.715709310851224,0.0,81.24257401517364,85.03670382437008,0.0,0.0,0.0,0.0,0.0,85.03670382437008,,0.0,
2024,Poder Ejecutivo,Ramos Administrativos,Economía,G001,Porcentaje Ejer/Modif,100.0,100.0,0.0,100.0,100.0,0.0,0.0,0.0,0.0,0.0,100.0,,0.0,
2024,Poder Ejecutivo,Ramos Administrativos,Economía,G003,Vigilancia del cumplimiento de la normatividad y fortalecimiento de la certeza jurídica entre proveedores y consumidores,0.0,0.0,0.0,0.0,0.0,0.0,0.0,0.0,0.0,0.0,0.0,,0.0,
2024,Poder Ejecutivo,Ramos Administrativos,Economía,G003,Aprobado,338640495.0,47148876.0,0.0,0.0,385789371.0,0.0,0.0,0.0,0.0,0.0,385789371.0,100.0,0.0,0.0
2024,Poder Ejecutivo,Ramos Administrativos,Economía,G003,Modificado,332026903.23,41745100.16,0.0,0.0,373772003.39,0.0,0.0,0.0,0.0,0.0,373772003.39,100.0,0.0,0.0
2024,Poder Ejecutivo,Ramos Administrativos,Economía,G003,Devengado,332026903.23,41745100.16,0.0,0.0,373772003.39,0.0,0.0,0.0,0.0,0.0,373772003.39,100.0,0.0,0.0
2024,Poder Ejecutivo,Ramos Administrativos,Economía,G003,Ejercido,332026903.23,41745100.16,0.0,0.0,373772003.39,0.0,0.0,0.0,0.0,0.0,373772003.39,100.0,0.0,0.0
2024,Poder Ejecutivo,Ramos Administrativos,Economía,G003,Porcentaje Ejer/Aprob,98.04701686075671,88.53890845669363,0.0,0.0,96.88499255983908,0.0,0.0,0.0,0.0,0.0,96.88499255983908,,0.0,
2024,Poder Ejecutivo,Ramos Administrativos,Economía,G003,Porcentaje Ejer/Modif,100.0,100.0,0.0,0.0,100.0,0.0,0.0,0.0,0.0,0.0,100.0,,0.0,
2024,Poder Ejecutivo,Ramos Administrativos,Economía,G007,"Regulación, modernización y promoción de la actividad minera",0.0,0.0,0.0,0.0,0.0,0.0,0.0,0.0,0.0,0.0,0.0,,0.0,
2024,Poder Ejecutivo,Ramos Administrativos,Economía,G007,Aprobado,66817342.0,115921196.0,0.0,1259616.0,183998154.0,0.0,0.0,0.0,0.0,0.0,183998154.0,100.0,0.0,0.0
2024,Poder Ejecutivo,Ramos Administrativos,Economía,G007,Modificado,69410358.67,57723754.03,0.0,958624.73,128092737.43,0.0,0.0,22552665.0,0.0,22552665.0,150645402.43,85.02930415650786,0.0,14.970695843492127
2024,Poder Ejecutivo,Ramos Administrativos,Economía,G007,Devengado,69410358.67,57723754.03,0.0,958624.73,128092737.43,0.0,0.0,22552665.0,0.0,22552665.0,150645402.43,85.02930415650786,0.0,14.970695843492127
2024,Poder Ejecutivo,Ramos Administrativos,Economía,G007,Ejercido,69410358.67,57723754.03,0.0,958624.73,128092737.43,0.0,0.0,22552665.0,0.0,22552665.0,150645402.43,85.02930415650786,0.0,14.970695843492127
2024,Poder Ejecutivo,Ramos Administrativos,Economía,G007,Porcentaje Ejer/Aprob,103.88075399646996,49.795685363701736,0.0,76.1045215367223,69.61631660174157,0.0,0.0,0.0,0.0,0.0,81.87332272366167,,0.0,
2024,Poder Ejecutivo,Ramos Administrativos,Economía,G007,Porcentaje Ejer/Modif,100.0,100.0,0.0,100.0,100.0,0.0,0.0,100.0,0.0,100.0,100.0,,0.0,
2024,Poder Ejecutivo,Ramos Administrativos,Economía,M001,Actividades de apoyo administrativo,0.0,0.0,0.0,0.0,0.0,0.0,0.0,0.0,0.0,0.0,0.0,,0.0,
2024,Poder Ejecutivo,Ramos Administrativos,Economía,M001,Aprobado,413683555.0,109431175.0,0.0,6844771.0,529959501.0,0.0,0.0,0.0,0.0,0.0,529959501.0,100.0,0.0,0.0
2024,Poder Ejecutivo,Ramos Administrativos,Economía,M001,Modificado,484400041.45,58392784.39,0.0,5814439.79,548607265.63,0.0,0.0,0.0,0.0,0.0,548607265.63,100.0,0.0,0.0
2024,Poder Ejecutivo,Ramos Administrativos,Economía,M001,Devengado,484400041.45,58392784.39,0.0,5814439.79,548607265.63,0.0,0.0,0.0,0.0,0.0,548607265.63,100.0,0.0,0.0
2024,Poder Ejecutivo,Ramos Administrativos,Economía,M001,Ejercido,484400041.45,58392784.39,0.0,5814439.79,548607265.63,0.0,0.0,0.0,0.0,0.0,548607265.63,100.0,0.0,0.0
2024,Poder Ejecutivo,Ramos Administrativos,Economía,M001,Porcentaje Ejer/Aprob,117.09434315076894,53.36028274392558,0.0,84.94717777994326,103.51871503290589,0.0,0.0,0.0,0.0,0.0,103.51871503290589,,0.0,
2024,Poder Ejecutivo,Ramos Administrativos,Economía,M001,Porcentaje Ejer/Modif,100.0,100.0,0.0,100.0,100.0,0.0,0.0,0.0,0.0,0.0,100.0,,0.0,
2024,Poder Ejecutivo,Ramos Administrativos,Economía,O001,Actividades de apoyo a la función pública y buen gobierno,0.0,0.0,0.0,0.0,0.0,0.0,0.0,0.0,0.0,0.0,0.0,,0.0,
2024,Poder Ejecutivo,Ramos Administrativos,Economía,O001,Aprobado,33620783.0,1303836.0,0.0,0.0,34924619.0,0.0,0.0,0.0,0.0,0.0,34924619.0,100.0,0.0,0.0
2024,Poder Ejecutivo,Ramos Administrativos,Economía,O001,Modificado,30290508.04,1301154.04,0.0,0.0,31591662.08,0.0,0.0,0.0,0.0,0.0,31591662.08,100.0,0.0,0.0
2024,Poder Ejecutivo,Ramos Administrativos,Economía,O001,Devengado,30290508.04,1301154.04,0.0,0.0,31591662.08,0.0,0.0,0.0,0.0,0.0,31591662.08,100.0,0.0,0.0
2024,Poder Ejecutivo,Ramos Administrativos,Economía,O001,Ejercido,30290508.04,1301154.04,0.0,0.0,31591662.08,0.0,0.0,0.0,0.0,0.0,31591662.08,100.0,0.0,0.0
2024,Poder Ejecutivo,Ramos Administrativos,Economía,O001,Porcentaje Ejer/Aprob,90.09459428711104,99.79430235090916,0.0,0.0,90.45671215482693,0.0,0.0,0.0,0.0,0.0,90.45671215482693,,0.0,
2024,Poder Ejecutivo,Ramos Administrativos,Economía,O001,Porcentaje Ejer/Modif,100.0,100.0,0.0,0.0,100.0,0.0,0.0,0.0,0.0,0.0,100.0,,0.0,
2024,Poder Ejecutivo,Ramos Administrativos,Economía,P002,"Negociación, administración y defensa de Tratados y Acuerdos Internacionales de comercio e inversión",0.0,0.0,0.0,0.0,0.0,0.0,0.0,0.0,0.0,0.0,0.0,,0.0,
2024,Poder Ejecutivo,Ramos Administrativos,Economía,P002,Aprobado,280186774.0,244663298.0,0.0,64845033.0,589695105.0,0.0,0.0,0.0,0.0,0.0,589695105.0,100.0,0.0,0.0
2024,Poder Ejecutivo,Ramos Administrativos,Economía,P002,Modificado,183674506.86,199727135.37,0.0,102476010.37,485877652.6,0.0,0.0,0.0,0.0,0.0,485877652.6,100.0,0.0,0.0
2024,Poder Ejecutivo,Ramos Administrativos,Economía,P002,Devengado,183674506.86,199727135.37,0.0,102476010.37,485877652.6,0.0,0.0,0.0,0.0,0.0,485877652.6,100.0,0.0,0.0
2024,Poder Ejecutivo,Ramos Administrativos,Economía,P002,Ejercido,183674506.86,199727135.37,0.0,102476010.37,485877652.6,0.0,0.0,0.0,0.0,0.0,485877652.6,100.0,0.0,0.0
2024,Poder Ejecutivo,Ramos Administrativos,Economía,P002,Porcentaje Ejer/Aprob,65.55431016169237,81.63346811829537,0.0,158.03216627247303,82.39472372761175,0.0,0.0,0.0,0.0,0.0,82.39472372761175,,0.0,
2024,Poder Ejecutivo,Ramos Administrativos,Economía,P002,Porcentaje Ejer/Modif,100.0,100.0,0.0,100.0,100.0,0.0,0.0,0.0,0.0,0.0,100.0,,0.0,
2024,Poder Ejecutivo,Ramos Administrativos,Economía,P006,"Planeación, elaboración y seguimiento de las políticas y programas de la dependencia",0.0,0.0,0.0,0.0,0.0,0.0,0.0,0.0,0.0,0.0,0.0,,0.0,
2024,Poder Ejecutivo,Ramos Administrativos,Economía,P006,Aprobado,251024141.0,100287114.0,0.0,0.0,351311255.0,0.0,0.0,0.0,0.0,0.0,351311255.0,100.0,0.0,0.0
2024,Poder Ejecutivo,Ramos Administrativos,Economía,P006,Modificado,310949448.55,51751371.05,0.0,8613363.86,371314183.46,0.0,0.0,0.0,0.0,0.0,371314183.46,100.0,0.0,0.0
2024,Poder Ejecutivo,Ramos Administrativos,Economía,P006,Devengado,310949448.55,51751371.05,0.0,8613363.86,371314183.46,0.0,0.0,0.0,0.0,0.0,371314183.46,100.0,0.0,0.0
2024,Poder Ejecutivo,Ramos Administrativos,Economía,P006,Ejercido,310949448.55,51751371.05,0.0,8613363.86,371314183.46,0.0,0.0,0.0,0.0,0.0,371314183.46,100.0,0.0,0.0
2024,Poder Ejecutivo,Ramos Administrativos,Economía,P006,Porcentaje Ejer/Aprob,123.87232849847697,51.60321100675007,0.0,0.0,105.69379095469058,0.0,0.0,0.0,0.0,0.0,105.69379095469058,,0.0,
2024,Poder Ejecutivo,Ramos Administrativos,Economía,P006,Porcentaje Ejer/Modif,100.0,100.0,0.0,100.0,100.0,0.0,0.0,0.0,0.0,0.0,100.0,,0.0,
2024,Poder Ejecutivo,Ramos Administrativos,Economía,P009,"Promoción y fomento del desarrollo y la innovación de los sectores industrial, comercial y de servicios",0.0,0.0,0.0,0.0,0.0,0.0,0.0,0.0,0.0,0.0,0.0,,0.0,
2024,Poder Ejecutivo,Ramos Administrativos,Economía,P009,Aprobado,238882198.0,84092670.0,0.0,0.0,322974868.0,0.0,0.0,0.0,0.0,0.0,322974868.0,100.0,0.0,0.0
2024,Poder Ejecutivo,Ramos Administrativos,Economía,P009,Modificado,236793193.38,43898534.8,0.0,6945503.44,287637231.62,0.0,0.0,0.0,0.0,0.0,287637231.62,100.0,0.0,0.0
2024,Poder Ejecutivo,Ramos Administrativos,Economía,P009,Devengado,236793193.38,43898534.8,0.0,6945503.44,287637231.62,0.0,0.0,0.0,0.0,0.0,287637231.62,100.0,0.0,0.0
2024,Poder Ejecutivo,Ramos Administrativos,Economía,P009,Ejercido,236793193.38,43898534.8,0.0,6945503.44,287637231.62,0.0,0.0,0.0,0.0,0.0,287637231.62,100.0,0.0,0.0
2024,Poder Ejecutivo,Ramos Administrativos,Economía,P009,Porcentaje Ejer/Aprob,99.1255084566829,52.202569855375025,0.0,0.0,89.05870397940686,0.0,0.0,0.0,0.0,0.0,89.05870397940686,,0.0,
2024,Poder Ejecutivo,Ramos Administrativos,Economía,P009,Porcentaje Ejer/Modif,100.0,100.0,0.0,100.0,100.0,0.0,0.0,0.0,0.0,0.0,100.0,,0.0,
2024,Poder Ejecutivo,Ramos Administrativos,Economía,P010,Fortalecimiento de la competitividad y transparencia del marco regulatorio que aplica a los particulares,0.0,0.0,0.0,0.0,0.0,0.0,0.0,0.0,0.0,0.0,0.0,,0.0,
2024,Poder Ejecutivo,Ramos Administrativos,Economía,P010,Aprobado,53868534.0,11016720.0,0.0,0.0,64885254.0,0.0,0.0,0.0,0.0,0.0,64885254.0,100.0,0.0,0.0
2024,Poder Ejecutivo,Ramos Administrativos,Economía,P010,Modificado,60456501.24,2813369.73,0.0,0.0,63269870.97,0.0,0.0,0.0,0.0,0.0,63269870.97,100.0,0.0,0.0
2024,Poder Ejecutivo,Ramos Administrativos,Economía,P010,Devengado,60456501.24,2813369.73,0.0,0.0,63269870.97,0.0,0.0,0.0,0.0,0.0,63269870.97,100.0,0.0,0.0
2024,Poder Ejecutivo,Ramos Administrativos,Economía,P010,Ejercido,60456501.24,2813369.73,0.0,0.0,63269870.97,0.0,0.0,0.0,0.0,0.0,63269870.97,100.0,0.0,0.0
2024,Poder Ejecutivo,Ramos Administrativos,Economía,P010,Porcentaje Ejer/Aprob,112.22971324966818,25.537271801407314,0.0,0.0,97.51040039081916,0.0,0.0,0.0,0.0,0.0,97.51040039081916,,0.0,
2024,Poder Ejecutivo,Ramos Administrativos,Economía,P010,Porcentaje Ejer/Modif,100.0,100.0,0.0,0.0,100.0,0.0,0.0,0.0,0.0,0.0,100.0,,0.0,
2024,Poder Ejecutivo,Ramos Administrativos,Educación Pública,TOTAL,Aprobado,138518516407.0,32119481870.0,260075594622.0,6233743186.0,436947336085.0,0.0,2070606612.0,0.0,0.0,2070606612.0,439017942697.0,99.52835490064945,0.0,0.4716450993505486
2024,Poder Ejecutivo,Ramos Administrativos,Educación Pública,TOTAL,Modificado,142852788780.71,36861893077.88,258455371064.28,7547053940.79,445717106863.66,0.0,2175713846.09,0.0,0.0,2175713846.09,447892820709.75,99.5142333733677,0.0,0.4857666266322982
2024,Poder Ejecutivo,Ramos Administrativos,Educación Pública,TOTAL,Devengado,142852788780.71,36861893077.88,258455371064.28,7547053940.79,445717106863.66,0.0,2175713846.09,0.0,0.0,2175713846.09,447892820709.75,99.5142333733677,0.0,0.4857666266322982
2024,Poder Ejecutivo,Ramos Administrativos,Educación Pública,TOTAL,Ejercido,142852788780.71,36861893077.88,258455371064.28,7547053940.79,445717106863.66,0.0,2175713846.09,0.0,0.0,2175713846.09,447892820709.75,99.5142333733677,0.0,0.4857666266322982
2024,Poder Ejecutivo,Ramos Administrativos,Educación Pública,TOTAL,Porcentaje Ejer/Aprob,103.12902021053625,114.76490569516152,99.3770182242302,121.06777125081906,102.0070544100889,0.0,105.07615659492544,0.0,0.0,105.07615659492544,102.02152968013776,,0.0,
2024,Poder Ejecutivo,Ramos Administrativos,Educación Pública,TOTAL,Porcentaje Ejer/Modif,100.0,100.0,100.0,100.0,100.0,0.0,100.0,0.0,0.0,100.0,100.0,,0.0,
2024,Poder Ejecutivo,Ramos Administrativos,Educación Pública,B003,Producción y distribución de libros y materiales educativos,0.0,0.0,0.0,0.0,0.0,0.0,0.0,0.0,0.0,0.0,0.0,,0.0,
2024,Poder Ejecutivo,Ramos Administrativos,Educación Pública,B003,Aprobado,92450048.0,3666481955.0,0.0,3500000.0,3762432003.0,0.0,0.0,0.0,0.0,0.0,3762432003.0,100.0,0.0,0.0
2024,Poder Ejecutivo,Ramos Administrativos,Educación Pública,B003,Modificado,203784876.67,8585808078.46,0.0,7948055.76,8797541010.89,0.0,0.0,0.0,0.0,0.0,8797541010.89,100.0,0.0,0.0
2024,Poder Ejecutivo,Ramos Administrativos,Educación Pública,B003,Devengado,203784876.67,8585808078.46,0.0,7948055.76,8797541010.89,0.0,0.0,0.0,0.0,0.0,8797541010.89,100.0,0.0,0.0
2024,Poder Ejecutivo,Ramos Administrativos,Educación Pública,B003,Ejercido,203784876.67,8585808078.46,0.0,7948055.76,8797541010.89,0.0,0.0,0.0,0.0,0.0,8797541010.89,100.0,0.0,0.0
2024,Poder Ejecutivo,Ramos Administrativos,Educación Pública,B003,Porcentaje Ejer/Aprob,220.42701012983787,234.1701986764585,0.0,227.08730742857145,233.82591376735107,0.0,0.0,0.0,0.0,0.0,233.82591376735107,,0.0,
2024,Poder Ejecutivo,Ramos Administrativos,Educación Pública,B003,Porcentaje Ejer/Modif,100.0,100.0,0.0,100.0,100.0,0.0,0.0,0.0,0.0,0.0,100.0,,0.0,
2024,Poder Ejecutivo,Ramos Administrativos,Educación Pública,E007,Servicios de Educación Media Superior,0.0,0.0,0.0,0.0,0.0,0.0,0.0,0.0,0.0,0.0,0.0,,0.0,
2024,Poder Ejecutivo,Ramos Administrativos,Educación Pública,E007,Aprobado,53448184611.0,3014849305.0,0.0,116083454.0,56579117370.0,0.0,0.0,0.0,0.0,0.0,56579117370.0,100.0,0.0,0.0
2024,Poder Ejecutivo,Ramos Administrativos,Educación Pública,E007,Modificado,49492669945.82,2877011600.04,0.0,167565751.89,52537247297.75,0.0,27523167.0,0.0,0.0,27523167.0,52564770464.75,99.94763951833775,0.0,0.1
2024,Poder Ejecutivo,Ramos Administrativos,Educación Pública,E007,Devengado,49492669945.82,2877011600.04,0.0,167565751.89,52537247297.75,0.0,27523167.0,0.0,0.0,27523167.0,52564770464.75,99.94763951833775,0.0,0.1
2024,Poder Ejecutivo,Ramos Administrativos,Educación Pública,E007,Ejercido,49492669945.82,2877011600.04,0.0,167565751.89,52537247297.75,0.0,27523167.0,0.0,0.0,27523167.0,52564770464.75,99.94763951833775,0.0,0.1
2024,Poder Ejecutivo,Ramos Administrativos,Educación Pública,E007,Porcentaje Ejer/Aprob,92.59934702372298,95.42803997760677,0.0,144.34938496058186,92.85625110441697,0.0,0.0,0.0,0.0,0.0,92.90489655574137,,0.0,
2024,Poder Ejecutivo,Ramos Administrativos,Educación Pública,E007,Porcentaje Ejer/Modif,100.0,100.0,0.0,100.0,100.0,0.0,100.0,0.0,0.0,100.0,100.0,,0.0,
2024,Poder Ejecutivo,Ramos Administrativos,Educación Pública,E010,Servicios de Educación Superior y Posgrado,0.0,0.0,0.0,0.0,0.0,0.0,0.0,0.0,0.0,0.0,0.0,,0.0,
2024,Poder Ejecutivo,Ramos Administrativos,Educación Pública,E010,Aprobado,53342350331.0,11933147966.0,0.0,254617703.0,65530116000.0,0.0,900628330.0,0.0,0.0,900628330.0,66430744330.0,98.64425976393392,0.0,1.355740236066086
2024,Poder Ejecutivo,Ramos Administrativos,Educación Pública,E010,Modificado,58889253252.05,12475758153.51,0.0,289617067.61,71654628473.17,0.0,502315232.87,0.0,0.0,502315232.87,72156943706.04,99.30385738770148,0.0,0.6961426122985209
2024,Poder Ejecutivo,Ramos Administrativos,Educación Pública,E010,Devengado,58889253252.05,12475758153.51,0.0,289617067.61,71654628473.17,0.0,502315232.87,0.0,0.0,502315232.87,72156943706.04,99.30385738770148,0.0,0.6961426122985209
2024,Poder Ejecutivo,Ramos Administrativos,Educación Pública,E010,Ejercido,58889253252.05,12475758153.51,0.0,289617067.61,71654628473.17,0.0,502315232.87,0.0,0.0,502315232.87,72156943706.04,99.30385738770148,0.0,0.6961426122985209
2024,Poder Ejecutivo,Ramos Administrativos,Educación Pública,E010,Porcentaje Ejer/Aprob,110.39868488476858,104.54708337695978,0.0,113.74584885403667,109.34610351242166,0.0,55.77386543792154,0.0,0.0,55.77386543792154,108.61980312548457,,0.0,
2024,Poder Ejecutivo,Ramos Administrativos,Educación Pública,E010,Porcentaje Ejer/Modif,100.0,100.0,0.0,100.0,100.0,0.0,100.0,0.0,0.0,100.0,100.0,,0.0,
2024,Poder Ejecutivo,Ramos Administrativos,Educación Pública,E011,Desarrollo Cultural,0.0,0.0,0.0,0.0,0.0,0.0,0.0,0.0,0.0,0.0,0.0,,0.0,
2024,Poder Ejecutivo,Ramos Administrativos,Educación Pública,E011,Aprobado,3390363693.0,1052384517.0,0.0,0.0,4442748210.0,0.0,0.0,0.0,0.0,0.0,4442748210.0,100.0,0.0,0.0
2024,Poder Ejecutivo,Ramos Administrativos,Educación Pública,E011,Modificado,3591555841.24,1061184113.0,0.0,0.0,4652739954.24,0.0,27813270.0,0.0,0.0,27813270.0,4680553224.24,99.40576960313241,0.0,0.5942303968675873
2024,Poder Ejecutivo,Ramos Administrativos,Educación Pública,E011,Devengado,3591555841.24,1061184113.0,0.0,0.0,4652739954.24,0.0,27813270.0,0.0,0.0,27813270.0,4680553224.24,99.40576960313241,0.0,0.5942303968675873
2024,Poder Ejecutivo,Ramos Administrativos,Educación Pública,E011,Ejercido,3591555841.24,1061184113.0,0.0,0.0,4652739954.24,0.0,27813270.0,0.0,0.0,27813270.0,4680553224.24,99.40576960313241,0.0,0.5942303968675873
2024,Poder Ejecutivo,Ramos Administrativos,Educación Pública,E011,Porcentaje Ejer/Aprob,105.93423498061274,100.83615787365294,0.0,0.0,104.72661817222362,0.0,0.0,0.0,0.0,0.0,105.35265567615862,,0.0,
2024,Poder Ejecutivo,Ramos Administrativos,Educación Pública,E011,Porcentaje Ejer/Modif,100.0,100.0,0.0,0.0,100.0,0.0,100.0,0.0,0.0,100.0,100.0,,0.0,
2024,Poder Ejecutivo,Ramos Administrativos,Educación Pública,E013,Producción y transmisión de materiales educativos,0.0,0.0,0.0,0.0,0.0,0.0,0.0,0.0,0.0,0.0,0.0,,0.0,
2024,Poder Ejecutivo,Ramos Administrativos,Educación Pública,E013,Aprobado,249270581.0,763411885.0,0.0,293000.0,1012975466.0,0.0,0.0,0.0,0.0,0.0,1012975466.0,100.0,0.0,0.0
2024,Poder Ejecutivo,Ramos Administrativos,Educación Pública,E013,Modificado,473061505.35,762754033.03,0.0,3293236.31,1239108774.69,0.0,0.0,0.0,0.0,0.0,1239108774.69,100.0,0.0,0.0
2024,Poder Ejecutivo,Ramos Administrativos,Educación Pública,E013,Devengado,473061505.35,762754033.03,0.0,3293236.31,1239108774.69,0.0,0.0,0.0,0.0,0.0,1239108774.69,100.0,0.0,0.0
2024,Poder Ejecutivo,Ramos Administrativos,Educación Pública,E013,Ejercido,473061505.35,762754033.03,0.0,3293236.31,1239108774.69,0.0,0.0,0.0,0.0,0.0,1239108774.69,100.0,0.0,0.0
2024,Poder Ejecutivo,Ramos Administrativos,Educación Pública,E013,Porcentaje Ejer/Aprob,189.77831377141132,99.91382738690268,0.0,0.0,122.32367083705856,0.0,0.0,0.0,0.0,0.0,122.32367083705856,,0.0,
2024,Poder Ejecutivo,Ramos Administrativos,Educación Pública,E013,Porcentaje Ejer/Modif,100.0,100.0,0.0,100.0,100.0,0.0,0.0,0.0,0.0,0.0,100.0,,0.0,
2024,Poder Ejecutivo,Ramos Administrativos,Educación Pública,E016,Producción y distribución de libros y materiales culturales,0.0,0.0,0.0,0.0,0.0,0.0,0.0,0.0,0.0,0.0,0.0,,0.0,
2024,Poder Ejecutivo,Ramos Administrativos,Educación Pública,E016,Aprobado,104819960.0,36456744.0,0.0,0.0,141276704.0,0.0,0.0,0.0,0.0,0.0,141276704.0,100.0,0.0,0.0
2024,Poder Ejecutivo,Ramos Administrativos,Educación Pública,E016,Modificado,107402648.62,201900616.46,0.0,0.0,309303265.08,0.0,0.0,0.0,0.0,0.0,309303265.08,100.0,0.0,0.0
2024,Poder Ejecutivo,Ramos Administrativos,Educación Pública,E016,Devengado,107402648.62,201900616.46,0.0,0.0,309303265.08,0.0,0.0,0.0,0.0,0.0,309303265.08,100.0,0.0,0.0
2024,Poder Ejecutivo,Ramos Administrativos,Educación Pública,E016,Ejercido,107402648.62,201900616.46,0.0,0.0,309303265.08,0.0,0.0,0.0,0.0,0.0,309303265.08,100.0,0.0,0.0
2024,Poder Ejecutivo,Ramos Administrativos,Educación Pública,E016,Porcentaje Ejer/Aprob,102.46392826328116,0.0,0.0,0.0,218.93437227980627,0.0,0.0,0.0,0.0,0.0,218.93437227980627,,0.0,
2024,Poder Ejecutivo,Ramos Administrativos,Educación Pública,E016,Porcentaje Ejer/Modif,100.0,100.0,0.0,0.0,100.0,0.0,0.0,0.0,0.0,0.0,100.0,,0.0,
2024,Poder Ejecutivo,Ramos Administrativos,Educación Pública,E017,Atención al deporte,0.0,0.0,0.0,0.0,0.0,0.0,0.0,0.0,0.0,0.0,0.0,,0.0,
2024,Poder Ejecutivo,Ramos Administrativos,Educación Pública,E017,Aprobado,254563464.0,394676838.0,0.0,17800000.0,667040302.0,0.0,0.0,0.0,0.0,0.0,667040302.0,100.0,0.0,0.0
2024,Poder Ejecutivo,Ramos Administrativos,Educación Pública,E017,Modificado,302410281.83,538101503.67,0.0,14706001.52,855217787.02,0.0,0.0,0.0,0.0,0.0,855217787.02,100.0,0.0,0.0
2024,Poder Ejecutivo,Ramos Administrativos,Educación Pública,E017,Devengado,302410281.83,538101503.67,0.0,14706001.52,855217787.02,0.0,0.0,0.0,0.0,0.0,855217787.02,100.0,0.0,0.0
2024,Poder Ejecutivo,Ramos Administrativos,Educación Pública,E017,Ejercido,302410281.83,538101503.67,0.0,14706001.52,855217787.02,0.0,0.0,0.0,0.0,0.0,855217787.02,100.0,0.0,0.0
2024,Poder Ejecutivo,Ramos Administrativos,Educación Pública,E017,Porcentaje Ejer/Aprob,118.79563432952027,136.3397726597779,0.0,82.61798606741573,128.21081191882766,0.0,0.0,0.0,0.0,0.0,128.21081191882766,,0.0,
2024,Poder Ejecutivo,Ramos Administrativos,Educación Pública,E017,Porcentaje Ejer/Modif,100.0,100.0,0.0,100.0,100.0,0.0,0.0,0.0,0.0,0.0,100.0,,0.0,
2024,Poder Ejecutivo,Ramos Administrativos,Educación Pública,E021,Investigación Científica y Desarrollo Tecnológico,0.0,0.0,0.0,0.0,0.0,0.0,0.0,0.0,0.0,0.0,0.0,,0.0,
2024,Poder Ejecutivo,Ramos Administrativos,Educación Pública,E021,Aprobado,15079908455.0,3782708982.0,0.0,81600306.0,18944217743.0,0.0,0.0,0.0,0.0,0.0,18944217743.0,100.0,0.0,0.0
2024,Poder Ejecutivo,Ramos Administrativos,Educación Pública,E021,Modificado,16106588495.42,3235290846.9,0.0,520896210.04,19862775552.36,0.0,167576377.0,0.0,0.0,167576377.0,20030351929.36,99.16338775478842,0.0,0.8366122452115814
2024,Poder Ejecutivo,Ramos Administrativos,Educación Pública,E021,Devengado,16106588495.42,3235290846.9,0.0,520896210.04,19862775552.36,0.0,167576377.0,0.0,0.0,167576377.0,20030351929.36,99.16338775478842,0.0,0.8366122452115814
2024,Poder Ejecutivo,Ramos Administrativos,Educación Pública,E021,Ejercido,16106588495.42,3235290846.9,0.0,520896210.04,19862775552.36,0.0,167576377.0,0.0,0.0,167576377.0,20030351929.36,99.16338775478842,0.0,0.8366122452115814
2024,Poder Ejecutivo,Ramos Administrativos,Educación Pública,E021,Porcentaje Ejer/Aprob,106.80826441011708,85.52840999122887,0.0,0.0,104.8487502720951,0.0,0.0,0.0,0.0,0.0,105.73332824344956,,0.0,
2024,Poder Ejecutivo,Ramos Administrativos,Educación Pública,E021,Porcentaje Ejer/Modif,100.0,100.0,0.0,100.0,100.0,0.0,100.0,0.0,0.0,100.0,100.0,,0.0,
2024,Poder Ejecutivo,Ramos Administrativos,Educación Pública,E028,Normalización y certificación en competencias laborales,0.0,0.0,0.0,0.0,0.0,0.0,0.0,0.0,0.0,0.0,0.0,,0.0,
2024,Poder Ejecutivo,Ramos Administrativos,Educación Pública,E028,Aprobado,4483716696.0,47961463.0,0.0,1706140.0,4533384299.0,0.0,0.0,0.0,0.0,0.0,4533384299.0,100.0,0.0,0.0
2024,Poder Ejecutivo,Ramos Administrativos,Educación Pública,E028,Modificado,3265967147.93,103859992.69,0.0,5604936.31,3375432076.93,0.0,0.0,0.0,0.0,0.0,3375432076.93,100.0,0.0,0.0
2024,Poder Ejecutivo,Ramos Administrativos,Educación Pública,E028,Devengado,3265967147.93,103859992.69,0.0,5604936.31,3375432076.93,0.0,0.0,0.0,0.0,0.0,3375432076.93,100.0,0.0,0.0
2024,Poder Ejecutivo,Ramos Administrativos,Educación Pública,E028,Ejercido,3265967147.93,103859992.69,0.0,5604936.31,3375432076.93,0.0,0.0,0.0,0.0,0.0,3375432076.93,100.0,0.0,0.0
2024,Poder Ejecutivo,Ramos Administrativos,Educación Pública,E028,Porcentaje Ejer/Aprob,72.84062239801246,216.5488419108483,0.0,328.51561477956085,74.45722344065496,0.0,0.0,0.0,0.0,0.0,74.45722344065496,,0.0,
2024,Poder Ejecutivo,Ramos Administrativos,Educación Pública,E028,Porcentaje Ejer/Modif,100.0,100.0,0.0,100.0,100.0,0.0,0.0,0.0,0.0,0.0,100.0,,0.0,
2024,Poder Ejecutivo,Ramos Administrativos,Educación Pública,E032,Políticas de igualdad de género en el sector educativo,0.0,0.0,0.0,0.0,0.0,0.0,0.0,0.0,0.0,0.0,0.0,,0.0,
2024,Poder Ejecutivo,Ramos Administrativos,Educación Pública,E032,Aprobado,1314671.0,934765.0,0.0,0.0,2249436.0,0.0,0.0,0.0,0.0,0.0,2249436.0,100.0,0.0,0.0
2024,Poder Ejecutivo,Ramos Administrativos,Educación Pública,E032,Modificado,0.0,0.0,0.0,0.0,0.0,0.0,0.0,0.0,0.0,0.0,0.0,0.0,0.0,0.0
2024,Poder Ejecutivo,Ramos Administrativos,Educación Pública,E032,Devengado,0.0,0.0,0.0,0.0,0.0,0.0,0.0,0.0,0.0,0.0,0.0,0.0,0.0,0.0
2024,Poder Ejecutivo,Ramos Administrativos,Educación Pública,E032,Ejercido,0.0,0.0,0.0,0.0,0.0,0.0,0.0,0.0,0.0,0.0,0.0,0.0,0.0,0.0
2024,Poder Ejecutivo,Ramos Administrativos,Educación Pública,E032,Porcentaje Ejer/Aprob,0.0,0.0,0.0,0.0,0.0,0.0,0.0,0.0,0.0,0.0,0.0,,0.0,
2024,Poder Ejecutivo,Ramos Administrativos,Educación Pública,E032,Porcentaje Ejer/Modif,0.0,0.0,0.0,0.0,0.0,0.0,0.0,0.0,0.0,0.0,0.0,,0.0,
2024,Poder Ejecutivo,Ramos Administrativos,Educación Pública,E039,Registro Nacional de Profesionistas y sus Asociaciones,0.0,0.0,0.0,0.0,0.0,0.0,0.0,0.0,0.0,0.0,0.0,,0.0,
2024,Poder Ejecutivo,Ramos Administrativos,Educación Pública,E039,Aprobado,0.0,3432730.0,0.0,0.0,3432730.0,0.0,0.0,0.0,0.0,0.0,3432730.0,100.0,0.0,0.0
2024,Poder Ejecutivo,Ramos Administrativos,Educación Pública,E039,Modificado,39011882.82,2868650.08,0.0,6500.0,41887032.9,0.0,0.0,0.0,0.0,0.0,41887032.9,100.0,0.0,0.0
2024,Poder Ejecutivo,Ramos Administrativos,Educación Pública,E039,Devengado,39011882.82,2868650.08,0.0,6500.0,41887032.9,0.0,0.0,0.0,0.0,0.0,41887032.9,100.0,0.0,0.0
2024,Poder Ejecutivo,Ramos Administrativos,Educación Pública,E039,Ejercido,39011882.82,2868650.08,0.0,6500.0,41887032.9,0.0,0.0,0.0,0.0,0.0,41887032.9,100.0,0.0,0.0
2024,Poder Ejecutivo,Ramos Administrativos,Educación Pública,E039,Porcentaje Ejer/Aprob,0.0,83.56760013167363,0.0,0.0,0.0,0.0,0.0,0.0,0.0,0.0,0.0,,0.0,
2024,Poder Ejecutivo,Ramos Administrativos,Educación Pública,E039,Porcentaje Ejer/Modif,100.0,100.0,0.0,100.0,100.0,0.0,0.0,0.0,0.0,0.0,100.0,,0.0,
2024,Poder Ejecutivo,Ramos Administrativos,Educación Pública,E047,Programa de mantenimiento e infraestructura física educativa,0.0,0.0,0.0,0.0,0.0,0.0,0.0,0.0,0.0,0.0,0.0,,0.0,
2024,Poder Ejecutivo,Ramos Administrativos,Educación Pública,E047,Aprobado,180471560.0,65381068.0,0.0,0.0,245852628.0,0.0,0.0,0.0,0.0,0.0,245852628.0,100.0,0.0,0.0
2024,Poder Ejecutivo,Ramos Administrativos,Educación Pública,E047,Modificado,203282373.87,216403763.1,33000000.0,11285419.92,463971556.89,0.0,0.0,0.0,0.0,0.0,463971556.89,100.0,0.0,0.0
2024,Poder Ejecutivo,Ramos Administrativos,Educación Pública,E047,Devengado,203282373.87,216403763.1,33000000.0,11285419.92,463971556.89,0.0,0.0,0.0,0.0,0.0,463971556.89,100.0,0.0,0.0
2024,Poder Ejecutivo,Ramos Administrativos,Educación Pública,E047,Ejercido,203282373.87,216403763.1,33000000.0,11285419.92,463971556.89,0.0,0.0,0.0,0.0,0.0,463971556.89,100.0,0.0,0.0
2024,Poder Ejecutivo,Ramos Administrativos,Educación Pública,E047,Porcentaje Ejer/Aprob,112.63956152980559,330.9884186963725,0.0,0.0,188.71938065677296,0.0,0.0,0.0,0.0,0.0,188.71938065677296,,0.0,
2024,Poder Ejecutivo,Ramos Administrativos,Educación Pública,E047,Porcentaje Ejer/Modif,100.0,100.0,100.0,100.0,100.0,0.0,0.0,0.0,0.0,0.0,100.0,,0.0,
2024,Poder Ejecutivo,Ramos Administrativos,Educación Pública,E064,Educación para Adultos (INEA),0.0,0.0,0.0,0.0,0.0,0.0,0.0,0.0,0.0,0.0,0.0,,0.0,
2024,Poder Ejecutivo,Ramos Administrativos,Educación Pública,E064,Aprobado,304804912.0,582402491.0,551310728.0,288966522.0,1727484653.0,0.0,0.0,0.0,0.0,0.0,1727484653.0,100.0,0.0,0.0
2024,Poder Ejecutivo,Ramos Administrativos,Educación Pública,E064,Modificado,579243687.91,450340703.96,530971854.0,256616748.66,1817172994.53,0.0,0.0,0.0,0.0,0.0,1817172994.53,100.0,0.0,0.0
2024,Poder Ejecutivo,Ramos Administrativos,Educación Pública,E064,Devengado,579243687.91,450340703.96,530971854.0,256616748.66,1817172994.53,0.0,0.0,0.0,0.0,0.0,1817172994.53,100.0,0.0,0.0
2024,Poder Ejecutivo,Ramos Administrativos,Educación Pública,E064,Ejercido,579243687.91,450340703.96,530971854.0,256616748.66,1817172994.53,0.0,0.0,0.0,0.0,0.0,1817172994.53,100.0,0.0,0.0
2024,Poder Ejecutivo,Ramos Administrativos,Educación Pública,E064,Porcentaje Ejer/Aprob,190.0375174760963,77.3246527820912,96.31081476070969,88.80500996582573,105.19184592316029,0.0,0.0,0.0,0.0,0.0,105.19184592316029,,0.0,
2024,Poder Ejecutivo,Ramos Administrativos,Educación Pública,E064,Porcentaje Ejer/Modif,100.0,100.0,100.0,100.0,100.0,0.0,0.0,0.0,0.0,0.0,100.0,,0.0,
2024,Poder Ejecutivo,Ramos Administrativos,Educación Pública,E066,Educación Inicial y Básica Comunitaria,0.0,0.0,0.0,0.0,0.0,0.0,0.0,0.0,0.0,0.0,0.0,,0.0,
2024,Poder Ejecutivo,Ramos Administrativos,Educación Pública,E066,Aprobado,438664506.0,940173849.0,0.0,4457732218.0,5836570573.0,0.0,0.0,0.0,0.0,0.0,5836570573.0,100.0,0.0,0.0
2024,Poder Ejecutivo,Ramos Administrativos,Educación Pública,E066,Modificado,468116316.7,882332253.52,0.0,4270318899.71,5620767469.93,0.0,0.0,0.0,0.0,0.0,5620767469.93,100.0,0.0,0.0
2024,Poder Ejecutivo,Ramos Administrativos,Educación Pública,E066,Devengado,468116316.7,882332253.52,0.0,4270318899.71,5620767469.93,0.0,0.0,0.0,0.0,0.0,5620767469.93,100.0,0.0,0.0
2024,Poder Ejecutivo,Ramos Administrativos,Educación Pública,E066,Ejercido,468116316.7,882332253.52,0.0,4270318899.71,5620767469.93,0.0,0.0,0.0,0.0,0.0,5620767469.93,100.0,0.0,0.0
2024,Poder Ejecutivo,Ramos Administrativos,Educación Pública,E066,Porcentaje Ejer/Aprob,106.71397167930428,93.8477766062604,0.0,95.79576993132879,96.3025701416461,0.0,0.0,0.0,0.0,0.0,96.3025701416461,,0.0,
2024,Poder Ejecutivo,Ramos Administrativos,Educación Pública,E066,Porcentaje Ejer/Modif,100.0,100.0,0.0,100.0,100.0,0.0,0.0,0.0,0.0,0.0,100.0,,0.0,
2024,Poder Ejecutivo,Ramos Administrativos,Educación Pública,E068,Educación Física de Excelencia,0.0,0.0,0.0,0.0,0.0,0.0,0.0,0.0,0.0,0.0,0.0,,0.0,
2024,Poder Ejecutivo,Ramos Administrativos,Educación Pública,E068,Aprobado,18915563.0,143737947.0,199593969.0,126711421.0,488958900.0,0.0,0.0,0.0,0.0,0.0,488958900.0,100.0,0.0,0.0
2024,Poder Ejecutivo,Ramos Administrativos,Educación Pública,E068,Modificado,96509162.3,68445290.58,0.0,31662096.79,196616549.67,0.0,38465042.23,0.0,0.0,38465042.23,235081591.9,83.6375779493775,0.0,16.3624220506225
2024,Poder Ejecutivo,Ramos Administrativos,Educación Pública,E068,Devengado,96509162.3,68445290.58,0.0,31662096.79,196616549.67,0.0,38465042.23,0.0,0.0,38465042.23,235081591.9,83.6375779493775,0.0,16.3624220506225
2024,Poder Ejecutivo,Ramos Administrativos,Educación Pública,E068,Ejercido,96509162.3,68445290.58,0.0,31662096.79,196616549.67,0.0,38465042.23,0.0,0.0,38465042.23,235081591.9,83.6375779493775,0.0,16.3624220506225
2024,Poder Ejecutivo,Ramos Administrativos,Educación Pública,E068,Porcentaje Ejer/Aprob,0.0,47.618107819502946,0.0,24.98756350463468,40.21126308775646,0.0,0.0,0.0,0.0,0.0,48.07798608431098,,0.0,
2024,Poder Ejecutivo,Ramos Administrativos,Educación Pública,E068,Porcentaje Ejer/Modif,100.0,100.0,0.0,100.0,100.0,0.0,100.0,0.0,0.0,100.0,100.0,,0.0,
2024,Poder Ejecutivo,Ramos Administrativos,Educación Pública,G001,Normar los servicios educativos,0.0,0.0,0.0,0.0,0.0,0.0,0.0,0.0,0.0,0.0,0.0,,0.0,
2024,Poder Ejecutivo,Ramos Administrativos,Educación Pública,G001,Aprobado,764724462.0,868961425.0,0.0,3274499.0,1636960386.0,0.0,0.0,0.0,0.0,0.0,1636960386.0,100.0,0.0,0.0
2024,Poder Ejecutivo,Ramos Administrativos,Educación Pública,G001,Modificado,343587209.83,27438924.03,0.0,13705386.45,384731520.31,0.0,0.0,0.0,0.0,0.0,384731520.31,100.0,0.0,0.0
2024,Poder Ejecutivo,Ramos Administrativos,Educación Pública,G001,Devengado,343587209.83,27438924.03,0.0,13705386.45,384731520.31,0.0,0.0,0.0,0.0,0.0,384731520.31,100.0,0.0,0.0
2024,Poder Ejecutivo,Ramos Administrativos,Educación Pública,G001,Ejercido,343587209.83,27438924.03,0.0,13705386.45,384731520.31,0.0,0.0,0.0,0.0,0.0,384731520.31,100.0,0.0,0.0
2024,Poder Ejecutivo,Ramos Administrativos,Educación Pública,G001,Porcentaje Ejer/Aprob,44.929543502689725,3.157668826323332,0.0,418.5491108716173,23.502799676790712,0.0,0.0,0.0,0.0,0.0,23.502799676790712,,0.0,
2024,Poder Ejecutivo,Ramos Administrativos,Educación Pública,G001,Porcentaje Ejer/Modif,100.0,100.0,0.0,100.0,100.0,0.0,0.0,0.0,0.0,0.0,100.0,,0.0,
2024,Poder Ejecutivo,Ramos Administrativos,Educación Pública,K009,Proyectos de infraestructura social del sector educativo,0.0,0.0,0.0,0.0,0.0,0.0,0.0,0.0,0.0,0.0,0.0,,0.0,
2024,Poder Ejecutivo,Ramos Administrativos,Educación Pública,K009,Aprobado,0.0,0.0,0.0,0.0,0.0,0.0,1169978282.0,0.0,0.0,1169978282.0,1169978282.0,0.0,0.0,100.0
2024,Poder Ejecutivo,Ramos Administrativos,Educación Pública,K009,Modificado,0.0,0.0,0.0,0.0,0.0,0.0,1177106335.27,0.0,0.0,1177106335.27,1177106335.27,0.0,0.0,100.0
2024,Poder Ejecutivo,Ramos Administrativos,Educación Pública,K009,Devengado,0.0,0.0,0.0,0.0,0.0,0.0,1177106335.27,0.0,0.0,1177106335.27,1177106335.27,0.0,0.0,100.0
2024,Poder Ejecutivo,Ramos Administrativos,Educación Pública,K009,Ejercido,0.0,0.0,0.0,0.0,0.0,0.0,1177106335.27,0.0,0.0,1177106335.27,1177106335.27,0.0,0.0,100.0
2024,Poder Ejecutivo,Ramos Administrativos,Educación Pública,K009,Porcentaje Ejer/Aprob,0.0,0.0,0.0,0.0,0.0,0.0,100.60924663129774,0.0,0.0,100.60924663129774,100.60924663129774,,0.0,
2024,Poder Ejecutivo,Ramos Administrativos,Educación Pública,K009,Porcentaje Ejer/Modif,0.0,0.0,0.0,0.0,0.0,0.0,100.0,0.0,0.0,100.0,100.0,,0.0,
2024,Poder Ejecutivo,Ramos Administrativos,Educación Pública,K027,Mantenimiento de infraestructura,0.0,0.0,0.0,0.0,0.0,0.0,0.0,0.0,0.0,0.0,0.0,,0.0,
2024,Poder Ejecutivo,Ramos Administrativos,Educación Pública,K027,Aprobado,0.0,0.0,0.0,0.0,0.0,0.0,0.0,0.0,0.0,0.0,0.0,0.0,0.0,0.0
2024,Poder Ejecutivo,Ramos Administrativos,Educación Pública,K027,Modificado,0.0,0.0,0.0,0.0,0.0,0.0,234914421.72,0.0,0.0,234914421.72,234914421.72,0.0,0.0,100.0
2024,Poder Ejecutivo,Ramos Administrativos,Educación Pública,K027,Devengado,0.0,0.0,0.0,0.0,0.0,0.0,234914421.72,0.0,0.0,234914421.72,234914421.72,0.0,0.0,100.0
2024,Poder Ejecutivo,Ramos Administrativos,Educación Pública,K027,Ejercido,0.0,0.0,0.0,0.0,0.0,0.0,234914421.72,0.0,0.0,234914421.72,234914421.72,0.0,0.0,100.0
2024,Poder Ejecutivo,Ramos Administrativos,Educación Pública,K027,Porcentaje Ejer/Aprob,0.0,0.0,0.0,0.0,0.0,0.0,0.0,0.0,0.0,0.0,0.0,,0.0,
2024,Poder Ejecutivo,Ramos Administrativos,Educación Pública,K027,Porcentaje Ejer/Modif,0.0,0.0,0.0,0.0,0.0,0.0,100.0,0.0,0.0,100.0,100.0,,0.0,
2024,Poder Ejecutivo,Ramos Administrativos,Educación Pública,M001,Actividades de apoyo administrativo,0.0,0.0,0.0,0.0,0.0,0.0,0.0,0.0,0.0,0.0,0.0,,0.0,
2024,Poder Ejecutivo,Ramos Administrativos,Educación Pública,M001,Aprobado,3853130978.0,2746786135.0,0.0,122618991.0,6722536104.0,0.0,0.0,0.0,0.0,0.0,6722536104.0,100.0,0.0,0.0
2024,Poder Ejecutivo,Ramos Administrativos,Educación Pública,M001,Modificado,6012420747.81,2349885284.01,0.0,56367040.41,8418673072.23,0.0,0.0,0.0,0.0,0.0,8418673072.23,100.0,0.0,0.0
2024,Poder Ejecutivo,Ramos Administrativos,Educación Pública,M001,Devengado,6012420747.81,2349885284.01,0.0,56367040.41,8418673072.23,0.0,0.0,0.0,0.0,0.0,8418673072.23,100.0,0.0,0.0
2024,Poder Ejecutivo,Ramos Administrativos,Educación Pública,M001,Ejercido,6012420747.81,2349885284.01,0.0,56367040.41,8418673072.23,0.0,0.0,0.0,0.0,0.0,8418673072.23,100.0,0.0,0.0
2024,Poder Ejecutivo,Ramos Administrativos,Educación Pública,M001,Porcentaje Ejer/Aprob,156.03987464061754,85.55035479709818,0.0,45.96925806541663,125.23061151312784,0.0,0.0,0.0,0.0,0.0,125.23061151312784,,0.0,
2024,Poder Ejecutivo,Ramos Administrativos,Educación Pública,M001,Porcentaje Ejer/Modif,100.0,100.0,0.0,100.0,100.0,0.0,0.0,0.0,0.0,0.0,100.0,,0.0,
2024,Poder Ejecutivo,Ramos Administrativos,Educación Pública,O001,Actividades de apoyo a la función pública y buen gobierno,0.0,0.0,0.0,0.0,0.0,0.0,0.0,0.0,0.0,0.0,0.0,,0.0,
2024,Poder Ejecutivo,Ramos Administrativos,Educación Pública,O001,Aprobado,210584760.0,38779916.0,0.0,0.0,249364676.0,0.0,0.0,0.0,0.0,0.0,249364676.0,100.0,0.0,0.0
2024,Poder Ejecutivo,Ramos Administrativos,Educación Pública,O001,Modificado,183002103.26,37832298.8,0.0,0.0,220834402.06,0.0,0.0,0.0,0.0,0.0,220834402.06,100.0,0.0,0.0
2024,Poder Ejecutivo,Ramos Administrativos,Educación Pública,O001,Devengado,183002103.26,37832298.8,0.0,0.0,220834402.06,0.0,0.0,0.0,0.0,0.0,220834402.06,100.0,0.0,0.0
2024,Poder Ejecutivo,Ramos Administrativos,Educación Pública,O001,Ejercido,183002103.26,37832298.8,0.0,0.0,220834402.06,0.0,0.0,0.0,0.0,0.0,220834402.06,100.0,0.0,0.0
2024,Poder Ejecutivo,Ramos Administrativos,Educación Pública,O001,Porcentaje Ejer/Aprob,86.901874219198,97.55642276275172,0.0,0.0,88.5588149862894,0.0,0.0,0.0,0.0,0.0,88.5588149862894,,0.0,
2024,Poder Ejecutivo,Ramos Administrativos,Educación Pública,O001,Porcentaje Ejer/Modif,100.0,100.0,0.0,0.0,100.0,0.0,0.0,0.0,0.0,0.0,100.0,,0.0,
2024,Poder Ejecutivo,Ramos Administrativos,Educación Pública,P001,Diseño de la Política Educativa,0.0,0.0,0.0,0.0,0.0,0.0,0.0,0.0,0.0,0.0,0.0,,0.0,
2024,Poder Ejecutivo,Ramos Administrativos,Educación Pública,P001,Aprobado,2134547210.0,2036811889.0,0.0,283402559.0,4454761658.0,0.0,0.0,0.0,0.0,0.0,4454761658.0,100.0,0.0,0.0
2024,Poder Ejecutivo,Ramos Administrativos,Educación Pública,P001,Modificado,1124071310.21,457442712.1,0.0,434005727.03,2015519749.34,0.0,0.0,0.0,0.0,0.0,2015519749.34,100.0,0.0,0.0
2024,Poder Ejecutivo,Ramos Administrativos,Educación Pública,P001,Devengado,1124071310.21,457442712.1,0.0,434005727.03,2015519749.34,0.0,0.0,0.0,0.0,0.0,2015519749.34,100.0,0.0,0.0
2024,Poder Ejecutivo,Ramos Administrativos,Educación Pública,P001,Ejercido,1124071310.21,457442712.1,0.0,434005727.03,2015519749.34,0.0,0.0,0.0,0.0,0.0,2015519749.34,100.0,0.0,0.0
2024,Poder Ejecutivo,Ramos Administrativos,Educación Pública,P001,Porcentaje Ejer/Aprob,52.660878379447986,22.45876089836591,0.0,153.1410755645294,45.244165773054696,0.0,0.0,0.0,0.0,0.0,45.244165773054696,,0.0,
2024,Poder Ejecutivo,Ramos Administrativos,Educación Pública,P001,Porcentaje Ejer/Modif,100.0,100.0,0.0,100.0,100.0,0.0,0.0,0.0,0.0,0.0,100.0,,0.0,
2024,Poder Ejecutivo,Ramos Administrativos,Educación Pública,S072,Programa de Becas de Educación Básica para el Bienestar Benito Juárez,0.0,0.0,0.0,0.0,0.0,0.0,0.0,0.0,0.0,0.0,0.0,,0.0,
2024,Poder Ejecutivo,Ramos Administrativos,Educación Pública,S072,Aprobado,158630202.0,0.0,49711128404.0,0.0,49869758606.0,0.0,0.0,0.0,0.0,0.0,49869758606.0,100.0,0.0,0.0
2024,Poder Ejecutivo,Ramos Administrativos,Educación Pública,S072,Modificado,583671308.28,1050147084.18,40937736300.0,43470.0,42571598162.46,0.0,0.0,0.0,0.0,0.0,42571598162.46,100.0,0.0,0.0
2024,Poder Ejecutivo,Ramos Administrativos,Educación Pública,S072,Devengado,583671308.28,1050147084.18,40937736300.0,43470.0,42571598162.46,0.0,0.0,0.0,0.0,0.0,42571598162.46,100.0,0.0,0.0
2024,Poder Ejecutivo,Ramos Administrativos,Educación Pública,S072,Ejercido,583671308.28,1050147084.18,40937736300.0,43470.0,42571598162.46,0.0,0.0,0.0,0.0,0.0,42571598162.46,100.0,0.0,0.0
2024,Poder Ejecutivo,Ramos Administrativos,Educación Pública,S072,Porcentaje Ejer/Aprob,367.9446290309836,0.0,82.35125134819098,0.0,85.36555891276775,0.0,0.0,0.0,0.0,0.0,85.36555891276775,,0.0,
2024,Poder Ejecutivo,Ramos Administrativos,Educación Pública,S072,Porcentaje Ejer/Modif,100.0,100.0,100.0,100.0,100.0,0.0,0.0,0.0,0.0,0.0,100.0,,0.0,
2024,Poder Ejecutivo,Ramos Administrativos,Educación Pública,S243,Programa de Becas Elisa Acuña,0.0,0.0,0.0,0.0,0.0,0.0,0.0,0.0,0.0,0.0,0.0,,0.0,
2024,Poder Ejecutivo,Ramos Administrativos,Educación Pública,S243,Aprobado,0.0,0.0,2020621187.0,0.0,2020621187.0,0.0,0.0,0.0,0.0,0.0,2020621187.0,100.0,0.0,0.0
2024,Poder Ejecutivo,Ramos Administrativos,Educación Pública,S243,Modificado,1460414.66,261403.68,2080837344.14,0.0,2082559162.48,0.0,0.0,0.0,0.0,0.0,2082559162.48,100.0,0.0,0.0
2024,Poder Ejecutivo,Ramos Administrativos,Educación Pública,S243,Devengado,1460414.66,261403.68,2080837344.14,0.0,2082559162.48,0.0,0.0,0.0,0.0,0.0,2082559162.48,100.0,0.0,0.0
2024,Poder Ejecutivo,Ramos Administrativos,Educación Pública,S243,Ejercido,1460414.66,261403.68,2080837344.14,0.0,2082559162.48,0.0,0.0,0.0,0.0,0.0,2082559162.48,100.0,0.0,0.0
2024,Poder Ejecutivo,Ramos Administrativos,Educación Pública,S243,Porcentaje Ejer/Aprob,0.0,0.0,102.98008144858674,0.0,103.06529377591842,0.0,0.0,0.0,0.0,0.0,103.06529377591842,,0.0,
2024,Poder Ejecutivo,Ramos Administrativos,Educación Pública,S243,Porcentaje Ejer/Modif,100.0,100.0,100.0,0.0,100.0,0.0,0.0,0.0,0.0,0.0,100.0,,0.0,
2024,Poder Ejecutivo,Ramos Administrativos,Educación Pública,S247,Programa para el Desarrollo Profesional Docente,0.0,0.0,0.0,0.0,0.0,0.0,0.0,0.0,0.0,0.0,0.0,,0.0,
2024,Poder Ejecutivo,Ramos Administrativos,Educación Pública,S247,Aprobado,7099744.0,0.0,268939979.0,0.0,276039723.0,0.0,0.0,0.0,0.0,0.0,276039723.0,100.0,0.0,0.0
2024,Poder Ejecutivo,Ramos Administrativos,Educación Pública,S247,Modificado,1561732.5,0.0,585679441.94,0.0,587241174.44,0.0,0.0,0.0,0.0,0.0,587241174.44,100.0,0.0,0.0
2024,Poder Ejecutivo,Ramos Administrativos,Educación Pública,S247,Devengado,1561732.5,0.0,585679441.94,0.0,587241174.44,0.0,0.0,0.0,0.0,0.0,587241174.44,100.0,0.0,0.0
2024,Poder Ejecutivo,Ramos Administrativos,Educación Pública,S247,Ejercido,1561732.5,0.0,585679441.94,0.0,587241174.44,0.0,0.0,0.0,0.0,0.0,587241174.44,100.0,0.0,0.0
2024,Poder Ejecutivo,Ramos Administrativos,Educación Pública,S247,Porcentaje Ejer/Aprob,21.997025526554197,0.0,217.7732905749948,0.0,212.73792338938117,0.0,0.0,0.0,0.0,0.0,212.73792338938117,,0.0,
2024,Poder Ejecutivo,Ramos Administrativos,Educación Pública,S247,Porcentaje Ejer/Modif,100.0,0.0,100.0,0.0,100.0,0.0,0.0,0.0,0.0,0.0,100.0,,0.0,
2024,Poder Ejecutivo,Ramos Administrativos,Educación Pública,S269,Programa de Cultura Física y Deporte,0.0,0.0,0.0,0.0,0.0,0.0,0.0,0.0,0.0,0.0,0.0,,0.0,
2024,Poder Ejecutivo,Ramos Administrativos,Educación Pública,S269,Aprobado,0.0,0.0,1945077258.0,22138444.0,1967215702.0,0.0,0.0,0.0,0.0,0.0,1967215702.0,100.0,0.0,0.0
2024,Poder Ejecutivo,Ramos Administrativos,Educación Pública,S269,Modificado,0.0,0.0,1018925225.16,713776864.6,1732702089.76,0.0,0.0,0.0,0.0,0.0,1732702089.76,100.0,0.0,0.0
2024,Poder Ejecutivo,Ramos Administrativos,Educación Pública,S269,Devengado,0.0,0.0,1018925225.16,713776864.6,1732702089.76,0.0,0.0,0.0,0.0,0.0,1732702089.76,100.0,0.0,0.0
2024,Poder Ejecutivo,Ramos Administrativos,Educación Pública,S269,Ejercido,0.0,0.0,1018925225.16,713776864.6,1732702089.76,0.0,0.0,0.0,0.0,0.0,1732702089.76,100.0,0.0,0.0
2024,Poder Ejecutivo,Ramos Administrativos,Educación Pública,S269,Porcentaje Ejer/Aprob,0.0,0.0,52.384820241417884,0.0,88.07890705622276,0.0,0.0,0.0,0.0,0.0,88.07890705622276,,0.0,
2024,Poder Ejecutivo,Ramos Administrativos,Educación Pública,S269,Porcentaje Ejer/Modif,0.0,0.0,100.0,100.0,100.0,0.0,0.0,0.0,0.0,0.0,100.0,,0.0,
2024,Poder Ejecutivo,Ramos Administrativos,Educación Pública,S270,Programa Nacional de Inglés,0.0,0.0,0.0,0.0,0.0,0.0,0.0,0.0,0.0,0.0,0.0,,0.0,
2024,Poder Ejecutivo,Ramos Administrativos,Educación Pública,S270,Aprobado,0.0,0.0,751221546.0,0.0,751221546.0,0.0,0.0,0.0,0.0,0.0,751221546.0,100.0,0.0,0.0
2024,Poder Ejecutivo,Ramos Administrativos,Educación Pública,S270,Modificado,10039011.01,0.0,589688427.82,0.0,599727438.83,0.0,0.0,0.0,0.0,0.0,599727438.83,100.0,0.0,0.0
2024,Poder Ejecutivo,Ramos Administrativos,Educación Pública,S270,Devengado,10039011.01,0.0,589688427.82,0.0,599727438.83,0.0,0.0,0.0,0.0,0.0,599727438.83,100.0,0.0,0.0
2024,Poder Ejecutivo,Ramos Administrativos,Educación Pública,S270,Ejercido,10039011.01,0.0,589688427.82,0.0,599727438.83,0.0,0.0,0.0,0.0,0.0,599727438.83,100.0,0.0,0.0
2024,Poder Ejecutivo,Ramos Administrativos,Educación Pública,S270,Porcentaje Ejer/Aprob,0.0,0.0,78.49727300286993,0.0,79.8336312401242,0.0,0.0,0.0,0.0,0.0,79.8336312401242,,0.0,
2024,Poder Ejecutivo,Ramos Administrativos,Educación Pública,S270,Porcentaje Ejer/Modif,100.0,0.0,100.0,0.0,100.0,0.0,0.0,0.0,0.0,0.0,100.0,,0.0,
2024,Poder Ejecutivo,Ramos Administrativos,Educación Pública,S282,La Escuela es Nuestra,0.0,0.0,0.0,0.0,0.0,0.0,0.0,0.0,0.0,0.0,0.0,,0.0,
2024,Poder Ejecutivo,Ramos Administrativos,Educación Pública,S282,Aprobado,0.0,0.0,28358345059.0,0.0,28358345059.0,0.0,0.0,0.0,0.0,0.0,28358345059.0,100.0,0.0,0.0
2024,Poder Ejecutivo,Ramos Administrativos,Educación Pública,S282,Modificado,34414202.4,466553715.4,22889900329.46,0.0,23390868247.26,0.0,0.0,0.0,0.0,0.0,23390868247.26,100.0,0.0,0.0
2024,Poder Ejecutivo,Ramos Administrativos,Educación Pública,S282,Devengado,34414202.4,466553715.4,22889900329.46,0.0,23390868247.26,0.0,0.0,0.0,0.0,0.0,23390868247.26,100.0,0.0,0.0
2024,Poder Ejecutivo,Ramos Administrativos,Educación Pública,S282,Ejercido,34414202.4,466553715.4,22889900329.46,0.0,23390868247.26,0.0,0.0,0.0,0.0,0.0,23390868247.26,100.0,0.0,0.0
2024,Poder Ejecutivo,Ramos Administrativos,Educación Pública,S282,Porcentaje Ejer/Aprob,0.0,0.0,80.71662955591093,0.0,82.48319215594181,0.0,0.0,0.0,0.0,0.0,82.48319215594181,,0.0,
2024,Poder Ejecutivo,Ramos Administrativos,Educación Pública,S282,Porcentaje Ejer/Modif,100.0,100.0,100.0,0.0,100.0,0.0,0.0,0.0,0.0,0.0,100.0,,0.0,
2024,Poder Ejecutivo,Ramos Administrativos,Educación Pública,S283,Jóvenes Escribiendo el Futuro,0.0,0.0,0.0,0.0,0.0,0.0,0.0,0.0,0.0,0.0,0.0,,0.0,
2024,Poder Ejecutivo,Ramos Administrativos,Educación Pública,S283,Aprobado,0.0,0.0,11701074486.0,0.0,11701074486.0,0.0,0.0,0.0,0.0,0.0,11701074486.0,100.0,0.0,0.0
2024,Poder Ejecutivo,Ramos Administrativos,Educación Pública,S283,Modificado,0.0,270894329.56,11395283200.0,16800.0,11666194329.56,0.0,0.0,0.0,0.0,0.0,11666194329.56,100.0,0.0,0.0
2024,Poder Ejecutivo,Ramos Administrativos,Educación Pública,S283,Devengado,0.0,270894329.56,11395283200.0,16800.0,11666194329.56,0.0,0.0,0.0,0.0,0.0,11666194329.56,100.0,0.0,0.0
2024,Poder Ejecutivo,Ramos Administrativos,Educación Pública,S283,Ejercido,0.0,270894329.56,11395283200.0,16800.0,11666194329.56,0.0,0.0,0.0,0.0,0.0,11666194329.56,100.0,0.0,0.0
2024,Poder Ejecutivo,Ramos Administrativos,Educación Pública,S283,Porcentaje Ejer/Aprob,0.0,0.0,97.38663926662572,0.0,99.70190638063424,0.0,0.0,0.0,0.0,0.0,99.70190638063424,,0.0,
2024,Poder Ejecutivo,Ramos Administrativos,Educación Pública,S283,Porcentaje Ejer/Modif,0.0,100.0,100.0,100.0,100.0,0.0,0.0,0.0,0.0,0.0,100.0,,0.0,
2024,Poder Ejecutivo,Ramos Administrativos,Educación Pública,S295,Fortalecimiento de los Servicios de Educación Especial (PFSEE),0.0,0.0,0.0,0.0,0.0,0.0,0.0,0.0,0.0,0.0,0.0,,0.0,
2024,Poder Ejecutivo,Ramos Administrativos,Educación Pública,S295,Aprobado,0.0,0.0,792406219.0,0.0,792406219.0,0.0,0.0,0.0,0.0,0.0,792406219.0,100.0,0.0,0.0
2024,Poder Ejecutivo,Ramos Administrativos,Educación Pública,S295,Modificado,5264662.0,0.0,500088463.04,0.0,505353125.04,0.0,0.0,0.0,0.0,0.0,505353125.04,100.0,0.0,0.0
2024,Poder Ejecutivo,Ramos Administrativos,Educación Pública,S295,Devengado,5264662.0,0.0,500088463.04,0.0,505353125.04,0.0,0.0,0.0,0.0,0.0,505353125.04,100.0,0.0,0.0
2024,Poder Ejecutivo,Ramos Administrativos,Educación Pública,S295,Ejercido,5264662.0,0.0,500088463.04,0.0,505353125.04,0.0,0.0,0.0,0.0,0.0,505353125.04,100.0,0.0,0.0
2024,Poder Ejecutivo,Ramos Administrativos,Educación Pública,S295,Porcentaje Ejer/Aprob,0.0,0.0,63.110113354625256,0.0,63.774502638021325,0.0,0.0,0.0,0.0,0.0,63.774502638021325,,0.0,
2024,Poder Ejecutivo,Ramos Administrativos,Educación Pública,S295,Porcentaje Ejer/Modif,100.0,0.0,100.0,0.0,100.0,0.0,0.0,0.0,0.0,0.0,100.0,,0.0,
2024,Poder Ejecutivo,Ramos Administrativos,Educación Pública,S298,Atención de Planteles Públicos de Educación Media Superior con estudiantes con discapacidad (PAPPEMS),0.0,0.0,0.0,0.0,0.0,0.0,0.0,0.0,0.0,0.0,0.0,,0.0,
2024,Poder Ejecutivo,Ramos Administrativos,Educación Pública,S298,Aprobado,0.0,0.0,29879397.0,0.0,29879397.0,0.0,0.0,0.0,0.0,0.0,29879397.0,100.0,0.0,0.0
2024,Poder Ejecutivo,Ramos Administrativos,Educación Pública,S298,Modificado,0.0,0.0,17429936.63,0.0,17429936.63,0.0,0.0,0.0,0.0,0.0,17429936.63,100.0,0.0,0.0
2024,Poder Ejecutivo,Ramos Administrativos,Educación Pública,S298,Devengado,0.0,0.0,17429936.63,0.0,17429936.63,0.0,0.0,0.0,0.0,0.0,17429936.63,100.0,0.0,0.0
2024,Poder Ejecutivo,Ramos Administrativos,Educación Pública,S298,Ejercido,0.0,0.0,17429936.63,0.0,17429936.63,0.0,0.0,0.0,0.0,0.0,17429936.63,100.0,0.0,0.0
2024,Poder Ejecutivo,Ramos Administrativos,Educación Pública,S298,Porcentaje Ejer/Aprob,0.0,0.0,58.33429847998606,0.0,58.33429847998606,0.0,0.0,0.0,0.0,0.0,58.33429847998606,,0.0,
2024,Poder Ejecutivo,Ramos Administrativos,Educación Pública,S298,Porcentaje Ejer/Modif,0.0,0.0,100.0,0.0,100.0,0.0,0.0,0.0,0.0,0.0,100.0,,0.0,
2024,Poder Ejecutivo,Ramos Administrativos,Educación Pública,S300,Fortalecimiento a la Excelencia Educativa,0.0,0.0,0.0,0.0,0.0,0.0,0.0,0.0,0.0,0.0,0.0,,0.0,
2024,Poder Ejecutivo,Ramos Administrativos,Educación Pública,S300,Aprobado,0.0,0.0,831694101.0,0.0,831694101.0,0.0,0.0,0.0,0.0,0.0,831694101.0,100.0,0.0,0.0
2024,Poder Ejecutivo,Ramos Administrativos,Educación Pública,S300,Modificado,13959200.31,0.0,798333071.13,0.0,812292271.44,0.0,0.0,0.0,0.0,0.0,812292271.44,100.0,0.0,0.0
2024,Poder Ejecutivo,Ramos Administrativos,Educación Pública,S300,Devengado,13959200.31,0.0,798333071.13,0.0,812292271.44,0.0,0.0,0.0,0.0,0.0,812292271.44,100.0,0.0,0.0
2024,Poder Ejecutivo,Ramos Administrativos,Educación Pública,S300,Ejercido,13959200.31,0.0,798333071.13,0.0,812292271.44,0.0,0.0,0.0,0.0,0.0,812292271.44,100.0,0.0,0.0
2024,Poder Ejecutivo,Ramos Administrativos,Educación Pública,S300,Porcentaje Ejer/Aprob,0.0,0.0,95.98878604166029,0.0,97.66719163492058,0.0,0.0,0.0,0.0,0.0,97.66719163492058,,0.0,
2024,Poder Ejecutivo,Ramos Administrativos,Educación Pública,S300,Porcentaje Ejer/Modif,100.0,0.0,100.0,0.0,100.0,0.0,0.0,0.0,0.0,0.0,100.0,,0.0,
2024,Poder Ejecutivo,Ramos Administrativos,Educación Pública,S311,Beca Universal para Estudiantes de Educación Media Superior Benito Juárez,0.0,0.0,0.0,0.0,0.0,0.0,0.0,0.0,0.0,0.0,0.0,,0.0,
2024,Poder Ejecutivo,Ramos Administrativos,Educación Pública,S311,Aprobado,0.0,0.0,39366586750.0,0.0,39366586750.0,0.0,0.0,0.0,0.0,0.0,39366586750.0,100.0,0.0,0.0
2024,Poder Ejecutivo,Ramos Administrativos,Educación Pública,S311,Modificado,505221942.7,739377727.12,32056632720.0,3500.0,33301235889.82,0.0,0.0,0.0,0.0,0.0,33301235889.82,100.0,0.0,0.0
2024,Poder Ejecutivo,Ramos Administrativos,Educación Pública,S311,Devengado,505221942.7,739377727.12,32056632720.0,3500.0,33301235889.82,0.0,0.0,0.0,0.0,0.0,33301235889.82,100.0,0.0,0.0
2024,Poder Ejecutivo,Ramos Administrativos,Educación Pública,S311,Ejercido,505221942.7,739377727.12,32056632720.0,3500.0,33301235889.82,0.0,0.0,0.0,0.0,0.0,33301235889.82,100.0,0.0,0.0
2024,Poder Ejecutivo,Ramos Administrativos,Educación Pública,S311,Porcentaje Ejer/Aprob,0.0,0.0,81.43106976375086,0.0,84.59264223566448,0.0,0.0,0.0,0.0,0.0,84.59264223566448,,0.0,
2024,Poder Ejecutivo,Ramos Administrativos,Educación Pública,S311,Porcentaje Ejer/Modif,100.0,100.0,100.0,100.0,100.0,0.0,0.0,0.0,0.0,0.0,100.0,,0.0,
2024,Poder Ejecutivo,Ramos Administrativos,Educación Pública,S312,Expansión de la Educación Inicial,0.0,0.0,0.0,0.0,0.0,0.0,0.0,0.0,0.0,0.0,0.0,,0.0,
2024,Poder Ejecutivo,Ramos Administrativos,Educación Pública,S312,Aprobado,0.0,0.0,866482104.0,0.0,866482104.0,0.0,0.0,0.0,0.0,0.0,866482104.0,100.0,0.0,0.0
2024,Poder Ejecutivo,Ramos Administrativos,Educación Pública,S312,Modificado,10431405.79,0.0,752370104.39,0.0,762801510.18,0.0,0.0,0.0,0.0,0.0,762801510.18,100.0,0.0,0.0
2024,Poder Ejecutivo,Ramos Administrativos,Educación Pública,S312,Devengado,10431405.79,0.0,752370104.39,0.0,762801510.18,0.0,0.0,0.0,0.0,0.0,762801510.18,100.0,0.0,0.0
2024,Poder Ejecutivo,Ramos Administrativos,Educación Pública,S312,Ejercido,10431405.79,0.0,752370104.39,0.0,762801510.18,0.0,0.0,0.0,0.0,0.0,762801510.18,100.0,0.0,0.0
2024,Poder Ejecutivo,Ramos Administrativos,Educación Pública,S312,Porcentaje Ejer/Aprob,0.0,0.0,86.83042626232937,0.0,88.03430638193538,0.0,0.0,0.0,0.0,0.0,88.03430638193538,,0.0,
2024,Poder Ejecutivo,Ramos Administrativos,Educación Pública,S312,Porcentaje Ejer/Modif,100.0,0.0,100.0,0.0,100.0,0.0,0.0,0.0,0.0,0.0,100.0,,0.0,
2024,Poder Ejecutivo,Ramos Administrativos,Educación Pública,U006,Subsidios para organismos descentralizados estatales,0.0,0.0,0.0,0.0,0.0,0.0,0.0,0.0,0.0,0.0,0.0,,0.0,
2024,Poder Ejecutivo,Ramos Administrativos,Educación Pública,U006,Aprobado,0.0,0.0,110558399895.0,0.0,110558399895.0,0.0,0.0,0.0,0.0,0.0,110558399895.0,100.0,0.0,0.0
2024,Poder Ejecutivo,Ramos Administrativos,Educación Pública,U006,Modificado,203788903.42,0.0,113501089277.92,0.0,113704878181.34,0.0,0.0,0.0,0.0,0.0,113704878181.34,100.0,0.0,0.0
2024,Poder Ejecutivo,Ramos Administrativos,Educación Pública,U006,Devengado,203788903.42,0.0,113501089277.92,0.0,113704878181.34,0.0,0.0,0.0,0.0,0.0,113704878181.34,100.0,0.0,0.0
2024,Poder Ejecutivo,Ramos Administrativos,Educación Pública,U006,Ejercido,203788903.42,0.0,113501089277.92,0.0,113704878181.34,0.0,0.0,0.0,0.0,0.0,113704878181.34,100.0,0.0,0.0
2024,Poder Ejecutivo,Ramos Administrativos,Educación Pública,U006,Porcentaje Ejer/Aprob,0.0,0.0,102.66166061169007,0.0,102.84598754081851,0.0,0.0,0.0,0.0,0.0,102.84598754081851,,0.0,
2024,Poder Ejecutivo,Ramos Administrativos,Educación Pública,U006,Porcentaje Ejer/Modif,100.0,0.0,100.0,0.0,100.0,0.0,0.0,0.0,0.0,0.0,100.0,,0.0,
2024,Poder Ejecutivo,Ramos Administrativos,Educación Pública,U079,Expansión de la Educación Media Superior y Superior,0.0,0.0,0.0,0.0,0.0,0.0,0.0,0.0,0.0,0.0,0.0,,0.0,
2024,Poder Ejecutivo,Ramos Administrativos,Educación Pública,U079,Aprobado,0.0,0.0,833473628.0,0.0,833473628.0,0.0,0.0,0.0,0.0,0.0,833473628.0,100.0,0.0,0.0
2024,Poder Ejecutivo,Ramos Administrativos,Educación Pública,U079,Modificado,0.0,0.0,798049804.66,0.0,798049804.66,0.0,0.0,0.0,0.0,0.0,798049804.66,100.0,0.0,0.0
2024,Poder Ejecutivo,Ramos Administrativos,Educación Pública,U079,Devengado,0.0,0.0,798049804.66,0.0,798049804.66,0.0,0.0,0.0,0.0,0.0,798049804.66,100.0,0.0,0.0
2024,Poder Ejecutivo,Ramos Administrativos,Educación Pública,U079,Ejercido,0.0,0.0,798049804.66,0.0,798049804.66,0.0,0.0,0.0,0.0,0.0,798049804.66,100.0,0.0,0.0
2024,Poder Ejecutivo,Ramos Administrativos,Educación Pública,U079,Porcentaje Ejer/Aprob,0.0,0.0,95.74985672612067,0.0,95.74985672612067,0.0,0.0,0.0,0.0,0.0,95.74985672612067,,0.0,
2024,Poder Ejecutivo,Ramos Administrativos,Educación Pública,U079,Porcentaje Ejer/Modif,0.0,0.0,100.0,0.0,100.0,0.0,0.0,0.0,0.0,0.0,100.0,,0.0,
2024,Poder Ejecutivo,Ramos Administrativos,Educación Pública,U080,Apoyos a centros y organizaciones de educación,0.0,0.0,0.0,0.0,0.0,0.0,0.0,0.0,0.0,0.0,0.0,,0.0,
2024,Poder Ejecutivo,Ramos Administrativos,Educación Pública,U080,Aprobado,0.0,0.0,10195011548.0,0.0,10195011548.0,0.0,0.0,0.0,0.0,0.0,10195011548.0,100.0,0.0,0.0
2024,Poder Ejecutivo,Ramos Administrativos,Educación Pública,U080,Modificado,1037208.0,0.0,29175183367.58,0.0,29176220575.58,0.0,0.0,0.0,0.0,0.0,29176220575.58,100.0,0.0,0.0
2024,Poder Ejecutivo,Ramos Administrativos,Educación Pública,U080,Devengado,1037208.0,0.0,29175183367.58,0.0,29176220575.58,0.0,0.0,0.0,0.0,0.0,29176220575.58,100.0,0.0,0.0
2024,Poder Ejecutivo,Ramos Administrativos,Educación Pública,U080,Ejercido,1037208.0,0.0,29175183367.58,0.0,29176220575.58,0.0,0.0,0.0,0.0,0.0,29176220575.58,100.0,0.0,0.0
2024,Poder Ejecutivo,Ramos Administrativos,Educación Pública,U080,Porcentaje Ejer/Aprob,0.0,0.0,286.17116547850725,0.0,286.18133915997015,0.0,0.0,0.0,0.0,0.0,286.18133915997015,,0.0,
2024,Poder Ejecutivo,Ramos Administrativos,Educación Pública,U080,Porcentaje Ejer/Modif,100.0,0.0,100.0,0.0,100.0,0.0,0.0,0.0,0.0,0.0,100.0,,0.0,
2024,Poder Ejecutivo,Ramos Administrativos,Educación Pública,U083,Universidades para el Bienestar Benito Juárez García,0.0,0.0,0.0,0.0,0.0,0.0,0.0,0.0,0.0,0.0,0.0,,0.0,
2024,Poder Ejecutivo,Ramos Administrativos,Educación Pública,U083,Aprobado,0.0,0.0,1094348364.0,453297929.0,1547646293.0,0.0,0.0,0.0,0.0,0.0,1547646293.0,100.0,0.0,0.0
2024,Poder Ejecutivo,Ramos Administrativos,Educación Pública,U083,Modificado,0.0,0.0,794172196.41,749614227.78,1543786424.19,0.0,0.0,0.0,0.0,0.0,1543786424.19,100.0,0.0,0.0
2024,Poder Ejecutivo,Ramos Administrativos,Educación Pública,U083,Devengado,0.0,0.0,794172196.41,749614227.78,1543786424.19,0.0,0.0,0.0,0.0,0.0,1543786424.19,100.0,0.0,0.0
2024,Poder Ejecutivo,Ramos Administrativos,Educación Pública,U083,Ejercido,0.0,0.0,794172196.41,749614227.78,1543786424.19,0.0,0.0,0.0,0.0,0.0,1543786424.19,100.0,0.0,0.0
2024,Poder Ejecutivo,Ramos Administrativos,Educación Pública,U083,Porcentaje Ejer/Aprob,0.0,0.0,72.57032792621784,165.3689946110475,99.75059748293533,0.0,0.0,0.0,0.0,0.0,99.75059748293533,,0.0,
2024,Poder Ejecutivo,Ramos Administrativos,Educación Pública,U083,Porcentaje Ejer/Modif,0.0,0.0,100.0,100.0,100.0,0.0,0.0,0.0,0.0,0.0,100.0,,0.0,
2024,Poder Ejecutivo,Ramos Administrativos,Salud,TOTAL,Aprobado,39386287402.0,26001467771.0,8670762762.0,21151866795.0,95210384730.0,0.0,1779612832.0,0.0,0.0,1779612832.0,96989997562.0,98.16515839083057,0.0,1.8348416091694384
2024,Poder Ejecutivo,Ramos Administrativos,Salud,TOTAL,Modificado,33365994232.85,27223404191.18,2239409367.67,1824788259.5,64653596051.2,0.0,460830707.13,0.0,2429969960.81,2890800667.94,67544396719.14,95.72014732774889,0.0,4.279852672251104
2024,Poder Ejecutivo,Ramos Administrativos,Salud,TOTAL,Devengado,33365994232.85,27223382350.46,2239409367.67,1824788259.5,64653574210.48,0.0,460830707.13,0.0,2429969960.81,2890800667.94,67544374878.42,95.72014594384292,0.0,4.2798540561570775
2024,Poder Ejecutivo,Ramos Administrativos,Salud,TOTAL,Ejercido,33365994232.85,27223365814.05,2239409367.67,1824788259.5,64653557674.07,0.0,460830707.13,0.0,2429969960.81,2890800667.94,67544358342.01,95.72014489603636,0.0,4.279855103963632
2024,Poder Ejecutivo,Ramos Administrativos,Salud,TOTAL,Porcentaje Ejer/Aprob,84.71474828865364,104.69934256716387,25.827132273579323,8.627079005297793,67.90599350839321,0.0,25.894997993024138,0.0,0.0,162.4398642198597,69.64054030296563,,0.0,
2024,Poder Ejecutivo,Ramos Administrativos,Salud,TOTAL,Porcentaje Ejer/Modif,100.0,99.99985902890862,100.0,100.0,99.99994064192505,0.0,100.0,0.0,100.0,100.0,99.99994318236321,,0.0,
2024,Poder Ejecutivo,Ramos Administrativos,Salud,E010,Formación y capacitación de recursos humanos para la salud,0.0,0.0,0.0,0.0,0.0,0.0,0.0,0.0,0.0,0.0,0.0,,0.0,
2024,Poder Ejecutivo,Ramos Administrativos,Salud,E010,Aprobado,7115924905.0,247825676.0,0.0,1464466886.0,8828217467.0,0.0,0.0,0.0,0.0,0.0,8828217467.0,100.0,0.0,0.0
2024,Poder Ejecutivo,Ramos Administrativos,Salud,E010,Modificado,5756405354.01,614362507.54,0.0,1145718146.51,7516486008.06,0.0,0.0,0.0,0.0,0.0,7516486008.06,100.0,0.0,0.0
2024,Poder Ejecutivo,Ramos Administrativos,Salud,E010,Devengado,5756405354.01,614362507.54,0.0,1145718146.51,7516486008.06,0.0,0.0,0.0,0.0,0.0,7516486008.06,100.0,0.0,0.0
2024,Poder Ejecutivo,Ramos Administrativos,Salud,E010,Ejercido,5756405354.01,614362507.54,0.0,1145718146.51,7516486008.06,0.0,0.0,0.0,0.0,0.0,7516486008.06,100.0,0.0,0.0
2024,Poder Ejecutivo,Ramos Administrativos,Salud,E010,Porcentaje Ejer/Aprob,80.89468945864319,247.9010720180584,0.0,78.23448638291708,85.14160458956442,0.0,0.0,0.0,0.0,0.0,85.14160458956442,,0.0,
2024,Poder Ejecutivo,Ramos Administrativos,Salud,E010,Porcentaje Ejer/Modif,100.0,100.0,0.0,100.0,100.0,0.0,0.0,0.0,0.0,0.0,100.0,,0.0,
2024,Poder Ejecutivo,Ramos Administrativos,Salud,E022,Investigación y desarrollo tecnológico en salud,0.0,0.0,0.0,0.0,0.0,0.0,0.0,0.0,0.0,0.0,0.0,,0.0,
2024,Poder Ejecutivo,Ramos Administrativos,Salud,E022,Aprobado,2248946505.0,507599633.0,6508016.0,26488576.0,2789542730.0,0.0,9843848.0,0.0,0.0,9843848.0,2799386578.0,99.64835696229447,0.0,0.35164303770552696
2024,Poder Ejecutivo,Ramos Administrativos,Salud,E022,Modificado,2156724839.9,524687803.68,0.0,10149128.79,2691561772.37,0.0,8979602.08,0.0,0.0,8979602.08,2700541374.45,99.66748881668852,0.0,0.3325111833114874
2024,Poder Ejecutivo,Ramos Administrativos,Salud,E022,Devengado,2156724839.9,524687803.68,0.0,10149128.79,2691561772.37,0.0,8979602.08,0.0,0.0,8979602.08,2700541374.45,99.66748881668852,0.0,0.3325111833114874
2024,Poder Ejecutivo,Ramos Administrativos,Salud,E022,Ejercido,2156724839.9,524687803.68,0.0,10149128.79,2691561772.37,0.0,8979602.08,0.0,0.0,8979602.08,2700541374.45,99.66748881668852,0.0,0.3325111833114874
2024,Poder Ejecutivo,Ramos Administrativos,Salud,E022,Porcentaje Ejer/Aprob,95.89933931754415,103.36646631893842,0.0,38.31511663745155,96.48756204462227,0.0,91.22044631327098,0.0,0.0,91.22044631327098,96.46904059886508,,0.0,
2024,Poder Ejecutivo,Ramos Administrativos,Salud,E022,Porcentaje Ejer/Modif,100.0,100.0,0.0,100.0,100.0,0.0,100.0,0.0,0.0,100.0,100.0,,0.0,
2024,Poder Ejecutivo,Ramos Administrativos,Salud,E023,Atención a la Salud,0.0,0.0,0.0,0.0,0.0,0.0,0.0,0.0,0.0,0.0,0.0,,0.0,
2024,Poder Ejecutivo,Ramos Administrativos,Salud,E023,Aprobado,20517068532.0,8318654681.0,0.0,18633303556.0,47469026769.0,0.0,1495321725.0,0.0,0.0,1495321725.0,48964348494.0,96.94610104904544,0.0,3.053898950954558
2024,Poder Ejecutivo,Ramos Administrativos,Salud,E023,Modificado,17006549561.6,17324332029.19,0.0,11586320.24,34342467911.03,0.0,25222333.57,0.0,0.0,25222333.57,34367690244.6,99.9266103325813,0.0,0.1
2024,Poder Ejecutivo,Ramos Administrativos,Salud,E023,Devengado,17006549561.6,17324312542.04,0.0,11586320.24,34342448423.88,0.0,25222333.57,0.0,0.0,25222333.57,34367670757.45,99.92661029096791,0.0,0.1
2024,Poder Ejecutivo,Ramos Administrativos,Salud,E023,Ejercido,17006549561.6,17324296359.83,0.0,11586320.24,34342432241.67,0.0,25222333.57,0.0,0.0,25222333.57,34367654575.24,99.92661025641195,0.0,0.1
2024,Poder Ejecutivo,Ramos Administrativos,Salud,E023,Porcentaje Ejer/Aprob,82.88976339419676,208.25839061932808,0.0,0.1,72.34703253721977,0.0,1.686749623730639,0.0,0.0,1.686749623730639,70.18913889858321,,0.0,
2024,Poder Ejecutivo,Ramos Administrativos,Salud,E023,Porcentaje Ejer/Modif,100.0,99.99979410831,0.0,100.0,99.99989613629371,0.0,100.0,0.0,0.0,100.0,99.99989621251895,,0.0,
2024,Poder Ejecutivo,Ramos Administrativos,Salud,E025,Prevención y atención contra las adicciones,0.0,0.0,0.0,0.0,0.0,0.0,0.0,0.0,0.0,0.0,0.0,,0.0,
2024,Poder Ejecutivo,Ramos Administrativos,Salud,E025,Aprobado,1354929875.0,109595465.0,177655870.0,211099.0,1642392309.0,0.0,0.0,0.0,0.0,0.0,1642392309.0,100.0,0.0,0.0
2024,Poder Ejecutivo,Ramos Administrativos,Salud,E025,Modificado,1322333956.63,127526396.97,154265876.84,165000.0,1604291230.44,0.0,0.0,0.0,0.0,0.0,1604291230.44,100.0,0.0,0.0
2024,Poder Ejecutivo,Ramos Administrativos,Salud,E025,Devengado,1322333956.63,127526396.97,154265876.84,165000.0,1604291230.44,0.0,0.0,0.0,0.0,0.0,1604291230.44,100.0,0.0,0.0
2024,Poder Ejecutivo,Ramos Administrativos,Salud,E025,Ejercido,1322333956.63,127526396.96,154265876.84,165000.0,1604291230.43,0.0,0.0,0.0,0.0,0.0,1604291230.43,100.0,0.0,0.0
2024,Poder Ejecutivo,Ramos Administrativos,Salud,E025,Porcentaje Ejer/Aprob,97.5942726652182,116.3610163613978,86.83410057883255,78.16237878909895,97.68014752862558,0.0,0.0,0.0,0.0,0.0,97.68014752862558,,0.0,
2024,Poder Ejecutivo,Ramos Administrativos,Salud,E025,Porcentaje Ejer/Modif,100.0,99.99999999215848,100.0,100.0,99.99999999937668,0.0,0.0,0.0,0.0,0.0,99.99999999937668,,0.0,
2024,Poder Ejecutivo,Ramos Administrativos,Salud,E036,Programa de vacunación,0.0,0.0,0.0,0.0,0.0,0.0,0.0,0.0,0.0,0.0,0.0,,0.0,
2024,Poder Ejecutivo,Ramos Administrativos,Salud,E036,Aprobado,0.0,13914940511.0,116597665.0,0.0,14031538176.0,0.0,0.0,0.0,0.0,0.0,14031538176.0,100.0,0.0,0.0
2024,Poder Ejecutivo,Ramos Administrativos,Salud,E036,Modificado,36437935.52,4492265088.72,0.0,0.0,4528703024.24,0.0,0.0,0.0,0.0,0.0,4528703024.24,100.0,0.0,0.0
2024,Poder Ejecutivo,Ramos Administrativos,Salud,E036,Devengado,36437935.52,4492265088.72,0.0,0.0,4528703024.24,0.0,0.0,0.0,0.0,0.0,4528703024.24,100.0,0.0,0.0
2024,Poder Ejecutivo,Ramos Administrativos,Salud,E036,Ejercido,36437935.52,4492265088.72,0.0,0.0,4528703024.24,0.0,0.0,0.0,0.0,0.0,4528703024.24,100.0,0.0,0.0
2024,Poder Ejecutivo,Ramos Administrativos,Salud,E036,Porcentaje Ejer/Aprob,0.0,32.28375346030971,0.0,0.0,32.27517159869216,0.0,0.0,0.0,0.0,0.0,32.27517159869216,,0.0,
2024,Poder Ejecutivo,Ramos Administrativos,Salud,E036,Porcentaje Ejer/Modif,100.0,100.0,0.0,0.0,100.0,0.0,0.0,0.0,0.0,0.0,100.0,,0.0,
2024,Poder Ejecutivo,Ramos Administrativos,Salud,E040,Servicios de asistencia social integral,0.0,0.0,0.0,0.0,0.0,0.0,0.0,0.0,0.0,0.0,0.0,,0.0,
2024,Poder Ejecutivo,Ramos Administrativos,Salud,E040,Aprobado,1037035568.0,203158276.0,2152385045.0,607729743.0,4000308632.0,0.0,0.0,0.0,0.0,0.0,4000308632.0,100.0,0.0,0.0
2024,Poder Ejecutivo,Ramos Administrativos,Salud,E040,Modificado,1043450094.45,208686378.11,1378249341.77,293453411.2,2923839225.53,0.0,0.0,0.0,0.0,0.0,2923839225.53,100.0,0.0,0.0
2024,Poder Ejecutivo,Ramos Administrativos,Salud,E040,Devengado,1043450094.45,208686378.11,1378249341.77,293453411.2,2923839225.53,0.0,0.0,0.0,0.0,0.0,2923839225.53,100.0,0.0,0.0
2024,Poder Ejecutivo,Ramos Administrativos,Salud,E040,Ejercido,1043450094.45,208686378.11,1378249341.77,293453411.2,2923839225.53,0.0,0.0,0.0,0.0,0.0,2923839225.53,100.0,0.0,0.0
2024,Poder Ejecutivo,Ramos Administrativos,Salud,E040,Porcentaje Ejer/Aprob,100.61854449817676,102.72108142421924,64.03358660067255,48.28682725834598,73.09034113370882,0.0,0.0,0.0,0.0,0.0,73.09034113370882,,0.0,
2024,Poder Ejecutivo,Ramos Administrativos,Salud,E040,Porcentaje Ejer/Modif,100.0,100.0,100.0,100.0,100.0,0.0,0.0,0.0,0.0,0.0,100.0,,0.0,
2024,Poder Ejecutivo,Ramos Administrativos,Salud,E041,"Protección y restitución de los derechos de las niñas, niños y adolescentes",0.0,0.0,0.0,0.0,0.0,0.0,0.0,0.0,0.0,0.0,0.0,,0.0,
2024,Poder Ejecutivo,Ramos Administrativos,Salud,E041,Aprobado,60492009.0,43777194.0,0.0,935891.0,105205094.0,0.0,0.0,0.0,0.0,0.0,105205094.0,100.0,0.0,0.0
2024,Poder Ejecutivo,Ramos Administrativos,Salud,E041,Modificado,56879376.7,42136712.24,0.0,308382.17,99324471.11,0.0,0.0,0.0,0.0,0.0,99324471.11,100.0,0.0,0.0
2024,Poder Ejecutivo,Ramos Administrativos,Salud,E041,Devengado,56879376.7,42136712.24,0.0,308382.17,99324471.11,0.0,0.0,0.0,0.0,0.0,99324471.11,100.0,0.0,0.0
2024,Poder Ejecutivo,Ramos Administrativos,Salud,E041,Ejercido,56879376.7,42136712.24,0.0,308382.17,99324471.11,0.0,0.0,0.0,0.0,0.0,99324471.11,100.0,0.0,0.0
2024,Poder Ejecutivo,Ramos Administrativos,Salud,E041,Porcentaje Ejer/Aprob,94.02791813378194,96.25265666867548,0.0,32.95065023597834,94.41032495061503,0.0,0.0,0.0,0.0,0.0,94.41032495061503,,0.0,
2024,Poder Ejecutivo,Ramos Administrativos,Salud,E041,Porcentaje Ejer/Modif,100.0,100.0,0.0,100.0,100.0,0.0,0.0,0.0,0.0,0.0,100.0,,0.0,
2024,Poder Ejecutivo,Ramos Administrativos,Salud,G004,Protección Contra Riesgos Sanitarios,0.0,0.0,0.0,0.0,0.0,0.0,0.0,0.0,0.0,0.0,0.0,,0.0,
2024,Poder Ejecutivo,Ramos Administrativos,Salud,G004,Aprobado,734850123.0,13296794.0,0.0,0.0,748146917.0,0.0,0.0,0.0,0.0,0.0,748146917.0,100.0,0.0,0.0
2024,Poder Ejecutivo,Ramos Administrativos,Salud,G004,Modificado,748262488.02,718909689.03,153597156.45,22366700.06,1643136033.56,0.0,19275404.48,0.0,0.0,19275404.48,1662411438.04,98.84051540798312,0.0,1.1594845920168775
2024,Poder Ejecutivo,Ramos Administrativos,Salud,G004,Devengado,748262488.02,718909689.03,153597156.45,22366700.06,1643136033.56,0.0,19275404.48,0.0,0.0,19275404.48,1662411438.04,98.84051540798312,0.0,1.1594845920168775
2024,Poder Ejecutivo,Ramos Administrativos,Salud,G004,Ejercido,748262488.02,718909689.03,153597156.45,22366700.06,1643136033.56,0.0,19275404.48,0.0,0.0,19275404.48,1662411438.04,98.84051540798312,0.0,1.1594845920168775
2024,Poder Ejecutivo,Ramos Administrativos,Salud,G004,Porcentaje Ejer/Aprob,101.82518374838729,0.0,0.0,0.0,219.62745501228872,0.0,0.0,0.0,0.0,0.0,222.2038747023267,,0.0,
2024,Poder Ejecutivo,Ramos Administrativos,Salud,G004,Porcentaje Ejer/Modif,100.0,100.0,100.0,100.0,100.0,0.0,100.0,0.0,0.0,100.0,100.0,,0.0,
2024,Poder Ejecutivo,Ramos Administrativos,Salud,G005,Regulación y vigilancia de establecimientos y servicios de atención médica,0.0,0.0,0.0,0.0,0.0,0.0,0.0,0.0,0.0,0.0,0.0,,0.0,
2024,Poder Ejecutivo,Ramos Administrativos,Salud,G005,Aprobado,0.0,1309885.0,23562629.0,0.0,24872514.0,0.0,0.0,0.0,0.0,0.0,24872514.0,100.0,0.0,0.0
2024,Poder Ejecutivo,Ramos Administrativos,Salud,G005,Modificado,0.0,1060923.64,0.0,0.0,1060923.64,0.0,0.0,0.0,0.0,0.0,1060923.64,100.0,0.0,0.0
2024,Poder Ejecutivo,Ramos Administrativos,Salud,G005,Devengado,0.0,1060923.64,0.0,0.0,1060923.64,0.0,0.0,0.0,0.0,0.0,1060923.64,100.0,0.0,0.0
2024,Poder Ejecutivo,Ramos Administrativos,Salud,G005,Ejercido,0.0,1060923.64,0.0,0.0,1060923.64,0.0,0.0,0.0,0.0,0.0,1060923.64,100.0,0.0,0.0
2024,Poder Ejecutivo,Ramos Administrativos,Salud,G005,Porcentaje Ejer/Aprob,0.0,80.99364753394381,0.0,0.0,4.2654459456732035,0.0,0.0,0.0,0.0,0.0,4.2654459456732035,,0.0,
2024,Poder Ejecutivo,Ramos Administrativos,Salud,G005,Porcentaje Ejer/Modif,0.0,100.0,0.0,0.0,100.0,0.0,0.0,0.0,0.0,0.0,100.0,,0.0,
2024,Poder Ejecutivo,Ramos Administrativos,Salud,K011,Proyectos de infraestructura social de salud,0.0,0.0,0.0,0.0,0.0,0.0,0.0,0.0,0.0,0.0,0.0,,0.0,
2024,Poder Ejecutivo,Ramos Administrativos,Salud,K011,Aprobado,0.0,0.0,0.0,0.0,0.0,0.0,174917106.0,0.0,0.0,174917106.0,174917106.0,0.0,0.0,100.0
2024,Poder Ejecutivo,Ramos Administrativos,Salud,K011,Modificado,0.0,0.0,0.0,0.0,0.0,0.0,366747696.21,0.0,0.0,366747696.21,366747696.21,0.0,0.0,100.0
2024,Poder Ejecutivo,Ramos Administrativos,Salud,K011,Devengado,0.0,0.0,0.0,0.0,0.0,0.0,366747696.21,0.0,0.0,366747696.21,366747696.21,0.0,0.0,100.0
2024,Poder Ejecutivo,Ramos Administrativos,Salud,K011,Ejercido,0.0,0.0,0.0,0.0,0.0,0.0,366747696.21,0.0,0.0,366747696.21,366747696.21,0.0,0.0,100.0
2024,Poder Ejecutivo,Ramos Administrativos,Salud,K011,Porcentaje Ejer/Aprob,0.0,0.0,0.0,0.0,0.0,0.0,209.66942833481363,0.0,0.0,209.66942833481363,209.66942833481363,,0.0,
2024,Poder Ejecutivo,Ramos Administrativos,Salud,K011,Porcentaje Ejer/Modif,0.0,0.0,0.0,0.0,0.0,0.0,100.0,0.0,0.0,100.0,100.0,,0.0,
2024,Poder Ejecutivo,Ramos Administrativos,Salud,K025,Proyectos de inmuebles (oficinas administrativas),0.0,0.0,0.0,0.0,0.0,0.0,0.0,0.0,0.0,0.0,0.0,,0.0,
2024,Poder Ejecutivo,Ramos Administrativos,Salud,K025,Aprobado,0.0,0.0,0.0,0.0,0.0,0.0,99530153.0,0.0,0.0,99530153.0,99530153.0,0.0,0.0,100.0
2024,Poder Ejecutivo,Ramos Administrativos,Salud,K025,Modificado,0.0,0.0,0.0,0.0,0.0,0.0,13368518.74,0.0,0.0,13368518.74,13368518.74,0.0,0.0,100.0
2024,Poder Ejecutivo,Ramos Administrativos,Salud,K025,Devengado,0.0,0.0,0.0,0.0,0.0,0.0,13368518.74,0.0,0.0,13368518.74,13368518.74,0.0,0.0,100.0
2024,Poder Ejecutivo,Ramos Administrativos,Salud,K025,Ejercido,0.0,0.0,0.0,0.0,0.0,0.0,13368518.74,0.0,0.0,13368518.74,13368518.74,0.0,0.0,100.0
2024,Poder Ejecutivo,Ramos Administrativos,Salud,K025,Porcentaje Ejer/Aprob,0.0,0.0,0.0,0.0,0.0,0.0,13.431626835738914,0.0,0.0,13.431626835738914,13.431626835738914,,0.0,
2024,Poder Ejecutivo,Ramos Administrativos,Salud,K025,Porcentaje Ejer/Modif,0.0,0.0,0.0,0.0,0.0,0.0,100.0,0.0,0.0,100.0,100.0,,0.0,
2024,Poder Ejecutivo,Ramos Administrativos,Salud,K027,Mantenimiento de infraestructura,0.0,0.0,0.0,0.0,0.0,0.0,0.0,0.0,0.0,0.0,0.0,,0.0,
2024,Poder Ejecutivo,Ramos Administrativos,Salud,K027,Aprobado,0.0,0.0,0.0,0.0,0.0,0.0,0.0,0.0,0.0,0.0,0.0,0.0,0.0,0.0
2024,Poder Ejecutivo,Ramos Administrativos,Salud,K027,Modificado,0.0,0.0,0.0,0.0,0.0,0.0,10748395.65,0.0,0.0,10748395.65,10748395.65,0.0,0.0,100.0
2024,Poder Ejecutivo,Ramos Administrativos,Salud,K027,Devengado,0.0,0.0,0.0,0.0,0.0,0.0,10748395.65,0.0,0.0,10748395.65,10748395.65,0.0,0.0,100.0
2024,Poder Ejecutivo,Ramos Administrativos,Salud,K027,Ejercido,0.0,0.0,0.0,0.0,0.0,0.0,10748395.65,0.0,0.0,10748395.65,10748395.65,0.0,0.0,100.0
2024,Poder Ejecutivo,Ramos Administrativos,Salud,K027,Porcentaje Ejer/Aprob,0.0,0.0,0.0,0.0,0.0,0.0,0.0,0.0,0.0,0.0,0.0,,0.0,
2024,Poder Ejecutivo,Ramos Administrativos,Salud,K027,Porcentaje Ejer/Modif,0.0,0.0,0.0,0.0,0.0,0.0,100.0,0.0,0.0,100.0,100.0,,0.0,
2024,Poder Ejecutivo,Ramos Administrativos,Salud,M001,Actividades de apoyo administrativo,0.0,0.0,0.0,0.0,0.0,0.0,0.0,0.0,0.0,0.0,0.0,,0.0,
2024,Poder Ejecutivo,Ramos Administrativos,Salud,M001,Aprobado,4161115709.0,651981854.0,0.0,76301368.0,4889398931.0,0.0,0.0,0.0,0.0,0.0,4889398931.0,100.0,0.0,0.0
2024,Poder Ejecutivo,Ramos Administrativos,Salud,M001,Modificado,3464856480.24,600452906.82,0.0,63958873.06,4129268260.12,0.0,0.0,0.0,0.0,0.0,4129268260.12,100.0,0.0,0.0
2024,Poder Ejecutivo,Ramos Administrativos,Salud,M001,Devengado,3464856480.24,600451095.12,0.0,63958873.06,4129266448.42,0.0,0.0,0.0,0.0,0.0,4129266448.42,100.0,0.0,0.0
2024,Poder Ejecutivo,Ramos Administrativos,Salud,M001,Ejercido,3464856480.24,600451094.93,0.0,63958873.06,4129266448.23,0.0,0.0,0.0,0.0,0.0,4129266448.23,100.0,0.0,0.0
2024,Poder Ejecutivo,Ramos Administrativos,Salud,M001,Porcentaje Ejer/Aprob,83.26748695658537,92.09628937464261,0.0,83.82401880396169,84.4534575006639,0.0,0.0,0.0,0.0,0.0,84.4534575006639,,0.0,
2024,Poder Ejecutivo,Ramos Administrativos,Salud,M001,Porcentaje Ejer/Modif,100.0,99.99969824611064,0.0,100.0,99.99995612079707,0.0,0.0,0.0,0.0,0.0,99.99995612079707,,0.0,
2024,Poder Ejecutivo,Ramos Administrativos,Salud,O001,Actividades de apoyo a la función pública y buen gobierno,0.0,0.0,0.0,0.0,0.0,0.0,0.0,0.0,0.0,0.0,0.0,,0.0,
2024,Poder Ejecutivo,Ramos Administrativos,Salud,O001,Aprobado,219081188.0,10204639.0,0.0,0.0,229285827.0,0.0,0.0,0.0,0.0,0.0,229285827.0,100.0,0.0,0.0
2024,Poder Ejecutivo,Ramos Administrativos,Salud,O001,Modificado,170660531.42,9836972.05,0.0,0.0,180497503.47,0.0,0.0,0.0,0.0,0.0,180497503.47,100.0,0.0,0.0
2024,Poder Ejecutivo,Ramos Administrativos,Salud,O001,Devengado,170660531.42,9836972.05,0.0,0.0,180497503.47,0.0,0.0,0.0,0.0,0.0,180497503.47,100.0,0.0,0.0
2024,Poder Ejecutivo,Ramos Administrativos,Salud,O001,Ejercido,170660531.42,9836972.05,0.0,0.0,180497503.47,0.0,0.0,0.0,0.0,0.0,180497503.47,100.0,0.0,0.0
2024,Poder Ejecutivo,Ramos Administrativos,Salud,O001,Porcentaje Ejer/Aprob,77.89830472345255,96.39706068975102,0.0,0.0,78.72161390507578,0.0,0.0,0.0,0.0,0.0,78.72161390507578,,0.0,
2024,Poder Ejecutivo,Ramos Administrativos,Salud,O001,Porcentaje Ejer/Modif,100.0,100.0,0.0,0.0,100.0,0.0,0.0,0.0,0.0,0.0,100.0,,0.0,
2024,Poder Ejecutivo,Ramos Administrativos,Salud,P012,Rectoría en Salud,0.0,0.0,0.0,0.0,0.0,0.0,0.0,0.0,0.0,0.0,0.0,,0.0,
2024,Poder Ejecutivo,Ramos Administrativos,Salud,P012,Aprobado,745542933.0,72606250.0,0.0,276876208.0,1095025391.0,0.0,0.0,0.0,0.0,0.0,1095025391.0,100.0,0.0,0.0
2024,Poder Ejecutivo,Ramos Administrativos,Salud,P012,Modificado,232577201.77,71256662.58,0.0,235006027.05,538839891.4,0.0,0.0,0.0,2429969960.81,2429969960.81,2968809852.21,18.15003042377013,0.0,81.84996957622987
2024,Poder Ejecutivo,Ramos Administrativos,Salud,P012,Devengado,232577201.77,71256662.58,0.0,235006027.05,538839891.4,0.0,0.0,0.0,2429969960.81,2429969960.81,2968809852.21,18.15003042377013,0.0,81.84996957622987
2024,Poder Ejecutivo,Ramos Administrativos,Salud,P012,Ejercido,232577201.77,71256662.58,0.0,235006027.05,538839891.4,0.0,0.0,0.0,2429969960.81,2429969960.81,2968809852.21,18.15003042377013,0.0,81.84996957622987
2024,Poder Ejecutivo,Ramos Administrativos,Salud,P012,Porcentaje Ejer/Aprob,31.195681895089468,98.1412241783593,0.0,84.87765299429412,49.207981461317544,0.0,0.0,0.0,0.0,0.0,271.1179006998934,,0.0,
2024,Poder Ejecutivo,Ramos Administrativos,Salud,P012,Porcentaje Ejer/Modif,100.0,100.0,0.0,100.0,100.0,0.0,0.0,0.0,100.0,100.0,100.0,,0.0,
2024,Poder Ejecutivo,Ramos Administrativos,Salud,P013,Asistencia social y protección del paciente,0.0,0.0,0.0,0.0,0.0,0.0,0.0,0.0,0.0,0.0,0.0,,0.0,
2024,Poder Ejecutivo,Ramos Administrativos,Salud,P013,Aprobado,572728965.0,179993737.0,0.0,27608945.0,780331647.0,0.0,0.0,0.0,0.0,0.0,780331647.0,100.0,0.0,0.0
2024,Poder Ejecutivo,Ramos Administrativos,Salud,P013,Modificado,549258610.25,208292349.2,0.0,24621718.74,782172678.19,0.0,5506495.37,0.0,0.0,5506495.37,787679173.56,99.30092154841257,0.0,0.6990784515874411
2024,Poder Ejecutivo,Ramos Administrativos,Salud,P013,Devengado,549258610.25,208292349.2,0.0,24621718.74,782172678.19,0.0,5506495.37,0.0,0.0,5506495.37,787679173.56,99.30092154841257,0.0,0.6990784515874411
2024,Poder Ejecutivo,Ramos Administrativos,Salud,P013,Ejercido,549258610.25,208292349.2,0.0,24621718.74,782172678.19,0.0,5506495.37,0.0,0.0,5506495.37,787679173.56,99.30092154841257,0.0,0.6990784515874411
2024,Poder Ejecutivo,Ramos Administrativos,Salud,P013,Porcentaje Ejer/Aprob,95.90201366016122,115.72199826041725,0.0,89.180223076253,100.23592932531673,0.0,0.0,0.0,0.0,0.0,100.94159023131353,,0.0,
2024,Poder Ejecutivo,Ramos Administrativos,Salud,P013,Porcentaje Ejer/Modif,100.0,100.0,0.0,100.0,100.0,0.0,100.0,0.0,0.0,100.0,100.0,,0.0,
2024,Poder Ejecutivo,Ramos Administrativos,Salud,P016,Prevención y atención de VIH/SIDA y otras ITS,0.0,0.0,0.0,0.0,0.0,0.0,0.0,0.0,0.0,0.0,0.0,,0.0,
2024,Poder Ejecutivo,Ramos Administrativos,Salud,P016,Aprobado,36756297.0,340438413.0,218992281.0,832292.0,597019283.0,0.0,0.0,0.0,0.0,0.0,597019283.0,100.0,0.0,0.0
2024,Poder Ejecutivo,Ramos Administrativos,Salud,P016,Modificado,58512611.42,405915006.31,83280092.71,109246.0,547816956.44,0.0,0.0,0.0,0.0,0.0,547816956.44,100.0,0.0,0.0
2024,Poder Ejecutivo,Ramos Administrativos,Salud,P016,Devengado,58512611.42,405915006.31,83280092.71,109246.0,547816956.44,0.0,0.0,0.0,0.0,0.0,547816956.44,100.0,0.0,0.0
2024,Poder Ejecutivo,Ramos Administrativos,Salud,P016,Ejercido,58512611.42,405915006.31,83280092.71,109246.0,547816956.44,0.0,0.0,0.0,0.0,0.0,547816956.44,100.0,0.0,0.0
2024,Poder Ejecutivo,Ramos Administrativos,Salud,P016,Porcentaje Ejer/Aprob,159.19071341707792,119.2330215421372,38.02877997786597,13.12592215232154,91.7586704548704,0.0,0.0,0.0,0.0,0.0,91.7586704548704,,0.0,
2024,Poder Ejecutivo,Ramos Administrativos,Salud,P016,Porcentaje Ejer/Modif,100.0,100.0,100.0,100.0,100.0,0.0,0.0,0.0,0.0,0.0,100.0,,0.0,
2024,Poder Ejecutivo,Ramos Administrativos,Salud,P018,Prevención y control de enfermedades,0.0,0.0,0.0,0.0,0.0,0.0,0.0,0.0,0.0,0.0,0.0,,0.0,
2024,Poder Ejecutivo,Ramos Administrativos,Salud,P018,Aprobado,285739178.0,224568290.0,144815347.0,37030514.0,692153329.0,0.0,0.0,0.0,0.0,0.0,692153329.0,100.0,0.0,0.0
2024,Poder Ejecutivo,Ramos Administrativos,Salud,P018,Modificado,232608818.06,417318590.16,43892957.65,12770176.16,706590542.03,0.0,0.0,0.0,0.0,0.0,706590542.03,100.0,0.0,0.0
2024,Poder Ejecutivo,Ramos Administrativos,Salud,P018,Devengado,232608818.06,417318048.29,43892957.65,12770176.16,706590000.16,0.0,0.0,0.0,0.0,0.0,706590000.16,100.0,0.0,0.0
2024,Poder Ejecutivo,Ramos Administrativos,Salud,P018,Ejercido,232608818.06,417317694.29,43892957.65,12770176.16,706589646.16,0.0,0.0,0.0,0.0,0.0,706589646.16,100.0,0.0,0.0
2024,Poder Ejecutivo,Ramos Administrativos,Salud,P018,Porcentaje Ejer/Aprob,81.40599398658591,185.83108696690883,30.30960361542344,34.485549295913096,102.08571086132852,0.0,0.0,0.0,0.0,0.0,102.08571086132852,,0.0,
2024,Poder Ejecutivo,Ramos Administrativos,Salud,P018,Porcentaje Ejer/Modif,100.0,99.99978532708077,100.0,100.0,99.99987321228538,0.0,0.0,0.0,0.0,0.0,99.99987321228538,,0.0,
2024,Poder Ejecutivo,Ramos Administrativos,Salud,P020,"Salud materna, sexual y reproductiva",0.0,0.0,0.0,0.0,0.0,0.0,0.0,0.0,0.0,0.0,0.0,,0.0,
2024,Poder Ejecutivo,Ramos Administrativos,Salud,P020,Aprobado,115466722.0,1161516473.0,1481356363.0,81717.0,2758421275.0,0.0,0.0,0.0,0.0,0.0,2758421275.0,100.0,0.0,0.0
2024,Poder Ejecutivo,Ramos Administrativos,Salud,P020,Modificado,214915246.06,1091790167.22,84509416.89,4575129.52,1395789959.69,0.0,0.0,0.0,0.0,0.0,1395789959.69,100.0,0.0,0.0
2024,Poder Ejecutivo,Ramos Administrativos,Salud,P020,Devengado,214915246.06,1091790167.22,84509416.89,4575129.52,1395789959.69,0.0,0.0,0.0,0.0,0.0,1395789959.69,100.0,0.0,0.0
2024,Poder Ejecutivo,Ramos Administrativos,Salud,P020,Ejercido,214915246.06,1091790167.22,84509416.89,4575129.52,1395789959.69,0.0,0.0,0.0,0.0,0.0,1395789959.69,100.0,0.0,0.0
2024,Poder Ejecutivo,Ramos Administrativos,Salud,P020,Porcentaje Ejer/Aprob,186.12743337426693,93.99695937157837,5.704867444512405,0.0,50.60104387753462,0.0,0.0,0.0,0.0,0.0,50.60104387753462,,0.0,
2024,Poder Ejecutivo,Ramos Administrativos,Salud,P020,Porcentaje Ejer/Modif,100.0,100.0,100.0,100.0,100.0,0.0,0.0,0.0,0.0,0.0,100.0,,0.0,
2024,Poder Ejecutivo,Ramos Administrativos,Salud,S039,Programa de Atención a Personas con Discapacidad,0.0,0.0,0.0,0.0,0.0,0.0,0.0,0.0,0.0,0.0,0.0,,0.0,
2024,Poder Ejecutivo,Ramos Administrativos,Salud,S039,Aprobado,0.0,0.0,41102121.0,0.0,41102121.0,0.0,0.0,0.0,0.0,0.0,41102121.0,100.0,0.0,0.0
2024,Poder Ejecutivo,Ramos Administrativos,Salud,S039,Modificado,0.0,0.0,37638079.72,0.0,37638079.72,0.0,0.0,0.0,0.0,0.0,37638079.72,100.0,0.0,0.0
2024,Poder Ejecutivo,Ramos Administrativos,Salud,S039,Devengado,0.0,0.0,37638079.72,0.0,37638079.72,0.0,0.0,0.0,0.0,0.0,37638079.72,100.0,0.0,0.0
2024,Poder Ejecutivo,Ramos Administrativos,Salud,S039,Ejercido,0.0,0.0,37638079.72,0.0,37638079.72,0.0,0.0,0.0,0.0,0.0,37638079.72,100.0,0.0,0.0
2024,Poder Ejecutivo,Ramos Administrativos,Salud,S039,Porcentaje Ejer/Aprob,0.0,0.0,91.57211064606618,0.0,91.57211064606618,0.0,0.0,0.0,0.0,0.0,91.57211064606618,,0.0,
2024,Poder Ejecutivo,Ramos Administrativos,Salud,S039,Porcentaje Ejer/Modif,0.0,0.0,100.0,0.0,100.0,0.0,0.0,0.0,0.0,0.0,100.0,,0.0,
2024,Poder Ejecutivo,Ramos Administrativos,Salud,S200,Fortalecimiento a la atención médica,0.0,0.0,0.0,0.0,0.0,0.0,0.0,0.0,0.0,0.0,0.0,,0.0,
2024,Poder Ejecutivo,Ramos Administrativos,Salud,S200,Aprobado,729863.0,0.0,0.0,0.0,729863.0,0.0,0.0,0.0,0.0,0.0,729863.0,100.0,0.0,0.0
2024,Poder Ejecutivo,Ramos Administrativos,Salud,S200,Modificado,0.0,0.0,0.0,0.0,0.0,0.0,0.0,0.0,0.0,0.0,0.0,0.0,0.0,0.0
2024,Poder Ejecutivo,Ramos Administrativos,Salud,S200,Devengado,0.0,0.0,0.0,0.0,0.0,0.0,0.0,0.0,0.0,0.0,0.0,0.0,0.0,0.0
2024,Poder Ejecutivo,Ramos Administrativos,Salud,S200,Ejercido,0.0,0.0,0.0,0.0,0.0,0.0,0.0,0.0,0.0,0.0,0.0,0.0,0.0,0.0
2024,Poder Ejecutivo,Ramos Administrativos,Salud,S200,Porcentaje Ejer/Aprob,0.0,0.0,0.0,0.0,0.0,0.0,0.0,0.0,0.0,0.0,0.0,,0.0,
2024,Poder Ejecutivo,Ramos Administrativos,Salud,S200,Porcentaje Ejer/Modif,0.0,0.0,0.0,0.0,0.0,0.0,0.0,0.0,0.0,0.0,0.0,,0.0,
2024,Poder Ejecutivo,Ramos Administrativos,Salud,S281,Programa Nacional de Reconstrucción,0.0,0.0,0.0,0.0,0.0,0.0,0.0,0.0,0.0,0.0,0.0,,0.0,
2024,Poder Ejecutivo,Ramos Administrativos,Salud,S281,Aprobado,0.0,0.0,148840734.0,0.0,148840734.0,0.0,0.0,0.0,0.0,0.0,148840734.0,100.0,0.0,0.0
2024,Poder Ejecutivo,Ramos Administrativos,Salud,S281,Modificado,0.0,0.0,0.0,0.0,0.0,0.0,10982261.03,0.0,0.0,10982261.03,10982261.03,0.0,0.0,100.0
2024,Poder Ejecutivo,Ramos Administrativos,Salud,S281,Devengado,0.0,0.0,0.0,0.0,0.0,0.0,10982261.03,0.0,0.0,10982261.03,10982261.03,0.0,0.0,100.0
2024,Poder Ejecutivo,Ramos Administrativos,Salud,S281,Ejercido,0.0,0.0,0.0,0.0,0.0,0.0,10982261.03,0.0,0.0,10982261.03,10982261.03,0.0,0.0,100.0
2024,Poder Ejecutivo,Ramos Administrativos,Salud,S281,Porcentaje Ejer/Aprob,0.0,0.0,0.0,0.0,0.0,0.0,0.0,0.0,0.0,0.0,7.378531894367035,,0.0,
2024,Poder Ejecutivo,Ramos Administrativos,Salud,S281,Porcentaje Ejer/Modif,0.0,0.0,0.0,0.0,0.0,0.0,100.0,0.0,0.0,100.0,100.0,,0.0,
2024,Poder Ejecutivo,Ramos Administrativos,Salud,U008,"Prevención y Control de Sobrepeso, Obesidad y Diabetes",0.0,0.0,0.0,0.0,0.0,0.0,0.0,0.0,0.0,0.0,0.0,,0.0,
2024,Poder Ejecutivo,Ramos Administrativos,Salud,U008,Aprobado,43379739.0,0.0,842100312.0,0.0,885480051.0,0.0,0.0,0.0,0.0,0.0,885480051.0,100.0,0.0,0.0
2024,Poder Ejecutivo,Ramos Administrativos,Salud,U008,Modificado,122496005.2,5177676.15,110531755.97,0.0,238205437.32,0.0,0.0,0.0,0.0,0.0,238205437.32,100.0,0.0,0.0
2024,Poder Ejecutivo,Ramos Administrativos,Salud,U008,Devengado,122496005.2,5177676.15,110531755.97,0.0,238205437.32,0.0,0.0,0.0,0.0,0.0,238205437.32,100.0,0.0,0.0
2024,Poder Ejecutivo,Ramos Administrativos,Salud,U008,Ejercido,122496005.2,5177676.15,110531755.97,0.0,238205437.32,0.0,0.0,0.0,0.0,0.0,238205437.32,100.0,0.0,0.0
2024,Poder Ejecutivo,Ramos Administrativos,Salud,U008,Porcentaje Ejer/Aprob,282.3806874448922,0.0,13.125723194127021,0.0,26.90127655061085,0.0,0.0,0.0,0.0,0.0,26.90127655061085,,0.0,
2024,Poder Ejecutivo,Ramos Administrativos,Salud,U008,Porcentaje Ejer/Modif,100.0,100.0,100.0,0.0,100.0,0.0,0.0,0.0,0.0,0.0,100.0,,0.0,
2024,Poder Ejecutivo,Ramos Administrativos,Salud,U009,Vigilancia epidemiológica,0.0,0.0,0.0,0.0,0.0,0.0,0.0,0.0,0.0,0.0,0.0,,0.0,
2024,Poder Ejecutivo,Ramos Administrativos,Salud,U009,Aprobado,136499291.0,0.0,686310468.0,0.0,822809759.0,0.0,0.0,0.0,0.0,0.0,822809759.0,100.0,0.0,0.0
2024,Poder Ejecutivo,Ramos Administrativos,Salud,U009,Modificado,193065121.6,359396331.57,117886622.79,0.0,670348075.96,0.0,0.0,0.0,0.0,0.0,670348075.96,100.0,0.0,0.0
2024,Poder Ejecutivo,Ramos Administrativos,Salud,U009,Devengado,193065121.6,359396331.57,117886622.79,0.0,670348075.96,0.0,0.0,0.0,0.0,0.0,670348075.96,100.0,0.0,0.0
2024,Poder Ejecutivo,Ramos Administrativos,Salud,U009,Ejercido,193065121.6,359396331.57,117886622.79,0.0,670348075.96,0.0,0.0,0.0,0.0,0.0,670348075.96,100.0,0.0,0.0
2024,Poder Ejecutivo,Ramos Administrativos,Salud,U009,Porcentaje Ejer/Aprob,141.44038418485266,0.0,17.17686503216792,0.0,81.47060345695293,0.0,0.0,0.0,0.0,0.0,81.47060345695293,,0.0,
2024,Poder Ejecutivo,Ramos Administrativos,Salud,U009,Porcentaje Ejer/Modif,100.0,100.0,100.0,0.0,100.0,0.0,0.0,0.0,0.0,0.0,100.0,,0.0,
2024,Poder Ejecutivo,Ramos Administrativos,Salud,U012,Fortalecimiento de los Servicios Estatales de Salud,0.0,0.0,0.0,0.0,0.0,0.0,0.0,0.0,0.0,0.0,0.0,,0.0,
2024,Poder Ejecutivo,Ramos Administrativos,Salud,U012,Aprobado,0.0,0.0,2630535911.0,0.0,2630535911.0,0.0,0.0,0.0,0.0,0.0,2630535911.0,100.0,0.0,0.0
2024,Poder Ejecutivo,Ramos Administrativos,Salud,U012,Modificado,0.0,0.0,75558066.88,0.0,75558066.88,0.0,0.0,0.0,0.0,0.0,75558066.88,100.0,0.0,0.0
2024,Poder Ejecutivo,Ramos Administrativos,Salud,U012,Devengado,0.0,0.0,75558066.88,0.0,75558066.88,0.0,0.0,0.0,0.0,0.0,75558066.88,100.0,0.0,0.0
2024,Poder Ejecutivo,Ramos Administrativos,Salud,U012,Ejercido,0.0,0.0,75558066.88,0.0,75558066.88,0.0,0.0,0.0,0.0,0.0,75558066.88,100.0,0.0,0.0
2024,Poder Ejecutivo,Ramos Administrativos,Salud,U012,Porcentaje Ejer/Aprob,0.0,0.0,2.872345006355627,0.0,2.872345006355627,0.0,0.0,0.0,0.0,0.0,2.872345006355627,,0.0,
2024,Poder Ejecutivo,Ramos Administrativos,Salud,U012,Porcentaje Ejer/Modif,0.0,0.0,100.0,0.0,100.0,0.0,0.0,0.0,0.0,0.0,100.0,,0.0,
2024,Poder Ejecutivo,Ramos Administrativos,Marina,TOTAL,Aprobado,34230091120.0,8175847140.0,0.0,296694053.0,42702632313.0,0.0,29185580222.0,0.0,0.0,29185580222.0,71888212535.0,59.401438437782126,0.0,40.598561562217874
2024,Poder Ejecutivo,Ramos Administrativos,Marina,TOTAL,Modificado,30777969915.7,15936152504.08,0.0,32903572680.5,79617695100.28,0.0,47575277170.89,0.0,0.0,47575277170.89,127192972271.17,62.595985987762326,0.0,37.40401401223767
2024,Poder Ejecutivo,Ramos Administrativos,Marina,TOTAL,Devengado,30777969915.7,15936152504.08,0.0,32903572680.5,79617695100.28,0.0,47575277170.89,0.0,0.0,47575277170.89,127192972271.17,62.595985987762326,0.0,37.40401401223767
2024,Poder Ejecutivo,Ramos Administrativos,Marina,TOTAL,Ejercido,30777969915.7,15936152504.08,0.0,32903572680.5,79617695100.28,0.0,47575277170.89,0.0,0.0,47575277170.89,127192972271.17,62.595985987762326,0.0,37.40401401223767
2024,Poder Ejecutivo,Ramos Administrativos,Marina,TOTAL,Porcentaje Ejer/Aprob,89.91495175342087,194.9174468552992,0.0,0.0,186.44680851686493,0.0,163.0095300796107,0.0,0.0,163.0095300796107,176.93161060200785,,0.0,
2024,Poder Ejecutivo,Ramos Administrativos,Marina,TOTAL,Porcentaje Ejer/Modif,100.0,100.0,0.0,100.0,100.0,0.0,100.0,0.0,0.0,100.0,100.0,,0.0,
2024,Poder Ejecutivo,Ramos Administrativos,Marina,A001,Emplear el Poder Naval de la Federación para salvaguardar la soberanía y seguridad nacionales,0.0,0.0,0.0,0.0,0.0,0.0,0.0,0.0,0.0,0.0,0.0,,0.0,
2024,Poder Ejecutivo,Ramos Administrativos,Marina,A001,Aprobado,18953104927.0,4101264376.0,0.0,1184000.0,23055553303.0,0.0,0.0,0.0,0.0,0.0,23055553303.0,100.0,0.0,0.0
2024,Poder Ejecutivo,Ramos Administrativos,Marina,A001,Modificado,19386780426.75,9348960718.06,0.0,22629169.57,28758370314.38,0.0,92063683.62,0.0,0.0,92063683.62,28850433998.0,99.68089324539665,0.0,0.31910675460335236
2024,Poder Ejecutivo,Ramos Administrativos,Marina,A001,Devengado,19386780426.75,9348960718.06,0.0,22629169.57,28758370314.38,0.0,92063683.62,0.0,0.0,92063683.62,28850433998.0,99.68089324539665,0.0,0.31910675460335236
2024,Poder Ejecutivo,Ramos Administrativos,Marina,A001,Ejercido,19386780426.75,9348960718.06,0.0,22629169.57,28758370314.38,0.0,92063683.62,0.0,0.0,92063683.62,28850433998.0,99.68089324539665,0.0,0.31910675460335236
2024,Poder Ejecutivo,Ramos Administrativos,Marina,A001,Porcentaje Ejer/Aprob,102.2881501549237,227.95313495927627,0.0,0.0,124.73511234552738,0.0,0.0,0.0,0.0,0.0,125.13442474722984,,0.0,
2024,Poder Ejecutivo,Ramos Administrativos,Marina,A001,Porcentaje Ejer/Modif,100.0,100.0,0.0,100.0,100.0,0.0,100.0,0.0,0.0,100.0,100.0,,0.0,
2024,Poder Ejecutivo,Ramos Administrativos,Marina,A004,"Adquisición, construcción, reparación y mantenimiento de unidades navales",0.0,0.0,0.0,0.0,0.0,0.0,0.0,0.0,0.0,0.0,0.0,,0.0,
2024,Poder Ejecutivo,Ramos Administrativos,Marina,A004,Aprobado,1760419502.0,809743477.0,0.0,0.0,2570162979.0,0.0,2536299894.0,0.0,0.0,2536299894.0,5106462873.0,50.33157085287987,0.0,49.66842914712013
2024,Poder Ejecutivo,Ramos Administrativos,Marina,A004,Modificado,1753327224.0,1196382847.99,0.0,0.0,2949710071.99,0.0,3760058573.22,0.0,0.0,3760058573.22,6709768645.21,43.961427404739986,0.0,56.03857259526001
2024,Poder Ejecutivo,Ramos Administrativos,Marina,A004,Devengado,1753327224.0,1196382847.99,0.0,0.0,2949710071.99,0.0,3760058573.22,0.0,0.0,3760058573.22,6709768645.21,43.961427404739986,0.0,56.03857259526001
2024,Poder Ejecutivo,Ramos Administrativos,Marina,A004,Ejercido,1753327224.0,1196382847.99,0.0,0.0,2949710071.99,0.0,3760058573.22,0.0,0.0,3760058573.22,6709768645.21,43.961427404739986,0.0,56.03857259526001
2024,Poder Ejecutivo,Ramos Administrativos,Marina,A004,Porcentaje Ejer/Aprob,99.59712568555719,147.74837735309106,0.0,0.0,114.76743288620841,0.0,148.24976266075575,0.0,0.0,148.24976266075575,131.39758012708458,,0.0,
2024,Poder Ejecutivo,Ramos Administrativos,Marina,A004,Porcentaje Ejer/Modif,100.0,100.0,0.0,0.0,100.0,0.0,100.0,0.0,0.0,100.0,100.0,,0.0,
2024,Poder Ejecutivo,Ramos Administrativos,Marina,A005,"Fortalecimiento de las capacidades para la reconstrucción, atención de emergencias y prevención de desastres naturales",0.0,0.0,0.0,0.0,0.0,0.0,0.0,0.0,0.0,0.0,0.0,,0.0,
2024,Poder Ejecutivo,Ramos Administrativos,Marina,A005,Aprobado,14130696.0,471300.0,0.0,0.0,14601996.0,0.0,0.0,0.0,0.0,0.0,14601996.0,100.0,0.0,0.0
2024,Poder Ejecutivo,Ramos Administrativos,Marina,A005,Modificado,14529802.43,216689192.88,0.0,0.0,231218995.31,0.0,7560945.52,0.0,0.0,7560945.52,238779940.83,96.83350892302003,0.0,3.166491076979969
2024,Poder Ejecutivo,Ramos Administrativos,Marina,A005,Devengado,14529802.43,216689192.88,0.0,0.0,231218995.31,0.0,7560945.52,0.0,0.0,7560945.52,238779940.83,96.83350892302003,0.0,3.166491076979969
2024,Poder Ejecutivo,Ramos Administrativos,Marina,A005,Ejercido,14529802.43,216689192.88,0.0,0.0,231218995.31,0.0,7560945.52,0.0,0.0,7560945.52,238779940.83,96.83350892302003,0.0,3.166491076979969
2024,Poder Ejecutivo,Ramos Administrativos,Marina,A005,Porcentaje Ejer/Aprob,102.82439329244646,0.0,0.0,0.0,0.0,0.0,0.0,0.0,0.0,0.0,0.0,,0.0,
2024,Poder Ejecutivo,Ramos Administrativos,Marina,A005,Porcentaje Ejer/Modif,100.0,100.0,0.0,0.0,100.0,0.0,100.0,0.0,0.0,100.0,100.0,,0.0,
2024,Poder Ejecutivo,Ramos Administrativos,Marina,A006,Sistema Educativo naval y programa de becas,0.0,0.0,0.0,0.0,0.0,0.0,0.0,0.0,0.0,0.0,0.0,,0.0,
2024,Poder Ejecutivo,Ramos Administrativos,Marina,A006,Aprobado,1818435775.0,201396500.0,0.0,210166294.0,2229998569.0,0.0,0.0,0.0,0.0,0.0,2229998569.0,100.0,0.0,0.0
2024,Poder Ejecutivo,Ramos Administrativos,Marina,A006,Modificado,1709324901.74,256076359.77,0.0,400782788.33,2366184049.84,0.0,0.0,0.0,0.0,0.0,2366184049.84,100.0,0.0,0.0
2024,Poder Ejecutivo,Ramos Administrativos,Marina,A006,Devengado,1709324901.74,256076359.77,0.0,400782788.33,2366184049.84,0.0,0.0,0.0,0.0,0.0,2366184049.84,100.0,0.0,0.0
2024,Poder Ejecutivo,Ramos Administrativos,Marina,A006,Ejercido,1709324901.74,256076359.77,0.0,400782788.33,2366184049.84,0.0,0.0,0.0,0.0,0.0,2366184049.84,100.0,0.0,0.0
2024,Poder Ejecutivo,Ramos Administrativos,Marina,A006,Porcentaje Ejer/Aprob,93.99974006450682,127.15035254833128,0.0,190.6979376673978,106.10697615384883,0.0,0.0,0.0,0.0,0.0,106.10697615384883,,0.0,
2024,Poder Ejecutivo,Ramos Administrativos,Marina,A006,Porcentaje Ejer/Modif,100.0,100.0,0.0,100.0,100.0,0.0,0.0,0.0,0.0,0.0,100.0,,0.0,
2024,Poder Ejecutivo,Ramos Administrativos,Marina,A007,Administración y fomento de los servicios de salud,0.0,0.0,0.0,0.0,0.0,0.0,0.0,0.0,0.0,0.0,0.0,,0.0,
2024,Poder Ejecutivo,Ramos Administrativos,Marina,A007,Aprobado,2858048268.0,800906560.0,0.0,0.0,3658954828.0,0.0,0.0,0.0,0.0,0.0,3658954828.0,100.0,0.0,0.0
2024,Poder Ejecutivo,Ramos Administrativos,Marina,A007,Modificado,3114409228.01,2798300466.5,0.0,0.0,5912709694.51,0.0,248717559.25,0.0,0.0,248717559.25,6161427253.76,95.96331257342655,0.0,4.0366874265734545
2024,Poder Ejecutivo,Ramos Administrativos,Marina,A007,Devengado,3114409228.01,2798300466.5,0.0,0.0,5912709694.51,0.0,248717559.25,0.0,0.0,248717559.25,6161427253.76,95.96331257342655,0.0,4.0366874265734545
2024,Poder Ejecutivo,Ramos Administrativos,Marina,A007,Ejercido,3114409228.01,2798300466.5,0.0,0.0,5912709694.51,0.0,248717559.25,0.0,0.0,248717559.25,6161427253.76,95.96331257342655,0.0,4.0366874265734545
2024,Poder Ejecutivo,Ramos Administrativos,Marina,A007,Porcentaje Ejer/Aprob,108.96979112915388,349.39162771996774,0.0,0.0,161.59559143128072,0.0,0.0,0.0,0.0,0.0,168.39309429594303,,0.0,
2024,Poder Ejecutivo,Ramos Administrativos,Marina,A007,Porcentaje Ejer/Modif,100.0,100.0,0.0,0.0,100.0,0.0,100.0,0.0,0.0,100.0,100.0,,0.0,
2024,Poder Ejecutivo,Ramos Administrativos,Marina,A010,Administración y Operación de Capitanías de Puerto y Asuntos Marítimos,0.0,0.0,0.0,0.0,0.0,0.0,0.0,0.0,0.0,0.0,0.0,,0.0,
2024,Poder Ejecutivo,Ramos Administrativos,Marina,A010,Aprobado,1350566420.0,134538558.0,0.0,3209126.0,1488314104.0,0.0,0.0,0.0,0.0,0.0,1488314104.0,100.0,0.0,0.0
2024,Poder Ejecutivo,Ramos Administrativos,Marina,A010,Modificado,878786135.83,92705572.04,0.0,2810810.33,974302518.2,0.0,0.0,0.0,0.0,0.0,974302518.2,100.0,0.0,0.0
2024,Poder Ejecutivo,Ramos Administrativos,Marina,A010,Devengado,878786135.83,92705572.04,0.0,2810810.33,974302518.2,0.0,0.0,0.0,0.0,0.0,974302518.2,100.0,0.0,0.0
2024,Poder Ejecutivo,Ramos Administrativos,Marina,A010,Ejercido,878786135.83,92705572.04,0.0,2810810.33,974302518.2,0.0,0.0,0.0,0.0,0.0,974302518.2,100.0,0.0,0.0
2024,Poder Ejecutivo,Ramos Administrativos,Marina,A010,Porcentaje Ejer/Aprob,65.06796872900186,68.90632203743407,0.0,87.58803269176717,65.46350098957338,0.0,0.0,0.0,0.0,0.0,65.46350098957338,,0.0,
2024,Poder Ejecutivo,Ramos Administrativos,Marina,A010,Porcentaje Ejer/Modif,100.0,100.0,0.0,100.0,100.0,0.0,0.0,0.0,0.0,0.0,100.0,,0.0,
2024,Poder Ejecutivo,Ramos Administrativos,Marina,A026,Operación y desarrollo de los cuerpos de seguridad de las Fuerzas Armadas,0.0,0.0,0.0,0.0,0.0,0.0,0.0,0.0,0.0,0.0,0.0,,0.0,
2024,Poder Ejecutivo,Ramos Administrativos,Marina,A026,Aprobado,6882496467.0,2052401775.0,0.0,0.0,8934898242.0,0.0,0.0,0.0,0.0,0.0,8934898242.0,100.0,0.0,0.0
2024,Poder Ejecutivo,Ramos Administrativos,Marina,A026,Modificado,3016545466.58,1176366958.89,0.0,0.0,4192912425.47,0.0,792804150.19,0.0,0.0,792804150.19,4985716575.66,84.098491397196,0.0,15.901508602804004
2024,Poder Ejecutivo,Ramos Administrativos,Marina,A026,Devengado,3016545466.58,1176366958.89,0.0,0.0,4192912425.47,0.0,792804150.19,0.0,0.0,792804150.19,4985716575.66,84.098491397196,0.0,15.901508602804004
2024,Poder Ejecutivo,Ramos Administrativos,Marina,A026,Ejercido,3016545466.58,1176366958.89,0.0,0.0,4192912425.47,0.0,792804150.19,0.0,0.0,792804150.19,4985716575.66,84.098491397196,0.0,15.901508602804004
2024,Poder Ejecutivo,Ramos Administrativos,Marina,A026,Porcentaje Ejer/Aprob,43.82923378230046,57.316602100970215,0.0,0.0,46.92736628784988,0.0,0.0,0.0,0.0,0.0,55.8004852503389,,0.0,
2024,Poder Ejecutivo,Ramos Administrativos,Marina,A026,Porcentaje Ejer/Modif,100.0,100.0,0.0,0.0,100.0,0.0,100.0,0.0,0.0,100.0,100.0,,0.0,
2024,Poder Ejecutivo,Ramos Administrativos,Marina,E001,Formación del personal de la Marina Mercante,0.0,0.0,0.0,0.0,0.0,0.0,0.0,0.0,0.0,0.0,0.0,,0.0,
2024,Poder Ejecutivo,Ramos Administrativos,Marina,E001,Aprobado,87013330.0,0.0,0.0,0.0,87013330.0,0.0,0.0,0.0,0.0,0.0,87013330.0,100.0,0.0,0.0
2024,Poder Ejecutivo,Ramos Administrativos,Marina,E001,Modificado,80816249.54,0.0,0.0,0.0,80816249.54,0.0,0.0,0.0,0.0,0.0,80816249.54,100.0,0.0,0.0
2024,Poder Ejecutivo,Ramos Administrativos,Marina,E001,Devengado,80816249.54,0.0,0.0,0.0,80816249.54,0.0,0.0,0.0,0.0,0.0,80816249.54,100.0,0.0,0.0
2024,Poder Ejecutivo,Ramos Administrativos,Marina,E001,Ejercido,80816249.54,0.0,0.0,0.0,80816249.54,0.0,0.0,0.0,0.0,0.0,80816249.54,100.0,0.0,0.0
2024,Poder Ejecutivo,Ramos Administrativos,Marina,E001,Porcentaje Ejer/Aprob,92.87801023130595,0.0,0.0,0.0,92.87801023130595,0.0,0.0,0.0,0.0,0.0,92.87801023130595,,0.0,
2024,Poder Ejecutivo,Ramos Administrativos,Marina,E001,Porcentaje Ejer/Modif,100.0,0.0,0.0,0.0,100.0,0.0,0.0,0.0,0.0,0.0,100.0,,0.0,
2024,Poder Ejecutivo,Ramos Administrativos,Marina,E002,Operación de infraestructura marítimo-portuaria,0.0,0.0,0.0,0.0,0.0,0.0,0.0,0.0,0.0,0.0,0.0,,0.0,
2024,Poder Ejecutivo,Ramos Administrativos,Marina,E002,Aprobado,9203645.0,13691997.0,0.0,6713.0,22902355.0,0.0,0.0,0.0,0.0,0.0,22902355.0,100.0,0.0,0.0
2024,Poder Ejecutivo,Ramos Administrativos,Marina,E002,Modificado,13580988.9,13691997.0,0.0,6713.0,27279698.9,0.0,122781984.93,0.0,0.0,122781984.93,150061683.83,18.17899026836476,0.0,81.82100973163523
2024,Poder Ejecutivo,Ramos Administrativos,Marina,E002,Devengado,13580988.9,13691997.0,0.0,6713.0,27279698.9,0.0,122781984.93,0.0,0.0,122781984.93,150061683.83,18.17899026836476,0.0,81.82100973163523
2024,Poder Ejecutivo,Ramos Administrativos,Marina,E002,Ejercido,13580988.9,13691997.0,0.0,6713.0,27279698.9,0.0,122781984.93,0.0,0.0,122781984.93,150061683.83,18.17899026836476,0.0,81.82100973163523
2024,Poder Ejecutivo,Ramos Administrativos,Marina,E002,Porcentaje Ejer/Aprob,147.56098154589841,100.0,0.0,100.0,119.11307330621676,0.0,0.0,0.0,0.0,0.0,0.0,,0.0,
2024,Poder Ejecutivo,Ramos Administrativos,Marina,E002,Porcentaje Ejer/Modif,100.0,100.0,0.0,100.0,100.0,0.0,100.0,0.0,0.0,100.0,100.0,,0.0,
2024,Poder Ejecutivo,Ramos Administrativos,Marina,E003,"Adquisición, contratación y desarrollo de programas para impulsar el turismo de bajo impacto ambiental",0.0,0.0,0.0,0.0,0.0,0.0,0.0,0.0,0.0,0.0,0.0,,0.0,
2024,Poder Ejecutivo,Ramos Administrativos,Marina,E003,Aprobado,107133341.0,3934500.0,0.0,74000000.0,185067841.0,0.0,0.0,0.0,0.0,0.0,185067841.0,100.0,0.0,0.0
2024,Poder Ejecutivo,Ramos Administrativos,Marina,E003,Modificado,53477584.48,98909429.75,0.0,0.0,152387014.23,0.0,0.0,0.0,0.0,0.0,152387014.23,100.0,0.0,0.0
2024,Poder Ejecutivo,Ramos Administrativos,Marina,E003,Devengado,53477584.48,98909429.75,0.0,0.0,152387014.23,0.0,0.0,0.0,0.0,0.0,152387014.23,100.0,0.0,0.0
2024,Poder Ejecutivo,Ramos Administrativos,Marina,E003,Ejercido,53477584.48,98909429.75,0.0,0.0,152387014.23,0.0,0.0,0.0,0.0,0.0,152387014.23,100.0,0.0,0.0
2024,Poder Ejecutivo,Ramos Administrativos,Marina,E003,Porcentaje Ejer/Aprob,49.91684566245348,0.0,0.0,0.0,82.34116387082075,0.0,0.0,0.0,0.0,0.0,82.34116387082075,,0.0,
2024,Poder Ejecutivo,Ramos Administrativos,Marina,E003,Porcentaje Ejer/Modif,100.0,100.0,0.0,0.0,100.0,0.0,0.0,0.0,0.0,0.0,100.0,,0.0,
2024,Poder Ejecutivo,Ramos Administrativos,Marina,E022,Operación y conservación de infraestructura ferroviaria,0.0,0.0,0.0,0.0,0.0,0.0,0.0,0.0,0.0,0.0,0.0,,0.0,
2024,Poder Ejecutivo,Ramos Administrativos,Marina,E022,Aprobado,20420857.0,0.0,0.0,0.0,20420857.0,0.0,0.0,0.0,0.0,0.0,20420857.0,100.0,0.0,0.0
2024,Poder Ejecutivo,Ramos Administrativos,Marina,E022,Modificado,265500335.13,310390086.99,0.0,6500000.0,582390422.12,0.0,0.0,0.0,0.0,0.0,582390422.12,100.0,0.0,0.0
2024,Poder Ejecutivo,Ramos Administrativos,Marina,E022,Devengado,265500335.13,310390086.99,0.0,6500000.0,582390422.12,0.0,0.0,0.0,0.0,0.0,582390422.12,100.0,0.0,0.0
2024,Poder Ejecutivo,Ramos Administrativos,Marina,E022,Ejercido,265500335.13,310390086.99,0.0,6500000.0,582390422.12,0.0,0.0,0.0,0.0,0.0,582390422.12,100.0,0.0,0.0
2024,Poder Ejecutivo,Ramos Administrativos,Marina,E022,Porcentaje Ejer/Aprob,0.0,0.0,0.0,0.0,0.0,0.0,0.0,0.0,0.0,0.0,0.0,,0.0,
2024,Poder Ejecutivo,Ramos Administrativos,Marina,E022,Porcentaje Ejer/Modif,100.0,100.0,0.0,100.0,100.0,0.0,0.0,0.0,0.0,0.0,100.0,,0.0,
2024,Poder Ejecutivo,Ramos Administrativos,Marina,E026,Conservación y operación de infraestructura aeroportuaria en la Ciudad de México,0.0,0.0,0.0,0.0,0.0,0.0,0.0,0.0,0.0,0.0,0.0,,0.0,
2024,Poder Ejecutivo,Ramos Administrativos,Marina,E026,Aprobado,0.0,0.0,0.0,0.0,0.0,0.0,0.0,0.0,0.0,0.0,0.0,0.0,0.0,0.0
2024,Poder Ejecutivo,Ramos Administrativos,Marina,E026,Modificado,0.0,0.0,0.0,1702211647.2,1702211647.2,0.0,587532026.81,0.0,0.0,587532026.81,2289743674.01,74.34070750019531,0.0,25.65929249980467
2024,Poder Ejecutivo,Ramos Administrativos,Marina,E026,Devengado,0.0,0.0,0.0,1702211647.2,1702211647.2,0.0,587532026.81,0.0,0.0,587532026.81,2289743674.01,74.34070750019531,0.0,25.65929249980467
2024,Poder Ejecutivo,Ramos Administrativos,Marina,E026,Ejercido,0.0,0.0,0.0,1702211647.2,1702211647.2,0.0,587532026.81,0.0,0.0,587532026.81,2289743674.01,74.34070750019531,0.0,25.65929249980467
2024,Poder Ejecutivo,Ramos Administrativos,Marina,E026,Porcentaje Ejer/Aprob,0.0,0.0,0.0,0.0,0.0,0.0,0.0,0.0,0.0,0.0,0.0,,0.0,
2024,Poder Ejecutivo,Ramos Administrativos,Marina,E026,Porcentaje Ejer/Modif,0.0,0.0,0.0,100.0,100.0,0.0,100.0,0.0,0.0,100.0,100.0,,0.0,
2024,Poder Ejecutivo,Ramos Administrativos,Marina,E030,Desarrollo de Infraestructura Aeroportuaria,0.0,0.0,0.0,0.0,0.0,0.0,0.0,0.0,0.0,0.0,0.0,,0.0,
2024,Poder Ejecutivo,Ramos Administrativos,Marina,E030,Aprobado,0.0,0.0,0.0,0.0,0.0,0.0,0.0,0.0,0.0,0.0,0.0,0.0,0.0,0.0
2024,Poder Ejecutivo,Ramos Administrativos,Marina,E030,Modificado,157268021.26,91539458.07,0.0,26499.98,248833979.31,0.0,0.0,0.0,0.0,0.0,248833979.31,100.0,0.0,0.0
2024,Poder Ejecutivo,Ramos Administrativos,Marina,E030,Devengado,157268021.26,91539458.07,0.0,26499.98,248833979.31,0.0,0.0,0.0,0.0,0.0,248833979.31,100.0,0.0,0.0
2024,Poder Ejecutivo,Ramos Administrativos,Marina,E030,Ejercido,157268021.26,91539458.07,0.0,26499.98,248833979.31,0.0,0.0,0.0,0.0,0.0,248833979.31,100.0,0.0,0.0
2024,Poder Ejecutivo,Ramos Administrativos,Marina,E030,Porcentaje Ejer/Aprob,0.0,0.0,0.0,0.0,0.0,0.0,0.0,0.0,0.0,0.0,0.0,,0.0,
2024,Poder Ejecutivo,Ramos Administrativos,Marina,E030,Porcentaje Ejer/Modif,100.0,100.0,0.0,100.0,100.0,0.0,0.0,0.0,0.0,0.0,100.0,,0.0,
2024,Poder Ejecutivo,Ramos Administrativos,Marina,F036,Fomento y Promoción para el desarrollo del Corredor Interoceánico del Istmo de Tehuantepec,0.0,0.0,0.0,0.0,0.0,0.0,0.0,0.0,0.0,0.0,0.0,,0.0,
2024,Poder Ejecutivo,Ramos Administrativos,Marina,F036,Aprobado,29356687.0,0.0,0.0,0.0,29356687.0,0.0,0.0,0.0,0.0,0.0,29356687.0,100.0,0.0,0.0
2024,Poder Ejecutivo,Ramos Administrativos,Marina,F036,Modificado,29261421.21,0.0,0.0,0.0,29261421.21,0.0,0.0,0.0,0.0,0.0,29261421.21,100.0,0.0,0.0
2024,Poder Ejecutivo,Ramos Administrativos,Marina,F036,Devengado,29261421.21,0.0,0.0,0.0,29261421.21,0.0,0.0,0.0,0.0,0.0,29261421.21,100.0,0.0,0.0
2024,Poder Ejecutivo,Ramos Administrativos,Marina,F036,Ejercido,29261421.21,0.0,0.0,0.0,29261421.21,0.0,0.0,0.0,0.0,0.0,29261421.21,100.0,0.0,0.0
2024,Poder Ejecutivo,Ramos Administrativos,Marina,F036,Porcentaje Ejer/Aprob,99.67548862036101,0.0,0.0,0.0,99.67548862036101,0.0,0.0,0.0,0.0,0.0,99.67548862036101,,0.0,
2024,Poder Ejecutivo,Ramos Administrativos,Marina,F036,Porcentaje Ejer/Modif,100.0,0.0,0.0,0.0,100.0,0.0,0.0,0.0,0.0,0.0,100.0,,0.0,
2024,Poder Ejecutivo,Ramos Administrativos,Marina,K004,Proyectos de construcción de puertos,0.0,0.0,0.0,0.0,0.0,0.0,0.0,0.0,0.0,0.0,0.0,,0.0,
2024,Poder Ejecutivo,Ramos Administrativos,Marina,K004,Aprobado,0.0,0.0,0.0,0.0,0.0,0.0,0.0,0.0,0.0,0.0,0.0,0.0,0.0,0.0
2024,Poder Ejecutivo,Ramos Administrativos,Marina,K004,Modificado,0.0,0.0,0.0,0.0,0.0,0.0,4181913588.49,0.0,0.0,4181913588.49,4181913588.49,0.0,0.0,100.0
2024,Poder Ejecutivo,Ramos Administrativos,Marina,K004,Devengado,0.0,0.0,0.0,0.0,0.0,0.0,4181913588.49,0.0,0.0,4181913588.49,4181913588.49,0.0,0.0,100.0
2024,Poder Ejecutivo,Ramos Administrativos,Marina,K004,Ejercido,0.0,0.0,0.0,0.0,0.0,0.0,4181913588.49,0.0,0.0,4181913588.49,4181913588.49,0.0,0.0,100.0
2024,Poder Ejecutivo,Ramos Administrativos,Marina,K004,Porcentaje Ejer/Aprob,0.0,0.0,0.0,0.0,0.0,0.0,0.0,0.0,0.0,0.0,0.0,,0.0,
2024,Poder Ejecutivo,Ramos Administrativos,Marina,K004,Porcentaje Ejer/Modif,0.0,0.0,0.0,0.0,0.0,0.0,100.0,0.0,0.0,100.0,100.0,,0.0,
2024,Poder Ejecutivo,Ramos Administrativos,Marina,K005,Proyectos de construcción de aeropuertos,0.0,0.0,0.0,0.0,0.0,0.0,0.0,0.0,0.0,0.0,0.0,,0.0,
2024,Poder Ejecutivo,Ramos Administrativos,Marina,K005,Aprobado,0.0,0.0,0.0,0.0,0.0,0.0,0.0,0.0,0.0,0.0,0.0,0.0,0.0,0.0
2024,Poder Ejecutivo,Ramos Administrativos,Marina,K005,Modificado,0.0,0.0,0.0,0.0,0.0,0.0,23598577.0,0.0,0.0,23598577.0,23598577.0,0.0,0.0,100.0
2024,Poder Ejecutivo,Ramos Administrativos,Marina,K005,Devengado,0.0,0.0,0.0,0.0,0.0,0.0,23598577.0,0.0,0.0,23598577.0,23598577.0,0.0,0.0,100.0
2024,Poder Ejecutivo,Ramos Administrativos,Marina,K005,Ejercido,0.0,0.0,0.0,0.0,0.0,0.0,23598577.0,0.0,0.0,23598577.0,23598577.0,0.0,0.0,100.0
2024,Poder Ejecutivo,Ramos Administrativos,Marina,K005,Porcentaje Ejer/Aprob,0.0,0.0,0.0,0.0,0.0,0.0,0.0,0.0,0.0,0.0,0.0,,0.0,
2024,Poder Ejecutivo,Ramos Administrativos,Marina,K005,Porcentaje Ejer/Modif,0.0,0.0,0.0,0.0,0.0,0.0,100.0,0.0,0.0,100.0,100.0,,0.0,
2024,Poder Ejecutivo,Ramos Administrativos,Marina,K012,Proyectos de infraestructura social de asistencia y seguridad social,0.0,0.0,0.0,0.0,0.0,0.0,0.0,0.0,0.0,0.0,0.0,,0.0,
2024,Poder Ejecutivo,Ramos Administrativos,Marina,K012,Aprobado,0.0,0.0,0.0,0.0,0.0,0.0,0.0,0.0,0.0,0.0,0.0,0.0,0.0,0.0
2024,Poder Ejecutivo,Ramos Administrativos,Marina,K012,Modificado,0.0,0.0,0.0,0.0,0.0,0.0,1876591538.3,0.0,0.0,1876591538.3,1876591538.3,0.0,0.0,100.0
2024,Poder Ejecutivo,Ramos Administrativos,Marina,K012,Devengado,0.0,0.0,0.0,0.0,0.0,0.0,1876591538.3,0.0,0.0,1876591538.3,1876591538.3,0.0,0.0,100.0
2024,Poder Ejecutivo,Ramos Administrativos,Marina,K012,Ejercido,0.0,0.0,0.0,0.0,0.0,0.0,1876591538.3,0.0,0.0,1876591538.3,1876591538.3,0.0,0.0,100.0
2024,Poder Ejecutivo,Ramos Administrativos,Marina,K012,Porcentaje Ejer/Aprob,0.0,0.0,0.0,0.0,0.0,0.0,0.0,0.0,0.0,0.0,0.0,,0.0,
2024,Poder Ejecutivo,Ramos Administrativos,Marina,K012,Porcentaje Ejer/Modif,0.0,0.0,0.0,0.0,0.0,0.0,100.0,0.0,0.0,100.0,100.0,,0.0,
2024,Poder Ejecutivo,Ramos Administrativos,Marina,K019,Proyectos de infraestructura gubernamental de seguridad nacional,0.0,0.0,0.0,0.0,0.0,0.0,0.0,0.0,0.0,0.0,0.0,,0.0,
2024,Poder Ejecutivo,Ramos Administrativos,Marina,K019,Aprobado,0.0,0.0,0.0,0.0,0.0,0.0,0.0,0.0,0.0,0.0,0.0,0.0,0.0,0.0
2024,Poder Ejecutivo,Ramos Administrativos,Marina,K019,Modificado,0.0,0.0,0.0,0.0,0.0,0.0,4677414568.31,0.0,0.0,4677414568.31,4677414568.31,0.0,0.0,100.0
2024,Poder Ejecutivo,Ramos Administrativos,Marina,K019,Devengado,0.0,0.0,0.0,0.0,0.0,0.0,4677414568.31,0.0,0.0,4677414568.31,4677414568.31,0.0,0.0,100.0
2024,Poder Ejecutivo,Ramos Administrativos,Marina,K019,Ejercido,0.0,0.0,0.0,0.0,0.0,0.0,4677414568.31,0.0,0.0,4677414568.31,4677414568.31,0.0,0.0,100.0
2024,Poder Ejecutivo,Ramos Administrativos,Marina,K019,Porcentaje Ejer/Aprob,0.0,0.0,0.0,0.0,0.0,0.0,0.0,0.0,0.0,0.0,0.0,,0.0,
2024,Poder Ejecutivo,Ramos Administrativos,Marina,K019,Porcentaje Ejer/Modif,0.0,0.0,0.0,0.0,0.0,0.0,100.0,0.0,0.0,100.0,100.0,,0.0,
2024,Poder Ejecutivo,Ramos Administrativos,Marina,K027,Mantenimiento de infraestructura,0.0,0.0,0.0,0.0,0.0,0.0,0.0,0.0,0.0,0.0,0.0,,0.0,
2024,Poder Ejecutivo,Ramos Administrativos,Marina,K027,Aprobado,0.0,0.0,0.0,0.0,0.0,0.0,0.0,0.0,0.0,0.0,0.0,0.0,0.0,0.0
2024,Poder Ejecutivo,Ramos Administrativos,Marina,K027,Modificado,0.0,0.0,0.0,0.0,0.0,0.0,812240405.2,0.0,0.0,812240405.2,812240405.2,0.0,0.0,100.0
2024,Poder Ejecutivo,Ramos Administrativos,Marina,K027,Devengado,0.0,0.0,0.0,0.0,0.0,0.0,812240405.2,0.0,0.0,812240405.2,812240405.2,0.0,0.0,100.0
2024,Poder Ejecutivo,Ramos Administrativos,Marina,K027,Ejercido,0.0,0.0,0.0,0.0,0.0,0.0,812240405.2,0.0,0.0,812240405.2,812240405.2,0.0,0.0,100.0
2024,Poder Ejecutivo,Ramos Administrativos,Marina,K027,Porcentaje Ejer/Aprob,0.0,0.0,0.0,0.0,0.0,0.0,0.0,0.0,0.0,0.0,0.0,,0.0,
2024,Poder Ejecutivo,Ramos Administrativos,Marina,K027,Porcentaje Ejer/Modif,0.0,0.0,0.0,0.0,0.0,0.0,100.0,0.0,0.0,100.0,100.0,,0.0,
2024,Poder Ejecutivo,Ramos Administrativos,Marina,K028,Estudios de Preinversión.,0.0,0.0,0.0,0.0,0.0,0.0,0.0,0.0,0.0,0.0,0.0,,0.0,
2024,Poder Ejecutivo,Ramos Administrativos,Marina,K028,Aprobado,0.0,0.0,0.0,0.0,0.0,0.0,0.0,0.0,0.0,0.0,0.0,0.0,0.0,0.0
2024,Poder Ejecutivo,Ramos Administrativos,Marina,K028,Modificado,0.0,0.0,0.0,0.0,0.0,0.0,51736567.08,0.0,0.0,51736567.08,51736567.08,0.0,0.0,100.0
2024,Poder Ejecutivo,Ramos Administrativos,Marina,K028,Devengado,0.0,0.0,0.0,0.0,0.0,0.0,51736567.08,0.0,0.0,51736567.08,51736567.08,0.0,0.0,100.0
2024,Poder Ejecutivo,Ramos Administrativos,Marina,K028,Ejercido,0.0,0.0,0.0,0.0,0.0,0.0,51736567.08,0.0,0.0,51736567.08,51736567.08,0.0,0.0,100.0
2024,Poder Ejecutivo,Ramos Administrativos,Marina,K028,Porcentaje Ejer/Aprob,0.0,0.0,0.0,0.0,0.0,0.0,0.0,0.0,0.0,0.0,0.0,,0.0,
2024,Poder Ejecutivo,Ramos Administrativos,Marina,K028,Porcentaje Ejer/Modif,0.0,0.0,0.0,0.0,0.0,0.0,100.0,0.0,0.0,100.0,100.0,,0.0,
2024,Poder Ejecutivo,Ramos Administrativos,Marina,K040,Proyectos ferroviarios para transporte de carga y pasajeros,0.0,0.0,0.0,0.0,0.0,0.0,0.0,0.0,0.0,0.0,0.0,,0.0,
2024,Poder Ejecutivo,Ramos Administrativos,Marina,K040,Aprobado,0.0,0.0,0.0,0.0,0.0,0.0,0.0,0.0,0.0,0.0,0.0,0.0,0.0,0.0
2024,Poder Ejecutivo,Ramos Administrativos,Marina,K040,Modificado,0.0,0.0,0.0,0.0,0.0,0.0,30340263002.97,0.0,0.0,30340263002.97,30340263002.97,0.0,0.0,100.0
2024,Poder Ejecutivo,Ramos Administrativos,Marina,K040,Devengado,0.0,0.0,0.0,0.0,0.0,0.0,30340263002.97,0.0,0.0,30340263002.97,30340263002.97,0.0,0.0,100.0
2024,Poder Ejecutivo,Ramos Administrativos,Marina,K040,Ejercido,0.0,0.0,0.0,0.0,0.0,0.0,30340263002.97,0.0,0.0,30340263002.97,30340263002.97,0.0,0.0,100.0
2024,Poder Ejecutivo,Ramos Administrativos,Marina,K040,Porcentaje Ejer/Aprob,0.0,0.0,0.0,0.0,0.0,0.0,0.0,0.0,0.0,0.0,0.0,,0.0,
2024,Poder Ejecutivo,Ramos Administrativos,Marina,K040,Porcentaje Ejer/Modif,0.0,0.0,0.0,0.0,0.0,0.0,100.0,0.0,0.0,100.0,100.0,,0.0,
2024,Poder Ejecutivo,Ramos Administrativos,Marina,M001,Actividades de apoyo administrativo,0.0,0.0,0.0,0.0,0.0,0.0,0.0,0.0,0.0,0.0,0.0,,0.0,
2024,Poder Ejecutivo,Ramos Administrativos,Marina,M001,Aprobado,297500355.0,57358133.0,0.0,8127920.0,362986408.0,0.0,0.0,0.0,0.0,0.0,362986408.0,100.0,0.0,0.0
2024,Poder Ejecutivo,Ramos Administrativos,Marina,M001,Modificado,253955388.46,335999452.14,0.0,30768605052.09,31358559892.69,0.0,0.0,0.0,0.0,0.0,31358559892.69,100.0,0.0,0.0
2024,Poder Ejecutivo,Ramos Administrativos,Marina,M001,Devengado,253955388.46,335999452.14,0.0,30768605052.09,31358559892.69,0.0,0.0,0.0,0.0,0.0,31358559892.69,100.0,0.0,0.0
2024,Poder Ejecutivo,Ramos Administrativos,Marina,M001,Ejercido,253955388.46,335999452.14,0.0,30768605052.09,31358559892.69,0.0,0.0,0.0,0.0,0.0,31358559892.69,100.0,0.0,0.0
2024,Poder Ejecutivo,Ramos Administrativos,Marina,M001,Porcentaje Ejer/Aprob,85.36305392307851,0.0,0.0,0.0,0.0,0.0,0.0,0.0,0.0,0.0,0.0,,0.0,
2024,Poder Ejecutivo,Ramos Administrativos,Marina,M001,Porcentaje Ejer/Modif,100.0,100.0,0.0,100.0,100.0,0.0,0.0,0.0,0.0,0.0,100.0,,0.0,
2024,Poder Ejecutivo,Ramos Administrativos,Marina,O001,Actividades de apoyo a la función pública y buen gobierno,0.0,0.0,0.0,0.0,0.0,0.0,0.0,0.0,0.0,0.0,0.0,,0.0,
2024,Poder Ejecutivo,Ramos Administrativos,Marina,O001,Aprobado,12882547.0,139964.0,0.0,0.0,13022511.0,0.0,0.0,0.0,0.0,0.0,13022511.0,100.0,0.0,0.0
2024,Poder Ejecutivo,Ramos Administrativos,Marina,O001,Modificado,21116609.38,139964.0,0.0,0.0,21256573.38,0.0,0.0,0.0,0.0,0.0,21256573.38,100.0,0.0,0.0
2024,Poder Ejecutivo,Ramos Administrativos,Marina,O001,Devengado,21116609.38,139964.0,0.0,0.0,21256573.38,0.0,0.0,0.0,0.0,0.0,21256573.38,100.0,0.0,0.0
2024,Poder Ejecutivo,Ramos Administrativos,Marina,O001,Ejercido,21116609.38,139964.0,0.0,0.0,21256573.38,0.0,0.0,0.0,0.0,0.0,21256573.38,100.0,0.0,0.0
2024,Poder Ejecutivo,Ramos Administrativos,Marina,O001,Porcentaje Ejer/Aprob,163.9164163732529,100.0,0.0,0.0,163.22945229226528,0.0,0.0,0.0,0.0,0.0,163.22945229226528,,0.0,
2024,Poder Ejecutivo,Ramos Administrativos,Marina,O001,Porcentaje Ejer/Modif,100.0,100.0,0.0,0.0,100.0,0.0,0.0,0.0,0.0,0.0,100.0,,0.0,
2024,Poder Ejecutivo,Ramos Administrativos,Marina,P005,"Planeación, diseño, ejecución y evaluación del Corredor Interoceánico del Istmo de Tehuantepec",0.0,0.0,0.0,0.0,0.0,0.0,0.0,0.0,0.0,0.0,0.0,,0.0,
2024,Poder Ejecutivo,Ramos Administrativos,Marina,P005,Aprobado,29378303.0,0.0,0.0,0.0,29378303.0,0.0,0.0,0.0,0.0,0.0,29378303.0,100.0,0.0,0.0
2024,Poder Ejecutivo,Ramos Administrativos,Marina,P005,Modificado,29290132.0,0.0,0.0,0.0,29290132.0,0.0,0.0,0.0,0.0,0.0,29290132.0,100.0,0.0,0.0
2024,Poder Ejecutivo,Ramos Administrativos,Marina,P005,Devengado,29290132.0,0.0,0.0,0.0,29290132.0,0.0,0.0,0.0,0.0,0.0,29290132.0,100.0,0.0,0.0
2024,Poder Ejecutivo,Ramos Administrativos,Marina,P005,Ejercido,29290132.0,0.0,0.0,0.0,29290132.0,0.0,0.0,0.0,0.0,0.0,29290132.0,100.0,0.0,0.0
2024,Poder Ejecutivo,Ramos Administrativos,Marina,P005,Porcentaje Ejer/Aprob,99.69987715083475,0.0,0.0,0.0,99.69987715083475,0.0,0.0,0.0,0.0,0.0,99.69987715083475,,0.0,
2024,Poder Ejecutivo,Ramos Administrativos,Marina,P005,Porcentaje Ejer/Modif,100.0,0.0,0.0,0.0,100.0,0.0,0.0,0.0,0.0,0.0,100.0,,0.0,
2024,Poder Ejecutivo,Ramos Administrativos,Marina,R001,Previsión para el Fortalecimiento de Infraestructura Naval y Militar,0.0,0.0,0.0,0.0,0.0,0.0,0.0,0.0,0.0,0.0,0.0,,0.0,
2024,Poder Ejecutivo,Ramos Administrativos,Marina,R001,Aprobado,0.0,0.0,0.0,0.0,0.0,0.0,5804179038.0,0.0,0.0,5804179038.0,5804179038.0,0.0,0.0,100.0
2024,Poder Ejecutivo,Ramos Administrativos,Marina,R001,Modificado,0.0,0.0,0.0,0.0,0.0,0.0,0.0,0.0,0.0,0.0,0.0,0.0,0.0,0.0
2024,Poder Ejecutivo,Ramos Administrativos,Marina,R001,Devengado,0.0,0.0,0.0,0.0,0.0,0.0,0.0,0.0,0.0,0.0,0.0,0.0,0.0,0.0
2024,Poder Ejecutivo,Ramos Administrativos,Marina,R001,Ejercido,0.0,0.0,0.0,0.0,0.0,0.0,0.0,0.0,0.0,0.0,0.0,0.0,0.0,0.0
2024,Poder Ejecutivo,Ramos Administrativos,Marina,R001,Porcentaje Ejer/Aprob,0.0,0.0,0.0,0.0,0.0,0.0,0.0,0.0,0.0,0.0,0.0,,0.0,
2024,Poder Ejecutivo,Ramos Administrativos,Marina,R001,Porcentaje Ejer/Modif,0.0,0.0,0.0,0.0,0.0,0.0,0.0,0.0,0.0,0.0,0.0,,0.0,
2024,Poder Ejecutivo,Ramos Administrativos,Marina,R002,Provisiones para el desarrollo regional del Istmo de Tehuantepec,0.0,0.0,0.0,0.0,0.0,0.0,0.0,0.0,0.0,0.0,0.0,,0.0,
2024,Poder Ejecutivo,Ramos Administrativos,Marina,R002,Aprobado,0.0,0.0,0.0,0.0,0.0,0.0,20845101290.0,0.0,0.0,20845101290.0,20845101290.0,0.0,0.0,100.0
2024,Poder Ejecutivo,Ramos Administrativos,Marina,R002,Modificado,0.0,0.0,0.0,0.0,0.0,0.0,0.0,0.0,0.0,0.0,0.0,0.0,0.0,0.0
2024,Poder Ejecutivo,Ramos Administrativos,Marina,R002,Devengado,0.0,0.0,0.0,0.0,0.0,0.0,0.0,0.0,0.0,0.0,0.0,0.0,0.0,0.0
2024,Poder Ejecutivo,Ramos Administrativos,Marina,R002,Ejercido,0.0,0.0,0.0,0.0,0.0,0.0,0.0,0.0,0.0,0.0,0.0,0.0,0.0,0.0
2024,Poder Ejecutivo,Ramos Administrativos,Marina,R002,Porcentaje Ejer/Aprob,0.0,0.0,0.0,0.0,0.0,0.0,0.0,0.0,0.0,0.0,0.0,,0.0,
2024,Poder Ejecutivo,Ramos Administrativos,Marina,R002,Porcentaje Ejer/Modif,0.0,0.0,0.0,0.0,0.0,0.0,0.0,0.0,0.0,0.0,0.0,,0.0,
2024,Poder Ejecutivo,Ramos Administrativos,Marina,R025,Provisiones para la modernización y rehabilitación de la infraestructura aeroportuaria y de conectividad,0.0,0.0,0.0,0.0,0.0,0.0,0.0,0.0,0.0,0.0,0.0,,0.0,
2024,Poder Ejecutivo,Ramos Administrativos,Marina,R025,Aprobado,0.0,0.0,0.0,0.0,0.0,0.0,0.0,0.0,0.0,0.0,0.0,0.0,0.0,0.0
2024,Poder Ejecutivo,Ramos Administrativos,Marina,R025,Modificado,0.0,0.0,0.0,0.0,0.0,0.0,0.0,0.0,0.0,0.0,0.0,0.0,0.0,0.0
2024,Poder Ejecutivo,Ramos Administrativos,Marina,R025,Devengado,0.0,0.0,0.0,0.0,0.0,0.0,0.0,0.0,0.0,0.0,0.0,0.0,0.0,0.0
2024,Poder Ejecutivo,Ramos Administrativos,Marina,R025,Ejercido,0.0,0.0,0.0,0.0,0.0,0.0,0.0,0.0,0.0,0.0,0.0,0.0,0.0,0.0
2024,Poder Ejecutivo,Ramos Administrativos,Marina,R025,Porcentaje Ejer/Aprob,0.0,0.0,0.0,0.0,0.0,0.0,0.0,0.0,0.0,0.0,0.0,,0.0,
2024,Poder Ejecutivo,Ramos Administrativos,Marina,R025,Porcentaje Ejer/Modif,0.0,0.0,0.0,0.0,0.0,0.0,0.0,0.0,0.0,0.0,0.0,,0.0,
2024,Poder Ejecutivo,Ramos Administrativos,Trabajo y Previsión Social,TOTAL,Aprobado,2725686123.0,711083931.0,25110640511.0,55750157.0,28603160722.0,0.0,0.0,0.0,0.0,0.0,28603160722.0,100.0,0.0,0.0
2024,Poder Ejecutivo,Ramos Administrativos,Trabajo y Previsión Social,TOTAL,Modificado,3134866771.04,1345852242.58,23318504344.42,123700591.08,27922923949.12,0.0,0.0,0.0,0.0,0.0,27922923949.12,100.0,0.0,0.0
2024,Poder Ejecutivo,Ramos Administrativos,Trabajo y Previsión Social,TOTAL,Devengado,3134863477.04,1345852242.58,23318504344.42,123700591.08,27922920655.12,0.0,0.0,0.0,0.0,0.0,27922920655.12,100.0,0.0,0.0
2024,Poder Ejecutivo,Ramos Administrativos,Trabajo y Previsión Social,TOTAL,Ejercido,3134863477.04,1345852242.58,23318504344.42,123700591.08,27922920655.12,0.0,0.0,0.0,0.0,0.0,27922920655.12,100.0,0.0,0.0
2024,Poder Ejecutivo,Ramos Administrativos,Trabajo y Previsión Social,TOTAL,Porcentaje Ejer/Aprob,115.01190289620152,189.26770580897855,92.86304080616766,221.88384344818974,97.62180105376676,0.0,0.0,0.0,0.0,0.0,97.62180105376676,,0.0,
2024,Poder Ejecutivo,Ramos Administrativos,Trabajo y Previsión Social,TOTAL,Porcentaje Ejer/Modif,99.99989492376422,100.0,100.0,100.0,99.99998820324116,0.0,0.0,0.0,0.0,0.0,99.99998820324116,,0.0,
2024,Poder Ejecutivo,Ramos Administrativos,Trabajo y Previsión Social,E001,Impartición de justicia laboral,0.0,0.0,0.0,0.0,0.0,0.0,0.0,0.0,0.0,0.0,0.0,,0.0,
2024,Poder Ejecutivo,Ramos Administrativos,Trabajo y Previsión Social,E001,Aprobado,764419869.0,64946520.0,0.0,10724093.0,840090482.0,0.0,0.0,0.0,0.0,0.0,840090482.0,100.0,0.0,0.0
2024,Poder Ejecutivo,Ramos Administrativos,Trabajo y Previsión Social,E001,Modificado,788715343.61,96677529.26,0.0,9972573.62,895365446.49,0.0,0.0,0.0,0.0,0.0,895365446.49,100.0,0.0,0.0
2024,Poder Ejecutivo,Ramos Administrativos,Trabajo y Previsión Social,E001,Devengado,788715343.61,96677529.26,0.0,9972573.62,895365446.49,0.0,0.0,0.0,0.0,0.0,895365446.49,100.0,0.0,0.0
2024,Poder Ejecutivo,Ramos Administrativos,Trabajo y Previsión Social,E001,Ejercido,788715343.61,96677529.26,0.0,9972573.62,895365446.49,0.0,0.0,0.0,0.0,0.0,895365446.49,100.0,0.0,0.0
2024,Poder Ejecutivo,Ramos Administrativos,Trabajo y Previsión Social,E001,Porcentaje Ejer/Aprob,103.17828926160475,148.85713547084586,0.0,92.99223365556415,106.57964417813747,0.0,0.0,0.0,0.0,0.0,106.57964417813747,,0.0,
2024,Poder Ejecutivo,Ramos Administrativos,Trabajo y Previsión Social,E001,Porcentaje Ejer/Modif,100.0,100.0,0.0,100.0,100.0,0.0,0.0,0.0,0.0,0.0,100.0,,0.0,
2024,Poder Ejecutivo,Ramos Administrativos,Trabajo y Previsión Social,E002,Procuración de justicia laboral,0.0,0.0,0.0,0.0,0.0,0.0,0.0,0.0,0.0,0.0,0.0,,0.0,
2024,Poder Ejecutivo,Ramos Administrativos,Trabajo y Previsión Social,E002,Aprobado,198040975.0,41190208.0,0.0,1366068.0,240597251.0,0.0,0.0,0.0,0.0,0.0,240597251.0,100.0,0.0,0.0
2024,Poder Ejecutivo,Ramos Administrativos,Trabajo y Previsión Social,E002,Modificado,201040487.44,40064959.71,0.0,138203.65,241243650.8,0.0,0.0,0.0,0.0,0.0,241243650.8,100.0,0.0,0.0
2024,Poder Ejecutivo,Ramos Administrativos,Trabajo y Previsión Social,E002,Devengado,201040487.44,40064959.71,0.0,138203.65,241243650.8,0.0,0.0,0.0,0.0,0.0,241243650.8,100.0,0.0,0.0
2024,Poder Ejecutivo,Ramos Administrativos,Trabajo y Previsión Social,E002,Ejercido,201040487.44,40064959.71,0.0,138203.65,241243650.8,0.0,0.0,0.0,0.0,0.0,241243650.8,100.0,0.0,0.0
2024,Poder Ejecutivo,Ramos Administrativos,Trabajo y Previsión Social,E002,Porcentaje Ejer/Aprob,101.51459183636113,97.26816555526983,0.0,10.11689388815198,100.26866466566571,0.0,0.0,0.0,0.0,0.0,100.26866466566571,,0.0,
2024,Poder Ejecutivo,Ramos Administrativos,Trabajo y Previsión Social,E002,Porcentaje Ejer/Modif,100.0,100.0,0.0,100.0,100.0,0.0,0.0,0.0,0.0,0.0,100.0,,0.0,
2024,Poder Ejecutivo,Ramos Administrativos,Trabajo y Previsión Social,E003,Ejecución de los programas y acciones de la Política Laboral,0.0,0.0,0.0,0.0,0.0,0.0,0.0,0.0,0.0,0.0,0.0,,0.0,
2024,Poder Ejecutivo,Ramos Administrativos,Trabajo y Previsión Social,E003,Aprobado,23693058.0,5256744.0,0.0,0.0,28949802.0,0.0,0.0,0.0,0.0,0.0,28949802.0,100.0,0.0,0.0
2024,Poder Ejecutivo,Ramos Administrativos,Trabajo y Previsión Social,E003,Modificado,32052982.92,24911804.98,0.0,0.0,56964787.9,0.0,0.0,0.0,0.0,0.0,56964787.9,100.0,0.0,0.0
2024,Poder Ejecutivo,Ramos Administrativos,Trabajo y Previsión Social,E003,Devengado,32052982.92,24911804.98,0.0,0.0,56964787.9,0.0,0.0,0.0,0.0,0.0,56964787.9,100.0,0.0,0.0
2024,Poder Ejecutivo,Ramos Administrativos,Trabajo y Previsión Social,E003,Ejercido,32052982.92,24911804.98,0.0,0.0,56964787.9,0.0,0.0,0.0,0.0,0.0,56964787.9,100.0,0.0,0.0
2024,Poder Ejecutivo,Ramos Administrativos,Trabajo y Previsión Social,E003,Porcentaje Ejer/Aprob,135.28427997770487,473.9018103221309,0.0,0.0,196.77090675784243,0.0,0.0,0.0,0.0,0.0,196.77090675784243,,0.0,
2024,Poder Ejecutivo,Ramos Administrativos,Trabajo y Previsión Social,E003,Porcentaje Ejer/Modif,100.0,100.0,0.0,0.0,100.0,0.0,0.0,0.0,0.0,0.0,100.0,,0.0,
2024,Poder Ejecutivo,Ramos Administrativos,Trabajo y Previsión Social,E004,Capacitación para Incrementar la Productividad,0.0,0.0,0.0,0.0,0.0,0.0,0.0,0.0,0.0,0.0,0.0,,0.0,
2024,Poder Ejecutivo,Ramos Administrativos,Trabajo y Previsión Social,E004,Aprobado,30302757.0,8895923.0,0.0,0.0,39198680.0,0.0,0.0,0.0,0.0,0.0,39198680.0,100.0,0.0,0.0
2024,Poder Ejecutivo,Ramos Administrativos,Trabajo y Previsión Social,E004,Modificado,19946965.34,26809566.42,0.0,0.0,46756531.76,0.0,0.0,0.0,0.0,0.0,46756531.76,100.0,0.0,0.0
2024,Poder Ejecutivo,Ramos Administrativos,Trabajo y Previsión Social,E004,Devengado,19946965.34,26809566.42,0.0,0.0,46756531.76,0.0,0.0,0.0,0.0,0.0,46756531.76,100.0,0.0,0.0
2024,Poder Ejecutivo,Ramos Administrativos,Trabajo y Previsión Social,E004,Ejercido,19946965.34,26809566.42,0.0,0.0,46756531.76,0.0,0.0,0.0,0.0,0.0,46756531.76,100.0,0.0,0.0
2024,Poder Ejecutivo,Ramos Administrativos,Trabajo y Previsión Social,E004,Porcentaje Ejer/Aprob,65.82557930289973,301.36913752513374,0.0,0.0,119.28088333586741,0.0,0.0,0.0,0.0,0.0,119.28088333586741,,0.0,
2024,Poder Ejecutivo,Ramos Administrativos,Trabajo y Previsión Social,E004,Porcentaje Ejer/Modif,100.0,100.0,0.0,0.0,100.0,0.0,0.0,0.0,0.0,0.0,100.0,,0.0,
2024,Poder Ejecutivo,Ramos Administrativos,Trabajo y Previsión Social,E005,Ejecución a nivel nacional de acciones de promoción y vigilancia de los derechos laborales,0.0,0.0,0.0,0.0,0.0,0.0,0.0,0.0,0.0,0.0,0.0,,0.0,
2024,Poder Ejecutivo,Ramos Administrativos,Trabajo y Previsión Social,E005,Aprobado,617217619.0,50282098.0,0.0,0.0,667499717.0,0.0,0.0,0.0,0.0,0.0,667499717.0,100.0,0.0,0.0
2024,Poder Ejecutivo,Ramos Administrativos,Trabajo y Previsión Social,E005,Modificado,447149549.8,182483537.16,0.0,19535.08,629652622.04,0.0,0.0,0.0,0.0,0.0,629652622.04,100.0,0.0,0.0
2024,Poder Ejecutivo,Ramos Administrativos,Trabajo y Previsión Social,E005,Devengado,447149549.8,182483537.16,0.0,19535.08,629652622.04,0.0,0.0,0.0,0.0,0.0,629652622.04,100.0,0.0,0.0
2024,Poder Ejecutivo,Ramos Administrativos,Trabajo y Previsión Social,E005,Ejercido,447149549.8,182483537.16,0.0,19535.08,629652622.04,0.0,0.0,0.0,0.0,0.0,629652622.04,100.0,0.0,0.0
2024,Poder Ejecutivo,Ramos Administrativos,Trabajo y Previsión Social,E005,Porcentaje Ejer/Aprob,72.44601191464044,362.91949703451115,0.0,0.0,94.330020823065,0.0,0.0,0.0,0.0,0.0,94.330020823065,,0.0,
2024,Poder Ejecutivo,Ramos Administrativos,Trabajo y Previsión Social,E005,Porcentaje Ejer/Modif,100.0,100.0,0.0,100.0,100.0,0.0,0.0,0.0,0.0,0.0,100.0,,0.0,
2024,Poder Ejecutivo,Ramos Administrativos,Trabajo y Previsión Social,E008,Conciliación entre empleadores y sindicatos,0.0,0.0,0.0,0.0,0.0,0.0,0.0,0.0,0.0,0.0,0.0,,0.0,
2024,Poder Ejecutivo,Ramos Administrativos,Trabajo y Previsión Social,E008,Aprobado,25143841.0,22236393.0,0.0,0.0,47380234.0,0.0,0.0,0.0,0.0,0.0,47380234.0,100.0,0.0,0.0
2024,Poder Ejecutivo,Ramos Administrativos,Trabajo y Previsión Social,E008,Modificado,16726353.92,22964067.14,0.0,0.0,39690421.06,0.0,0.0,0.0,0.0,0.0,39690421.06,100.0,0.0,0.0
2024,Poder Ejecutivo,Ramos Administrativos,Trabajo y Previsión Social,E008,Devengado,16726353.92,22964067.14,0.0,0.0,39690421.06,0.0,0.0,0.0,0.0,0.0,39690421.06,100.0,0.0,0.0
2024,Poder Ejecutivo,Ramos Administrativos,Trabajo y Previsión Social,E008,Ejercido,16726353.92,22964067.14,0.0,0.0,39690421.06,0.0,0.0,0.0,0.0,0.0,39690421.06,100.0,0.0,0.0
2024,Poder Ejecutivo,Ramos Administrativos,Trabajo y Previsión Social,E008,Porcentaje Ejer/Aprob,66.52266819536442,103.272446839737,0.0,0.0,83.76999797003958,0.0,0.0,0.0,0.0,0.0,83.76999797003958,,0.0,
2024,Poder Ejecutivo,Ramos Administrativos,Trabajo y Previsión Social,E008,Porcentaje Ejer/Modif,100.0,100.0,0.0,0.0,100.0,0.0,0.0,0.0,0.0,0.0,100.0,,0.0,
2024,Poder Ejecutivo,Ramos Administrativos,Trabajo y Previsión Social,E011,Registro de agrupaciones sindicales,0.0,0.0,0.0,0.0,0.0,0.0,0.0,0.0,0.0,0.0,0.0,,0.0,
2024,Poder Ejecutivo,Ramos Administrativos,Trabajo y Previsión Social,E011,Aprobado,21221369.0,12368543.0,0.0,0.0,33589912.0,0.0,0.0,0.0,0.0,0.0,33589912.0,100.0,0.0,0.0
2024,Poder Ejecutivo,Ramos Administrativos,Trabajo y Previsión Social,E011,Modificado,7262674.44,24596749.48,0.0,0.0,31859423.92,0.0,0.0,0.0,0.0,0.0,31859423.92,100.0,0.0,0.0
2024,Poder Ejecutivo,Ramos Administrativos,Trabajo y Previsión Social,E011,Devengado,7262674.44,24596749.48,0.0,0.0,31859423.92,0.0,0.0,0.0,0.0,0.0,31859423.92,100.0,0.0,0.0
2024,Poder Ejecutivo,Ramos Administrativos,Trabajo y Previsión Social,E011,Ejercido,7262674.44,24596749.48,0.0,0.0,31859423.92,0.0,0.0,0.0,0.0,0.0,31859423.92,100.0,0.0,0.0
2024,Poder Ejecutivo,Ramos Administrativos,Trabajo y Previsión Social,E011,Porcentaje Ejer/Aprob,34.22340208117582,198.8653754932978,0.0,0.0,94.84819108784805,0.0,0.0,0.0,0.0,0.0,94.84819108784805,,0.0,
2024,Poder Ejecutivo,Ramos Administrativos,Trabajo y Previsión Social,E011,Porcentaje Ejer/Modif,100.0,100.0,0.0,0.0,100.0,0.0,0.0,0.0,0.0,0.0,100.0,,0.0,
2024,Poder Ejecutivo,Ramos Administrativos,Trabajo y Previsión Social,E012,Servicio de Conciliación Federal y Registros Laborales,0.0,0.0,0.0,0.0,0.0,0.0,0.0,0.0,0.0,0.0,0.0,,0.0,
2024,Poder Ejecutivo,Ramos Administrativos,Trabajo y Previsión Social,E012,Aprobado,404930392.0,258413812.0,0.0,0.0,663344204.0,0.0,0.0,0.0,0.0,0.0,663344204.0,100.0,0.0,0.0
2024,Poder Ejecutivo,Ramos Administrativos,Trabajo y Previsión Social,E012,Modificado,556809562.71,151966947.28,0.0,424080.0,709200589.99,0.0,0.0,0.0,0.0,0.0,709200589.99,100.0,0.0,0.0
2024,Poder Ejecutivo,Ramos Administrativos,Trabajo y Previsión Social,E012,Devengado,556809562.71,151966947.28,0.0,424080.0,709200589.99,0.0,0.0,0.0,0.0,0.0,709200589.99,100.0,0.0,0.0
2024,Poder Ejecutivo,Ramos Administrativos,Trabajo y Previsión Social,E012,Ejercido,556809562.71,151966947.28,0.0,424080.0,709200589.99,0.0,0.0,0.0,0.0,0.0,709200589.99,100.0,0.0,0.0
2024,Poder Ejecutivo,Ramos Administrativos,Trabajo y Previsión Social,E012,Porcentaje Ejer/Aprob,137.50747627508287,58.80759472717349,0.0,0.0,106.91290972522012,0.0,0.0,0.0,0.0,0.0,106.91290972522012,,0.0,
2024,Poder Ejecutivo,Ramos Administrativos,Trabajo y Previsión Social,E012,Porcentaje Ejer/Modif,100.0,100.0,0.0,100.0,100.0,0.0,0.0,0.0,0.0,0.0,100.0,,0.0,
2024,Poder Ejecutivo,Ramos Administrativos,Trabajo y Previsión Social,E016,Articulación de Políticas Integrales de Juventud,0.0,0.0,0.0,0.0,0.0,0.0,0.0,0.0,0.0,0.0,0.0,,0.0,
2024,Poder Ejecutivo,Ramos Administrativos,Trabajo y Previsión Social,E016,Aprobado,57840208.0,45322913.0,0.0,1748016.0,104911137.0,0.0,0.0,0.0,0.0,0.0,104911137.0,100.0,0.0,0.0
2024,Poder Ejecutivo,Ramos Administrativos,Trabajo y Previsión Social,E016,Modificado,55571949.83,24056201.05,0.0,4439211.62,84067362.5,0.0,0.0,0.0,0.0,0.0,84067362.5,100.0,0.0,0.0
2024,Poder Ejecutivo,Ramos Administrativos,Trabajo y Previsión Social,E016,Devengado,55571949.83,24056201.05,0.0,4439211.62,84067362.5,0.0,0.0,0.0,0.0,0.0,84067362.5,100.0,0.0,0.0
2024,Poder Ejecutivo,Ramos Administrativos,Trabajo y Previsión Social,E016,Ejercido,55571949.83,24056201.05,0.0,4439211.62,84067362.5,0.0,0.0,0.0,0.0,0.0,84067362.5,100.0,0.0,0.0
2024,Poder Ejecutivo,Ramos Administrativos,Trabajo y Previsión Social,E016,Porcentaje Ejer/Aprob,96.07840592481963,53.07734975022458,0.0,253.95715027780068,80.1319715942074,0.0,0.0,0.0,0.0,0.0,80.1319715942074,,0.0,
2024,Poder Ejecutivo,Ramos Administrativos,Trabajo y Previsión Social,E016,Porcentaje Ejer/Modif,100.0,100.0,0.0,100.0,100.0,0.0,0.0,0.0,0.0,0.0,100.0,,0.0,
2024,Poder Ejecutivo,Ramos Administrativos,Trabajo y Previsión Social,M001,Actividades de apoyo administrativo,0.0,0.0,0.0,0.0,0.0,0.0,0.0,0.0,0.0,0.0,0.0,,0.0,
2024,Poder Ejecutivo,Ramos Administrativos,Trabajo y Previsión Social,M001,Aprobado,283214029.0,178392133.0,0.0,59181.0,461665343.0,0.0,0.0,0.0,0.0,0.0,461665343.0,100.0,0.0,0.0
2024,Poder Ejecutivo,Ramos Administrativos,Trabajo y Previsión Social,M001,Modificado,428514526.99,228322573.03,0.0,187919.99,657025020.01,0.0,0.0,0.0,0.0,0.0,657025020.01,100.0,0.0,0.0
2024,Poder Ejecutivo,Ramos Administrativos,Trabajo y Previsión Social,M001,Devengado,428514526.99,228322573.03,0.0,187919.99,657025020.01,0.0,0.0,0.0,0.0,0.0,657025020.01,100.0,0.0,0.0
2024,Poder Ejecutivo,Ramos Administrativos,Trabajo y Previsión Social,M001,Ejercido,428514526.99,228322573.03,0.0,187919.99,657025020.01,0.0,0.0,0.0,0.0,0.0,657025020.01,100.0,0.0,0.0
2024,Poder Ejecutivo,Ramos Administrativos,Trabajo y Previsión Social,M001,Porcentaje Ejer/Aprob,151.3041315442746,127.98914906746477,0.0,317.5343268954563,142.31629685271827,0.0,0.0,0.0,0.0,0.0,142.31629685271827,,0.0,
2024,Poder Ejecutivo,Ramos Administrativos,Trabajo y Previsión Social,M001,Porcentaje Ejer/Modif,100.0,100.0,0.0,100.0,100.0,0.0,0.0,0.0,0.0,0.0,100.0,,0.0,
2024,Poder Ejecutivo,Ramos Administrativos,Trabajo y Previsión Social,O001,Actividades de apoyo a la función pública y buen gobierno,0.0,0.0,0.0,0.0,0.0,0.0,0.0,0.0,0.0,0.0,0.0,,0.0,
2024,Poder Ejecutivo,Ramos Administrativos,Trabajo y Previsión Social,O001,Aprobado,3660854.0,121122.0,0.0,0.0,3781976.0,0.0,0.0,0.0,0.0,0.0,3781976.0,100.0,0.0,0.0
2024,Poder Ejecutivo,Ramos Administrativos,Trabajo y Previsión Social,O001,Modificado,3636790.49,116027.89,0.0,0.0,3752818.38,0.0,0.0,0.0,0.0,0.0,3752818.38,100.0,0.0,0.0
2024,Poder Ejecutivo,Ramos Administrativos,Trabajo y Previsión Social,O001,Devengado,3633496.49,116027.89,0.0,0.0,3749524.38,0.0,0.0,0.0,0.0,0.0,3749524.38,100.0,0.0,0.0
2024,Poder Ejecutivo,Ramos Administrativos,Trabajo y Previsión Social,O001,Ejercido,3633496.49,116027.89,0.0,0.0,3749524.38,0.0,0.0,0.0,0.0,0.0,3749524.38,100.0,0.0,0.0
2024,Poder Ejecutivo,Ramos Administrativos,Trabajo y Previsión Social,O001,Porcentaje Ejer/Aprob,99.25270141884927,95.79423226168656,0.0,0.0,99.1419400863464,0.0,0.0,0.0,0.0,0.0,99.1419400863464,,0.0,
2024,Poder Ejecutivo,Ramos Administrativos,Trabajo y Previsión Social,O001,Porcentaje Ejer/Modif,99.90942563204955,100.0,0.0,0.0,99.91222596815356,0.0,0.0,0.0,0.0,0.0,99.91222596815356,,0.0,
2024,Poder Ejecutivo,Ramos Administrativos,Trabajo y Previsión Social,P001,Instrumentación de la política laboral,0.0,0.0,0.0,0.0,0.0,0.0,0.0,0.0,0.0,0.0,0.0,,0.0,
2024,Poder Ejecutivo,Ramos Administrativos,Trabajo y Previsión Social,P001,Aprobado,206306257.0,18457443.0,0.0,41848909.0,266612609.0,0.0,0.0,0.0,0.0,0.0,266612609.0,100.0,0.0,0.0
2024,Poder Ejecutivo,Ramos Administrativos,Trabajo y Previsión Social,P001,Modificado,252246656.64,81811423.35,0.0,108519067.12,442577147.11,0.0,0.0,0.0,0.0,0.0,442577147.11,100.0,0.0,0.0
2024,Poder Ejecutivo,Ramos Administrativos,Trabajo y Previsión Social,P001,Devengado,252246656.64,81811423.35,0.0,108519067.12,442577147.11,0.0,0.0,0.0,0.0,0.0,442577147.11,100.0,0.0,0.0
2024,Poder Ejecutivo,Ramos Administrativos,Trabajo y Previsión Social,P001,Ejercido,252246656.64,81811423.35,0.0,108519067.12,442577147.11,0.0,0.0,0.0,0.0,0.0,442577147.11,100.0,0.0,0.0
2024,Poder Ejecutivo,Ramos Administrativos,Trabajo y Previsión Social,P001,Porcentaje Ejer/Aprob,122.26805929594273,443.243537850828,0.0,259.3115799506267,166.00008108018628,0.0,0.0,0.0,0.0,0.0,166.00008108018628,,0.0,
2024,Poder Ejecutivo,Ramos Administrativos,Trabajo y Previsión Social,P001,Porcentaje Ejer/Modif,100.0,100.0,0.0,100.0,100.0,0.0,0.0,0.0,0.0,0.0,100.0,,0.0,
2024,Poder Ejecutivo,Ramos Administrativos,Trabajo y Previsión Social,P002,Evaluación del Salario Mínimo,0.0,0.0,0.0,0.0,0.0,0.0,0.0,0.0,0.0,0.0,0.0,,0.0,
2024,Poder Ejecutivo,Ramos Administrativos,Trabajo y Previsión Social,P002,Aprobado,23948059.0,5200079.0,0.0,3890.0,29152028.0,0.0,0.0,0.0,0.0,0.0,29152028.0,100.0,0.0,0.0
2024,Poder Ejecutivo,Ramos Administrativos,Trabajo y Previsión Social,P002,Modificado,23198532.98,3932140.5,0.0,0.0,27130673.48,0.0,0.0,0.0,0.0,0.0,27130673.48,100.0,0.0,0.0
2024,Poder Ejecutivo,Ramos Administrativos,Trabajo y Previsión Social,P002,Devengado,23198532.98,3932140.5,0.0,0.0,27130673.48,0.0,0.0,0.0,0.0,0.0,27130673.48,100.0,0.0,0.0
2024,Poder Ejecutivo,Ramos Administrativos,Trabajo y Previsión Social,P002,Ejercido,23198532.98,3932140.5,0.0,0.0,27130673.48,0.0,0.0,0.0,0.0,0.0,27130673.48,100.0,0.0,0.0
2024,Poder Ejecutivo,Ramos Administrativos,Trabajo y Previsión Social,P002,Porcentaje Ejer/Aprob,96.8702013804125,75.6169377426766,0.0,0.0,93.06616157201825,0.0,0.0,0.0,0.0,0.0,93.06616157201825,,0.0,
2024,Poder Ejecutivo,Ramos Administrativos,Trabajo y Previsión Social,P002,Porcentaje Ejer/Modif,100.0,100.0,0.0,0.0,100.0,0.0,0.0,0.0,0.0,0.0,100.0,,0.0,
2024,Poder Ejecutivo,Ramos Administrativos,Trabajo y Previsión Social,S043,Programa de Apoyo al Empleo (PAE),0.0,0.0,0.0,0.0,0.0,0.0,0.0,0.0,0.0,0.0,0.0,,0.0,
2024,Poder Ejecutivo,Ramos Administrativos,Trabajo y Previsión Social,S043,Aprobado,65746836.0,0.0,0.0,0.0,65746836.0,0.0,0.0,0.0,0.0,0.0,65746836.0,100.0,0.0,0.0
2024,Poder Ejecutivo,Ramos Administrativos,Trabajo y Previsión Social,S043,Modificado,63550958.94,287466.56,241892640.57,0.0,305731066.07,0.0,0.0,0.0,0.0,0.0,305731066.07,100.0,0.0,0.0
2024,Poder Ejecutivo,Ramos Administrativos,Trabajo y Previsión Social,S043,Devengado,63550958.94,287466.56,241892640.57,0.0,305731066.07,0.0,0.0,0.0,0.0,0.0,305731066.07,100.0,0.0,0.0
2024,Poder Ejecutivo,Ramos Administrativos,Trabajo y Previsión Social,S043,Ejercido,63550958.94,287466.56,241892640.57,0.0,305731066.07,0.0,0.0,0.0,0.0,0.0,305731066.07,100.0,0.0,0.0
2024,Poder Ejecutivo,Ramos Administrativos,Trabajo y Previsión Social,S043,Porcentaje Ejer/Aprob,96.66010230515123,0.0,0.0,0.0,465.0125917390154,0.0,0.0,0.0,0.0,0.0,465.0125917390154,,0.0,
2024,Poder Ejecutivo,Ramos Administrativos,Trabajo y Previsión Social,S043,Porcentaje Ejer/Modif,100.0,100.0,100.0,0.0,100.0,0.0,0.0,0.0,0.0,0.0,100.0,,0.0,
2024,Poder Ejecutivo,Ramos Administrativos,Trabajo y Previsión Social,S280,Jóvenes Construyendo el Futuro,0.0,0.0,0.0,0.0,0.0,0.0,0.0,0.0,0.0,0.0,0.0,,0.0,
2024,Poder Ejecutivo,Ramos Administrativos,Trabajo y Previsión Social,S280,Aprobado,0.0,0.0,24204725382.0,0.0,24204725382.0,0.0,0.0,0.0,0.0,0.0,24204725382.0,100.0,0.0,0.0
2024,Poder Ejecutivo,Ramos Administrativos,Trabajo y Previsión Social,S280,Modificado,220191866.82,436207528.34,22984004582.17,0.0,23640403977.33,0.0,0.0,0.0,0.0,0.0,23640403977.33,100.0,0.0,0.0
2024,Poder Ejecutivo,Ramos Administrativos,Trabajo y Previsión Social,S280,Devengado,220191866.82,436207528.34,22984004582.17,0.0,23640403977.33,0.0,0.0,0.0,0.0,0.0,23640403977.33,100.0,0.0,0.0
2024,Poder Ejecutivo,Ramos Administrativos,Trabajo y Previsión Social,S280,Ejercido,220191866.82,436207528.34,22984004582.17,0.0,23640403977.33,0.0,0.0,0.0,0.0,0.0,23640403977.33,100.0,0.0,0.0
2024,Poder Ejecutivo,Ramos Administrativos,Trabajo y Previsión Social,S280,Porcentaje Ejer/Aprob,0.0,0.0,94.95668395090408,0.0,97.66854861699997,0.0,0.0,0.0,0.0,0.0,97.66854861699997,,0.0,
2024,Poder Ejecutivo,Ramos Administrativos,Trabajo y Previsión Social,S280,Porcentaje Ejer/Modif,100.0,100.0,100.0,0.0,100.0,0.0,0.0,0.0,0.0,0.0,100.0,,0.0,
2024,Poder Ejecutivo,Ramos Administrativos,Trabajo y Previsión Social,U100,Subsidios a las Entidades Federativas para la implementación de la Reforma al Sistema de Justicia Laboral,0.0,0.0,0.0,0.0,0.0,0.0,0.0,0.0,0.0,0.0,0.0,,0.0,
2024,Poder Ejecutivo,Ramos Administrativos,Trabajo y Previsión Social,U100,Aprobado,0.0,0.0,905915129.0,0.0,905915129.0,0.0,0.0,0.0,0.0,0.0,905915129.0,100.0,0.0,0.0
2024,Poder Ejecutivo,Ramos Administrativos,Trabajo y Previsión Social,U100,Modificado,18251568.17,643720.43,92607121.68,0.0,111502410.28,0.0,0.0,0.0,0.0,0.0,111502410.28,100.0,0.0,0.0
2024,Poder Ejecutivo,Ramos Administrativos,Trabajo y Previsión Social,U100,Devengado,18251568.17,643720.43,92607121.68,0.0,111502410.28,0.0,0.0,0.0,0.0,0.0,111502410.28,100.0,0.0,0.0
2024,Poder Ejecutivo,Ramos Administrativos,Trabajo y Previsión Social,U100,Ejercido,18251568.17,643720.43,92607121.68,0.0,111502410.28,0.0,0.0,0.0,0.0,0.0,111502410.28,100.0,0.0,0.0
2024,Poder Ejecutivo,Ramos Administrativos,Trabajo y Previsión Social,U100,Porcentaje Ejer/Aprob,0.0,0.0,10.222494217777879,0.0,12.308262298597732,0.0,0.0,0.0,0.0,0.0,12.308262298597732,,0.0,
2024,Poder Ejecutivo,Ramos Administrativos,Trabajo y Previsión Social,U100,Porcentaje Ejer/Modif,100.0,100.0,100.0,0.0,100.0,0.0,0.0,0.0,0.0,0.0,100.0,,0.0,
2024,Poder Ejecutivo,Ramos Administrativos,"Desarrollo Agrario, Territorial y Urbano",TOTAL,Aprobado,2237816323.0,845663436.0,9349594938.0,292142440.0,12725217137.0,0.0,0.0,155052697.0,0.0,155052697.0,12880269834.0,98.7961999321574,0.0,1.2038000678425849
2024,Poder Ejecutivo,Ramos Administrativos,"Desarrollo Agrario, Territorial y Urbano",TOTAL,Modificado,2424190737.63,1437974463.49,10718214589.68,493243477.18,15073623267.98,0.0,0.0,0.0,0.0,0.0,15073623267.98,100.0,0.0,0.0
2024,Poder Ejecutivo,Ramos Administrativos,"Desarrollo Agrario, Territorial y Urbano",TOTAL,Devengado,2424190737.63,1437974463.49,10718214589.68,493243477.18,15073623267.98,0.0,0.0,0.0,0.0,0.0,15073623267.98,100.0,0.0,0.0
2024,Poder Ejecutivo,Ramos Administrativos,"Desarrollo Agrario, Territorial y Urbano",TOTAL,Ejercido,2424190737.63,1437974463.49,10718214589.68,493243477.18,15073623267.98,0.0,0.0,0.0,0.0,0.0,15073623267.98,100.0,0.0,0.0
2024,Poder Ejecutivo,Ramos Administrativos,"Desarrollo Agrario, Territorial y Urbano",TOTAL,Porcentaje Ejer/Aprob,108.32840536171209,170.0409882082214,114.63827749496885,168.83663913397862,118.45474309551658,0.0,0.0,0.0,0.0,0.0,117.02878481776999,,0.0,
2024,Poder Ejecutivo,Ramos Administrativos,"Desarrollo Agrario, Territorial y Urbano",TOTAL,Porcentaje Ejer/Modif,100.0,100.0,100.0,100.0,100.0,0.0,0.0,0.0,0.0,0.0,100.0,,0.0,
2024,Poder Ejecutivo,Ramos Administrativos,"Desarrollo Agrario, Territorial y Urbano",E001,Procuración de justicia agraria,0.0,0.0,0.0,0.0,0.0,0.0,0.0,0.0,0.0,0.0,0.0,,0.0,
2024,Poder Ejecutivo,Ramos Administrativos,"Desarrollo Agrario, Territorial y Urbano",E001,Aprobado,646733827.0,170608062.0,0.0,0.0,817341889.0,0.0,0.0,0.0,0.0,0.0,817341889.0,100.0,0.0,0.0
2024,Poder Ejecutivo,Ramos Administrativos,"Desarrollo Agrario, Territorial y Urbano",E001,Modificado,704662530.99,205121011.64,0.0,5057481.67,914841024.3,0.0,0.0,0.0,0.0,0.0,914841024.3,100.0,0.0,0.0
2024,Poder Ejecutivo,Ramos Administrativos,"Desarrollo Agrario, Territorial y Urbano",E001,Devengado,704662530.99,205121011.64,0.0,5057481.67,914841024.3,0.0,0.0,0.0,0.0,0.0,914841024.3,100.0,0.0,0.0
2024,Poder Ejecutivo,Ramos Administrativos,"Desarrollo Agrario, Territorial y Urbano",E001,Ejercido,704662530.99,205121011.64,0.0,5057481.67,914841024.3,0.0,0.0,0.0,0.0,0.0,914841024.3,100.0,0.0,0.0
2024,Poder Ejecutivo,Ramos Administrativos,"Desarrollo Agrario, Territorial y Urbano",E001,Porcentaje Ejer/Aprob,108.95711675678285,120.22937792939703,0.0,0.0,111.92880685697976,0.0,0.0,0.0,0.0,0.0,111.92880685697976,,0.0,
2024,Poder Ejecutivo,Ramos Administrativos,"Desarrollo Agrario, Territorial y Urbano",E001,Porcentaje Ejer/Modif,100.0,100.0,0.0,100.0,100.0,0.0,0.0,0.0,0.0,0.0,100.0,,0.0,
2024,Poder Ejecutivo,Ramos Administrativos,"Desarrollo Agrario, Territorial y Urbano",E002,Programa de Atención de Conflictos Agrarios,0.0,0.0,0.0,0.0,0.0,0.0,0.0,0.0,0.0,0.0,0.0,,0.0,
2024,Poder Ejecutivo,Ramos Administrativos,"Desarrollo Agrario, Territorial y Urbano",E002,Aprobado,0.0,19052939.0,0.0,178627851.0,197680790.0,0.0,0.0,0.0,0.0,0.0,197680790.0,100.0,0.0,0.0
2024,Poder Ejecutivo,Ramos Administrativos,"Desarrollo Agrario, Territorial y Urbano",E002,Modificado,0.0,16319115.11,0.0,124357806.06,140676921.17,0.0,0.0,0.0,0.0,0.0,140676921.17,100.0,0.0,0.0
2024,Poder Ejecutivo,Ramos Administrativos,"Desarrollo Agrario, Territorial y Urbano",E002,Devengado,0.0,16319115.11,0.0,124357806.06,140676921.17,0.0,0.0,0.0,0.0,0.0,140676921.17,100.0,0.0,0.0
2024,Poder Ejecutivo,Ramos Administrativos,"Desarrollo Agrario, Territorial y Urbano",E002,Ejercido,0.0,16319115.11,0.0,124357806.06,140676921.17,0.0,0.0,0.0,0.0,0.0,140676921.17,100.0,0.0,0.0
2024,Poder Ejecutivo,Ramos Administrativos,"Desarrollo Agrario, Territorial y Urbano",E002,Porcentaje Ejer/Aprob,0.0,85.65143209664399,0.0,69.61837438216732,71.1636781550701,0.0,0.0,0.0,0.0,0.0,71.1636781550701,,0.0,
2024,Poder Ejecutivo,Ramos Administrativos,"Desarrollo Agrario, Territorial y Urbano",E002,Porcentaje Ejer/Modif,0.0,100.0,0.0,100.0,100.0,0.0,0.0,0.0,0.0,0.0,100.0,,0.0,
2024,Poder Ejecutivo,Ramos Administrativos,"Desarrollo Agrario, Territorial y Urbano",E003,Ordenamiento y regulación de la propiedad rural,0.0,0.0,0.0,0.0,0.0,0.0,0.0,0.0,0.0,0.0,0.0,,0.0,
2024,Poder Ejecutivo,Ramos Administrativos,"Desarrollo Agrario, Territorial y Urbano",E003,Aprobado,118777873.0,59495734.0,0.0,0.0,178273607.0,0.0,0.0,0.0,0.0,0.0,178273607.0,100.0,0.0,0.0
2024,Poder Ejecutivo,Ramos Administrativos,"Desarrollo Agrario, Territorial y Urbano",E003,Modificado,111964228.02,51572809.01,0.0,1481420.08,165018457.11,0.0,0.0,0.0,0.0,0.0,165018457.11,100.0,0.0,0.0
2024,Poder Ejecutivo,Ramos Administrativos,"Desarrollo Agrario, Territorial y Urbano",E003,Devengado,111964228.02,51572809.01,0.0,1481420.08,165018457.11,0.0,0.0,0.0,0.0,0.0,165018457.11,100.0,0.0,0.0
2024,Poder Ejecutivo,Ramos Administrativos,"Desarrollo Agrario, Territorial y Urbano",E003,Ejercido,111964228.02,51572809.01,0.0,1481420.08,165018457.11,0.0,0.0,0.0,0.0,0.0,165018457.11,100.0,0.0,0.0
2024,Poder Ejecutivo,Ramos Administrativos,"Desarrollo Agrario, Territorial y Urbano",E003,Porcentaje Ejer/Aprob,94.26354016290558,86.68320490003535,0.0,0.0,92.5647154881429,0.0,0.0,0.0,0.0,0.0,92.5647154881429,,0.0,
2024,Poder Ejecutivo,Ramos Administrativos,"Desarrollo Agrario, Territorial y Urbano",E003,Porcentaje Ejer/Modif,100.0,100.0,0.0,100.0,100.0,0.0,0.0,0.0,0.0,0.0,100.0,,0.0,
2024,Poder Ejecutivo,Ramos Administrativos,"Desarrollo Agrario, Territorial y Urbano",G001,"Atención de asuntos jurídicos en materia agraria, territorial, urbana y vivienda",0.0,0.0,0.0,0.0,0.0,0.0,0.0,0.0,0.0,0.0,0.0,,0.0,
2024,Poder Ejecutivo,Ramos Administrativos,"Desarrollo Agrario, Territorial y Urbano",G001,Aprobado,10394455.0,0.0,0.0,0.0,10394455.0,0.0,0.0,0.0,0.0,0.0,10394455.0,100.0,0.0,0.0
2024,Poder Ejecutivo,Ramos Administrativos,"Desarrollo Agrario, Territorial y Urbano",G001,Modificado,11082457.84,0.0,0.0,0.0,11082457.84,0.0,0.0,0.0,0.0,0.0,11082457.84,100.0,0.0,0.0
2024,Poder Ejecutivo,Ramos Administrativos,"Desarrollo Agrario, Territorial y Urbano",G001,Devengado,11082457.84,0.0,0.0,0.0,11082457.84,0.0,0.0,0.0,0.0,0.0,11082457.84,100.0,0.0,0.0
2024,Poder Ejecutivo,Ramos Administrativos,"Desarrollo Agrario, Territorial y Urbano",G001,Ejercido,11082457.84,0.0,0.0,0.0,11082457.84,0.0,0.0,0.0,0.0,0.0,11082457.84,100.0,0.0,0.0
2024,Poder Ejecutivo,Ramos Administrativos,"Desarrollo Agrario, Territorial y Urbano",G001,Porcentaje Ejer/Aprob,106.61894096419677,0.0,0.0,0.0,106.61894096419677,0.0,0.0,0.0,0.0,0.0,106.61894096419677,,0.0,
2024,Poder Ejecutivo,Ramos Administrativos,"Desarrollo Agrario, Territorial y Urbano",G001,Porcentaje Ejer/Modif,100.0,0.0,0.0,0.0,100.0,0.0,0.0,0.0,0.0,0.0,100.0,,0.0,
2024,Poder Ejecutivo,Ramos Administrativos,"Desarrollo Agrario, Territorial y Urbano",L001,Obligaciones jurídicas Ineludibles,0.0,0.0,0.0,0.0,0.0,0.0,0.0,0.0,0.0,0.0,0.0,,0.0,
2024,Poder Ejecutivo,Ramos Administrativos,"Desarrollo Agrario, Territorial y Urbano",L001,Aprobado,0.0,0.0,0.0,112945769.0,112945769.0,0.0,0.0,0.0,0.0,0.0,112945769.0,100.0,0.0,0.0
2024,Poder Ejecutivo,Ramos Administrativos,"Desarrollo Agrario, Territorial y Urbano",L001,Modificado,0.0,0.0,0.0,106379390.99,106379390.99,0.0,0.0,0.0,0.0,0.0,106379390.99,100.0,0.0,0.0
2024,Poder Ejecutivo,Ramos Administrativos,"Desarrollo Agrario, Territorial y Urbano",L001,Devengado,0.0,0.0,0.0,106379390.99,106379390.99,0.0,0.0,0.0,0.0,0.0,106379390.99,100.0,0.0,0.0
2024,Poder Ejecutivo,Ramos Administrativos,"Desarrollo Agrario, Territorial y Urbano",L001,Ejercido,0.0,0.0,0.0,106379390.99,106379390.99,0.0,0.0,0.0,0.0,0.0,106379390.99,100.0,0.0,0.0
2024,Poder Ejecutivo,Ramos Administrativos,"Desarrollo Agrario, Territorial y Urbano",L001,Porcentaje Ejer/Aprob,0.0,0.0,0.0,94.18625587471098,94.18625587471098,0.0,0.0,0.0,0.0,0.0,94.18625587471098,,0.0,
2024,Poder Ejecutivo,Ramos Administrativos,"Desarrollo Agrario, Territorial y Urbano",L001,Porcentaje Ejer/Modif,0.0,0.0,0.0,100.0,100.0,0.0,0.0,0.0,0.0,0.0,100.0,,0.0,
2024,Poder Ejecutivo,Ramos Administrativos,"Desarrollo Agrario, Territorial y Urbano",M001,Actividades de apoyo administrativo,0.0,0.0,0.0,0.0,0.0,0.0,0.0,0.0,0.0,0.0,0.0,,0.0,
2024,Poder Ejecutivo,Ramos Administrativos,"Desarrollo Agrario, Territorial y Urbano",M001,Aprobado,560645109.0,228284706.0,0.0,0.0,788929815.0,0.0,0.0,0.0,0.0,0.0,788929815.0,100.0,0.0,0.0
2024,Poder Ejecutivo,Ramos Administrativos,"Desarrollo Agrario, Territorial y Urbano",M001,Modificado,550584098.74,242904164.01,0.0,228956350.45,1022444613.2,0.0,0.0,0.0,0.0,0.0,1022444613.2,100.0,0.0,0.0
2024,Poder Ejecutivo,Ramos Administrativos,"Desarrollo Agrario, Territorial y Urbano",M001,Devengado,550584098.74,242904164.01,0.0,228956350.45,1022444613.2,0.0,0.0,0.0,0.0,0.0,1022444613.2,100.0,0.0,0.0
2024,Poder Ejecutivo,Ramos Administrativos,"Desarrollo Agrario, Territorial y Urbano",M001,Ejercido,550584098.74,242904164.01,0.0,228956350.45,1022444613.2,0.0,0.0,0.0,0.0,0.0,1022444613.2,100.0,0.0,0.0
2024,Poder Ejecutivo,Ramos Administrativos,"Desarrollo Agrario, Territorial y Urbano",M001,Porcentaje Ejer/Aprob,98.20545830178642,106.40404618695743,0.0,0.0,129.59893183907622,0.0,0.0,0.0,0.0,0.0,129.59893183907622,,0.0,
2024,Poder Ejecutivo,Ramos Administrativos,"Desarrollo Agrario, Territorial y Urbano",M001,Porcentaje Ejer/Modif,100.0,100.0,0.0,100.0,100.0,0.0,0.0,0.0,0.0,0.0,100.0,,0.0,
2024,Poder Ejecutivo,Ramos Administrativos,"Desarrollo Agrario, Territorial y Urbano",O001,Actividades de apoyo a la función pública y buen gobierno,0.0,0.0,0.0,0.0,0.0,0.0,0.0,0.0,0.0,0.0,0.0,,0.0,
2024,Poder Ejecutivo,Ramos Administrativos,"Desarrollo Agrario, Territorial y Urbano",O001,Aprobado,28358339.0,838415.0,0.0,0.0,29196754.0,0.0,0.0,0.0,0.0,0.0,29196754.0,100.0,0.0,0.0
2024,Poder Ejecutivo,Ramos Administrativos,"Desarrollo Agrario, Territorial y Urbano",O001,Modificado,17352346.51,352940.0,0.0,0.0,17705286.51,0.0,0.0,0.0,0.0,0.0,17705286.51,100.0,0.0,0.0
2024,Poder Ejecutivo,Ramos Administrativos,"Desarrollo Agrario, Territorial y Urbano",O001,Devengado,17352346.51,352940.0,0.0,0.0,17705286.51,0.0,0.0,0.0,0.0,0.0,17705286.51,100.0,0.0,0.0
2024,Poder Ejecutivo,Ramos Administrativos,"Desarrollo Agrario, Territorial y Urbano",O001,Ejercido,17352346.51,352940.0,0.0,0.0,17705286.51,0.0,0.0,0.0,0.0,0.0,17705286.51,100.0,0.0,0.0
2024,Poder Ejecutivo,Ramos Administrativos,"Desarrollo Agrario, Territorial y Urbano",O001,Porcentaje Ejer/Aprob,61.18957288013237,42.09609799442997,0.0,0.0,60.64128399341927,0.0,0.0,0.0,0.0,0.0,60.64128399341927,,0.0,
2024,Poder Ejecutivo,Ramos Administrativos,"Desarrollo Agrario, Territorial y Urbano",O001,Porcentaje Ejer/Modif,100.0,100.0,0.0,0.0,100.0,0.0,0.0,0.0,0.0,0.0,100.0,,0.0,
2024,Poder Ejecutivo,Ramos Administrativos,"Desarrollo Agrario, Territorial y Urbano",P003,Modernización del Catastro Rural Nacional,0.0,0.0,0.0,0.0,0.0,0.0,0.0,0.0,0.0,0.0,0.0,,0.0,
2024,Poder Ejecutivo,Ramos Administrativos,"Desarrollo Agrario, Territorial y Urbano",P003,Aprobado,0.0,136707558.0,0.0,0.0,136707558.0,0.0,0.0,0.0,0.0,0.0,136707558.0,100.0,0.0,0.0
2024,Poder Ejecutivo,Ramos Administrativos,"Desarrollo Agrario, Territorial y Urbano",P003,Modificado,0.0,158136468.8,0.0,0.0,158136468.8,0.0,0.0,0.0,0.0,0.0,158136468.8,100.0,0.0,0.0
2024,Poder Ejecutivo,Ramos Administrativos,"Desarrollo Agrario, Territorial y Urbano",P003,Devengado,0.0,158136468.8,0.0,0.0,158136468.8,0.0,0.0,0.0,0.0,0.0,158136468.8,100.0,0.0,0.0
2024,Poder Ejecutivo,Ramos Administrativos,"Desarrollo Agrario, Territorial y Urbano",P003,Ejercido,0.0,158136468.8,0.0,0.0,158136468.8,0.0,0.0,0.0,0.0,0.0,158136468.8,100.0,0.0,0.0
2024,Poder Ejecutivo,Ramos Administrativos,"Desarrollo Agrario, Territorial y Urbano",P003,Porcentaje Ejer/Aprob,0.0,115.67500079256774,0.0,0.0,115.67500079256774,0.0,0.0,0.0,0.0,0.0,115.67500079256774,,0.0,
2024,Poder Ejecutivo,Ramos Administrativos,"Desarrollo Agrario, Territorial y Urbano",P003,Porcentaje Ejer/Modif,0.0,100.0,0.0,0.0,100.0,0.0,0.0,0.0,0.0,0.0,100.0,,0.0,
2024,Poder Ejecutivo,Ramos Administrativos,"Desarrollo Agrario, Territorial y Urbano",P004,Conducción e instrumentación de la política nacional de vivienda,0.0,0.0,0.0,0.0,0.0,0.0,0.0,0.0,0.0,0.0,0.0,,0.0,
2024,Poder Ejecutivo,Ramos Administrativos,"Desarrollo Agrario, Territorial y Urbano",P004,Aprobado,25385005.0,54370279.0,0.0,568820.0,80324104.0,0.0,0.0,0.0,0.0,0.0,80324104.0,100.0,0.0,0.0
2024,Poder Ejecutivo,Ramos Administrativos,"Desarrollo Agrario, Territorial y Urbano",P004,Modificado,26672933.03,27438536.0,0.0,525000.0,54636469.03,0.0,0.0,0.0,0.0,0.0,54636469.03,100.0,0.0,0.0
2024,Poder Ejecutivo,Ramos Administrativos,"Desarrollo Agrario, Territorial y Urbano",P004,Devengado,26672933.03,27438536.0,0.0,525000.0,54636469.03,0.0,0.0,0.0,0.0,0.0,54636469.03,100.0,0.0,0.0
2024,Poder Ejecutivo,Ramos Administrativos,"Desarrollo Agrario, Territorial y Urbano",P004,Ejercido,26672933.03,27438536.0,0.0,525000.0,54636469.03,0.0,0.0,0.0,0.0,0.0,54636469.03,100.0,0.0,0.0
2024,Poder Ejecutivo,Ramos Administrativos,"Desarrollo Agrario, Territorial y Urbano",P004,Porcentaje Ejer/Aprob,105.07357800402247,50.466057016187094,0.0,92.29633275904504,68.02001679346463,0.0,0.0,0.0,0.0,0.0,68.02001679346463,,0.0,
2024,Poder Ejecutivo,Ramos Administrativos,"Desarrollo Agrario, Territorial y Urbano",P004,Porcentaje Ejer/Modif,100.0,100.0,0.0,100.0,100.0,0.0,0.0,0.0,0.0,0.0,100.0,,0.0,
2024,Poder Ejecutivo,Ramos Administrativos,"Desarrollo Agrario, Territorial y Urbano",P005,Política de Desarrollo Urbano y Ordenamiento del Territorio,0.0,0.0,0.0,0.0,0.0,0.0,0.0,0.0,0.0,0.0,0.0,,0.0,
2024,Poder Ejecutivo,Ramos Administrativos,"Desarrollo Agrario, Territorial y Urbano",P005,Aprobado,739155226.0,172986105.0,0.0,0.0,912141331.0,0.0,0.0,0.0,0.0,0.0,912141331.0,100.0,0.0,0.0
2024,Poder Ejecutivo,Ramos Administrativos,"Desarrollo Agrario, Territorial y Urbano",P005,Modificado,737046466.7,364246052.04,0.0,26486027.93,1127778546.67,0.0,0.0,0.0,0.0,0.0,1127778546.67,100.0,0.0,0.0
2024,Poder Ejecutivo,Ramos Administrativos,"Desarrollo Agrario, Territorial y Urbano",P005,Devengado,737046466.7,364246052.04,0.0,26486027.93,1127778546.67,0.0,0.0,0.0,0.0,0.0,1127778546.67,100.0,0.0,0.0
2024,Poder Ejecutivo,Ramos Administrativos,"Desarrollo Agrario, Territorial y Urbano",P005,Ejercido,737046466.7,364246052.04,0.0,26486027.93,1127778546.67,0.0,0.0,0.0,0.0,0.0,1127778546.67,100.0,0.0,0.0
2024,Poder Ejecutivo,Ramos Administrativos,"Desarrollo Agrario, Territorial y Urbano",P005,Porcentaje Ejer/Aprob,99.71470684021114,210.56376293344488,0.0,0.0,123.64076797546191,0.0,0.0,0.0,0.0,0.0,123.64076797546191,,0.0,
2024,Poder Ejecutivo,Ramos Administrativos,"Desarrollo Agrario, Territorial y Urbano",P005,Porcentaje Ejer/Modif,100.0,100.0,0.0,100.0,100.0,0.0,0.0,0.0,0.0,0.0,100.0,,0.0,
2024,Poder Ejecutivo,Ramos Administrativos,"Desarrollo Agrario, Territorial y Urbano",S177,Programa de Vivienda Social,0.0,0.0,0.0,0.0,0.0,0.0,0.0,0.0,0.0,0.0,0.0,,0.0,
2024,Poder Ejecutivo,Ramos Administrativos,"Desarrollo Agrario, Territorial y Urbano",S177,Aprobado,9244700.0,0.0,4575867810.0,0.0,4585112510.0,0.0,0.0,155052697.0,0.0,155052697.0,4740165207.0,96.72896006301579,0.0,3.271039936984205
2024,Poder Ejecutivo,Ramos Administrativos,"Desarrollo Agrario, Territorial y Urbano",S177,Modificado,94921287.54,131816893.22,4755249002.28,0.0,4981987183.04,0.0,0.0,0.0,0.0,0.0,4981987183.04,100.0,0.0,0.0
2024,Poder Ejecutivo,Ramos Administrativos,"Desarrollo Agrario, Territorial y Urbano",S177,Devengado,94921287.54,131816893.22,4755249002.28,0.0,4981987183.04,0.0,0.0,0.0,0.0,0.0,4981987183.04,100.0,0.0,0.0
2024,Poder Ejecutivo,Ramos Administrativos,"Desarrollo Agrario, Territorial y Urbano",S177,Ejercido,94921287.54,131816893.22,4755249002.28,0.0,4981987183.04,0.0,0.0,0.0,0.0,0.0,4981987183.04,100.0,0.0,0.0
2024,Poder Ejecutivo,Ramos Administrativos,"Desarrollo Agrario, Territorial y Urbano",S177,Porcentaje Ejer/Aprob,0.0,0.0,103.92015678180178,0.0,108.65572376194537,0.0,0.0,0.0,0.0,0.0,105.10155164387291,,0.0,
2024,Poder Ejecutivo,Ramos Administrativos,"Desarrollo Agrario, Territorial y Urbano",S177,Porcentaje Ejer/Modif,100.0,100.0,100.0,0.0,100.0,0.0,0.0,0.0,0.0,0.0,100.0,,0.0,
2024,Poder Ejecutivo,Ramos Administrativos,"Desarrollo Agrario, Territorial y Urbano",S213,Programa para Regularizar Asentamientos Humanos,0.0,0.0,0.0,0.0,0.0,0.0,0.0,0.0,0.0,0.0,0.0,,0.0,
2024,Poder Ejecutivo,Ramos Administrativos,"Desarrollo Agrario, Territorial y Urbano",S213,Aprobado,4948321.0,0.0,76996955.0,0.0,81945276.0,0.0,0.0,0.0,0.0,0.0,81945276.0,100.0,0.0,0.0
2024,Poder Ejecutivo,Ramos Administrativos,"Desarrollo Agrario, Territorial y Urbano",S213,Modificado,4948321.0,167040.0,76304462.0,0.0,81419823.0,0.0,0.0,0.0,0.0,0.0,81419823.0,100.0,0.0,0.0
2024,Poder Ejecutivo,Ramos Administrativos,"Desarrollo Agrario, Territorial y Urbano",S213,Devengado,4948321.0,167040.0,76304462.0,0.0,81419823.0,0.0,0.0,0.0,0.0,0.0,81419823.0,100.0,0.0,0.0
2024,Poder Ejecutivo,Ramos Administrativos,"Desarrollo Agrario, Territorial y Urbano",S213,Ejercido,4948321.0,167040.0,76304462.0,0.0,81419823.0,0.0,0.0,0.0,0.0,0.0,81419823.0,100.0,0.0,0.0
2024,Poder Ejecutivo,Ramos Administrativos,"Desarrollo Agrario, Territorial y Urbano",S213,Porcentaje Ejer/Aprob,100.0,0.0,99.10062287528125,0.0,99.3587757273525,0.0,0.0,0.0,0.0,0.0,99.3587757273525,,0.0,
2024,Poder Ejecutivo,Ramos Administrativos,"Desarrollo Agrario, Territorial y Urbano",S213,Porcentaje Ejer/Modif,100.0,100.0,100.0,0.0,100.0,0.0,0.0,0.0,0.0,0.0,100.0,,0.0,
2024,Poder Ejecutivo,Ramos Administrativos,"Desarrollo Agrario, Territorial y Urbano",S273,Programa de Mejoramiento Urbano (PMU),0.0,0.0,0.0,0.0,0.0,0.0,0.0,0.0,0.0,0.0,0.0,,0.0,
2024,Poder Ejecutivo,Ramos Administrativos,"Desarrollo Agrario, Territorial y Urbano",S273,Aprobado,0.0,0.0,4445999999.0,0.0,4445999999.0,0.0,0.0,0.0,0.0,0.0,4445999999.0,100.0,0.0,0.0
2024,Poder Ejecutivo,Ramos Administrativos,"Desarrollo Agrario, Territorial y Urbano",S273,Modificado,71680718.0,228728972.7,5632981562.29,0.0,5933391252.99,0.0,0.0,0.0,0.0,0.0,5933391252.99,100.0,0.0,0.0
2024,Poder Ejecutivo,Ramos Administrativos,"Desarrollo Agrario, Territorial y Urbano",S273,Devengado,71680718.0,228728972.7,5632981562.29,0.0,5933391252.99,0.0,0.0,0.0,0.0,0.0,5933391252.99,100.0,0.0,0.0
2024,Poder Ejecutivo,Ramos Administrativos,"Desarrollo Agrario, Territorial y Urbano",S273,Ejercido,71680718.0,228728972.7,5632981562.29,0.0,5933391252.99,0.0,0.0,0.0,0.0,0.0,5933391252.99,100.0,0.0,0.0
2024,Poder Ejecutivo,Ramos Administrativos,"Desarrollo Agrario, Territorial y Urbano",S273,Porcentaje Ejer/Aprob,0.0,0.0,126.69774097069224,0.0,133.45459411436224,0.0,0.0,0.0,0.0,0.0,133.45459411436224,,0.0,
2024,Poder Ejecutivo,Ramos Administrativos,"Desarrollo Agrario, Territorial y Urbano",S273,Porcentaje Ejer/Modif,100.0,100.0,100.0,0.0,100.0,0.0,0.0,0.0,0.0,0.0,100.0,,0.0,
2024,Poder Ejecutivo,Ramos Administrativos,"Desarrollo Agrario, Territorial y Urbano",S281,Programa Nacional de Reconstrucción,0.0,0.0,0.0,0.0,0.0,0.0,0.0,0.0,0.0,0.0,0.0,,0.0,
2024,Poder Ejecutivo,Ramos Administrativos,"Desarrollo Agrario, Territorial y Urbano",S281,Aprobado,0.0,0.0,18503702.0,0.0,18503702.0,0.0,0.0,0.0,0.0,0.0,18503702.0,100.0,0.0,0.0
2024,Poder Ejecutivo,Ramos Administrativos,"Desarrollo Agrario, Territorial y Urbano",S281,Modificado,0.0,0.0,0.0,0.0,0.0,0.0,0.0,0.0,0.0,0.0,0.0,0.0,0.0,0.0
2024,Poder Ejecutivo,Ramos Administrativos,"Desarrollo Agrario, Territorial y Urbano",S281,Devengado,0.0,0.0,0.0,0.0,0.0,0.0,0.0,0.0,0.0,0.0,0.0,0.0,0.0,0.0
2024,Poder Ejecutivo,Ramos Administrativos,"Desarrollo Agrario, Territorial y Urbano",S281,Ejercido,0.0,0.0,0.0,0.0,0.0,0.0,0.0,0.0,0.0,0.0,0.0,0.0,0.0,0.0
2024,Poder Ejecutivo,Ramos Administrativos,"Desarrollo Agrario, Territorial y Urbano",S281,Porcentaje Ejer/Aprob,0.0,0.0,0.0,0.0,0.0,0.0,0.0,0.0,0.0,0.0,0.0,,0.0,
2024,Poder Ejecutivo,Ramos Administrativos,"Desarrollo Agrario, Territorial y Urbano",S281,Porcentaje Ejer/Modif,0.0,0.0,0.0,0.0,0.0,0.0,0.0,0.0,0.0,0.0,0.0,,0.0,
2024,Poder Ejecutivo,Ramos Administrativos,"Desarrollo Agrario, Territorial y Urbano",U001,Regularización y Registro de Actos Jurídicos Agrarios,0.0,0.0,0.0,0.0,0.0,0.0,0.0,0.0,0.0,0.0,0.0,,0.0,
2024,Poder Ejecutivo,Ramos Administrativos,"Desarrollo Agrario, Territorial y Urbano",U001,Aprobado,94173468.0,3319638.0,143860178.0,0.0,241353284.0,0.0,0.0,0.0,0.0,0.0,241353284.0,100.0,0.0,0.0
2024,Poder Ejecutivo,Ramos Administrativos,"Desarrollo Agrario, Territorial y Urbano",U001,Modificado,93275349.26,8728683.92,169443684.12,0.0,271447717.3,0.0,0.0,0.0,0.0,0.0,271447717.3,100.0,0.0,0.0
2024,Poder Ejecutivo,Ramos Administrativos,"Desarrollo Agrario, Territorial y Urbano",U001,Devengado,93275349.26,8728683.92,169443684.12,0.0,271447717.3,0.0,0.0,0.0,0.0,0.0,271447717.3,100.0,0.0,0.0
2024,Poder Ejecutivo,Ramos Administrativos,"Desarrollo Agrario, Territorial y Urbano",U001,Ejercido,93275349.26,8728683.92,169443684.12,0.0,271447717.3,0.0,0.0,0.0,0.0,0.0,271447717.3,100.0,0.0,0.0
2024,Poder Ejecutivo,Ramos Administrativos,"Desarrollo Agrario, Territorial y Urbano",U001,Porcentaje Ejer/Aprob,99.04631446725526,262.9408363201048,117.78359131461661,0.0,112.4690382501694,0.0,0.0,0.0,0.0,0.0,112.4690382501694,,0.0,
2024,Poder Ejecutivo,Ramos Administrativos,"Desarrollo Agrario, Territorial y Urbano",U001,Porcentaje Ejer/Modif,100.0,100.0,100.0,0.0,100.0,0.0,0.0,0.0,0.0,0.0,100.0,,0.0,
2024,Poder Ejecutivo,Ramos Administrativos,"Desarrollo Agrario, Territorial y Urbano",U003,Programa de modernización de los registros públicos de la propiedad y catastros,0.0,0.0,0.0,0.0,0.0,0.0,0.0,0.0,0.0,0.0,0.0,,0.0,
2024,Poder Ejecutivo,Ramos Administrativos,"Desarrollo Agrario, Territorial y Urbano",U003,Aprobado,0.0,0.0,88366294.0,0.0,88366294.0,0.0,0.0,0.0,0.0,0.0,88366294.0,100.0,0.0,0.0
2024,Poder Ejecutivo,Ramos Administrativos,"Desarrollo Agrario, Territorial y Urbano",U003,Modificado,0.0,2441777.04,84235878.99,0.0,86677656.03,0.0,0.0,0.0,0.0,0.0,86677656.03,100.0,0.0,0.0
2024,Poder Ejecutivo,Ramos Administrativos,"Desarrollo Agrario, Territorial y Urbano",U003,Devengado,0.0,2441777.04,84235878.99,0.0,86677656.03,0.0,0.0,0.0,0.0,0.0,86677656.03,100.0,0.0,0.0
2024,Poder Ejecutivo,Ramos Administrativos,"Desarrollo Agrario, Territorial y Urbano",U003,Ejercido,0.0,2441777.04,84235878.99,0.0,86677656.03,0.0,0.0,0.0,0.0,0.0,86677656.03,100.0,0.0,0.0
2024,Poder Ejecutivo,Ramos Administrativos,"Desarrollo Agrario, Territorial y Urbano",U003,Porcentaje Ejer/Aprob,0.0,0.0,95.32580260749647,0.0,98.08904742570736,0.0,0.0,0.0,0.0,0.0,98.08904742570736,,0.0,
2024,Poder Ejecutivo,Ramos Administrativos,"Desarrollo Agrario, Territorial y Urbano",U003,Porcentaje Ejer/Modif,0.0,100.0,100.0,0.0,100.0,0.0,0.0,0.0,0.0,0.0,100.0,,0.0,
2024,Poder Ejecutivo,Ramos Administrativos,Medio Ambiente y Recursos Naturales,TOTAL,Aprobado,9455158877.0,9747080162.0,342126904.0,328013117.0,19872379060.0,0.0,45039711253.0,5333392156.0,0.0,50373103409.0,70245482469.0,28.289903295588964,0.0,71.71009670441103
2024,Poder Ejecutivo,Ramos Administrativos,Medio Ambiente y Recursos Naturales,TOTAL,Modificado,10456455219.42,10421308485.32,352225881.79,1514566827.04,22744556413.57,0.0,33455216081.45,15880369804.04,0.0,49335585885.49,72080142299.06,31.554538723304677,0.0,68.44546127669533
2024,Poder Ejecutivo,Ramos Administrativos,Medio Ambiente y Recursos Naturales,TOTAL,Devengado,10456455219.42,10421308485.32,352225881.79,1514566827.04,22744556413.57,0.0,33455216081.45,15880369804.04,0.0,49335585885.49,72080142299.06,31.554538723304677,0.0,68.44546127669533
2024,Poder Ejecutivo,Ramos Administrativos,Medio Ambiente y Recursos Naturales,TOTAL,Ejercido,10456455219.42,10421308485.32,352225881.79,1514566827.04,22744556413.57,0.0,33455216081.45,15880369804.04,0.0,49335585885.49,72080142299.06,31.554538723304677,0.0,68.44546127669533
2024,Poder Ejecutivo,Ramos Administrativos,Medio Ambiente y Recursos Naturales,TOTAL,Porcentaje Ejer/Aprob,110.58994730226786,106.91723379836917,102.95182216654905,461.7397136102944,114.45311275966571,0.0,74.2793751352516,297.75364982630765,0.0,97.9403343187217,102.61178337107964,,0.0,
2024,Poder Ejecutivo,Ramos Administrativos,Medio Ambiente y Recursos Naturales,TOTAL,Porcentaje Ejer/Modif,100.0,100.0,100.0,100.0,100.0,0.0,100.0,100.0,0.0,100.0,100.0,,0.0,
2024,Poder Ejecutivo,Ramos Administrativos,Medio Ambiente y Recursos Naturales,E001,Operación y mantenimiento de infraestructura hídrica,0.0,0.0,0.0,0.0,0.0,0.0,0.0,0.0,0.0,0.0,0.0,,0.0,
2024,Poder Ejecutivo,Ramos Administrativos,Medio Ambiente y Recursos Naturales,E001,Aprobado,0.0,4631602945.0,0.0,0.0,4631602945.0,0.0,0.0,0.0,0.0,0.0,4631602945.0,100.0,0.0,0.0
2024,Poder Ejecutivo,Ramos Administrativos,Medio Ambiente y Recursos Naturales,E001,Modificado,0.0,3366613490.36,0.0,2323982.83,3368937473.19,0.0,0.0,0.0,0.0,0.0,3368937473.19,100.0,0.0,0.0
2024,Poder Ejecutivo,Ramos Administrativos,Medio Ambiente y Recursos Naturales,E001,Devengado,0.0,3366613490.36,0.0,2323982.83,3368937473.19,0.0,0.0,0.0,0.0,0.0,3368937473.19,100.0,0.0,0.0
2024,Poder Ejecutivo,Ramos Administrativos,Medio Ambiente y Recursos Naturales,E001,Ejercido,0.0,3366613490.36,0.0,2323982.83,3368937473.19,0.0,0.0,0.0,0.0,0.0,3368937473.19,100.0,0.0,0.0
2024,Poder Ejecutivo,Ramos Administrativos,Medio Ambiente y Recursos Naturales,E001,Porcentaje Ejer/Aprob,0.0,72.68786919643865,0.0,0.0,72.73804583846943,0.0,0.0,0.0,0.0,0.0,72.73804583846943,,0.0,
2024,Poder Ejecutivo,Ramos Administrativos,Medio Ambiente y Recursos Naturales,E001,Porcentaje Ejer/Modif,0.0,100.0,0.0,100.0,100.0,0.0,0.0,0.0,0.0,0.0,100.0,,0.0,
2024,Poder Ejecutivo,Ramos Administrativos,Medio Ambiente y Recursos Naturales,E005,Capacitación Ambiental y Desarrollo Sustentable,0.0,0.0,0.0,0.0,0.0,0.0,0.0,0.0,0.0,0.0,0.0,,0.0,
2024,Poder Ejecutivo,Ramos Administrativos,Medio Ambiente y Recursos Naturales,E005,Aprobado,11532036.0,3945783.0,0.0,415454.0,15893273.0,0.0,0.0,15396637.0,0.0,15396637.0,31289910.0,50.793604072367096,0.0,49.206395927632904
2024,Poder Ejecutivo,Ramos Administrativos,Medio Ambiente y Recursos Naturales,E005,Modificado,12845728.85,6763930.86,0.0,60746.99,19670406.7,0.0,0.0,14391208.96,0.0,14391208.96,34061615.66,57.749482280430385,0.0,42.25051771956962
2024,Poder Ejecutivo,Ramos Administrativos,Medio Ambiente y Recursos Naturales,E005,Devengado,12845728.85,6763930.86,0.0,60746.99,19670406.7,0.0,0.0,14391208.96,0.0,14391208.96,34061615.66,57.749482280430385,0.0,42.25051771956962
2024,Poder Ejecutivo,Ramos Administrativos,Medio Ambiente y Recursos Naturales,E005,Ejercido,12845728.85,6763930.86,0.0,60746.99,19670406.7,0.0,0.0,14391208.96,0.0,14391208.96,34061615.66,57.749482280430385,0.0,42.25051771956962
2024,Poder Ejecutivo,Ramos Administrativos,Medio Ambiente y Recursos Naturales,E005,Porcentaje Ejer/Aprob,111.39168183311254,171.4217649576776,0.0,14.621832982712887,123.76561265889032,0.0,0.0,93.46982045494741,0.0,93.46982045494741,108.85814519760521,,0.0,
2024,Poder Ejecutivo,Ramos Administrativos,Medio Ambiente y Recursos Naturales,E005,Porcentaje Ejer/Modif,100.0,100.0,0.0,100.0,100.0,0.0,0.0,100.0,0.0,100.0,100.0,,0.0,
2024,Poder Ejecutivo,Ramos Administrativos,Medio Ambiente y Recursos Naturales,E006,Sistemas Meteorológicos e Hidrológicos,0.0,0.0,0.0,0.0,0.0,0.0,0.0,0.0,0.0,0.0,0.0,,0.0,
2024,Poder Ejecutivo,Ramos Administrativos,Medio Ambiente y Recursos Naturales,E006,Aprobado,0.0,117082860.0,0.0,21042773.0,138125633.0,0.0,0.0,0.0,0.0,0.0,138125633.0,100.0,0.0,0.0
2024,Poder Ejecutivo,Ramos Administrativos,Medio Ambiente y Recursos Naturales,E006,Modificado,0.0,79370444.69,0.0,18098400.0,97468844.69,0.0,0.0,0.0,0.0,0.0,97468844.69,100.0,0.0,0.0
2024,Poder Ejecutivo,Ramos Administrativos,Medio Ambiente y Recursos Naturales,E006,Devengado,0.0,79370444.69,0.0,18098400.0,97468844.69,0.0,0.0,0.0,0.0,0.0,97468844.69,100.0,0.0,0.0
2024,Poder Ejecutivo,Ramos Administrativos,Medio Ambiente y Recursos Naturales,E006,Ejercido,0.0,79370444.69,0.0,18098400.0,97468844.69,0.0,0.0,0.0,0.0,0.0,97468844.69,100.0,0.0,0.0
2024,Poder Ejecutivo,Ramos Administrativos,Medio Ambiente y Recursos Naturales,E006,Porcentaje Ejer/Aprob,0.0,67.78997770467855,0.0,86.00767588948472,70.5653560262779,0.0,0.0,0.0,0.0,0.0,70.5653560262779,,0.0,
2024,Poder Ejecutivo,Ramos Administrativos,Medio Ambiente y Recursos Naturales,E006,Porcentaje Ejer/Modif,0.0,100.0,0.0,100.0,100.0,0.0,0.0,0.0,0.0,0.0,100.0,,0.0,
2024,Poder Ejecutivo,Ramos Administrativos,Medio Ambiente y Recursos Naturales,E009,Investigación científica y tecnológica,0.0,0.0,0.0,0.0,0.0,0.0,0.0,0.0,0.0,0.0,0.0,,0.0,
2024,Poder Ejecutivo,Ramos Administrativos,Medio Ambiente y Recursos Naturales,E009,Aprobado,201345296.0,15298573.0,0.0,0.0,216643869.0,0.0,0.0,0.0,0.0,0.0,216643869.0,100.0,0.0,0.0
2024,Poder Ejecutivo,Ramos Administrativos,Medio Ambiente y Recursos Naturales,E009,Modificado,191544748.41,16375036.25,0.0,0.0,207919784.66,0.0,0.0,0.0,0.0,0.0,207919784.66,100.0,0.0,0.0
2024,Poder Ejecutivo,Ramos Administrativos,Medio Ambiente y Recursos Naturales,E009,Devengado,191544748.41,16375036.25,0.0,0.0,207919784.66,0.0,0.0,0.0,0.0,0.0,207919784.66,100.0,0.0,0.0
2024,Poder Ejecutivo,Ramos Administrativos,Medio Ambiente y Recursos Naturales,E009,Ejercido,191544748.41,16375036.25,0.0,0.0,207919784.66,0.0,0.0,0.0,0.0,0.0,207919784.66,100.0,0.0,0.0
2024,Poder Ejecutivo,Ramos Administrativos,Medio Ambiente y Recursos Naturales,E009,Porcentaje Ejer/Aprob,95.13246756457623,107.0363637837333,0.0,0.0,95.97307582242264,0.0,0.0,0.0,0.0,0.0,95.97307582242264,,0.0,
2024,Poder Ejecutivo,Ramos Administrativos,Medio Ambiente y Recursos Naturales,E009,Porcentaje Ejer/Modif,100.0,100.0,0.0,0.0,100.0,0.0,0.0,0.0,0.0,0.0,100.0,,0.0,
2024,Poder Ejecutivo,Ramos Administrativos,Medio Ambiente y Recursos Naturales,E014,Protección Forestal,0.0,0.0,0.0,0.0,0.0,0.0,0.0,0.0,0.0,0.0,0.0,,0.0,
2024,Poder Ejecutivo,Ramos Administrativos,Medio Ambiente y Recursos Naturales,E014,Aprobado,962866315.0,427513664.0,0.0,98108438.0,1488488417.0,0.0,0.0,0.0,0.0,0.0,1488488417.0,100.0,0.0,0.0
2024,Poder Ejecutivo,Ramos Administrativos,Medio Ambiente y Recursos Naturales,E014,Modificado,1106696779.16,324761820.78,0.0,127856601.07,1559315201.01,0.0,0.0,0.0,0.0,0.0,1559315201.01,100.0,0.0,0.0
2024,Poder Ejecutivo,Ramos Administrativos,Medio Ambiente y Recursos Naturales,E014,Devengado,1106696779.16,324761820.78,0.0,127856601.07,1559315201.01,0.0,0.0,0.0,0.0,0.0,1559315201.01,100.0,0.0,0.0
2024,Poder Ejecutivo,Ramos Administrativos,Medio Ambiente y Recursos Naturales,E014,Ejercido,1106696779.16,324761820.78,0.0,127856601.07,1559315201.01,0.0,0.0,0.0,0.0,0.0,1559315201.01,100.0,0.0,0.0
2024,Poder Ejecutivo,Ramos Administrativos,Medio Ambiente y Recursos Naturales,E014,Porcentaje Ejer/Aprob,114.93773973804453,75.96524933060384,0.0,130.3217171493445,104.75830266470929,0.0,0.0,0.0,0.0,0.0,104.75830266470929,,0.0,
2024,Poder Ejecutivo,Ramos Administrativos,Medio Ambiente y Recursos Naturales,E014,Porcentaje Ejer/Modif,100.0,100.0,0.0,100.0,100.0,0.0,0.0,0.0,0.0,0.0,100.0,,0.0,
2024,Poder Ejecutivo,Ramos Administrativos,Medio Ambiente y Recursos Naturales,E015,"Investigación en Cambio Climático, Sustentabilidad y Crecimiento Verde",0.0,0.0,0.0,0.0,0.0,0.0,0.0,0.0,0.0,0.0,0.0,,0.0,
2024,Poder Ejecutivo,Ramos Administrativos,Medio Ambiente y Recursos Naturales,E015,Aprobado,122394708.0,57187435.0,0.0,180172.0,179762315.0,0.0,0.0,0.0,0.0,0.0,179762315.0,100.0,0.0,0.0
2024,Poder Ejecutivo,Ramos Administrativos,Medio Ambiente y Recursos Naturales,E015,Modificado,122373346.39,37206101.71,0.0,4499591.63,164079039.73,0.0,0.0,0.0,0.0,0.0,164079039.73,100.0,0.0,0.0
2024,Poder Ejecutivo,Ramos Administrativos,Medio Ambiente y Recursos Naturales,E015,Devengado,122373346.39,37206101.71,0.0,4499591.63,164079039.73,0.0,0.0,0.0,0.0,0.0,164079039.73,100.0,0.0,0.0
2024,Poder Ejecutivo,Ramos Administrativos,Medio Ambiente y Recursos Naturales,E015,Ejercido,122373346.39,37206101.71,0.0,4499591.63,164079039.73,0.0,0.0,0.0,0.0,0.0,164079039.73,100.0,0.0,0.0
2024,Poder Ejecutivo,Ramos Administrativos,Medio Ambiente y Recursos Naturales,E015,Porcentaje Ejer/Aprob,99.9825469496606,65.05992393259113,0.0,0.0,91.27554889911158,0.0,0.0,0.0,0.0,0.0,91.27554889911158,,0.0,
2024,Poder Ejecutivo,Ramos Administrativos,Medio Ambiente y Recursos Naturales,E015,Porcentaje Ejer/Modif,100.0,100.0,0.0,100.0,100.0,0.0,0.0,0.0,0.0,0.0,100.0,,0.0,
2024,Poder Ejecutivo,Ramos Administrativos,Medio Ambiente y Recursos Naturales,E016,Conservación y Manejo de Áreas Naturales Protegidas,0.0,0.0,0.0,0.0,0.0,0.0,0.0,0.0,0.0,0.0,0.0,,0.0,
2024,Poder Ejecutivo,Ramos Administrativos,Medio Ambiente y Recursos Naturales,E016,Aprobado,0.0,111483286.0,0.0,2221427.0,113704713.0,0.0,0.0,0.0,0.0,0.0,113704713.0,100.0,0.0,0.0
2024,Poder Ejecutivo,Ramos Administrativos,Medio Ambiente y Recursos Naturales,E016,Modificado,0.0,265008951.24,0.0,176903481.28,441912432.52,0.0,1451904.0,0.0,0.0,1451904.0,443364336.52,99.67252575807154,0.0,0.32747424192845637
2024,Poder Ejecutivo,Ramos Administrativos,Medio Ambiente y Recursos Naturales,E016,Devengado,0.0,265008951.24,0.0,176903481.28,441912432.52,0.0,1451904.0,0.0,0.0,1451904.0,443364336.52,99.67252575807154,0.0,0.32747424192845637
2024,Poder Ejecutivo,Ramos Administrativos,Medio Ambiente y Recursos Naturales,E016,Ejercido,0.0,265008951.24,0.0,176903481.28,441912432.52,0.0,1451904.0,0.0,0.0,1451904.0,443364336.52,99.67252575807154,0.0,0.32747424192845637
2024,Poder Ejecutivo,Ramos Administrativos,Medio Ambiente y Recursos Naturales,E016,Porcentaje Ejer/Aprob,0.0,237.71182277494046,0.0,0.0,388.64917808639996,0.0,0.0,0.0,0.0,0.0,389.9260855792319,,0.0,
2024,Poder Ejecutivo,Ramos Administrativos,Medio Ambiente y Recursos Naturales,E016,Porcentaje Ejer/Modif,0.0,100.0,0.0,100.0,100.0,0.0,100.0,0.0,0.0,100.0,100.0,,0.0,
2024,Poder Ejecutivo,Ramos Administrativos,Medio Ambiente y Recursos Naturales,G003,Regulación Ambiental,0.0,0.0,0.0,0.0,0.0,0.0,0.0,0.0,0.0,0.0,0.0,,0.0,
2024,Poder Ejecutivo,Ramos Administrativos,Medio Ambiente y Recursos Naturales,G003,Aprobado,767037896.0,102786816.0,0.0,93964.0,869918676.0,0.0,0.0,0.0,0.0,0.0,869918676.0,100.0,0.0,0.0
2024,Poder Ejecutivo,Ramos Administrativos,Medio Ambiente y Recursos Naturales,G003,Modificado,759826127.37,138618427.63,13548140.5,568765.38,912561460.88,0.0,0.0,0.0,0.0,0.0,912561460.88,100.0,0.0,0.0
2024,Poder Ejecutivo,Ramos Administrativos,Medio Ambiente y Recursos Naturales,G003,Devengado,759826127.37,138618427.63,13548140.5,568765.38,912561460.88,0.0,0.0,0.0,0.0,0.0,912561460.88,100.0,0.0,0.0
2024,Poder Ejecutivo,Ramos Administrativos,Medio Ambiente y Recursos Naturales,G003,Ejercido,759826127.37,138618427.63,13548140.5,568765.38,912561460.88,0.0,0.0,0.0,0.0,0.0,912561460.88,100.0,0.0,0.0
2024,Poder Ejecutivo,Ramos Administrativos,Medio Ambiente y Recursos Naturales,G003,Porcentaje Ejer/Aprob,99.05978978775255,134.8601241135828,0.0,0.0,104.90192773835791,0.0,0.0,0.0,0.0,0.0,104.90192773835791,,0.0,
2024,Poder Ejecutivo,Ramos Administrativos,Medio Ambiente y Recursos Naturales,G003,Porcentaje Ejer/Modif,100.0,100.0,100.0,100.0,100.0,0.0,0.0,0.0,0.0,0.0,100.0,,0.0,
2024,Poder Ejecutivo,Ramos Administrativos,Medio Ambiente y Recursos Naturales,G005,Inspección y Vigilancia del Medio Ambiente y Recursos Naturales,0.0,0.0,0.0,0.0,0.0,0.0,0.0,0.0,0.0,0.0,0.0,,0.0,
2024,Poder Ejecutivo,Ramos Administrativos,Medio Ambiente y Recursos Naturales,G005,Aprobado,0.0,187667354.0,0.0,0.0,187667354.0,0.0,0.0,0.0,0.0,0.0,187667354.0,100.0,0.0,0.0
2024,Poder Ejecutivo,Ramos Administrativos,Medio Ambiente y Recursos Naturales,G005,Modificado,0.0,285752567.58,0.0,48142358.01,333894925.59,0.0,0.0,0.0,0.0,0.0,333894925.59,100.0,0.0,0.0
2024,Poder Ejecutivo,Ramos Administrativos,Medio Ambiente y Recursos Naturales,G005,Devengado,0.0,285752567.58,0.0,48142358.01,333894925.59,0.0,0.0,0.0,0.0,0.0,333894925.59,100.0,0.0,0.0
2024,Poder Ejecutivo,Ramos Administrativos,Medio Ambiente y Recursos Naturales,G005,Ejercido,0.0,285752567.58,0.0,48142358.01,333894925.59,0.0,0.0,0.0,0.0,0.0,333894925.59,100.0,0.0,0.0
2024,Poder Ejecutivo,Ramos Administrativos,Medio Ambiente y Recursos Naturales,G005,Porcentaje Ejer/Aprob,0.0,152.26546412542268,0.0,0.0,177.91849166797545,0.0,0.0,0.0,0.0,0.0,177.91849166797545,,0.0,
2024,Poder Ejecutivo,Ramos Administrativos,Medio Ambiente y Recursos Naturales,G005,Porcentaje Ejer/Modif,0.0,100.0,0.0,100.0,100.0,0.0,0.0,0.0,0.0,0.0,100.0,,0.0,
2024,Poder Ejecutivo,Ramos Administrativos,Medio Ambiente y Recursos Naturales,G010,Gestión integral y sustentable del agua,0.0,0.0,0.0,0.0,0.0,0.0,0.0,0.0,0.0,0.0,0.0,,0.0,
2024,Poder Ejecutivo,Ramos Administrativos,Medio Ambiente y Recursos Naturales,G010,Aprobado,4511046290.0,3624668847.0,0.0,39483526.0,8175198663.0,0.0,0.0,0.0,0.0,0.0,8175198663.0,100.0,0.0,0.0
2024,Poder Ejecutivo,Ramos Administrativos,Medio Ambiente y Recursos Naturales,G010,Modificado,5113916341.03,5408710929.09,0.0,592146896.72,11114774166.84,0.0,0.0,0.0,0.0,0.0,11114774166.84,100.0,0.0,0.0
2024,Poder Ejecutivo,Ramos Administrativos,Medio Ambiente y Recursos Naturales,G010,Devengado,5113916341.03,5408710929.09,0.0,592146896.72,11114774166.84,0.0,0.0,0.0,0.0,0.0,11114774166.84,100.0,0.0,0.0
2024,Poder Ejecutivo,Ramos Administrativos,Medio Ambiente y Recursos Naturales,G010,Ejercido,5113916341.03,5408710929.09,0.0,592146896.72,11114774166.84,0.0,0.0,0.0,0.0,0.0,11114774166.84,100.0,0.0,0.0
2024,Poder Ejecutivo,Ramos Administrativos,Medio Ambiente y Recursos Naturales,G010,Porcentaje Ejer/Aprob,113.36430646624997,149.21945031107003,0.0,0.0,135.95723633168913,0.0,0.0,0.0,0.0,0.0,135.95723633168913,,0.0,
2024,Poder Ejecutivo,Ramos Administrativos,Medio Ambiente y Recursos Naturales,G010,Porcentaje Ejer/Modif,100.0,100.0,0.0,100.0,100.0,0.0,0.0,0.0,0.0,0.0,100.0,,0.0,
2024,Poder Ejecutivo,Ramos Administrativos,Medio Ambiente y Recursos Naturales,G030,Normativa Ambiental e Instrumentos para el Desarrollo Sustentable,0.0,0.0,0.0,0.0,0.0,0.0,0.0,0.0,0.0,0.0,0.0,,0.0,
2024,Poder Ejecutivo,Ramos Administrativos,Medio Ambiente y Recursos Naturales,G030,Aprobado,213859076.0,70479328.0,0.0,156962.0,284495366.0,0.0,0.0,0.0,0.0,0.0,284495366.0,100.0,0.0,0.0
2024,Poder Ejecutivo,Ramos Administrativos,Medio Ambiente y Recursos Naturales,G030,Modificado,212503915.45,76449499.32,0.0,224400.0,289177814.77,0.0,0.0,3000000.0,0.0,3000000.0,292177814.77,98.97322799735443,0.0,1.0267720026455724
2024,Poder Ejecutivo,Ramos Administrativos,Medio Ambiente y Recursos Naturales,G030,Devengado,212503915.45,76449499.32,0.0,224400.0,289177814.77,0.0,0.0,3000000.0,0.0,3000000.0,292177814.77,98.97322799735443,0.0,1.0267720026455724
2024,Poder Ejecutivo,Ramos Administrativos,Medio Ambiente y Recursos Naturales,G030,Ejercido,212503915.45,76449499.32,0.0,224400.0,289177814.77,0.0,0.0,3000000.0,0.0,3000000.0,292177814.77,98.97322799735443,0.0,1.0267720026455724
2024,Poder Ejecutivo,Ramos Administrativos,Medio Ambiente y Recursos Naturales,G030,Porcentaje Ejer/Aprob,99.36633012012078,108.47081192374593,0.0,142.9645391878289,101.64587874868936,0.0,0.0,0.0,0.0,0.0,102.70037747117469,,0.0,
2024,Poder Ejecutivo,Ramos Administrativos,Medio Ambiente y Recursos Naturales,G030,Porcentaje Ejer/Modif,100.0,100.0,0.0,100.0,100.0,0.0,0.0,100.0,0.0,100.0,100.0,,0.0,
2024,Poder Ejecutivo,Ramos Administrativos,Medio Ambiente y Recursos Naturales,G031,"Regulación, Gestión y Supervisión del Sector Hidrocarburos",0.0,0.0,0.0,0.0,0.0,0.0,0.0,0.0,0.0,0.0,0.0,,0.0,
2024,Poder Ejecutivo,Ramos Administrativos,Medio Ambiente y Recursos Naturales,G031,Aprobado,125371823.0,32182558.0,0.0,0.0,157554381.0,0.0,0.0,0.0,0.0,0.0,157554381.0,100.0,0.0,0.0
2024,Poder Ejecutivo,Ramos Administrativos,Medio Ambiente y Recursos Naturales,G031,Modificado,252664404.73,29549879.15,0.0,210609.6,282424893.48,0.0,0.0,0.0,0.0,0.0,282424893.48,100.0,0.0,0.0
2024,Poder Ejecutivo,Ramos Administrativos,Medio Ambiente y Recursos Naturales,G031,Devengado,252664404.73,29549879.15,0.0,210609.6,282424893.48,0.0,0.0,0.0,0.0,0.0,282424893.48,100.0,0.0,0.0
2024,Poder Ejecutivo,Ramos Administrativos,Medio Ambiente y Recursos Naturales,G031,Ejercido,252664404.73,29549879.15,0.0,210609.6,282424893.48,0.0,0.0,0.0,0.0,0.0,282424893.48,100.0,0.0,0.0
2024,Poder Ejecutivo,Ramos Administrativos,Medio Ambiente y Recursos Naturales,G031,Porcentaje Ejer/Aprob,201.53204977325726,91.81954756362126,0.0,0.0,179.2555000295422,0.0,0.0,0.0,0.0,0.0,179.2555000295422,,0.0,
2024,Poder Ejecutivo,Ramos Administrativos,Medio Ambiente y Recursos Naturales,G031,Porcentaje Ejer/Modif,100.0,100.0,0.0,100.0,100.0,0.0,0.0,0.0,0.0,0.0,100.0,,0.0,
2024,Poder Ejecutivo,Ramos Administrativos,Medio Ambiente y Recursos Naturales,K007,"Infraestructura de agua potable, alcantarillado y saneamiento",0.0,0.0,0.0,0.0,0.0,0.0,0.0,0.0,0.0,0.0,0.0,,0.0,
2024,Poder Ejecutivo,Ramos Administrativos,Medio Ambiente y Recursos Naturales,K007,Aprobado,0.0,0.0,0.0,0.0,0.0,0.0,10791696933.0,0.0,0.0,10791696933.0,10791696933.0,0.0,0.0,100.0
2024,Poder Ejecutivo,Ramos Administrativos,Medio Ambiente y Recursos Naturales,K007,Modificado,0.0,0.0,0.0,0.0,0.0,0.0,13095807498.51,0.0,0.0,13095807498.51,13095807498.51,0.0,0.0,100.0
2024,Poder Ejecutivo,Ramos Administrativos,Medio Ambiente y Recursos Naturales,K007,Devengado,0.0,0.0,0.0,0.0,0.0,0.0,13095807498.51,0.0,0.0,13095807498.51,13095807498.51,0.0,0.0,100.0
2024,Poder Ejecutivo,Ramos Administrativos,Medio Ambiente y Recursos Naturales,K007,Ejercido,0.0,0.0,0.0,0.0,0.0,0.0,13095807498.51,0.0,0.0,13095807498.51,13095807498.51,0.0,0.0,100.0
2024,Poder Ejecutivo,Ramos Administrativos,Medio Ambiente y Recursos Naturales,K007,Porcentaje Ejer/Aprob,0.0,0.0,0.0,0.0,0.0,0.0,121.35077161464982,0.0,0.0,121.35077161464982,121.35077161464982,,0.0,
2024,Poder Ejecutivo,Ramos Administrativos,Medio Ambiente y Recursos Naturales,K007,Porcentaje Ejer/Modif,0.0,0.0,0.0,0.0,0.0,0.0,100.0,0.0,0.0,100.0,100.0,,0.0,
2024,Poder Ejecutivo,Ramos Administrativos,Medio Ambiente y Recursos Naturales,K025,Proyectos de inmuebles (oficinas administrativas),0.0,0.0,0.0,0.0,0.0,0.0,0.0,0.0,0.0,0.0,0.0,,0.0,
2024,Poder Ejecutivo,Ramos Administrativos,Medio Ambiente y Recursos Naturales,K025,Aprobado,0.0,0.0,0.0,0.0,0.0,0.0,218254458.0,0.0,0.0,218254458.0,218254458.0,0.0,0.0,100.0
2024,Poder Ejecutivo,Ramos Administrativos,Medio Ambiente y Recursos Naturales,K025,Modificado,0.0,0.0,0.0,0.0,0.0,0.0,758857603.06,0.0,0.0,758857603.06,758857603.06,0.0,0.0,100.0
2024,Poder Ejecutivo,Ramos Administrativos,Medio Ambiente y Recursos Naturales,K025,Devengado,0.0,0.0,0.0,0.0,0.0,0.0,758857603.06,0.0,0.0,758857603.06,758857603.06,0.0,0.0,100.0
2024,Poder Ejecutivo,Ramos Administrativos,Medio Ambiente y Recursos Naturales,K025,Ejercido,0.0,0.0,0.0,0.0,0.0,0.0,758857603.06,0.0,0.0,758857603.06,758857603.06,0.0,0.0,100.0
2024,Poder Ejecutivo,Ramos Administrativos,Medio Ambiente y Recursos Naturales,K025,Porcentaje Ejer/Aprob,0.0,0.0,0.0,0.0,0.0,0.0,347.6939761111317,0.0,0.0,347.6939761111317,347.6939761111317,,0.0,
2024,Poder Ejecutivo,Ramos Administrativos,Medio Ambiente y Recursos Naturales,K025,Porcentaje Ejer/Modif,0.0,0.0,0.0,0.0,0.0,0.0,100.0,0.0,0.0,100.0,100.0,,0.0,
2024,Poder Ejecutivo,Ramos Administrativos,Medio Ambiente y Recursos Naturales,K028,Estudios de preinversión,0.0,0.0,0.0,0.0,0.0,0.0,0.0,0.0,0.0,0.0,0.0,,0.0,
2024,Poder Ejecutivo,Ramos Administrativos,Medio Ambiente y Recursos Naturales,K028,Aprobado,0.0,0.0,0.0,0.0,0.0,0.0,0.0,0.0,0.0,0.0,0.0,0.0,0.0,0.0
2024,Poder Ejecutivo,Ramos Administrativos,Medio Ambiente y Recursos Naturales,K028,Modificado,0.0,0.0,0.0,0.0,0.0,0.0,17686535.05,0.0,0.0,17686535.05,17686535.05,0.0,0.0,100.0
2024,Poder Ejecutivo,Ramos Administrativos,Medio Ambiente y Recursos Naturales,K028,Devengado,0.0,0.0,0.0,0.0,0.0,0.0,17686535.05,0.0,0.0,17686535.05,17686535.05,0.0,0.0,100.0
2024,Poder Ejecutivo,Ramos Administrativos,Medio Ambiente y Recursos Naturales,K028,Ejercido,0.0,0.0,0.0,0.0,0.0,0.0,17686535.05,0.0,0.0,17686535.05,17686535.05,0.0,0.0,100.0
2024,Poder Ejecutivo,Ramos Administrativos,Medio Ambiente y Recursos Naturales,K028,Porcentaje Ejer/Aprob,0.0,0.0,0.0,0.0,0.0,0.0,0.0,0.0,0.0,0.0,0.0,,0.0,
2024,Poder Ejecutivo,Ramos Administrativos,Medio Ambiente y Recursos Naturales,K028,Porcentaje Ejer/Modif,0.0,0.0,0.0,0.0,0.0,0.0,100.0,0.0,0.0,100.0,100.0,,0.0,
2024,Poder Ejecutivo,Ramos Administrativos,Medio Ambiente y Recursos Naturales,K111,Rehabilitación y Modernización de Presas y Estructuras de Cabeza,0.0,0.0,0.0,0.0,0.0,0.0,0.0,0.0,0.0,0.0,0.0,,0.0,
2024,Poder Ejecutivo,Ramos Administrativos,Medio Ambiente y Recursos Naturales,K111,Aprobado,0.0,0.0,0.0,0.0,0.0,0.0,591531368.0,0.0,0.0,591531368.0,591531368.0,0.0,0.0,100.0
2024,Poder Ejecutivo,Ramos Administrativos,Medio Ambiente y Recursos Naturales,K111,Modificado,0.0,0.0,0.0,0.0,0.0,0.0,277114505.9,0.0,0.0,277114505.9,277114505.9,0.0,0.0,100.0
2024,Poder Ejecutivo,Ramos Administrativos,Medio Ambiente y Recursos Naturales,K111,Devengado,0.0,0.0,0.0,0.0,0.0,0.0,277114505.9,0.0,0.0,277114505.9,277114505.9,0.0,0.0,100.0
2024,Poder Ejecutivo,Ramos Administrativos,Medio Ambiente y Recursos Naturales,K111,Ejercido,0.0,0.0,0.0,0.0,0.0,0.0,277114505.9,0.0,0.0,277114505.9,277114505.9,0.0,0.0,100.0
2024,Poder Ejecutivo,Ramos Administrativos,Medio Ambiente y Recursos Naturales,K111,Porcentaje Ejer/Aprob,0.0,0.0,0.0,0.0,0.0,0.0,46.84696719244819,0.0,0.0,46.84696719244819,46.84696719244819,,0.0,
2024,Poder Ejecutivo,Ramos Administrativos,Medio Ambiente y Recursos Naturales,K111,Porcentaje Ejer/Modif,0.0,0.0,0.0,0.0,0.0,0.0,100.0,0.0,0.0,100.0,100.0,,0.0,
2024,Poder Ejecutivo,Ramos Administrativos,Medio Ambiente y Recursos Naturales,K129,Infraestructura para la Protección de Centros de Población y Áreas Productivas,0.0,0.0,0.0,0.0,0.0,0.0,0.0,0.0,0.0,0.0,0.0,,0.0,
2024,Poder Ejecutivo,Ramos Administrativos,Medio Ambiente y Recursos Naturales,K129,Aprobado,0.0,0.0,0.0,0.0,0.0,0.0,3936198519.0,0.0,0.0,3936198519.0,3936198519.0,0.0,0.0,100.0
2024,Poder Ejecutivo,Ramos Administrativos,Medio Ambiente y Recursos Naturales,K129,Modificado,0.0,0.0,0.0,0.0,0.0,0.0,2970288780.16,0.0,0.0,2970288780.16,2970288780.16,0.0,0.0,100.0
2024,Poder Ejecutivo,Ramos Administrativos,Medio Ambiente y Recursos Naturales,K129,Devengado,0.0,0.0,0.0,0.0,0.0,0.0,2970288780.16,0.0,0.0,2970288780.16,2970288780.16,0.0,0.0,100.0
2024,Poder Ejecutivo,Ramos Administrativos,Medio Ambiente y Recursos Naturales,K129,Ejercido,0.0,0.0,0.0,0.0,0.0,0.0,2970288780.16,0.0,0.0,2970288780.16,2970288780.16,0.0,0.0,100.0
2024,Poder Ejecutivo,Ramos Administrativos,Medio Ambiente y Recursos Naturales,K129,Porcentaje Ejer/Aprob,0.0,0.0,0.0,0.0,0.0,0.0,75.46084796847616,0.0,0.0,75.46084796847616,75.46084796847616,,0.0,
2024,Poder Ejecutivo,Ramos Administrativos,Medio Ambiente y Recursos Naturales,K129,Porcentaje Ejer/Modif,0.0,0.0,0.0,0.0,0.0,0.0,100.0,0.0,0.0,100.0,100.0,,0.0,
2024,Poder Ejecutivo,Ramos Administrativos,Medio Ambiente y Recursos Naturales,K138,Inversión en Infraestructura Social y Protección Ambiental,0.0,0.0,0.0,0.0,0.0,0.0,0.0,0.0,0.0,0.0,0.0,,0.0,
2024,Poder Ejecutivo,Ramos Administrativos,Medio Ambiente y Recursos Naturales,K138,Aprobado,0.0,0.0,0.0,0.0,0.0,0.0,0.0,0.0,0.0,0.0,0.0,0.0,0.0,0.0
2024,Poder Ejecutivo,Ramos Administrativos,Medio Ambiente y Recursos Naturales,K138,Modificado,0.0,0.0,0.0,0.0,0.0,0.0,110917023.8,0.0,0.0,110917023.8,110917023.8,0.0,0.0,100.0
2024,Poder Ejecutivo,Ramos Administrativos,Medio Ambiente y Recursos Naturales,K138,Devengado,0.0,0.0,0.0,0.0,0.0,0.0,110917023.8,0.0,0.0,110917023.8,110917023.8,0.0,0.0,100.0
2024,Poder Ejecutivo,Ramos Administrativos,Medio Ambiente y Recursos Naturales,K138,Ejercido,0.0,0.0,0.0,0.0,0.0,0.0,110917023.8,0.0,0.0,110917023.8,110917023.8,0.0,0.0,100.0
2024,Poder Ejecutivo,Ramos Administrativos,Medio Ambiente y Recursos Naturales,K138,Porcentaje Ejer/Aprob,0.0,0.0,0.0,0.0,0.0,0.0,0.0,0.0,0.0,0.0,0.0,,0.0,
2024,Poder Ejecutivo,Ramos Administrativos,Medio Ambiente y Recursos Naturales,K138,Porcentaje Ejer/Modif,0.0,0.0,0.0,0.0,0.0,0.0,100.0,0.0,0.0,100.0,100.0,,0.0,
2024,Poder Ejecutivo,Ramos Administrativos,Medio Ambiente y Recursos Naturales,K140,Inversión del Servicio Meteorológico Nacional,0.0,0.0,0.0,0.0,0.0,0.0,0.0,0.0,0.0,0.0,0.0,,0.0,
2024,Poder Ejecutivo,Ramos Administrativos,Medio Ambiente y Recursos Naturales,K140,Aprobado,0.0,0.0,0.0,0.0,0.0,0.0,0.0,0.0,0.0,0.0,0.0,0.0,0.0,0.0
2024,Poder Ejecutivo,Ramos Administrativos,Medio Ambiente y Recursos Naturales,K140,Modificado,0.0,0.0,0.0,0.0,0.0,0.0,6445554.41,0.0,0.0,6445554.41,6445554.41,0.0,0.0,100.0
2024,Poder Ejecutivo,Ramos Administrativos,Medio Ambiente y Recursos Naturales,K140,Devengado,0.0,0.0,0.0,0.0,0.0,0.0,6445554.41,0.0,0.0,6445554.41,6445554.41,0.0,0.0,100.0
2024,Poder Ejecutivo,Ramos Administrativos,Medio Ambiente y Recursos Naturales,K140,Ejercido,0.0,0.0,0.0,0.0,0.0,0.0,6445554.41,0.0,0.0,6445554.41,6445554.41,0.0,0.0,100.0
2024,Poder Ejecutivo,Ramos Administrativos,Medio Ambiente y Recursos Naturales,K140,Porcentaje Ejer/Aprob,0.0,0.0,0.0,0.0,0.0,0.0,0.0,0.0,0.0,0.0,0.0,,0.0,
2024,Poder Ejecutivo,Ramos Administrativos,Medio Ambiente y Recursos Naturales,K140,Porcentaje Ejer/Modif,0.0,0.0,0.0,0.0,0.0,0.0,100.0,0.0,0.0,100.0,100.0,,0.0,
2024,Poder Ejecutivo,Ramos Administrativos,Medio Ambiente y Recursos Naturales,K141,Infraestructura para la modernización y rehabilitación de riego y temporal tecnificado,0.0,0.0,0.0,0.0,0.0,0.0,0.0,0.0,0.0,0.0,0.0,,0.0,
2024,Poder Ejecutivo,Ramos Administrativos,Medio Ambiente y Recursos Naturales,K141,Aprobado,0.0,0.0,0.0,0.0,0.0,0.0,20024000517.0,0.0,0.0,20024000517.0,20024000517.0,0.0,0.0,100.0
2024,Poder Ejecutivo,Ramos Administrativos,Medio Ambiente y Recursos Naturales,K141,Modificado,0.0,0.0,0.0,0.0,0.0,0.0,16216646676.56,0.0,0.0,16216646676.56,16216646676.56,0.0,0.0,100.0
2024,Poder Ejecutivo,Ramos Administrativos,Medio Ambiente y Recursos Naturales,K141,Devengado,0.0,0.0,0.0,0.0,0.0,0.0,16216646676.56,0.0,0.0,16216646676.56,16216646676.56,0.0,0.0,100.0
2024,Poder Ejecutivo,Ramos Administrativos,Medio Ambiente y Recursos Naturales,K141,Ejercido,0.0,0.0,0.0,0.0,0.0,0.0,16216646676.56,0.0,0.0,16216646676.56,16216646676.56,0.0,0.0,100.0
2024,Poder Ejecutivo,Ramos Administrativos,Medio Ambiente y Recursos Naturales,K141,Porcentaje Ejer/Aprob,0.0,0.0,0.0,0.0,0.0,0.0,80.98604803167265,0.0,0.0,80.98604803167265,80.98604803167265,,0.0,
2024,Poder Ejecutivo,Ramos Administrativos,Medio Ambiente y Recursos Naturales,K141,Porcentaje Ejer/Modif,0.0,0.0,0.0,0.0,0.0,0.0,100.0,0.0,0.0,100.0,100.0,,0.0,
2024,Poder Ejecutivo,Ramos Administrativos,Medio Ambiente y Recursos Naturales,M001,Actividades de apoyo administrativo,0.0,0.0,0.0,0.0,0.0,0.0,0.0,0.0,0.0,0.0,0.0,,0.0,
2024,Poder Ejecutivo,Ramos Administrativos,Medio Ambiente y Recursos Naturales,M001,Aprobado,2221874886.0,131591260.0,0.0,5714534.0,2359180680.0,0.0,0.0,0.0,0.0,0.0,2359180680.0,100.0,0.0,0.0
2024,Poder Ejecutivo,Ramos Administrativos,Medio Ambiente y Recursos Naturales,M001,Modificado,2234389603.81,116623891.42,0.0,10111402.73,2361124897.96,0.0,0.0,0.0,0.0,0.0,2361124897.96,100.0,0.0,0.0
2024,Poder Ejecutivo,Ramos Administrativos,Medio Ambiente y Recursos Naturales,M001,Devengado,2234389603.81,116623891.42,0.0,10111402.73,2361124897.96,0.0,0.0,0.0,0.0,0.0,2361124897.96,100.0,0.0,0.0
2024,Poder Ejecutivo,Ramos Administrativos,Medio Ambiente y Recursos Naturales,M001,Ejercido,2234389603.81,116623891.42,0.0,10111402.73,2361124897.96,0.0,0.0,0.0,0.0,0.0,2361124897.96,100.0,0.0,0.0
2024,Poder Ejecutivo,Ramos Administrativos,Medio Ambiente y Recursos Naturales,M001,Porcentaje Ejer/Aprob,100.56325033821008,88.62586422532925,0.0,176.94185965119814,100.08241072743948,0.0,0.0,0.0,0.0,0.0,100.08241072743948,,0.0,
2024,Poder Ejecutivo,Ramos Administrativos,Medio Ambiente y Recursos Naturales,M001,Porcentaje Ejer/Modif,100.0,100.0,0.0,100.0,100.0,0.0,0.0,0.0,0.0,0.0,100.0,,0.0,
2024,Poder Ejecutivo,Ramos Administrativos,Medio Ambiente y Recursos Naturales,N001,Atención de emergencias y desastres naturales,0.0,0.0,0.0,0.0,0.0,0.0,0.0,0.0,0.0,0.0,0.0,,0.0,
2024,Poder Ejecutivo,Ramos Administrativos,Medio Ambiente y Recursos Naturales,N001,Aprobado,0.0,48993308.0,0.0,0.0,48993308.0,0.0,0.0,0.0,0.0,0.0,48993308.0,100.0,0.0,0.0
2024,Poder Ejecutivo,Ramos Administrativos,Medio Ambiente y Recursos Naturales,N001,Modificado,0.0,69026303.84,0.0,0.0,69026303.84,0.0,0.0,0.0,0.0,0.0,69026303.84,100.0,0.0,0.0
2024,Poder Ejecutivo,Ramos Administrativos,Medio Ambiente y Recursos Naturales,N001,Devengado,0.0,69026303.84,0.0,0.0,69026303.84,0.0,0.0,0.0,0.0,0.0,69026303.84,100.0,0.0,0.0
2024,Poder Ejecutivo,Ramos Administrativos,Medio Ambiente y Recursos Naturales,N001,Ejercido,0.0,69026303.84,0.0,0.0,69026303.84,0.0,0.0,0.0,0.0,0.0,69026303.84,100.0,0.0,0.0
2024,Poder Ejecutivo,Ramos Administrativos,Medio Ambiente y Recursos Naturales,N001,Porcentaje Ejer/Aprob,0.0,140.88924928277962,0.0,0.0,140.88924928277962,0.0,0.0,0.0,0.0,0.0,140.88924928277962,,0.0,
2024,Poder Ejecutivo,Ramos Administrativos,Medio Ambiente y Recursos Naturales,N001,Porcentaje Ejer/Modif,0.0,100.0,0.0,0.0,100.0,0.0,0.0,0.0,0.0,0.0,100.0,,0.0,
2024,Poder Ejecutivo,Ramos Administrativos,Medio Ambiente y Recursos Naturales,O001,Actividades de apoyo a la función pública y buen gobierno,0.0,0.0,0.0,0.0,0.0,0.0,0.0,0.0,0.0,0.0,0.0,,0.0,
2024,Poder Ejecutivo,Ramos Administrativos,Medio Ambiente y Recursos Naturales,O001,Aprobado,25534861.0,4945723.0,0.0,116934.0,30597518.0,0.0,0.0,0.0,0.0,0.0,30597518.0,100.0,0.0,0.0
2024,Poder Ejecutivo,Ramos Administrativos,Medio Ambiente y Recursos Naturales,O001,Modificado,25371640.37,1969578.38,0.0,0.0,27341218.75,0.0,0.0,0.0,0.0,0.0,27341218.75,100.0,0.0,0.0
2024,Poder Ejecutivo,Ramos Administrativos,Medio Ambiente y Recursos Naturales,O001,Devengado,25371640.37,1969578.38,0.0,0.0,27341218.75,0.0,0.0,0.0,0.0,0.0,27341218.75,100.0,0.0,0.0
2024,Poder Ejecutivo,Ramos Administrativos,Medio Ambiente y Recursos Naturales,O001,Ejercido,25371640.37,1969578.38,0.0,0.0,27341218.75,0.0,0.0,0.0,0.0,0.0,27341218.75,100.0,0.0,0.0
2024,Poder Ejecutivo,Ramos Administrativos,Medio Ambiente y Recursos Naturales,O001,Porcentaje Ejer/Aprob,99.36079295673473,39.82387165637865,0.0,0.0,89.35763596903513,0.0,0.0,0.0,0.0,0.0,89.35763596903513,,0.0,
2024,Poder Ejecutivo,Ramos Administrativos,Medio Ambiente y Recursos Naturales,O001,Porcentaje Ejer/Modif,100.0,100.0,0.0,0.0,100.0,0.0,0.0,0.0,0.0,0.0,100.0,,0.0,
2024,Poder Ejecutivo,Ramos Administrativos,Medio Ambiente y Recursos Naturales,P001,Conducción de las políticas hídricas,0.0,0.0,0.0,0.0,0.0,0.0,0.0,0.0,0.0,0.0,0.0,,0.0,
2024,Poder Ejecutivo,Ramos Administrativos,Medio Ambiente y Recursos Naturales,P001,Aprobado,0.0,64018341.0,0.0,0.0,64018341.0,0.0,0.0,0.0,0.0,0.0,64018341.0,100.0,0.0,0.0
2024,Poder Ejecutivo,Ramos Administrativos,Medio Ambiente y Recursos Naturales,P001,Modificado,0.0,18802590.67,0.0,25000.0,18827590.67,0.0,0.0,0.0,0.0,0.0,18827590.67,100.0,0.0,0.0
2024,Poder Ejecutivo,Ramos Administrativos,Medio Ambiente y Recursos Naturales,P001,Devengado,0.0,18802590.67,0.0,25000.0,18827590.67,0.0,0.0,0.0,0.0,0.0,18827590.67,100.0,0.0,0.0
2024,Poder Ejecutivo,Ramos Administrativos,Medio Ambiente y Recursos Naturales,P001,Ejercido,0.0,18802590.67,0.0,25000.0,18827590.67,0.0,0.0,0.0,0.0,0.0,18827590.67,100.0,0.0,0.0
2024,Poder Ejecutivo,Ramos Administrativos,Medio Ambiente y Recursos Naturales,P001,Porcentaje Ejer/Aprob,0.0,29.37063094152971,0.0,0.0,29.409682250278873,0.0,0.0,0.0,0.0,0.0,29.409682250278873,,0.0,
2024,Poder Ejecutivo,Ramos Administrativos,Medio Ambiente y Recursos Naturales,P001,Porcentaje Ejer/Modif,0.0,100.0,0.0,100.0,100.0,0.0,0.0,0.0,0.0,0.0,100.0,,0.0,
2024,Poder Ejecutivo,Ramos Administrativos,Medio Ambiente y Recursos Naturales,P002,"Planeación, Seguimiento y Evaluación de la Política Ambiental y de Recursos Naturales",0.0,0.0,0.0,0.0,0.0,0.0,0.0,0.0,0.0,0.0,0.0,,0.0,
2024,Poder Ejecutivo,Ramos Administrativos,Medio Ambiente y Recursos Naturales,P002,Aprobado,292295690.0,115632081.0,0.0,160478933.0,568406704.0,0.0,0.0,0.0,0.0,0.0,568406704.0,100.0,0.0,0.0
2024,Poder Ejecutivo,Ramos Administrativos,Medio Ambiente y Recursos Naturales,P002,Modificado,396735804.64,162175481.31,0.0,533394590.8,1092305876.75,0.0,0.0,0.0,0.0,0.0,1092305876.75,100.0,0.0,0.0
2024,Poder Ejecutivo,Ramos Administrativos,Medio Ambiente y Recursos Naturales,P002,Devengado,396735804.64,162175481.31,0.0,533394590.8,1092305876.75,0.0,0.0,0.0,0.0,0.0,1092305876.75,100.0,0.0,0.0
2024,Poder Ejecutivo,Ramos Administrativos,Medio Ambiente y Recursos Naturales,P002,Ejercido,396735804.64,162175481.31,0.0,533394590.8,1092305876.75,0.0,0.0,0.0,0.0,0.0,1092305876.75,100.0,0.0,0.0
2024,Poder Ejecutivo,Ramos Administrativos,Medio Ambiente y Recursos Naturales,P002,Porcentaje Ejer/Aprob,135.73098003600396,140.25128658715397,0.0,332.3767056701455,192.16977369605408,0.0,0.0,0.0,0.0,0.0,192.16977369605408,,0.0,
2024,Poder Ejecutivo,Ramos Administrativos,Medio Ambiente y Recursos Naturales,P002,Porcentaje Ejer/Modif,100.0,100.0,0.0,100.0,100.0,0.0,0.0,0.0,0.0,0.0,100.0,,0.0,
2024,Poder Ejecutivo,Ramos Administrativos,Medio Ambiente y Recursos Naturales,R015,Fideicomisos Ambientales,0.0,0.0,0.0,0.0,0.0,0.0,0.0,0.0,0.0,0.0,0.0,,0.0,
2024,Poder Ejecutivo,Ramos Administrativos,Medio Ambiente y Recursos Naturales,R015,Aprobado,0.0,0.0,0.0,0.0,0.0,0.0,0.0,0.0,0.0,0.0,0.0,0.0,0.0,0.0
2024,Poder Ejecutivo,Ramos Administrativos,Medio Ambiente y Recursos Naturales,R015,Modificado,0.0,0.0,8000000.0,0.0,8000000.0,0.0,0.0,0.0,0.0,0.0,8000000.0,100.0,0.0,0.0
2024,Poder Ejecutivo,Ramos Administrativos,Medio Ambiente y Recursos Naturales,R015,Devengado,0.0,0.0,8000000.0,0.0,8000000.0,0.0,0.0,0.0,0.0,0.0,8000000.0,100.0,0.0,0.0
2024,Poder Ejecutivo,Ramos Administrativos,Medio Ambiente y Recursos Naturales,R015,Ejercido,0.0,0.0,8000000.0,0.0,8000000.0,0.0,0.0,0.0,0.0,0.0,8000000.0,100.0,0.0,0.0
2024,Poder Ejecutivo,Ramos Administrativos,Medio Ambiente y Recursos Naturales,R015,Porcentaje Ejer/Aprob,0.0,0.0,0.0,0.0,0.0,0.0,0.0,0.0,0.0,0.0,0.0,,0.0,
2024,Poder Ejecutivo,Ramos Administrativos,Medio Ambiente y Recursos Naturales,R015,Porcentaje Ejer/Modif,0.0,0.0,100.0,0.0,100.0,0.0,0.0,0.0,0.0,0.0,100.0,,0.0,
2024,Poder Ejecutivo,Ramos Administrativos,Medio Ambiente y Recursos Naturales,R018,Provisiones para desarrollo de infraestructura hidráulica,0.0,0.0,0.0,0.0,0.0,0.0,0.0,0.0,0.0,0.0,0.0,,0.0,
2024,Poder Ejecutivo,Ramos Administrativos,Medio Ambiente y Recursos Naturales,R018,Aprobado,0.0,0.0,0.0,0.0,0.0,0.0,9478029458.0,0.0,0.0,9478029458.0,9478029458.0,0.0,0.0,100.0
2024,Poder Ejecutivo,Ramos Administrativos,Medio Ambiente y Recursos Naturales,R018,Modificado,0.0,0.0,0.0,0.0,0.0,0.0,0.0,0.0,0.0,0.0,0.0,0.0,0.0,0.0
2024,Poder Ejecutivo,Ramos Administrativos,Medio Ambiente y Recursos Naturales,R018,Devengado,0.0,0.0,0.0,0.0,0.0,0.0,0.0,0.0,0.0,0.0,0.0,0.0,0.0,0.0
2024,Poder Ejecutivo,Ramos Administrativos,Medio Ambiente y Recursos Naturales,R018,Ejercido,0.0,0.0,0.0,0.0,0.0,0.0,0.0,0.0,0.0,0.0,0.0,0.0,0.0,0.0
2024,Poder Ejecutivo,Ramos Administrativos,Medio Ambiente y Recursos Naturales,R018,Porcentaje Ejer/Aprob,0.0,0.0,0.0,0.0,0.0,0.0,0.0,0.0,0.0,0.0,0.0,,0.0,
2024,Poder Ejecutivo,Ramos Administrativos,Medio Ambiente y Recursos Naturales,R018,Porcentaje Ejer/Modif,0.0,0.0,0.0,0.0,0.0,0.0,0.0,0.0,0.0,0.0,0.0,,0.0,
2024,Poder Ejecutivo,Ramos Administrativos,Medio Ambiente y Recursos Naturales,S046,Programa de Conservación para el Desarrollo Sostenible,0.0,0.0,0.0,0.0,0.0,0.0,0.0,0.0,0.0,0.0,0.0,,0.0,
2024,Poder Ejecutivo,Ramos Administrativos,Medio Ambiente y Recursos Naturales,S046,Aprobado,0.0,0.0,400187.0,0.0,400187.0,0.0,0.0,154720550.0,0.0,154720550.0,155120737.0,0.25798420491001145,0.0,99.74201579508998
2024,Poder Ejecutivo,Ramos Administrativos,Medio Ambiente y Recursos Naturales,S046,Modificado,0.0,392168.6,0.0,0.0,392168.6,0.0,0.0,269504166.6,0.0,269504166.6,269896335.2,0.1453034179620828,0.0,99.85469658203793
2024,Poder Ejecutivo,Ramos Administrativos,Medio Ambiente y Recursos Naturales,S046,Devengado,0.0,392168.6,0.0,0.0,392168.6,0.0,0.0,269504166.6,0.0,269504166.6,269896335.2,0.1453034179620828,0.0,99.85469658203793
2024,Poder Ejecutivo,Ramos Administrativos,Medio Ambiente y Recursos Naturales,S046,Ejercido,0.0,392168.6,0.0,0.0,392168.6,0.0,0.0,269504166.6,0.0,269504166.6,269896335.2,0.1453034179620828,0.0,99.85469658203793
2024,Poder Ejecutivo,Ramos Administrativos,Medio Ambiente y Recursos Naturales,S046,Porcentaje Ejer/Aprob,0.0,0.0,0.0,0.0,97.99633671258687,0.0,0.0,174.18769943617704,0.0,174.18769943617704,173.99113775484446,,0.0,
2024,Poder Ejecutivo,Ramos Administrativos,Medio Ambiente y Recursos Naturales,S046,Porcentaje Ejer/Modif,0.0,100.0,0.0,0.0,100.0,0.0,0.0,100.0,0.0,100.0,100.0,,0.0,
2024,Poder Ejecutivo,Ramos Administrativos,Medio Ambiente y Recursos Naturales,S074,"Agua Potable, Drenaje y Tratamiento",0.0,0.0,0.0,0.0,0.0,0.0,0.0,0.0,0.0,0.0,0.0,,0.0,
2024,Poder Ejecutivo,Ramos Administrativos,Medio Ambiente y Recursos Naturales,S074,Aprobado,0.0,0.0,4995127.0,0.0,4995127.0,0.0,0.0,2606615108.0,0.0,2606615108.0,2611610235.0,0.19126617490837028,0.0,99.80873382509164
2024,Poder Ejecutivo,Ramos Administrativos,Medio Ambiente y Recursos Naturales,S074,Modificado,0.0,2710472.25,0.0,0.0,2710472.25,0.0,0.0,2776144458.91,0.0,2776144458.91,2778854931.16,0.1,0.0,99.90246082227586
2024,Poder Ejecutivo,Ramos Administrativos,Medio Ambiente y Recursos Naturales,S074,Devengado,0.0,2710472.25,0.0,0.0,2710472.25,0.0,0.0,2776144458.91,0.0,2776144458.91,2778854931.16,0.1,0.0,99.90246082227586
2024,Poder Ejecutivo,Ramos Administrativos,Medio Ambiente y Recursos Naturales,S074,Ejercido,0.0,2710472.25,0.0,0.0,2710472.25,0.0,0.0,2776144458.91,0.0,2776144458.91,2778854931.16,0.1,0.0,99.90246082227586
2024,Poder Ejecutivo,Ramos Administrativos,Medio Ambiente y Recursos Naturales,S074,Porcentaje Ejer/Aprob,0.0,0.0,0.0,0.0,54.262329065907636,0.0,0.0,106.50381218115766,0.0,106.50381218115766,106.4038918946877,,0.0,
2024,Poder Ejecutivo,Ramos Administrativos,Medio Ambiente y Recursos Naturales,S074,Porcentaje Ejer/Modif,0.0,100.0,0.0,0.0,100.0,0.0,0.0,100.0,0.0,100.0,100.0,,0.0,
2024,Poder Ejecutivo,Ramos Administrativos,Medio Ambiente y Recursos Naturales,S217,Programa de Apoyo a la Infraestructura Hidroagrícola,0.0,0.0,0.0,0.0,0.0,0.0,0.0,0.0,0.0,0.0,0.0,,0.0,
2024,Poder Ejecutivo,Ramos Administrativos,Medio Ambiente y Recursos Naturales,S217,Aprobado,0.0,0.0,13359148.0,0.0,13359148.0,0.0,0.0,1775799122.0,0.0,1775799122.0,1789158270.0,0.7466722326359646,0.0,99.25332776736403
2024,Poder Ejecutivo,Ramos Administrativos,Medio Ambiente y Recursos Naturales,S217,Modificado,0.0,7293043.72,0.0,0.0,7293043.72,0.0,0.0,3882754373.04,0.0,3882754373.04,3890047416.76,0.187479558438759,0.0,99.81252044156123
2024,Poder Ejecutivo,Ramos Administrativos,Medio Ambiente y Recursos Naturales,S217,Devengado,0.0,7293043.72,0.0,0.0,7293043.72,0.0,0.0,3882754373.04,0.0,3882754373.04,3890047416.76,0.187479558438759,0.0,99.81252044156123
2024,Poder Ejecutivo,Ramos Administrativos,Medio Ambiente y Recursos Naturales,S217,Ejercido,0.0,7293043.72,0.0,0.0,7293043.72,0.0,0.0,3882754373.04,0.0,3882754373.04,3890047416.76,0.187479558438759,0.0,99.81252044156123
2024,Poder Ejecutivo,Ramos Administrativos,Medio Ambiente y Recursos Naturales,S217,Porcentaje Ejer/Aprob,0.0,0.0,0.0,0.0,54.59213207309328,0.0,0.0,218.6482876884765,0.0,218.6482876884765,217.4233259285664,,0.0,
2024,Poder Ejecutivo,Ramos Administrativos,Medio Ambiente y Recursos Naturales,S217,Porcentaje Ejer/Modif,0.0,100.0,0.0,0.0,100.0,0.0,0.0,100.0,0.0,100.0,100.0,,0.0,
2024,Poder Ejecutivo,Ramos Administrativos,Medio Ambiente y Recursos Naturales,S219,Desarrollo Forestal Sustentable para el Bienestar,0.0,0.0,0.0,0.0,0.0,0.0,0.0,0.0,0.0,0.0,0.0,,0.0,
2024,Poder Ejecutivo,Ramos Administrativos,Medio Ambiente y Recursos Naturales,S219,Aprobado,0.0,0.0,122717435.0,0.0,122717435.0,0.0,0.0,780845550.0,0.0,780845550.0,903562985.0,13.5815031201173,0.0,86.4184968798827
2024,Poder Ejecutivo,Ramos Administrativos,Medio Ambiente y Recursos Naturales,S219,Modificado,27586779.21,0.0,76510394.42,0.0,104097173.63,0.0,0.0,1065835796.42,0.0,1065835796.42,1169932970.05,8.897704081760441,0.0,91.10229591823956
2024,Poder Ejecutivo,Ramos Administrativos,Medio Ambiente y Recursos Naturales,S219,Devengado,27586779.21,0.0,76510394.42,0.0,104097173.63,0.0,0.0,1065835796.42,0.0,1065835796.42,1169932970.05,8.897704081760441,0.0,91.10229591823956
2024,Poder Ejecutivo,Ramos Administrativos,Medio Ambiente y Recursos Naturales,S219,Ejercido,27586779.21,0.0,76510394.42,0.0,104097173.63,0.0,0.0,1065835796.42,0.0,1065835796.42,1169932970.05,8.897704081760441,0.0,91.10229591823956
2024,Poder Ejecutivo,Ramos Administrativos,Medio Ambiente y Recursos Naturales,S219,Porcentaje Ejer/Aprob,0.0,0.0,62.34680053408874,0.0,84.82671890102657,0.0,0.0,136.49764622722125,0.0,136.49764622722125,129.47995762022057,,0.0,
2024,Poder Ejecutivo,Ramos Administrativos,Medio Ambiente y Recursos Naturales,S219,Porcentaje Ejer/Modif,100.0,0.0,100.0,0.0,100.0,0.0,0.0,100.0,0.0,100.0,100.0,,0.0,
2024,Poder Ejecutivo,Ramos Administrativos,Medio Ambiente y Recursos Naturales,U001,Programa de Devolución de Derechos,0.0,0.0,0.0,0.0,0.0,0.0,0.0,0.0,0.0,0.0,0.0,,0.0,
2024,Poder Ejecutivo,Ramos Administrativos,Medio Ambiente y Recursos Naturales,U001,Aprobado,0.0,0.0,0.0,0.0,0.0,0.0,0.0,15189.0,0.0,15189.0,15189.0,0.0,0.0,100.0
2024,Poder Ejecutivo,Ramos Administrativos,Medio Ambiente y Recursos Naturales,U001,Modificado,0.0,0.0,0.0,0.0,0.0,0.0,0.0,3609637537.97,0.0,3609637537.97,3609637537.97,0.0,0.0,100.0
2024,Poder Ejecutivo,Ramos Administrativos,Medio Ambiente y Recursos Naturales,U001,Devengado,0.0,0.0,0.0,0.0,0.0,0.0,0.0,3609637537.97,0.0,3609637537.97,3609637537.97,0.0,0.0,100.0
2024,Poder Ejecutivo,Ramos Administrativos,Medio Ambiente y Recursos Naturales,U001,Ejercido,0.0,0.0,0.0,0.0,0.0,0.0,0.0,3609637537.97,0.0,3609637537.97,3609637537.97,0.0,0.0,100.0
2024,Poder Ejecutivo,Ramos Administrativos,Medio Ambiente y Recursos Naturales,U001,Porcentaje Ejer/Aprob,0.0,0.0,0.0,0.0,0.0,0.0,0.0,0.0,0.0,0.0,0.0,,0.0,
2024,Poder Ejecutivo,Ramos Administrativos,Medio Ambiente y Recursos Naturales,U001,Porcentaje Ejer/Modif,0.0,0.0,0.0,0.0,0.0,0.0,0.0,100.0,0.0,100.0,100.0,,0.0,
2024,Poder Ejecutivo,Ramos Administrativos,Medio Ambiente y Recursos Naturales,U007,Devolución de Aprovechamientos,0.0,0.0,0.0,0.0,0.0,0.0,0.0,0.0,0.0,0.0,0.0,,0.0,
2024,Poder Ejecutivo,Ramos Administrativos,Medio Ambiente y Recursos Naturales,U007,Aprobado,0.0,0.0,0.0,0.0,0.0,0.0,0.0,0.0,0.0,0.0,0.0,0.0,0.0,0.0
2024,Poder Ejecutivo,Ramos Administrativos,Medio Ambiente y Recursos Naturales,U007,Modificado,0.0,0.0,0.0,0.0,0.0,0.0,0.0,2996792129.0,0.0,2996792129.0,2996792129.0,0.0,0.0,100.0
2024,Poder Ejecutivo,Ramos Administrativos,Medio Ambiente y Recursos Naturales,U007,Devengado,0.0,0.0,0.0,0.0,0.0,0.0,0.0,2996792129.0,0.0,2996792129.0,2996792129.0,0.0,0.0,100.0
2024,Poder Ejecutivo,Ramos Administrativos,Medio Ambiente y Recursos Naturales,U007,Ejercido,0.0,0.0,0.0,0.0,0.0,0.0,0.0,2996792129.0,0.0,2996792129.0,2996792129.0,0.0,0.0,100.0
2024,Poder Ejecutivo,Ramos Administrativos,Medio Ambiente y Recursos Naturales,U007,Porcentaje Ejer/Aprob,0.0,0.0,0.0,0.0,0.0,0.0,0.0,0.0,0.0,0.0,0.0,,0.0,
2024,Poder Ejecutivo,Ramos Administrativos,Medio Ambiente y Recursos Naturales,U007,Porcentaje Ejer/Modif,0.0,0.0,0.0,0.0,0.0,0.0,0.0,100.0,0.0,100.0,100.0,,0.0,
2024,Poder Ejecutivo,Ramos Administrativos,Medio Ambiente y Recursos Naturales,U008,Saneamiento de Aguas Residuales,0.0,0.0,0.0,0.0,0.0,0.0,0.0,0.0,0.0,0.0,0.0,,0.0,
2024,Poder Ejecutivo,Ramos Administrativos,Medio Ambiente y Recursos Naturales,U008,Aprobado,0.0,0.0,0.0,0.0,0.0,0.0,0.0,0.0,0.0,0.0,0.0,0.0,0.0,0.0
2024,Poder Ejecutivo,Ramos Administrativos,Medio Ambiente y Recursos Naturales,U008,Modificado,0.0,0.0,0.0,0.0,0.0,0.0,0.0,1261804133.14,0.0,1261804133.14,1261804133.14,0.0,0.0,100.0
2024,Poder Ejecutivo,Ramos Administrativos,Medio Ambiente y Recursos Naturales,U008,Devengado,0.0,0.0,0.0,0.0,0.0,0.0,0.0,1261804133.14,0.0,1261804133.14,1261804133.14,0.0,0.0,100.0
2024,Poder Ejecutivo,Ramos Administrativos,Medio Ambiente y Recursos Naturales,U008,Ejercido,0.0,0.0,0.0,0.0,0.0,0.0,0.0,1261804133.14,0.0,1261804133.14,1261804133.14,0.0,0.0,100.0
2024,Poder Ejecutivo,Ramos Administrativos,Medio Ambiente y Recursos Naturales,U008,Porcentaje Ejer/Aprob,0.0,0.0,0.0,0.0,0.0,0.0,0.0,0.0,0.0,0.0,0.0,,0.0,
2024,Poder Ejecutivo,Ramos Administrativos,Medio Ambiente y Recursos Naturales,U008,Porcentaje Ejer/Modif,0.0,0.0,0.0,0.0,0.0,0.0,0.0,100.0,0.0,100.0,100.0,,0.0,
2024,Poder Ejecutivo,Ramos Administrativos,Medio Ambiente y Recursos Naturales,U020,Conservación y Aprovechamiento Sustentable de la Vida Silvestre,0.0,0.0,0.0,0.0,0.0,0.0,0.0,0.0,0.0,0.0,0.0,,0.0,
2024,Poder Ejecutivo,Ramos Administrativos,Medio Ambiente y Recursos Naturales,U020,Aprobado,0.0,0.0,0.0,0.0,0.0,0.0,0.0,0.0,0.0,0.0,0.0,0.0,0.0,0.0
2024,Poder Ejecutivo,Ramos Administrativos,Medio Ambiente y Recursos Naturales,U020,Modificado,0.0,0.0,0.0,0.0,0.0,0.0,0.0,506000.0,0.0,506000.0,506000.0,0.0,0.0,100.0
2024,Poder Ejecutivo,Ramos Administrativos,Medio Ambiente y Recursos Naturales,U020,Devengado,0.0,0.0,0.0,0.0,0.0,0.0,0.0,506000.0,0.0,506000.0,506000.0,0.0,0.0,100.0
2024,Poder Ejecutivo,Ramos Administrativos,Medio Ambiente y Recursos Naturales,U020,Ejercido,0.0,0.0,0.0,0.0,0.0,0.0,0.0,506000.0,0.0,506000.0,506000.0,0.0,0.0,100.0
2024,Poder Ejecutivo,Ramos Administrativos,Medio Ambiente y Recursos Naturales,U020,Porcentaje Ejer/Aprob,0.0,0.0,0.0,0.0,0.0,0.0,0.0,0.0,0.0,0.0,0.0,,0.0,
2024,Poder Ejecutivo,Ramos Administrativos,Medio Ambiente y Recursos Naturales,U020,Porcentaje Ejer/Modif,0.0,0.0,0.0,0.0,0.0,0.0,0.0,100.0,0.0,100.0,100.0,,0.0,
2024,Poder Ejecutivo,Ramos Administrativos,Medio Ambiente y Recursos Naturales,U040,Programa para la Protección y Restauración de Ecosistemas y Especies Prioritarias,0.0,0.0,0.0,0.0,0.0,0.0,0.0,0.0,0.0,0.0,0.0,,0.0,
2024,Poder Ejecutivo,Ramos Administrativos,Medio Ambiente y Recursos Naturales,U040,Aprobado,0.0,0.0,200655007.0,0.0,200655007.0,0.0,0.0,0.0,0.0,0.0,200655007.0,100.0,0.0,0.0
2024,Poder Ejecutivo,Ramos Administrativos,Medio Ambiente y Recursos Naturales,U040,Modificado,0.0,7133876.47,254167346.87,0.0,261301223.34,0.0,0.0,0.0,0.0,0.0,261301223.34,100.0,0.0,0.0
2024,Poder Ejecutivo,Ramos Administrativos,Medio Ambiente y Recursos Naturales,U040,Devengado,0.0,7133876.47,254167346.87,0.0,261301223.34,0.0,0.0,0.0,0.0,0.0,261301223.34,100.0,0.0,0.0
2024,Poder Ejecutivo,Ramos Administrativos,Medio Ambiente y Recursos Naturales,U040,Ejercido,0.0,7133876.47,254167346.87,0.0,261301223.34,0.0,0.0,0.0,0.0,0.0,261301223.34,100.0,0.0,0.0
2024,Poder Ejecutivo,Ramos Administrativos,Medio Ambiente y Recursos Naturales,U040,Porcentaje Ejer/Aprob,0.0,0.0,126.66882858796542,0.0,130.2241231089738,0.0,0.0,0.0,0.0,0.0,130.2241231089738,,0.0,
2024,Poder Ejecutivo,Ramos Administrativos,Medio Ambiente y Recursos Naturales,U040,Porcentaje Ejer/Modif,0.0,100.0,100.0,0.0,100.0,0.0,0.0,0.0,0.0,0.0,100.0,,0.0,
2024,Poder Ejecutivo,Ramos Administrativos,Energía,TOTAL,Aprobado,1650002300.0,170640538.0,0.0,429126392.0,2249769230.0,0.0,0.0,0.0,165486463716.0,165486463716.0,167736232946.0,1.3412541765643904,0.0,98.65874582343561
2024,Poder Ejecutivo,Ramos Administrativos,Energía,TOTAL,Modificado,1654666345.16,259760352.87,0.0,693499799.71,2607926497.74,0.0,0.0,0.0,176509050000.0,176509050000.0,179116976497.74,1.455990687612408,0.0,98.54400931238759
2024,Poder Ejecutivo,Ramos Administrativos,Energía,TOTAL,Devengado,1654666345.16,259760352.87,0.0,693499799.71,2607926497.74,0.0,0.0,0.0,176509050000.0,176509050000.0,179116976497.74,1.455990687612408,0.0,98.54400931238759
2024,Poder Ejecutivo,Ramos Administrativos,Energía,TOTAL,Ejercido,1654666345.16,259760352.87,0.0,693499799.71,2607926497.74,0.0,0.0,0.0,176509050000.0,176509050000.0,179116976497.74,1.455990687612408,0.0,98.54400931238759
2024,Poder Ejecutivo,Ramos Administrativos,Energía,TOTAL,Porcentaje Ejer/Aprob,100.28266900961289,152.22663730115525,0.0,161.60735220172614,115.9197335870755,0.0,0.0,0.0,106.6607177629443,106.6607177629443,106.78490469939422,,0.0,
2024,Poder Ejecutivo,Ramos Administrativos,Energía,TOTAL,Porcentaje Ejer/Modif,100.0,100.0,0.0,100.0,100.0,0.0,0.0,0.0,100.0,100.0,100.0,,0.0,
2024,Poder Ejecutivo,Ramos Administrativos,Energía,E004,Investigación y Desarrollo Tecnológico en Materia Petrolera,0.0,0.0,0.0,0.0,0.0,0.0,0.0,0.0,0.0,0.0,0.0,,0.0,
2024,Poder Ejecutivo,Ramos Administrativos,Energía,E004,Aprobado,0.0,0.0,0.0,0.0,0.0,0.0,0.0,0.0,0.0,0.0,0.0,0.0,0.0,0.0
2024,Poder Ejecutivo,Ramos Administrativos,Energía,E004,Modificado,0.0,0.0,0.0,270829942.5,270829942.5,0.0,0.0,0.0,0.0,0.0,270829942.5,100.0,0.0,0.0
2024,Poder Ejecutivo,Ramos Administrativos,Energía,E004,Devengado,0.0,0.0,0.0,270829942.5,270829942.5,0.0,0.0,0.0,0.0,0.0,270829942.5,100.0,0.0,0.0
2024,Poder Ejecutivo,Ramos Administrativos,Energía,E004,Ejercido,0.0,0.0,0.0,270829942.5,270829942.5,0.0,0.0,0.0,0.0,0.0,270829942.5,100.0,0.0,0.0
2024,Poder Ejecutivo,Ramos Administrativos,Energía,E004,Porcentaje Ejer/Aprob,0.0,0.0,0.0,0.0,0.0,0.0,0.0,0.0,0.0,0.0,0.0,,0.0,
2024,Poder Ejecutivo,Ramos Administrativos,Energía,E004,Porcentaje Ejer/Modif,0.0,0.0,0.0,100.0,100.0,0.0,0.0,0.0,0.0,0.0,100.0,,0.0,
2024,Poder Ejecutivo,Ramos Administrativos,Energía,E016,"Investigación, desarrollo tecnológico y prestación de servicios en materia nuclear y eléctrica",0.0,0.0,0.0,0.0,0.0,0.0,0.0,0.0,0.0,0.0,0.0,,0.0,
2024,Poder Ejecutivo,Ramos Administrativos,Energía,E016,Aprobado,753024463.0,0.0,0.0,0.0,753024463.0,0.0,0.0,0.0,0.0,0.0,753024463.0,100.0,0.0,0.0
2024,Poder Ejecutivo,Ramos Administrativos,Energía,E016,Modificado,830217588.43,66674666.47,0.0,0.0,896892254.9,0.0,0.0,0.0,0.0,0.0,896892254.9,100.0,0.0,0.0
2024,Poder Ejecutivo,Ramos Administrativos,Energía,E016,Devengado,830217588.43,66674666.47,0.0,0.0,896892254.9,0.0,0.0,0.0,0.0,0.0,896892254.9,100.0,0.0,0.0
2024,Poder Ejecutivo,Ramos Administrativos,Energía,E016,Ejercido,830217588.43,66674666.47,0.0,0.0,896892254.9,0.0,0.0,0.0,0.0,0.0,896892254.9,100.0,0.0,0.0
2024,Poder Ejecutivo,Ramos Administrativos,Energía,E016,Porcentaje Ejer/Aprob,110.25107804897434,0.0,0.0,0.0,119.10532777737926,0.0,0.0,0.0,0.0,0.0,119.10532777737926,,0.0,
2024,Poder Ejecutivo,Ramos Administrativos,Energía,E016,Porcentaje Ejer/Modif,100.0,100.0,0.0,0.0,100.0,0.0,0.0,0.0,0.0,0.0,100.0,,0.0,
2024,Poder Ejecutivo,Ramos Administrativos,Energía,G003,Regulación y supervisión de actividades nucleares y radiológicas,0.0,0.0,0.0,0.0,0.0,0.0,0.0,0.0,0.0,0.0,0.0,,0.0,
2024,Poder Ejecutivo,Ramos Administrativos,Energía,G003,Aprobado,81586333.0,23283954.0,0.0,0.0,104870287.0,0.0,0.0,0.0,0.0,0.0,104870287.0,100.0,0.0,0.0
2024,Poder Ejecutivo,Ramos Administrativos,Energía,G003,Modificado,86198225.72,23640252.41,0.0,0.0,109838478.13,0.0,0.0,0.0,0.0,0.0,109838478.13,100.0,0.0,0.0
2024,Poder Ejecutivo,Ramos Administrativos,Energía,G003,Devengado,86198225.72,23640252.41,0.0,0.0,109838478.13,0.0,0.0,0.0,0.0,0.0,109838478.13,100.0,0.0,0.0
2024,Poder Ejecutivo,Ramos Administrativos,Energía,G003,Ejercido,86198225.72,23640252.41,0.0,0.0,109838478.13,0.0,0.0,0.0,0.0,0.0,109838478.13,100.0,0.0,0.0
2024,Poder Ejecutivo,Ramos Administrativos,Energía,G003,Porcentaje Ejer/Aprob,105.6527760844454,101.53023154916043,0.0,0.0,104.73746308141598,0.0,0.0,0.0,0.0,0.0,104.73746308141598,,0.0,
2024,Poder Ejecutivo,Ramos Administrativos,Energía,G003,Porcentaje Ejer/Modif,100.0,100.0,0.0,0.0,100.0,0.0,0.0,0.0,0.0,0.0,100.0,,0.0,
2024,Poder Ejecutivo,Ramos Administrativos,Energía,M001,Actividades de apoyo administrativo,0.0,0.0,0.0,0.0,0.0,0.0,0.0,0.0,0.0,0.0,0.0,,0.0,
2024,Poder Ejecutivo,Ramos Administrativos,Energía,M001,Aprobado,363918296.0,9262247.0,0.0,5245.0,373185788.0,0.0,0.0,0.0,0.0,0.0,373185788.0,100.0,0.0,0.0
2024,Poder Ejecutivo,Ramos Administrativos,Energía,M001,Modificado,320729101.94,15171791.94,0.0,423650.04,336324543.92,0.0,0.0,0.0,0.0,0.0,336324543.92,100.0,0.0,0.0
2024,Poder Ejecutivo,Ramos Administrativos,Energía,M001,Devengado,320729101.94,15171791.94,0.0,423650.04,336324543.92,0.0,0.0,0.0,0.0,0.0,336324543.92,100.0,0.0,0.0
2024,Poder Ejecutivo,Ramos Administrativos,Energía,M001,Ejercido,320729101.94,15171791.94,0.0,423650.04,336324543.92,0.0,0.0,0.0,0.0,0.0,336324543.92,100.0,0.0,0.0
2024,Poder Ejecutivo,Ramos Administrativos,Energía,M001,Porcentaje Ejer/Aprob,88.13217292598007,163.80249781721432,0.0,0.0,90.12254880402895,0.0,0.0,0.0,0.0,0.0,90.12254880402895,,0.0,
2024,Poder Ejecutivo,Ramos Administrativos,Energía,M001,Porcentaje Ejer/Modif,100.0,100.0,0.0,100.0,100.0,0.0,0.0,0.0,0.0,0.0,100.0,,0.0,
2024,Poder Ejecutivo,Ramos Administrativos,Energía,O001,Actividades de apoyo a la función pública y buen gobierno,0.0,0.0,0.0,0.0,0.0,0.0,0.0,0.0,0.0,0.0,0.0,,0.0,
2024,Poder Ejecutivo,Ramos Administrativos,Energía,O001,Aprobado,14655240.0,0.0,0.0,0.0,14655240.0,0.0,0.0,0.0,0.0,0.0,14655240.0,100.0,0.0,0.0
2024,Poder Ejecutivo,Ramos Administrativos,Energía,O001,Modificado,14655240.0,0.0,0.0,0.0,14655240.0,0.0,0.0,0.0,0.0,0.0,14655240.0,100.0,0.0,0.0
2024,Poder Ejecutivo,Ramos Administrativos,Energía,O001,Devengado,14655240.0,0.0,0.0,0.0,14655240.0,0.0,0.0,0.0,0.0,0.0,14655240.0,100.0,0.0,0.0
2024,Poder Ejecutivo,Ramos Administrativos,Energía,O001,Ejercido,14655240.0,0.0,0.0,0.0,14655240.0,0.0,0.0,0.0,0.0,0.0,14655240.0,100.0,0.0,0.0
2024,Poder Ejecutivo,Ramos Administrativos,Energía,O001,Porcentaje Ejer/Aprob,100.0,0.0,0.0,0.0,100.0,0.0,0.0,0.0,0.0,0.0,100.0,,0.0,
2024,Poder Ejecutivo,Ramos Administrativos,Energía,O001,Porcentaje Ejer/Modif,100.0,0.0,0.0,0.0,100.0,0.0,0.0,0.0,0.0,0.0,100.0,,0.0,
2024,Poder Ejecutivo,Ramos Administrativos,Energía,P001,Conducción de la política energética,0.0,0.0,0.0,0.0,0.0,0.0,0.0,0.0,0.0,0.0,0.0,,0.0,
2024,Poder Ejecutivo,Ramos Administrativos,Energía,P001,Aprobado,200166662.0,44822894.0,0.0,142907472.0,387897028.0,0.0,0.0,0.0,0.0,0.0,387897028.0,100.0,0.0,0.0
2024,Poder Ejecutivo,Ramos Administrativos,Energía,P001,Modificado,192940150.94,71275106.62,0.0,135930134.57,400145392.13,0.0,0.0,0.0,0.0,0.0,400145392.13,100.0,0.0,0.0
2024,Poder Ejecutivo,Ramos Administrativos,Energía,P001,Devengado,192940150.94,71275106.62,0.0,135930134.57,400145392.13,0.0,0.0,0.0,0.0,0.0,400145392.13,100.0,0.0,0.0
2024,Poder Ejecutivo,Ramos Administrativos,Energía,P001,Ejercido,192940150.94,71275106.62,0.0,135930134.57,400145392.13,0.0,0.0,0.0,0.0,0.0,400145392.13,100.0,0.0,0.0
2024,Poder Ejecutivo,Ramos Administrativos,Energía,P001,Porcentaje Ejer/Aprob,96.38975292499008,159.01495923043257,0.0,95.1175838937239,103.15763288859227,0.0,0.0,0.0,0.0,0.0,103.15763288859227,,0.0,
2024,Poder Ejecutivo,Ramos Administrativos,Energía,P001,Porcentaje Ejer/Modif,100.0,100.0,0.0,100.0,100.0,0.0,0.0,0.0,0.0,0.0,100.0,,0.0,
2024,Poder Ejecutivo,Ramos Administrativos,Energía,P002,Coordinación de la política energética en electricidad,0.0,0.0,0.0,0.0,0.0,0.0,0.0,0.0,0.0,0.0,0.0,,0.0,
2024,Poder Ejecutivo,Ramos Administrativos,Energía,P002,Aprobado,67775524.0,20704564.0,0.0,0.0,88480088.0,0.0,0.0,0.0,20000000000.0,20000000000.0,20088480088.0,0.44045187894953897,0.0,99.55954812105045
2024,Poder Ejecutivo,Ramos Administrativos,Energía,P002,Modificado,44566017.21,26605397.85,0.0,56292.94,71227708.0,0.0,0.0,0.0,20000000000.0,20000000000.0,20071227708.0,0.35487469444437636,0.0,99.64512530555562
2024,Poder Ejecutivo,Ramos Administrativos,Energía,P002,Devengado,44566017.21,26605397.85,0.0,56292.94,71227708.0,0.0,0.0,0.0,20000000000.0,20000000000.0,20071227708.0,0.35487469444437636,0.0,99.64512530555562
2024,Poder Ejecutivo,Ramos Administrativos,Energía,P002,Ejercido,44566017.21,26605397.85,0.0,56292.94,71227708.0,0.0,0.0,0.0,20000000000.0,20000000000.0,20071227708.0,0.35487469444437636,0.0,99.64512530555562
2024,Poder Ejecutivo,Ramos Administrativos,Energía,P002,Porcentaje Ejer/Aprob,65.75532667220692,128.50015991643195,0.0,0.0,80.50139823549904,0.0,0.0,0.0,100.0,100.0,99.91411804215937,,0.0,
2024,Poder Ejecutivo,Ramos Administrativos,Energía,P002,Porcentaje Ejer/Modif,100.0,100.0,0.0,100.0,100.0,0.0,0.0,0.0,100.0,100.0,100.0,,0.0,
2024,Poder Ejecutivo,Ramos Administrativos,Energía,P003,Coordinación de la política energética en hidrocarburos,0.0,0.0,0.0,0.0,0.0,0.0,0.0,0.0,0.0,0.0,0.0,,0.0,
2024,Poder Ejecutivo,Ramos Administrativos,Energía,P003,Aprobado,112378155.0,37122922.0,0.0,0.0,149501077.0,0.0,0.0,0.0,145486463716.0,145486463716.0,145635964793.0,0.10265395447648779,0.0,99.89734604552352
2024,Poder Ejecutivo,Ramos Administrativos,Energía,P003,Modificado,100484164.8,34859264.98,0.0,68050.66,135411480.44,0.0,0.0,0.0,156509050000.0,156509050000.0,156644461480.44,0.1,0.0,99.91355488782672
2024,Poder Ejecutivo,Ramos Administrativos,Energía,P003,Devengado,100484164.8,34859264.98,0.0,68050.66,135411480.44,0.0,0.0,0.0,156509050000.0,156509050000.0,156644461480.44,0.1,0.0,99.91355488782672
2024,Poder Ejecutivo,Ramos Administrativos,Energía,P003,Ejercido,100484164.8,34859264.98,0.0,68050.66,135411480.44,0.0,0.0,0.0,156509050000.0,156509050000.0,156644461480.44,0.1,0.0,99.91355488782672
2024,Poder Ejecutivo,Ramos Administrativos,Energía,P003,Porcentaje Ejer/Aprob,89.41610119867157,93.90226604468256,0.0,0.0,90.57558858923805,0.0,0.0,0.0,107.57636552739152,107.57636552739152,107.5589135575728,,0.0,
2024,Poder Ejecutivo,Ramos Administrativos,Energía,P003,Porcentaje Ejer/Modif,100.0,100.0,0.0,100.0,100.0,0.0,0.0,0.0,100.0,100.0,100.0,,0.0,
2024,Poder Ejecutivo,Ramos Administrativos,Energía,P008,"Gestión, promoción, supervisión y evaluación del aprovechamiento sustentable de la energía",0.0,0.0,0.0,0.0,0.0,0.0,0.0,0.0,0.0,0.0,0.0,,0.0,
2024,Poder Ejecutivo,Ramos Administrativos,Energía,P008,Aprobado,56497627.0,35443957.0,0.0,21946.0,91963530.0,0.0,0.0,0.0,0.0,0.0,91963530.0,100.0,0.0,0.0
2024,Poder Ejecutivo,Ramos Administrativos,Energía,P008,Modificado,64875856.12,21533872.6,0.0,0.0,86409728.72,0.0,0.0,0.0,0.0,0.0,86409728.72,100.0,0.0,0.0
2024,Poder Ejecutivo,Ramos Administrativos,Energía,P008,Devengado,64875856.12,21533872.6,0.0,0.0,86409728.72,0.0,0.0,0.0,0.0,0.0,86409728.72,100.0,0.0,0.0
2024,Poder Ejecutivo,Ramos Administrativos,Energía,P008,Ejercido,64875856.12,21533872.6,0.0,0.0,86409728.72,0.0,0.0,0.0,0.0,0.0,86409728.72,100.0,0.0,0.0
2024,Poder Ejecutivo,Ramos Administrativos,Energía,P008,Porcentaje Ejer/Aprob,114.82934693876612,60.754708059261,0.0,0.0,93.96086548656842,0.0,0.0,0.0,0.0,0.0,93.96086548656842,,0.0,
2024,Poder Ejecutivo,Ramos Administrativos,Energía,P008,Porcentaje Ejer/Modif,100.0,100.0,0.0,0.0,100.0,0.0,0.0,0.0,0.0,0.0,100.0,,0.0,
2024,Poder Ejecutivo,Ramos Administrativos,Energía,R002,Recursos destinados a la transición e investigación en materia energética,0.0,0.0,0.0,0.0,0.0,0.0,0.0,0.0,0.0,0.0,0.0,,0.0,
2024,Poder Ejecutivo,Ramos Administrativos,Energía,R002,Aprobado,0.0,0.0,0.0,286191729.0,286191729.0,0.0,0.0,0.0,0.0,0.0,286191729.0,100.0,0.0,0.0
2024,Poder Ejecutivo,Ramos Administrativos,Energía,R002,Modificado,0.0,0.0,0.0,286191729.0,286191729.0,0.0,0.0,0.0,0.0,0.0,286191729.0,100.0,0.0,0.0
2024,Poder Ejecutivo,Ramos Administrativos,Energía,R002,Devengado,0.0,0.0,0.0,286191729.0,286191729.0,0.0,0.0,0.0,0.0,0.0,286191729.0,100.0,0.0,0.0
2024,Poder Ejecutivo,Ramos Administrativos,Energía,R002,Ejercido,0.0,0.0,0.0,286191729.0,286191729.0,0.0,0.0,0.0,0.0,0.0,286191729.0,100.0,0.0,0.0
2024,Poder Ejecutivo,Ramos Administrativos,Energía,R002,Porcentaje Ejer/Aprob,0.0,0.0,0.0,100.0,100.0,0.0,0.0,0.0,0.0,0.0,100.0,,0.0,
2024,Poder Ejecutivo,Ramos Administrativos,Energía,R002,Porcentaje Ejer/Modif,0.0,0.0,0.0,100.0,100.0,0.0,0.0,0.0,0.0,0.0,100.0,,0.0,
2024,Poder Ejecutivo,Ramos Administrativos,Bienestar,TOTAL,Aprobado,7023610338.0,1530976322.0,535377089457.0,1339522.0,543933015639.0,0.0,0.0,0.0,0.0,0.0,543933015639.0,100.0,0.0,0.0
2024,Poder Ejecutivo,Ramos Administrativos,Bienestar,TOTAL,Modificado,11499583491.69,12201135477.98,499413899129.68,94996570.94,523209614670.29,0.0,0.0,0.0,0.0,0.0,523209614670.29,100.0,0.0,0.0
2024,Poder Ejecutivo,Ramos Administrativos,Bienestar,TOTAL,Devengado,11499583491.69,12201135477.98,499413899129.68,94996570.94,523209614670.29,0.0,0.0,0.0,0.0,0.0,523209614670.29,100.0,0.0,0.0
2024,Poder Ejecutivo,Ramos Administrativos,Bienestar,TOTAL,Ejercido,11499583491.69,12201135477.98,499413899129.68,94996570.94,523209614670.29,0.0,0.0,0.0,0.0,0.0,523209614670.29,100.0,0.0,0.0
2024,Poder Ejecutivo,Ramos Administrativos,Bienestar,TOTAL,Porcentaje Ejer/Aprob,163.72752670337562,0.0,93.2826430126483,0.0,96.19008216584083,0.0,0.0,0.0,0.0,0.0,96.19008216584083,,0.0,
2024,Poder Ejecutivo,Ramos Administrativos,Bienestar,TOTAL,Porcentaje Ejer/Modif,100.0,100.0,100.0,100.0,100.0,0.0,0.0,0.0,0.0,0.0,100.0,,0.0,
2024,Poder Ejecutivo,Ramos Administrativos,Bienestar,E003,Servicios a grupos con necesidades especiales,0.0,0.0,0.0,0.0,0.0,0.0,0.0,0.0,0.0,0.0,0.0,,0.0,
2024,Poder Ejecutivo,Ramos Administrativos,Bienestar,E003,Aprobado,290940264.0,47304191.0,0.0,112816.0,338357271.0,0.0,0.0,0.0,0.0,0.0,338357271.0,100.0,0.0,0.0
2024,Poder Ejecutivo,Ramos Administrativos,Bienestar,E003,Modificado,281556527.59,40167426.24,0.0,137816.0,321861769.83,0.0,0.0,0.0,0.0,0.0,321861769.83,100.0,0.0,0.0
2024,Poder Ejecutivo,Ramos Administrativos,Bienestar,E003,Devengado,281556527.59,40167426.24,0.0,137816.0,321861769.83,0.0,0.0,0.0,0.0,0.0,321861769.83,100.0,0.0,0.0
2024,Poder Ejecutivo,Ramos Administrativos,Bienestar,E003,Ejercido,281556527.59,40167426.24,0.0,137816.0,321861769.83,0.0,0.0,0.0,0.0,0.0,321861769.83,100.0,0.0,0.0
2024,Poder Ejecutivo,Ramos Administrativos,Bienestar,E003,Porcentaje Ejer/Aprob,96.77468622562327,84.9130391850481,0.0,122.15997730818324,95.12482733967906,0.0,0.0,0.0,0.0,0.0,95.12482733967906,,0.0,
2024,Poder Ejecutivo,Ramos Administrativos,Bienestar,E003,Porcentaje Ejer/Modif,100.0,100.0,0.0,100.0,100.0,0.0,0.0,0.0,0.0,0.0,100.0,,0.0,
2024,Poder Ejecutivo,Ramos Administrativos,Bienestar,M001,Actividades de apoyo administrativo,0.0,0.0,0.0,0.0,0.0,0.0,0.0,0.0,0.0,0.0,0.0,,0.0,
2024,Poder Ejecutivo,Ramos Administrativos,Bienestar,M001,Aprobado,533910018.0,344504190.0,0.0,700646.0,879114854.0,0.0,0.0,0.0,0.0,0.0,879114854.0,100.0,0.0,0.0
2024,Poder Ejecutivo,Ramos Administrativos,Bienestar,M001,Modificado,638183537.59,185647777.34,0.0,37816767.57,861648082.5,0.0,0.0,0.0,0.0,0.0,861648082.5,100.0,0.0,0.0
2024,Poder Ejecutivo,Ramos Administrativos,Bienestar,M001,Devengado,638183537.59,185647777.34,0.0,37816767.57,861648082.5,0.0,0.0,0.0,0.0,0.0,861648082.5,100.0,0.0,0.0
2024,Poder Ejecutivo,Ramos Administrativos,Bienestar,M001,Ejercido,638183537.59,185647777.34,0.0,37816767.57,861648082.5,0.0,0.0,0.0,0.0,0.0,861648082.5,100.0,0.0,0.0
2024,Poder Ejecutivo,Ramos Administrativos,Bienestar,M001,Porcentaje Ejer/Aprob,119.53016727062051,53.88839460559246,0.0,0.0,98.01314112478869,0.0,0.0,0.0,0.0,0.0,98.01314112478869,,0.0,
2024,Poder Ejecutivo,Ramos Administrativos,Bienestar,M001,Porcentaje Ejer/Modif,100.0,100.0,0.0,100.0,100.0,0.0,0.0,0.0,0.0,0.0,100.0,,0.0,
2024,Poder Ejecutivo,Ramos Administrativos,Bienestar,O001,Actividades de apoyo a la función pública y buen gobierno,0.0,0.0,0.0,0.0,0.0,0.0,0.0,0.0,0.0,0.0,0.0,,0.0,
2024,Poder Ejecutivo,Ramos Administrativos,Bienestar,O001,Aprobado,11886108.0,835738.0,0.0,0.0,12721846.0,0.0,0.0,0.0,0.0,0.0,12721846.0,100.0,0.0,0.0
2024,Poder Ejecutivo,Ramos Administrativos,Bienestar,O001,Modificado,9829813.22,501539.87,0.0,0.0,10331353.09,0.0,0.0,0.0,0.0,0.0,10331353.09,100.0,0.0,0.0
2024,Poder Ejecutivo,Ramos Administrativos,Bienestar,O001,Devengado,9829813.22,501539.87,0.0,0.0,10331353.09,0.0,0.0,0.0,0.0,0.0,10331353.09,100.0,0.0,0.0
2024,Poder Ejecutivo,Ramos Administrativos,Bienestar,O001,Ejercido,9829813.22,501539.87,0.0,0.0,10331353.09,0.0,0.0,0.0,0.0,0.0,10331353.09,100.0,0.0,0.0
2024,Poder Ejecutivo,Ramos Administrativos,Bienestar,O001,Porcentaje Ejer/Aprob,82.70001601870015,60.01161488409047,0.0,0.0,81.20954372502229,0.0,0.0,0.0,0.0,0.0,81.20954372502229,,0.0,
2024,Poder Ejecutivo,Ramos Administrativos,Bienestar,O001,Porcentaje Ejer/Modif,100.0,100.0,0.0,0.0,100.0,0.0,0.0,0.0,0.0,0.0,100.0,,0.0,
2024,Poder Ejecutivo,Ramos Administrativos,Bienestar,P001,Diseño y Conducción de la Política Pública de Desarrollo Social,0.0,0.0,0.0,0.0,0.0,0.0,0.0,0.0,0.0,0.0,0.0,,0.0,
2024,Poder Ejecutivo,Ramos Administrativos,Bienestar,P001,Aprobado,115923575.0,63937996.0,0.0,0.0,179861571.0,0.0,0.0,0.0,0.0,0.0,179861571.0,100.0,0.0,0.0
2024,Poder Ejecutivo,Ramos Administrativos,Bienestar,P001,Modificado,74380247.81,3488405.75,0.0,0.0,77868653.56,0.0,0.0,0.0,0.0,0.0,77868653.56,100.0,0.0,0.0
2024,Poder Ejecutivo,Ramos Administrativos,Bienestar,P001,Devengado,74380247.81,3488405.75,0.0,0.0,77868653.56,0.0,0.0,0.0,0.0,0.0,77868653.56,100.0,0.0,0.0
2024,Poder Ejecutivo,Ramos Administrativos,Bienestar,P001,Ejercido,74380247.81,3488405.75,0.0,0.0,77868653.56,0.0,0.0,0.0,0.0,0.0,77868653.56,100.0,0.0,0.0
2024,Poder Ejecutivo,Ramos Administrativos,Bienestar,P001,Porcentaje Ejer/Aprob,64.16317630818408,5.455919747625496,0.0,0.0,43.293658076632724,0.0,0.0,0.0,0.0,0.0,43.293658076632724,,0.0,
2024,Poder Ejecutivo,Ramos Administrativos,Bienestar,P001,Porcentaje Ejer/Modif,100.0,100.0,0.0,0.0,100.0,0.0,0.0,0.0,0.0,0.0,100.0,,0.0,
2024,Poder Ejecutivo,Ramos Administrativos,Bienestar,P002,"Promoción y evaluación de la política de desarrollo social y comunitario, la participación y la cohesión social",0.0,0.0,0.0,0.0,0.0,0.0,0.0,0.0,0.0,0.0,0.0,,0.0,
2024,Poder Ejecutivo,Ramos Administrativos,Bienestar,P002,Aprobado,5911948693.0,869740212.0,0.0,526060.0,6782214965.0,0.0,0.0,0.0,0.0,0.0,6782214965.0,100.0,0.0,0.0
2024,Poder Ejecutivo,Ramos Administrativos,Bienestar,P002,Modificado,6202376037.65,1057328452.46,0.0,51330589.42,7311035079.53,0.0,0.0,0.0,0.0,0.0,7311035079.53,100.0,0.0,0.0
2024,Poder Ejecutivo,Ramos Administrativos,Bienestar,P002,Devengado,6202376037.65,1057328452.46,0.0,51330589.42,7311035079.53,0.0,0.0,0.0,0.0,0.0,7311035079.53,100.0,0.0,0.0
2024,Poder Ejecutivo,Ramos Administrativos,Bienestar,P002,Ejercido,6202376037.65,1057328452.46,0.0,51330589.42,7311035079.53,0.0,0.0,0.0,0.0,0.0,7311035079.53,100.0,0.0,0.0
2024,Poder Ejecutivo,Ramos Administrativos,Bienestar,P002,Porcentaje Ejer/Aprob,104.91254846297767,121.5683071648066,0.0,0.0,107.797159442144,0.0,0.0,0.0,0.0,0.0,107.797159442144,,0.0,
2024,Poder Ejecutivo,Ramos Administrativos,Bienestar,P002,Porcentaje Ejer/Modif,100.0,100.0,0.0,100.0,100.0,0.0,0.0,0.0,0.0,0.0,100.0,,0.0,
2024,Poder Ejecutivo,Ramos Administrativos,Bienestar,P003,Evaluación de los programas sociales,0.0,0.0,0.0,0.0,0.0,0.0,0.0,0.0,0.0,0.0,0.0,,0.0,
2024,Poder Ejecutivo,Ramos Administrativos,Bienestar,P003,Aprobado,138436451.0,190301091.0,0.0,0.0,328737542.0,0.0,0.0,0.0,0.0,0.0,328737542.0,100.0,0.0,0.0
2024,Poder Ejecutivo,Ramos Administrativos,Bienestar,P003,Modificado,145886750.6,111317115.44,0.0,0.0,257203866.04,0.0,0.0,0.0,0.0,0.0,257203866.04,100.0,0.0,0.0
2024,Poder Ejecutivo,Ramos Administrativos,Bienestar,P003,Devengado,145886750.6,111317115.44,0.0,0.0,257203866.04,0.0,0.0,0.0,0.0,0.0,257203866.04,100.0,0.0,0.0
2024,Poder Ejecutivo,Ramos Administrativos,Bienestar,P003,Ejercido,145886750.6,111317115.44,0.0,0.0,257203866.04,0.0,0.0,0.0,0.0,0.0,257203866.04,100.0,0.0,0.0
2024,Poder Ejecutivo,Ramos Administrativos,Bienestar,P003,Porcentaje Ejer/Aprob,105.38174703712968,58.49525867405563,0.0,0.0,78.23988233141927,0.0,0.0,0.0,0.0,0.0,78.23988233141927,,0.0,
2024,Poder Ejecutivo,Ramos Administrativos,Bienestar,P003,Porcentaje Ejer/Modif,100.0,100.0,0.0,0.0,100.0,0.0,0.0,0.0,0.0,0.0,100.0,,0.0,
2024,Poder Ejecutivo,Ramos Administrativos,Bienestar,P004,Desarrollo integral de las personas con discapacidad,0.0,0.0,0.0,0.0,0.0,0.0,0.0,0.0,0.0,0.0,0.0,,0.0,
2024,Poder Ejecutivo,Ramos Administrativos,Bienestar,P004,Aprobado,20565229.0,14352904.0,0.0,0.0,34918133.0,0.0,0.0,0.0,0.0,0.0,34918133.0,100.0,0.0,0.0
2024,Poder Ejecutivo,Ramos Administrativos,Bienestar,P004,Modificado,11302551.98,1262052.44,0.0,5711397.95,18276002.37,0.0,0.0,0.0,0.0,0.0,18276002.37,100.0,0.0,0.0
2024,Poder Ejecutivo,Ramos Administrativos,Bienestar,P004,Devengado,11302551.98,1262052.44,0.0,5711397.95,18276002.37,0.0,0.0,0.0,0.0,0.0,18276002.37,100.0,0.0,0.0
2024,Poder Ejecutivo,Ramos Administrativos,Bienestar,P004,Ejercido,11302551.98,1262052.44,0.0,5711397.95,18276002.37,0.0,0.0,0.0,0.0,0.0,18276002.37,100.0,0.0,0.0
2024,Poder Ejecutivo,Ramos Administrativos,Bienestar,P004,Porcentaje Ejer/Aprob,54.959524058788745,8.793011086815602,0.0,0.0,52.339574885060436,0.0,0.0,0.0,0.0,0.0,52.339574885060436,,0.0,
2024,Poder Ejecutivo,Ramos Administrativos,Bienestar,P004,Porcentaje Ejer/Modif,100.0,100.0,0.0,100.0,100.0,0.0,0.0,0.0,0.0,0.0,100.0,,0.0,
2024,Poder Ejecutivo,Ramos Administrativos,Bienestar,S174,"Programa de Apoyo para el Bienestar de las Niñas y Niños, Hijos de Madres Trabajadoras",0.0,0.0,0.0,0.0,0.0,0.0,0.0,0.0,0.0,0.0,0.0,,0.0,
2024,Poder Ejecutivo,Ramos Administrativos,Bienestar,S174,Aprobado,0.0,0.0,3067711099.0,0.0,3067711099.0,0.0,0.0,0.0,0.0,0.0,3067711099.0,100.0,0.0,0.0
2024,Poder Ejecutivo,Ramos Administrativos,Bienestar,S174,Modificado,40329918.86,44000000.0,2376207290.0,0.0,2460537208.86,0.0,0.0,0.0,0.0,0.0,2460537208.86,100.0,0.0,0.0
2024,Poder Ejecutivo,Ramos Administrativos,Bienestar,S174,Devengado,40329918.86,44000000.0,2376207290.0,0.0,2460537208.86,0.0,0.0,0.0,0.0,0.0,2460537208.86,100.0,0.0,0.0
2024,Poder Ejecutivo,Ramos Administrativos,Bienestar,S174,Ejercido,40329918.86,44000000.0,2376207290.0,0.0,2460537208.86,0.0,0.0,0.0,0.0,0.0,2460537208.86,100.0,0.0,0.0
2024,Poder Ejecutivo,Ramos Administrativos,Bienestar,S174,Porcentaje Ejer/Aprob,0.0,0.0,77.45863979090424,0.0,80.20759222281642,0.0,0.0,0.0,0.0,0.0,80.20759222281642,,0.0,
2024,Poder Ejecutivo,Ramos Administrativos,Bienestar,S174,Porcentaje Ejer/Modif,100.0,100.0,100.0,0.0,100.0,0.0,0.0,0.0,0.0,0.0,100.0,,0.0,
2024,Poder Ejecutivo,Ramos Administrativos,Bienestar,S176,Pensión para el Bienestar de las Personas Adultas Mayores,0.0,0.0,0.0,0.0,0.0,0.0,0.0,0.0,0.0,0.0,0.0,,0.0,
2024,Poder Ejecutivo,Ramos Administrativos,Bienestar,S176,Aprobado,0.0,0.0,465048652027.0,0.0,465048652027.0,0.0,0.0,0.0,0.0,0.0,465048652027.0,100.0,0.0,0.0
2024,Poder Ejecutivo,Ramos Administrativos,Bienestar,S176,Modificado,1918766971.04,9363075980.75,431445583758.0,0.0,442727426709.79,0.0,0.0,0.0,0.0,0.0,442727426709.79,100.0,0.0,0.0
2024,Poder Ejecutivo,Ramos Administrativos,Bienestar,S176,Devengado,1918766971.04,9363075980.75,431445583758.0,0.0,442727426709.79,0.0,0.0,0.0,0.0,0.0,442727426709.79,100.0,0.0,0.0
2024,Poder Ejecutivo,Ramos Administrativos,Bienestar,S176,Ejercido,1918766971.04,9363075980.75,431445583758.0,0.0,442727426709.79,0.0,0.0,0.0,0.0,0.0,442727426709.79,100.0,0.0,0.0
2024,Poder Ejecutivo,Ramos Administrativos,Bienestar,S176,Porcentaje Ejer/Aprob,0.0,0.0,92.77428971731563,0.0,95.20023868042217,0.0,0.0,0.0,0.0,0.0,95.20023868042217,,0.0,
2024,Poder Ejecutivo,Ramos Administrativos,Bienestar,S176,Porcentaje Ejer/Modif,100.0,100.0,100.0,0.0,100.0,0.0,0.0,0.0,0.0,0.0,100.0,,0.0,
2024,Poder Ejecutivo,Ramos Administrativos,Bienestar,S286,Pensión para el Bienestar de las Personas con Discapacidad Permanente,0.0,0.0,0.0,0.0,0.0,0.0,0.0,0.0,0.0,0.0,0.0,,0.0,
2024,Poder Ejecutivo,Ramos Administrativos,Bienestar,S286,Aprobado,0.0,0.0,27860384865.0,0.0,27860384865.0,0.0,0.0,0.0,0.0,0.0,27860384865.0,100.0,0.0,0.0
2024,Poder Ejecutivo,Ramos Administrativos,Bienestar,S286,Modificado,187092703.39,658153356.36,24817680225.0,0.0,25662926284.75,0.0,0.0,0.0,0.0,0.0,25662926284.75,100.0,0.0,0.0
2024,Poder Ejecutivo,Ramos Administrativos,Bienestar,S286,Devengado,187092703.39,658153356.36,24817680225.0,0.0,25662926284.75,0.0,0.0,0.0,0.0,0.0,25662926284.75,100.0,0.0,0.0
2024,Poder Ejecutivo,Ramos Administrativos,Bienestar,S286,Ejercido,187092703.39,658153356.36,24817680225.0,0.0,25662926284.75,0.0,0.0,0.0,0.0,0.0,25662926284.75,100.0,0.0,0.0
2024,Poder Ejecutivo,Ramos Administrativos,Bienestar,S286,Porcentaje Ejer/Aprob,0.0,0.0,89.0787415366166,0.0,92.11260508102102,0.0,0.0,0.0,0.0,0.0,92.11260508102102,,0.0,
2024,Poder Ejecutivo,Ramos Administrativos,Bienestar,S286,Porcentaje Ejer/Modif,100.0,100.0,100.0,0.0,100.0,0.0,0.0,0.0,0.0,0.0,100.0,,0.0,
2024,Poder Ejecutivo,Ramos Administrativos,Bienestar,S287,Sembrando Vida,0.0,0.0,0.0,0.0,0.0,0.0,0.0,0.0,0.0,0.0,0.0,,0.0,
2024,Poder Ejecutivo,Ramos Administrativos,Bienestar,S287,Aprobado,0.0,0.0,38928625861.0,0.0,38928625861.0,0.0,0.0,0.0,0.0,0.0,38928625861.0,100.0,0.0,0.0
2024,Poder Ejecutivo,Ramos Administrativos,Bienestar,S287,Modificado,1982800140.98,735293874.85,32502143173.56,0.0,35220237189.39,0.0,0.0,0.0,0.0,0.0,35220237189.39,100.0,0.0,0.0
2024,Poder Ejecutivo,Ramos Administrativos,Bienestar,S287,Devengado,1982800140.98,735293874.85,32502143173.56,0.0,35220237189.39,0.0,0.0,0.0,0.0,0.0,35220237189.39,100.0,0.0,0.0
2024,Poder Ejecutivo,Ramos Administrativos,Bienestar,S287,Ejercido,1982800140.98,735293874.85,32502143173.56,0.0,35220237189.39,0.0,0.0,0.0,0.0,0.0,35220237189.39,100.0,0.0,0.0
2024,Poder Ejecutivo,Ramos Administrativos,Bienestar,S287,Porcentaje Ejer/Aprob,0.0,0.0,83.49162718872576,0.0,90.47387728287325,0.0,0.0,0.0,0.0,0.0,90.47387728287325,,0.0,
2024,Poder Ejecutivo,Ramos Administrativos,Bienestar,S287,Porcentaje Ejer/Modif,100.0,100.0,100.0,0.0,100.0,0.0,0.0,0.0,0.0,0.0,100.0,,0.0,
2024,Poder Ejecutivo,Ramos Administrativos,Bienestar,U011,Programa para el Bienestar de las Personas en Emergencia Social o Natural,0.0,0.0,0.0,0.0,0.0,0.0,0.0,0.0,0.0,0.0,0.0,,0.0,
2024,Poder Ejecutivo,Ramos Administrativos,Bienestar,U011,Aprobado,0.0,0.0,471715605.0,0.0,471715605.0,0.0,0.0,0.0,0.0,0.0,471715605.0,100.0,0.0,0.0
2024,Poder Ejecutivo,Ramos Administrativos,Bienestar,U011,Modificado,7078290.98,899496.48,8272284683.12,0.0,8280262470.58,0.0,0.0,0.0,0.0,0.0,8280262470.58,100.0,0.0,0.0
2024,Poder Ejecutivo,Ramos Administrativos,Bienestar,U011,Devengado,7078290.98,899496.48,8272284683.12,0.0,8280262470.58,0.0,0.0,0.0,0.0,0.0,8280262470.58,100.0,0.0,0.0
2024,Poder Ejecutivo,Ramos Administrativos,Bienestar,U011,Ejercido,7078290.98,899496.48,8272284683.12,0.0,8280262470.58,0.0,0.0,0.0,0.0,0.0,8280262470.58,100.0,0.0,0.0
2024,Poder Ejecutivo,Ramos Administrativos,Bienestar,U011,Porcentaje Ejer/Aprob,0.0,0.0,0.0,0.0,0.0,0.0,0.0,0.0,0.0,0.0,0.0,,0.0,
2024,Poder Ejecutivo,Ramos Administrativos,Bienestar,U011,Porcentaje Ejer/Modif,100.0,100.0,100.0,0.0,100.0,0.0,0.0,0.0,0.0,0.0,100.0,,0.0,
2024,Poder Ejecutivo,Ramos Administrativos,Turismo,TOTAL,Aprobado,843871177.0,927407030.0,0.0,52409472.0,1823687679.0,0.0,150000000.0,0.0,0.0,150000000.0,1973687679.0,92.40001335591252,0.0,7.599986644087471
2024,Poder Ejecutivo,Ramos Administrativos,Turismo,TOTAL,Modificado,885050388.42,560577945.94,0.0,64107618.89,1509735953.25,0.0,134372831392.21,399720779.25,0.0,134772552171.46,136282288124.71,1.1078005616316493,0.0,98.89219943836835
2024,Poder Ejecutivo,Ramos Administrativos,Turismo,TOTAL,Devengado,885050388.42,560577945.94,0.0,64107618.89,1509735953.25,0.0,134372831392.21,399720779.25,0.0,134772552171.46,136282288124.71,1.1078005616316493,0.0,98.89219943836835
2024,Poder Ejecutivo,Ramos Administrativos,Turismo,TOTAL,Ejercido,885050388.42,560577945.94,0.0,64107618.89,1509735953.25,0.0,134372831392.21,399720779.25,0.0,134772552171.46,136282288124.71,1.1078005616316493,0.0,98.89219943836835
2024,Poder Ejecutivo,Ramos Administrativos,Turismo,TOTAL,Porcentaje Ejer/Aprob,104.87979830836194,60.445729631788545,0.0,122.32067304551362,82.7847865966747,0.0,0.0,0.0,0.0,0.0,0.0,,0.0,
2024,Poder Ejecutivo,Ramos Administrativos,Turismo,TOTAL,Porcentaje Ejer/Modif,100.0,100.0,0.0,100.0,100.0,0.0,100.0,100.0,0.0,100.0,100.0,,0.0,
2024,Poder Ejecutivo,Ramos Administrativos,Turismo,E005,Programa de Calidad y Atención Integral al Turismo,0.0,0.0,0.0,0.0,0.0,0.0,0.0,0.0,0.0,0.0,0.0,,0.0,
2024,Poder Ejecutivo,Ramos Administrativos,Turismo,E005,Aprobado,219597583.0,83986645.0,0.0,0.0,303584228.0,0.0,150000000.0,0.0,0.0,150000000.0,453584228.0,66.9300670657358,0.0,33.069932934264195
2024,Poder Ejecutivo,Ramos Administrativos,Turismo,E005,Modificado,227228260.53,76401494.85,0.0,186963.0,303816718.38,0.0,149007481.0,0.0,0.0,149007481.0,452824199.38,67.09374604890401,0.0,32.906253951095984
2024,Poder Ejecutivo,Ramos Administrativos,Turismo,E005,Devengado,227228260.53,76401494.85,0.0,186963.0,303816718.38,0.0,149007481.0,0.0,0.0,149007481.0,452824199.38,67.09374604890401,0.0,32.906253951095984
2024,Poder Ejecutivo,Ramos Administrativos,Turismo,E005,Ejercido,227228260.53,76401494.85,0.0,186963.0,303816718.38,0.0,149007481.0,0.0,0.0,149007481.0,452824199.38,67.09374604890401,0.0,32.906253951095984
2024,Poder Ejecutivo,Ramos Administrativos,Turismo,E005,Porcentaje Ejer/Aprob,103.47484586385451,90.96862346388524,0.0,0.0,100.07658183744643,0.0,99.33832066666668,0.0,0.0,99.33832066666668,99.83243936338985,,0.0,
2024,Poder Ejecutivo,Ramos Administrativos,Turismo,E005,Porcentaje Ejer/Modif,100.0,100.0,0.0,100.0,100.0,0.0,100.0,0.0,0.0,100.0,100.0,,0.0,
2024,Poder Ejecutivo,Ramos Administrativos,Turismo,E007,Conservación y mantenimiento a los CIP's,0.0,0.0,0.0,0.0,0.0,0.0,0.0,0.0,0.0,0.0,0.0,,0.0,
2024,Poder Ejecutivo,Ramos Administrativos,Turismo,E007,Aprobado,0.0,137121288.0,0.0,0.0,137121288.0,0.0,0.0,0.0,0.0,0.0,137121288.0,100.0,0.0,0.0
2024,Poder Ejecutivo,Ramos Administrativos,Turismo,E007,Modificado,0.0,13551310.16,0.0,0.0,13551310.16,0.0,0.0,0.0,0.0,0.0,13551310.16,100.0,0.0,0.0
2024,Poder Ejecutivo,Ramos Administrativos,Turismo,E007,Devengado,0.0,13551310.16,0.0,0.0,13551310.16,0.0,0.0,0.0,0.0,0.0,13551310.16,100.0,0.0,0.0
2024,Poder Ejecutivo,Ramos Administrativos,Turismo,E007,Ejercido,0.0,13551310.16,0.0,0.0,13551310.16,0.0,0.0,0.0,0.0,0.0,13551310.16,100.0,0.0,0.0
2024,Poder Ejecutivo,Ramos Administrativos,Turismo,E007,Porcentaje Ejer/Aprob,0.0,9.882717962800932,0.0,0.0,9.882717962800932,0.0,0.0,0.0,0.0,0.0,9.882717962800932,,0.0,
2024,Poder Ejecutivo,Ramos Administrativos,Turismo,E007,Porcentaje Ejer/Modif,0.0,100.0,0.0,0.0,100.0,0.0,0.0,0.0,0.0,0.0,100.0,,0.0,
2024,Poder Ejecutivo,Ramos Administrativos,Turismo,F001,Promoción de México como Destino Turístico,0.0,0.0,0.0,0.0,0.0,0.0,0.0,0.0,0.0,0.0,0.0,,0.0,
2024,Poder Ejecutivo,Ramos Administrativos,Turismo,F001,Aprobado,8961207.0,39895377.0,0.0,5921200.0,54777784.0,0.0,0.0,0.0,0.0,0.0,54777784.0,100.0,0.0,0.0
2024,Poder Ejecutivo,Ramos Administrativos,Turismo,F001,Modificado,10164895.44,46932917.48,0.0,4413744.29,61511557.21,0.0,0.0,0.0,0.0,0.0,61511557.21,100.0,0.0,0.0
2024,Poder Ejecutivo,Ramos Administrativos,Turismo,F001,Devengado,10164895.44,46932917.48,0.0,4413744.29,61511557.21,0.0,0.0,0.0,0.0,0.0,61511557.21,100.0,0.0,0.0
2024,Poder Ejecutivo,Ramos Administrativos,Turismo,F001,Ejercido,10164895.44,46932917.48,0.0,4413744.29,61511557.21,0.0,0.0,0.0,0.0,0.0,61511557.21,100.0,0.0,0.0
2024,Poder Ejecutivo,Ramos Administrativos,Turismo,F001,Porcentaje Ejer/Aprob,113.43221331679985,117.63998991662616,0.0,74.54138164561238,112.29289087342416,0.0,0.0,0.0,0.0,0.0,112.29289087342416,,0.0,
2024,Poder Ejecutivo,Ramos Administrativos,Turismo,F001,Porcentaje Ejer/Modif,100.0,100.0,0.0,100.0,100.0,0.0,0.0,0.0,0.0,0.0,100.0,,0.0,
2024,Poder Ejecutivo,Ramos Administrativos,Turismo,F002,Fomento y promoción de la inversión en el sector turístico,0.0,0.0,0.0,0.0,0.0,0.0,0.0,0.0,0.0,0.0,0.0,,0.0,
2024,Poder Ejecutivo,Ramos Administrativos,Turismo,F002,Aprobado,174175307.0,525440018.0,0.0,25710925.0,725326250.0,0.0,0.0,0.0,0.0,0.0,725326250.0,100.0,0.0,0.0
2024,Poder Ejecutivo,Ramos Administrativos,Turismo,F002,Modificado,175483782.9,309635445.18,0.0,35460240.77,520579468.85,0.0,0.0,0.0,0.0,0.0,520579468.85,100.0,0.0,0.0
2024,Poder Ejecutivo,Ramos Administrativos,Turismo,F002,Devengado,175483782.9,309635445.18,0.0,35460240.77,520579468.85,0.0,0.0,0.0,0.0,0.0,520579468.85,100.0,0.0,0.0
2024,Poder Ejecutivo,Ramos Administrativos,Turismo,F002,Ejercido,175483782.9,309635445.18,0.0,35460240.77,520579468.85,0.0,0.0,0.0,0.0,0.0,520579468.85,100.0,0.0,0.0
2024,Poder Ejecutivo,Ramos Administrativos,Turismo,F002,Porcentaje Ejer/Aprob,100.75124075997755,58.92879007552104,0.0,137.91896156983853,71.77176737364738,0.0,0.0,0.0,0.0,0.0,71.77176737364738,,0.0,
2024,Poder Ejecutivo,Ramos Administrativos,Turismo,F002,Porcentaje Ejer/Modif,100.0,100.0,0.0,100.0,100.0,0.0,0.0,0.0,0.0,0.0,100.0,,0.0,
2024,Poder Ejecutivo,Ramos Administrativos,Turismo,F005,Desarrollo y promoción de proyectos turísticos sustentables,0.0,0.0,0.0,0.0,0.0,0.0,0.0,0.0,0.0,0.0,0.0,,0.0,
2024,Poder Ejecutivo,Ramos Administrativos,Turismo,F005,Aprobado,68042242.0,24310589.0,0.0,0.0,92352831.0,0.0,0.0,0.0,0.0,0.0,92352831.0,100.0,0.0,0.0
2024,Poder Ejecutivo,Ramos Administrativos,Turismo,F005,Modificado,76900079.16,25927047.19,0.0,0.0,102827126.35,0.0,0.0,0.0,0.0,0.0,102827126.35,100.0,0.0,0.0
2024,Poder Ejecutivo,Ramos Administrativos,Turismo,F005,Devengado,76900079.16,25927047.19,0.0,0.0,102827126.35,0.0,0.0,0.0,0.0,0.0,102827126.35,100.0,0.0,0.0
2024,Poder Ejecutivo,Ramos Administrativos,Turismo,F005,Ejercido,76900079.16,25927047.19,0.0,0.0,102827126.35,0.0,0.0,0.0,0.0,0.0,102827126.35,100.0,0.0,0.0
2024,Poder Ejecutivo,Ramos Administrativos,Turismo,F005,Porcentaje Ejer/Aprob,113.01814416991138,106.64919385540186,0.0,0.0,111.34160722154797,0.0,0.0,0.0,0.0,0.0,111.34160722154797,,0.0,
2024,Poder Ejecutivo,Ramos Administrativos,Turismo,F005,Porcentaje Ejer/Modif,100.0,100.0,0.0,0.0,100.0,0.0,0.0,0.0,0.0,0.0,100.0,,0.0,
2024,Poder Ejecutivo,Ramos Administrativos,Turismo,G001,Regulación y certificación de estándares de calidad turística,0.0,0.0,0.0,0.0,0.0,0.0,0.0,0.0,0.0,0.0,0.0,,0.0,
2024,Poder Ejecutivo,Ramos Administrativos,Turismo,G001,Aprobado,36282930.0,11811120.0,0.0,0.0,48094050.0,0.0,0.0,0.0,0.0,0.0,48094050.0,100.0,0.0,0.0
2024,Poder Ejecutivo,Ramos Administrativos,Turismo,G001,Modificado,38741453.9,8904890.2,0.0,0.0,47646344.1,0.0,0.0,0.0,0.0,0.0,47646344.1,100.0,0.0,0.0
2024,Poder Ejecutivo,Ramos Administrativos,Turismo,G001,Devengado,38741453.9,8904890.2,0.0,0.0,47646344.1,0.0,0.0,0.0,0.0,0.0,47646344.1,100.0,0.0,0.0
2024,Poder Ejecutivo,Ramos Administrativos,Turismo,G001,Ejercido,38741453.9,8904890.2,0.0,0.0,47646344.1,0.0,0.0,0.0,0.0,0.0,47646344.1,100.0,0.0,0.0
2024,Poder Ejecutivo,Ramos Administrativos,Turismo,G001,Porcentaje Ejer/Aprob,106.77597950330913,75.39412181063268,0.0,0.0,99.06910335062238,0.0,0.0,0.0,0.0,0.0,99.06910335062238,,0.0,
2024,Poder Ejecutivo,Ramos Administrativos,Turismo,G001,Porcentaje Ejer/Modif,100.0,100.0,0.0,0.0,100.0,0.0,0.0,0.0,0.0,0.0,100.0,,0.0,
2024,Poder Ejecutivo,Ramos Administrativos,Turismo,K027,Mantenimiento de infraestructura,0.0,0.0,0.0,0.0,0.0,0.0,0.0,0.0,0.0,0.0,0.0,,0.0,
2024,Poder Ejecutivo,Ramos Administrativos,Turismo,K027,Aprobado,0.0,0.0,0.0,0.0,0.0,0.0,0.0,0.0,0.0,0.0,0.0,0.0,0.0,0.0
2024,Poder Ejecutivo,Ramos Administrativos,Turismo,K027,Modificado,0.0,0.0,0.0,0.0,0.0,0.0,101688556.03,399720779.25,0.0,501409335.28,501409335.28,0.0,0.0,100.0
2024,Poder Ejecutivo,Ramos Administrativos,Turismo,K027,Devengado,0.0,0.0,0.0,0.0,0.0,0.0,101688556.03,399720779.25,0.0,501409335.28,501409335.28,0.0,0.0,100.0
2024,Poder Ejecutivo,Ramos Administrativos,Turismo,K027,Ejercido,0.0,0.0,0.0,0.0,0.0,0.0,101688556.03,399720779.25,0.0,501409335.28,501409335.28,0.0,0.0,100.0
2024,Poder Ejecutivo,Ramos Administrativos,Turismo,K027,Porcentaje Ejer/Aprob,0.0,0.0,0.0,0.0,0.0,0.0,0.0,0.0,0.0,0.0,0.0,,0.0,
2024,Poder Ejecutivo,Ramos Administrativos,Turismo,K027,Porcentaje Ejer/Modif,0.0,0.0,0.0,0.0,0.0,0.0,100.0,100.0,0.0,100.0,100.0,,0.0,
2024,Poder Ejecutivo,Ramos Administrativos,Turismo,K041,Proyectos de Transporte Masivo de Pasajeros,0.0,0.0,0.0,0.0,0.0,0.0,0.0,0.0,0.0,0.0,0.0,,0.0,
2024,Poder Ejecutivo,Ramos Administrativos,Turismo,K041,Aprobado,0.0,0.0,0.0,0.0,0.0,0.0,0.0,0.0,0.0,0.0,0.0,0.0,0.0,0.0
2024,Poder Ejecutivo,Ramos Administrativos,Turismo,K041,Modificado,0.0,0.0,0.0,0.0,0.0,0.0,134122135355.18,0.0,0.0,134122135355.18,134122135355.18,0.0,0.0,100.0
2024,Poder Ejecutivo,Ramos Administrativos,Turismo,K041,Devengado,0.0,0.0,0.0,0.0,0.0,0.0,134122135355.18,0.0,0.0,134122135355.18,134122135355.18,0.0,0.0,100.0
2024,Poder Ejecutivo,Ramos Administrativos,Turismo,K041,Ejercido,0.0,0.0,0.0,0.0,0.0,0.0,134122135355.18,0.0,0.0,134122135355.18,134122135355.18,0.0,0.0,100.0
2024,Poder Ejecutivo,Ramos Administrativos,Turismo,K041,Porcentaje Ejer/Aprob,0.0,0.0,0.0,0.0,0.0,0.0,0.0,0.0,0.0,0.0,0.0,,0.0,
2024,Poder Ejecutivo,Ramos Administrativos,Turismo,K041,Porcentaje Ejer/Modif,0.0,0.0,0.0,0.0,0.0,0.0,100.0,0.0,0.0,100.0,100.0,,0.0,
2024,Poder Ejecutivo,Ramos Administrativos,Turismo,M001,Actividades de apoyo administrativo,0.0,0.0,0.0,0.0,0.0,0.0,0.0,0.0,0.0,0.0,0.0,,0.0,
2024,Poder Ejecutivo,Ramos Administrativos,Turismo,M001,Aprobado,183576983.0,46619588.0,0.0,16125634.0,246322205.0,0.0,0.0,0.0,0.0,0.0,246322205.0,100.0,0.0,0.0
2024,Poder Ejecutivo,Ramos Administrativos,Turismo,M001,Modificado,195853871.6,33067292.36,0.0,20409707.79,249330871.75,0.0,0.0,0.0,0.0,0.0,249330871.75,100.0,0.0,0.0
2024,Poder Ejecutivo,Ramos Administrativos,Turismo,M001,Devengado,195853871.6,33067292.36,0.0,20409707.79,249330871.75,0.0,0.0,0.0,0.0,0.0,249330871.75,100.0,0.0,0.0
2024,Poder Ejecutivo,Ramos Administrativos,Turismo,M001,Ejercido,195853871.6,33067292.36,0.0,20409707.79,249330871.75,0.0,0.0,0.0,0.0,0.0,249330871.75,100.0,0.0,0.0
2024,Poder Ejecutivo,Ramos Administrativos,Turismo,M001,Porcentaje Ejer/Aprob,106.68759688680578,70.9300398793743,0.0,126.56685492179717,101.2214354568643,0.0,0.0,0.0,0.0,0.0,101.2214354568643,,0.0,
2024,Poder Ejecutivo,Ramos Administrativos,Turismo,M001,Porcentaje Ejer/Modif,100.0,100.0,0.0,100.0,100.0,0.0,0.0,0.0,0.0,0.0,100.0,,0.0,
2024,Poder Ejecutivo,Ramos Administrativos,Turismo,O001,Actividades de apoyo a la función pública y buen gobierno,0.0,0.0,0.0,0.0,0.0,0.0,0.0,0.0,0.0,0.0,0.0,,0.0,
2024,Poder Ejecutivo,Ramos Administrativos,Turismo,O001,Aprobado,23228777.0,7568777.0,0.0,1995522.0,32793076.0,0.0,0.0,0.0,0.0,0.0,32793076.0,100.0,0.0,0.0
2024,Poder Ejecutivo,Ramos Administrativos,Turismo,O001,Modificado,22812433.54,5440376.56,0.0,2612513.37,30865323.47,0.0,0.0,0.0,0.0,0.0,30865323.47,100.0,0.0,0.0
2024,Poder Ejecutivo,Ramos Administrativos,Turismo,O001,Devengado,22812433.54,5440376.56,0.0,2612513.37,30865323.47,0.0,0.0,0.0,0.0,0.0,30865323.47,100.0,0.0,0.0
2024,Poder Ejecutivo,Ramos Administrativos,Turismo,O001,Ejercido,22812433.54,5440376.56,0.0,2612513.37,30865323.47,0.0,0.0,0.0,0.0,0.0,30865323.47,100.0,0.0,0.0
2024,Poder Ejecutivo,Ramos Administrativos,Turismo,O001,Porcentaje Ejer/Aprob,98.20763934321639,71.87920267699788,0.0,130.91879568353545,94.12146475676755,0.0,0.0,0.0,0.0,0.0,94.12146475676755,,0.0,
2024,Poder Ejecutivo,Ramos Administrativos,Turismo,O001,Porcentaje Ejer/Modif,100.0,100.0,0.0,100.0,100.0,0.0,0.0,0.0,0.0,0.0,100.0,,0.0,
2024,Poder Ejecutivo,Ramos Administrativos,Turismo,P001,Planeación y conducción de la política de turismo,0.0,0.0,0.0,0.0,0.0,0.0,0.0,0.0,0.0,0.0,0.0,,0.0,
2024,Poder Ejecutivo,Ramos Administrativos,Turismo,P001,Aprobado,116033277.0,46021792.0,0.0,2656191.0,164711260.0,0.0,0.0,0.0,0.0,0.0,164711260.0,100.0,0.0,0.0
2024,Poder Ejecutivo,Ramos Administrativos,Turismo,P001,Modificado,122302537.73,36751134.55,0.0,1024449.67,160078121.95,0.0,0.0,0.0,0.0,0.0,160078121.95,100.0,0.0,0.0
2024,Poder Ejecutivo,Ramos Administrativos,Turismo,P001,Devengado,122302537.73,36751134.55,0.0,1024449.67,160078121.95,0.0,0.0,0.0,0.0,0.0,160078121.95,100.0,0.0,0.0
2024,Poder Ejecutivo,Ramos Administrativos,Turismo,P001,Ejercido,122302537.73,36751134.55,0.0,1024449.67,160078121.95,0.0,0.0,0.0,0.0,0.0,160078121.95,100.0,0.0,0.0
2024,Poder Ejecutivo,Ramos Administrativos,Turismo,P001,Porcentaje Ejer/Aprob,105.40298515399165,79.85593987735201,0.0,38.568373659876116,97.1871151674755,0.0,0.0,0.0,0.0,0.0,97.1871151674755,,0.0,
2024,Poder Ejecutivo,Ramos Administrativos,Turismo,P001,Porcentaje Ejer/Modif,100.0,100.0,0.0,100.0,100.0,0.0,0.0,0.0,0.0,0.0,100.0,,0.0,
2024,Poder Ejecutivo,Ramos Administrativos,Turismo,P002,Impulso a la competitividad del sector turismo,0.0,0.0,0.0,0.0,0.0,0.0,0.0,0.0,0.0,0.0,0.0,,0.0,
2024,Poder Ejecutivo,Ramos Administrativos,Turismo,P002,Aprobado,13972871.0,4631836.0,0.0,0.0,18604707.0,0.0,0.0,0.0,0.0,0.0,18604707.0,100.0,0.0,0.0
2024,Poder Ejecutivo,Ramos Administrativos,Turismo,P002,Modificado,15563073.62,3966037.41,0.0,0.0,19529111.03,0.0,0.0,0.0,0.0,0.0,19529111.03,100.0,0.0,0.0
2024,Poder Ejecutivo,Ramos Administrativos,Turismo,P002,Devengado,15563073.62,3966037.41,0.0,0.0,19529111.03,0.0,0.0,0.0,0.0,0.0,19529111.03,100.0,0.0,0.0
2024,Poder Ejecutivo,Ramos Administrativos,Turismo,P002,Ejercido,15563073.62,3966037.41,0.0,0.0,19529111.03,0.0,0.0,0.0,0.0,0.0,19529111.03,100.0,0.0,0.0
2024,Poder Ejecutivo,Ramos Administrativos,Turismo,P002,Porcentaje Ejer/Aprob,111.38064339103968,85.62560094960185,0.0,0.0,104.96865674906894,0.0,0.0,0.0,0.0,0.0,104.96865674906894,,0.0,
2024,Poder Ejecutivo,Ramos Administrativos,Turismo,P002,Porcentaje Ejer/Modif,100.0,100.0,0.0,0.0,100.0,0.0,0.0,0.0,0.0,0.0,100.0,,0.0,
2024,Poder Ejecutivo,Ramos Administrativos,Función Pública,TOTAL,Aprobado,1513184835.0,120575411.0,0.0,2825000.0,1636585246.0,0.0,0.0,0.0,0.0,0.0,1636585246.0,100.0,0.0,0.0
2024,Poder Ejecutivo,Ramos Administrativos,Función Pública,TOTAL,Modificado,1758453340.74,647253709.85,203460.0,3356482.62,2409266993.21,0.0,29716289.61,0.0,0.0,29716289.61,2438983282.82,98.7816115912184,0.0,1.218388408781607
2024,Poder Ejecutivo,Ramos Administrativos,Función Pública,TOTAL,Devengado,1758453340.74,647249615.84,203460.0,3356482.62,2409262899.2,0.0,29716289.61,0.0,0.0,29716289.61,2438979188.81,98.78160954606182,0.0,1.2183904539381842
2024,Poder Ejecutivo,Ramos Administrativos,Función Pública,TOTAL,Ejercido,1758453340.74,647249615.84,203460.0,3356482.62,2409262899.2,0.0,29716289.61,0.0,0.0,29716289.61,2438979188.81,98.78160954606182,0.0,1.2183904539381842
2024,Poder Ejecutivo,Ramos Administrativos,Función Pública,TOTAL,Porcentaje Ejer/Aprob,116.20876049421946,0.0,0.0,118.81354407079647,147.21279597799818,0.0,0.0,0.0,0.0,0.0,149.02854555062999,,0.0,
2024,Poder Ejecutivo,Ramos Administrativos,Función Pública,TOTAL,Porcentaje Ejer/Modif,100.0,99.99936747987108,100.0,100.0,99.99983007238252,0.0,100.0,0.0,0.0,100.0,99.99983214276091,,0.0,
2024,Poder Ejecutivo,Ramos Administrativos,Función Pública,G006,Regulación del proceso de compras y contrataciones,0.0,0.0,0.0,0.0,0.0,0.0,0.0,0.0,0.0,0.0,0.0,,0.0,
2024,Poder Ejecutivo,Ramos Administrativos,Función Pública,G006,Aprobado,0.0,0.0,0.0,0.0,0.0,0.0,0.0,0.0,0.0,0.0,0.0,0.0,0.0,0.0
2024,Poder Ejecutivo,Ramos Administrativos,Función Pública,G006,Modificado,138213453.65,59855473.2,0.0,0.0,198068926.85,0.0,0.0,0.0,0.0,0.0,198068926.85,100.0,0.0,0.0
2024,Poder Ejecutivo,Ramos Administrativos,Función Pública,G006,Devengado,138213453.65,59855473.2,0.0,0.0,198068926.85,0.0,0.0,0.0,0.0,0.0,198068926.85,100.0,0.0,0.0
2024,Poder Ejecutivo,Ramos Administrativos,Función Pública,G006,Ejercido,138213453.65,59855473.2,0.0,0.0,198068926.85,0.0,0.0,0.0,0.0,0.0,198068926.85,100.0,0.0,0.0
2024,Poder Ejecutivo,Ramos Administrativos,Función Pública,G006,Porcentaje Ejer/Aprob,0.0,0.0,0.0,0.0,0.0,0.0,0.0,0.0,0.0,0.0,0.0,,0.0,
2024,Poder Ejecutivo,Ramos Administrativos,Función Pública,G006,Porcentaje Ejer/Modif,100.0,100.0,0.0,0.0,100.0,0.0,0.0,0.0,0.0,0.0,100.0,,0.0,
2024,Poder Ejecutivo,Ramos Administrativos,Función Pública,K024,Otros proyectos de infraestructura gubernamental,0.0,0.0,0.0,0.0,0.0,0.0,0.0,0.0,0.0,0.0,0.0,,0.0,
2024,Poder Ejecutivo,Ramos Administrativos,Función Pública,K024,Aprobado,0.0,0.0,0.0,0.0,0.0,0.0,0.0,0.0,0.0,0.0,0.0,0.0,0.0,0.0
2024,Poder Ejecutivo,Ramos Administrativos,Función Pública,K024,Modificado,0.0,0.0,0.0,0.0,0.0,0.0,4594491.4,0.0,0.0,4594491.4,4594491.4,0.0,0.0,100.0
2024,Poder Ejecutivo,Ramos Administrativos,Función Pública,K024,Devengado,0.0,0.0,0.0,0.0,0.0,0.0,4594491.4,0.0,0.0,4594491.4,4594491.4,0.0,0.0,100.0
2024,Poder Ejecutivo,Ramos Administrativos,Función Pública,K024,Ejercido,0.0,0.0,0.0,0.0,0.0,0.0,4594491.4,0.0,0.0,4594491.4,4594491.4,0.0,0.0,100.0
2024,Poder Ejecutivo,Ramos Administrativos,Función Pública,K024,Porcentaje Ejer/Aprob,0.0,0.0,0.0,0.0,0.0,0.0,0.0,0.0,0.0,0.0,0.0,,0.0,
2024,Poder Ejecutivo,Ramos Administrativos,Función Pública,K024,Porcentaje Ejer/Modif,0.0,0.0,0.0,0.0,0.0,0.0,100.0,0.0,0.0,100.0,100.0,,0.0,
2024,Poder Ejecutivo,Ramos Administrativos,Función Pública,K029,Programas de adquisiciones,0.0,0.0,0.0,0.0,0.0,0.0,0.0,0.0,0.0,0.0,0.0,,0.0,
2024,Poder Ejecutivo,Ramos Administrativos,Función Pública,K029,Aprobado,0.0,0.0,0.0,0.0,0.0,0.0,0.0,0.0,0.0,0.0,0.0,0.0,0.0,0.0
2024,Poder Ejecutivo,Ramos Administrativos,Función Pública,K029,Modificado,0.0,0.0,0.0,0.0,0.0,0.0,25121798.21,0.0,0.0,25121798.21,25121798.21,0.0,0.0,100.0
2024,Poder Ejecutivo,Ramos Administrativos,Función Pública,K029,Devengado,0.0,0.0,0.0,0.0,0.0,0.0,25121798.21,0.0,0.0,25121798.21,25121798.21,0.0,0.0,100.0
2024,Poder Ejecutivo,Ramos Administrativos,Función Pública,K029,Ejercido,0.0,0.0,0.0,0.0,0.0,0.0,25121798.21,0.0,0.0,25121798.21,25121798.21,0.0,0.0,100.0
2024,Poder Ejecutivo,Ramos Administrativos,Función Pública,K029,Porcentaje Ejer/Aprob,0.0,0.0,0.0,0.0,0.0,0.0,0.0,0.0,0.0,0.0,0.0,,0.0,
2024,Poder Ejecutivo,Ramos Administrativos,Función Pública,K029,Porcentaje Ejer/Modif,0.0,0.0,0.0,0.0,0.0,0.0,100.0,0.0,0.0,100.0,100.0,,0.0,
2024,Poder Ejecutivo,Ramos Administrativos,Función Pública,M001,Actividades de apoyo administrativo,0.0,0.0,0.0,0.0,0.0,0.0,0.0,0.0,0.0,0.0,0.0,,0.0,
2024,Poder Ejecutivo,Ramos Administrativos,Función Pública,M001,Aprobado,120635098.0,26727310.0,0.0,325000.0,147687408.0,0.0,0.0,0.0,0.0,0.0,147687408.0,100.0,0.0,0.0
2024,Poder Ejecutivo,Ramos Administrativos,Función Pública,M001,Modificado,117689033.71,61437596.98,0.0,593530.23,179720160.92,0.0,0.0,0.0,0.0,0.0,179720160.92,100.0,0.0,0.0
2024,Poder Ejecutivo,Ramos Administrativos,Función Pública,M001,Devengado,117689033.71,61437596.98,0.0,593530.23,179720160.92,0.0,0.0,0.0,0.0,0.0,179720160.92,100.0,0.0,0.0
2024,Poder Ejecutivo,Ramos Administrativos,Función Pública,M001,Ejercido,117689033.71,61437596.98,0.0,593530.23,179720160.92,0.0,0.0,0.0,0.0,0.0,179720160.92,100.0,0.0,0.0
2024,Poder Ejecutivo,Ramos Administrativos,Función Pública,M001,Porcentaje Ejer/Aprob,97.55787135017704,229.8682395646999,0.0,182.62468615384614,121.68956267415838,0.0,0.0,0.0,0.0,0.0,121.68956267415838,,0.0,
2024,Poder Ejecutivo,Ramos Administrativos,Función Pública,M001,Porcentaje Ejer/Modif,100.0,100.0,0.0,100.0,100.0,0.0,0.0,0.0,0.0,0.0,100.0,,0.0,
2024,Poder Ejecutivo,Ramos Administrativos,Función Pública,O001,Actividades de apoyo a la función pública y buen gobierno,0.0,0.0,0.0,0.0,0.0,0.0,0.0,0.0,0.0,0.0,0.0,,0.0,
2024,Poder Ejecutivo,Ramos Administrativos,Función Pública,O001,Aprobado,819776200.0,19819700.0,0.0,0.0,839595900.0,0.0,0.0,0.0,0.0,0.0,839595900.0,100.0,0.0,0.0
2024,Poder Ejecutivo,Ramos Administrativos,Función Pública,O001,Modificado,893696104.3,40053135.61,0.0,565582.59,934314822.5,0.0,0.0,0.0,0.0,0.0,934314822.5,100.0,0.0,0.0
2024,Poder Ejecutivo,Ramos Administrativos,Función Pública,O001,Devengado,893696104.3,40049041.6,0.0,565582.59,934310728.49,0.0,0.0,0.0,0.0,0.0,934310728.49,100.0,0.0,0.0
2024,Poder Ejecutivo,Ramos Administrativos,Función Pública,O001,Ejercido,893696104.3,40049041.6,0.0,565582.59,934310728.49,0.0,0.0,0.0,0.0,0.0,934310728.49,100.0,0.0,0.0
2024,Poder Ejecutivo,Ramos Administrativos,Función Pública,O001,Porcentaje Ejer/Aprob,109.01708347961309,202.066840567718,0.0,0.0,111.28100178788391,0.0,0.0,0.0,0.0,0.0,111.28100178788391,,0.0,
2024,Poder Ejecutivo,Ramos Administrativos,Función Pública,O001,Porcentaje Ejer/Modif,100.0,99.98977855307045,0.0,100.0,99.99956181686287,0.0,0.0,0.0,0.0,0.0,99.99956181686287,,0.0,
2024,Poder Ejecutivo,Ramos Administrativos,Función Pública,O002,Fiscalización a la gestión pública,0.0,0.0,0.0,0.0,0.0,0.0,0.0,0.0,0.0,0.0,0.0,,0.0,
2024,Poder Ejecutivo,Ramos Administrativos,Función Pública,O002,Aprobado,155374739.0,15675548.0,0.0,0.0,171050287.0,0.0,0.0,0.0,0.0,0.0,171050287.0,100.0,0.0,0.0
2024,Poder Ejecutivo,Ramos Administrativos,Función Pública,O002,Modificado,103799090.25,200869818.16,203460.0,9689.68,304882058.09,0.0,0.0,0.0,0.0,0.0,304882058.09,100.0,0.0,0.0
2024,Poder Ejecutivo,Ramos Administrativos,Función Pública,O002,Devengado,103799090.25,200869818.16,203460.0,9689.68,304882058.09,0.0,0.0,0.0,0.0,0.0,304882058.09,100.0,0.0,0.0
2024,Poder Ejecutivo,Ramos Administrativos,Función Pública,O002,Ejercido,103799090.25,200869818.16,203460.0,9689.68,304882058.09,0.0,0.0,0.0,0.0,0.0,304882058.09,100.0,0.0,0.0
2024,Poder Ejecutivo,Ramos Administrativos,Función Pública,O002,Porcentaje Ejer/Aprob,66.80564094141455,0.0,0.0,0.0,178.24118476340234,0.0,0.0,0.0,0.0,0.0,178.24118476340234,,0.0,
2024,Poder Ejecutivo,Ramos Administrativos,Función Pública,O002,Porcentaje Ejer/Modif,100.0,100.0,100.0,100.0,100.0,0.0,0.0,0.0,0.0,0.0,100.0,,0.0,
2024,Poder Ejecutivo,Ramos Administrativos,Función Pública,O003,Integración de las estructuras profesionales del gobierno,0.0,0.0,0.0,0.0,0.0,0.0,0.0,0.0,0.0,0.0,0.0,,0.0,
2024,Poder Ejecutivo,Ramos Administrativos,Función Pública,O003,Aprobado,50775143.0,2233071.0,0.0,1500000.0,54508214.0,0.0,0.0,0.0,0.0,0.0,54508214.0,100.0,0.0,0.0
2024,Poder Ejecutivo,Ramos Administrativos,Función Pública,O003,Modificado,136354955.94,115558251.81,0.0,1292509.14,253205716.89,0.0,0.0,0.0,0.0,0.0,253205716.89,100.0,0.0,0.0
2024,Poder Ejecutivo,Ramos Administrativos,Función Pública,O003,Devengado,136354955.94,115558251.81,0.0,1292509.14,253205716.89,0.0,0.0,0.0,0.0,0.0,253205716.89,100.0,0.0,0.0
2024,Poder Ejecutivo,Ramos Administrativos,Función Pública,O003,Ejercido,136354955.94,115558251.81,0.0,1292509.14,253205716.89,0.0,0.0,0.0,0.0,0.0,253205716.89,100.0,0.0,0.0
2024,Poder Ejecutivo,Ramos Administrativos,Función Pública,O003,Porcentaje Ejer/Aprob,268.54667044463076,0.0,0.0,86.16727599999999,464.52763411033794,0.0,0.0,0.0,0.0,0.0,464.52763411033794,,0.0,
2024,Poder Ejecutivo,Ramos Administrativos,Función Pública,O003,Porcentaje Ejer/Modif,100.0,100.0,0.0,100.0,100.0,0.0,0.0,0.0,0.0,0.0,100.0,,0.0,
2024,Poder Ejecutivo,Ramos Administrativos,Función Pública,O005,Políticas de austeridad republicana y eficacia gubernamental,0.0,0.0,0.0,0.0,0.0,0.0,0.0,0.0,0.0,0.0,0.0,,0.0,
2024,Poder Ejecutivo,Ramos Administrativos,Función Pública,O005,Aprobado,171591108.0,29009486.0,0.0,1000000.0,201600594.0,0.0,0.0,0.0,0.0,0.0,201600594.0,100.0,0.0,0.0
2024,Poder Ejecutivo,Ramos Administrativos,Función Pública,O005,Modificado,152008012.43,109906620.13,0.0,895170.98,262809803.54,0.0,0.0,0.0,0.0,0.0,262809803.54,100.0,0.0,0.0
2024,Poder Ejecutivo,Ramos Administrativos,Función Pública,O005,Devengado,152008012.43,109906620.13,0.0,895170.98,262809803.54,0.0,0.0,0.0,0.0,0.0,262809803.54,100.0,0.0,0.0
2024,Poder Ejecutivo,Ramos Administrativos,Función Pública,O005,Ejercido,152008012.43,109906620.13,0.0,895170.98,262809803.54,0.0,0.0,0.0,0.0,0.0,262809803.54,100.0,0.0,0.0
2024,Poder Ejecutivo,Ramos Administrativos,Función Pública,O005,Porcentaje Ejer/Aprob,88.58734826165934,378.86441741849546,0.0,89.51709799999999,130.3616216229998,0.0,0.0,0.0,0.0,0.0,130.3616216229998,,0.0,
2024,Poder Ejecutivo,Ramos Administrativos,Función Pública,O005,Porcentaje Ejer/Modif,100.0,100.0,0.0,100.0,100.0,0.0,0.0,0.0,0.0,0.0,100.0,,0.0,
2024,Poder Ejecutivo,Ramos Administrativos,Función Pública,O006,Combate a la impunidad,0.0,0.0,0.0,0.0,0.0,0.0,0.0,0.0,0.0,0.0,0.0,,0.0,
2024,Poder Ejecutivo,Ramos Administrativos,Función Pública,O006,Aprobado,195032547.0,27110296.0,0.0,0.0,222142843.0,0.0,0.0,0.0,0.0,0.0,222142843.0,100.0,0.0,0.0
2024,Poder Ejecutivo,Ramos Administrativos,Función Pública,O006,Modificado,186657404.9,49316061.55,0.0,0.0,235973466.45,0.0,0.0,0.0,0.0,0.0,235973466.45,100.0,0.0,0.0
2024,Poder Ejecutivo,Ramos Administrativos,Función Pública,O006,Devengado,186657404.9,49316061.55,0.0,0.0,235973466.45,0.0,0.0,0.0,0.0,0.0,235973466.45,100.0,0.0,0.0
2024,Poder Ejecutivo,Ramos Administrativos,Función Pública,O006,Ejercido,186657404.9,49316061.55,0.0,0.0,235973466.45,0.0,0.0,0.0,0.0,0.0,235973466.45,100.0,0.0,0.0
2024,Poder Ejecutivo,Ramos Administrativos,Función Pública,O006,Porcentaje Ejer/Aprob,95.70577207300688,181.90897491491793,0.0,0.0,106.2260045217842,0.0,0.0,0.0,0.0,0.0,106.2260045217842,,0.0,
2024,Poder Ejecutivo,Ramos Administrativos,Función Pública,O006,Porcentaje Ejer/Modif,100.0,100.0,0.0,0.0,100.0,0.0,0.0,0.0,0.0,0.0,100.0,,0.0,
2024,Poder Ejecutivo,Ramos Administrativos,Función Pública,P006,Diseño y conducción de la política operativa de las Unidades de Administración y Finanzas,0.0,0.0,0.0,0.0,0.0,0.0,0.0,0.0,0.0,0.0,0.0,,0.0,
2024,Poder Ejecutivo,Ramos Administrativos,Función Pública,P006,Aprobado,0.0,0.0,0.0,0.0,0.0,0.0,0.0,0.0,0.0,0.0,0.0,0.0,0.0,0.0
2024,Poder Ejecutivo,Ramos Administrativos,Función Pública,P006,Modificado,30035285.56,10256752.41,0.0,0.0,40292037.97,0.0,0.0,0.0,0.0,0.0,40292037.97,100.0,0.0,0.0
2024,Poder Ejecutivo,Ramos Administrativos,Función Pública,P006,Devengado,30035285.56,10256752.41,0.0,0.0,40292037.97,0.0,0.0,0.0,0.0,0.0,40292037.97,100.0,0.0,0.0
2024,Poder Ejecutivo,Ramos Administrativos,Función Pública,P006,Ejercido,30035285.56,10256752.41,0.0,0.0,40292037.97,0.0,0.0,0.0,0.0,0.0,40292037.97,100.0,0.0,0.0
2024,Poder Ejecutivo,Ramos Administrativos,Función Pública,P006,Porcentaje Ejer/Aprob,0.0,0.0,0.0,0.0,0.0,0.0,0.0,0.0,0.0,0.0,0.0,,0.0,
2024,Poder Ejecutivo,Ramos Administrativos,Función Pública,P006,Porcentaje Ejer/Modif,100.0,100.0,0.0,0.0,100.0,0.0,0.0,0.0,0.0,0.0,100.0,,0.0,
2024,Poder Ejecutivo,Ramos Administrativos,Tribunales Agrarios,TOTAL,Aprobado,698810333.0,256802599.0,0.0,3370375.0,958983307.0,0.0,0.0,0.0,0.0,0.0,958983307.0,100.0,0.0,0.0
2024,Poder Ejecutivo,Ramos Administrativos,Tribunales Agrarios,TOTAL,Modificado,764244838.87,259447569.48,0.0,3945816.8,1027638225.15,0.0,0.0,0.0,0.0,0.0,1027638225.15,100.0,0.0,0.0
2024,Poder Ejecutivo,Ramos Administrativos,Tribunales Agrarios,TOTAL,Devengado,764244838.87,259447569.48,0.0,3945816.8,1027638225.15,0.0,0.0,0.0,0.0,0.0,1027638225.15,100.0,0.0,0.0
2024,Poder Ejecutivo,Ramos Administrativos,Tribunales Agrarios,TOTAL,Ejercido,764244838.87,259447569.48,0.0,3945816.8,1027638225.15,0.0,0.0,0.0,0.0,0.0,1027638225.15,100.0,0.0,0.0
2024,Poder Ejecutivo,Ramos Administrativos,Tribunales Agrarios,TOTAL,Porcentaje Ejer/Aprob,109.36370038907253,101.02996250439038,0.0,117.07352445944441,107.15913589411417,0.0,0.0,0.0,0.0,0.0,107.15913589411417,,0.0,
2024,Poder Ejecutivo,Ramos Administrativos,Tribunales Agrarios,TOTAL,Porcentaje Ejer/Modif,100.0,100.0,0.0,100.0,100.0,0.0,0.0,0.0,0.0,0.0,100.0,,0.0,
2024,Poder Ejecutivo,Ramos Administrativos,Tribunales Agrarios,E001,Resolución de asuntos relativos a conflictos y controversias por la posesión y usufructo de la tierra,0.0,0.0,0.0,0.0,0.0,0.0,0.0,0.0,0.0,0.0,0.0,,0.0,
2024,Poder Ejecutivo,Ramos Administrativos,Tribunales Agrarios,E001,Aprobado,477655442.0,158509564.0,0.0,1642621.0,637807627.0,0.0,0.0,0.0,0.0,0.0,637807627.0,100.0,0.0,0.0
2024,Poder Ejecutivo,Ramos Administrativos,Tribunales Agrarios,E001,Modificado,530307795.19,123597489.14,0.0,2477636.66,656382920.99,0.0,0.0,0.0,0.0,0.0,656382920.99,100.0,0.0,0.0
2024,Poder Ejecutivo,Ramos Administrativos,Tribunales Agrarios,E001,Devengado,530307795.19,123597489.14,0.0,2477636.66,656382920.99,0.0,0.0,0.0,0.0,0.0,656382920.99,100.0,0.0,0.0
2024,Poder Ejecutivo,Ramos Administrativos,Tribunales Agrarios,E001,Ejercido,530307795.19,123597489.14,0.0,2477636.66,656382920.99,0.0,0.0,0.0,0.0,0.0,656382920.99,100.0,0.0,0.0
2024,Poder Ejecutivo,Ramos Administrativos,Tribunales Agrarios,E001,Porcentaje Ejer/Aprob,111.02308244820543,77.97478336386062,0.0,150.8343470587555,102.91236623766495,0.0,0.0,0.0,0.0,0.0,102.91236623766495,,0.0,
2024,Poder Ejecutivo,Ramos Administrativos,Tribunales Agrarios,E001,Porcentaje Ejer/Modif,100.0,100.0,0.0,100.0,100.0,0.0,0.0,0.0,0.0,0.0,100.0,,0.0,
2024,Poder Ejecutivo,Ramos Administrativos,Tribunales Agrarios,E002,Resolución de juicios agrarios dotatorios de tierras y los recursos de revisión,0.0,0.0,0.0,0.0,0.0,0.0,0.0,0.0,0.0,0.0,0.0,,0.0,
2024,Poder Ejecutivo,Ramos Administrativos,Tribunales Agrarios,E002,Aprobado,141062426.0,95917526.0,0.0,1172297.0,238152249.0,0.0,0.0,0.0,0.0,0.0,238152249.0,100.0,0.0,0.0
2024,Poder Ejecutivo,Ramos Administrativos,Tribunales Agrarios,E002,Modificado,147887355.29,133990098.15,0.0,781026.99,282658480.43,0.0,0.0,0.0,0.0,0.0,282658480.43,100.0,0.0,0.0
2024,Poder Ejecutivo,Ramos Administrativos,Tribunales Agrarios,E002,Devengado,147887355.29,133990098.15,0.0,781026.99,282658480.43,0.0,0.0,0.0,0.0,0.0,282658480.43,100.0,0.0,0.0
2024,Poder Ejecutivo,Ramos Administrativos,Tribunales Agrarios,E002,Ejercido,147887355.29,133990098.15,0.0,781026.99,282658480.43,0.0,0.0,0.0,0.0,0.0,282658480.43,100.0,0.0,0.0
2024,Poder Ejecutivo,Ramos Administrativos,Tribunales Agrarios,E002,Porcentaje Ejer/Aprob,104.8382333152274,139.69302977017986,0.0,66.6236448613278,118.68814240339172,0.0,0.0,0.0,0.0,0.0,118.68814240339172,,0.0,
2024,Poder Ejecutivo,Ramos Administrativos,Tribunales Agrarios,E002,Porcentaje Ejer/Modif,100.0,100.0,0.0,100.0,100.0,0.0,0.0,0.0,0.0,0.0,100.0,,0.0,
2024,Poder Ejecutivo,Ramos Administrativos,Tribunales Agrarios,M001,Actividades de apoyo administrativo,0.0,0.0,0.0,0.0,0.0,0.0,0.0,0.0,0.0,0.0,0.0,,0.0,
2024,Poder Ejecutivo,Ramos Administrativos,Tribunales Agrarios,M001,Aprobado,75560487.0,2254974.0,0.0,555457.0,78370918.0,0.0,0.0,0.0,0.0,0.0,78370918.0,100.0,0.0,0.0
2024,Poder Ejecutivo,Ramos Administrativos,Tribunales Agrarios,M001,Modificado,81186594.69,1750907.19,0.0,687153.15,83624655.03,0.0,0.0,0.0,0.0,0.0,83624655.03,100.0,0.0,0.0
2024,Poder Ejecutivo,Ramos Administrativos,Tribunales Agrarios,M001,Devengado,81186594.69,1750907.19,0.0,687153.15,83624655.03,0.0,0.0,0.0,0.0,0.0,83624655.03,100.0,0.0,0.0
2024,Poder Ejecutivo,Ramos Administrativos,Tribunales Agrarios,M001,Ejercido,81186594.69,1750907.19,0.0,687153.15,83624655.03,0.0,0.0,0.0,0.0,0.0,83624655.03,100.0,0.0,0.0
2024,Poder Ejecutivo,Ramos Administrativos,Tribunales Agrarios,M001,Porcentaje Ejer/Aprob,107.44583301851931,77.64644692133922,0.0,123.70951306761819,106.70368188107737,0.0,0.0,0.0,0.0,0.0,106.70368188107737,,0.0,
2024,Poder Ejecutivo,Ramos Administrativos,Tribunales Agrarios,M001,Porcentaje Ejer/Modif,100.0,100.0,0.0,100.0,100.0,0.0,0.0,0.0,0.0,0.0,100.0,,0.0,
2024,Poder Ejecutivo,Ramos Administrativos,Tribunales Agrarios,O001,Actividades de apoyo a la función pública y buen gobierno,0.0,0.0,0.0,0.0,0.0,0.0,0.0,0.0,0.0,0.0,0.0,,0.0,
2024,Poder Ejecutivo,Ramos Administrativos,Tribunales Agrarios,O001,Aprobado,4531978.0,120535.0,0.0,0.0,4652513.0,0.0,0.0,0.0,0.0,0.0,4652513.0,100.0,0.0,0.0
2024,Poder Ejecutivo,Ramos Administrativos,Tribunales Agrarios,O001,Modificado,4863093.7,109075.0,0.0,0.0,4972168.7,0.0,0.0,0.0,0.0,0.0,4972168.7,100.0,0.0,0.0
2024,Poder Ejecutivo,Ramos Administrativos,Tribunales Agrarios,O001,Devengado,4863093.7,109075.0,0.0,0.0,4972168.7,0.0,0.0,0.0,0.0,0.0,4972168.7,100.0,0.0,0.0
2024,Poder Ejecutivo,Ramos Administrativos,Tribunales Agrarios,O001,Ejercido,4863093.7,109075.0,0.0,0.0,4972168.7,0.0,0.0,0.0,0.0,0.0,4972168.7,100.0,0.0,0.0
2024,Poder Ejecutivo,Ramos Administrativos,Tribunales Agrarios,O001,Porcentaje Ejer/Aprob,107.30620713516261,90.49238810304061,0.0,0.0,106.8706030482881,0.0,0.0,0.0,0.0,0.0,106.8706030482881,,0.0,
2024,Poder Ejecutivo,Ramos Administrativos,Tribunales Agrarios,O001,Porcentaje Ejer/Modif,100.0,100.0,0.0,0.0,100.0,0.0,0.0,0.0,0.0,0.0,100.0,,0.0,
2024,Poder Ejecutivo,Ramos Administrativos,Seguridad y Protección Ciudadana,TOTAL,Aprobado,42086146298.0,39319760030.0,1079363467.0,5388399444.0,87873669239.0,0.0,17965088169.0,0.0,0.0,17965088169.0,105838757408.0,83.02598347810715,0.0,16.97401652189284
2024,Poder Ejecutivo,Ramos Administrativos,Seguridad y Protección Ciudadana,TOTAL,Modificado,32199040943.13,38442311167.55,1075137024.79,990788300.26,72707277435.73,0.0,1512167434.97,0.0,0.0,1512167434.97,74219444870.7,97.96257242612849,0.0,2.037427573871502
2024,Poder Ejecutivo,Ramos Administrativos,Seguridad y Protección Ciudadana,TOTAL,Devengado,32199040943.13,38442311167.55,1075137024.79,990788300.26,72707277435.73,0.0,1512167434.97,0.0,0.0,1512167434.97,74219444870.7,97.96257242612849,0.0,2.037427573871502
2024,Poder Ejecutivo,Ramos Administrativos,Seguridad y Protección Ciudadana,TOTAL,Ejercido,32199040943.13,38442230516.56,1075137024.79,990788300.26,72707196784.74,0.0,1512167434.97,0.0,0.0,1512167434.97,74219364219.71,97.9625702121436,0.0,2.037429787856391
2024,Poder Ejecutivo,Ramos Administrativos,Seguridad y Protección Ciudadana,TOTAL,Porcentaje Ejer/Aprob,76.50745857113591,97.76822261181027,99.60843197502811,18.38743230818283,82.74059500917161,0.0,8.417255850596655,0.0,0.0,8.417255850596655,70.12493914077265,,0.0,
2024,Poder Ejecutivo,Ramos Administrativos,Seguridad y Protección Ciudadana,TOTAL,Porcentaje Ejer/Modif,100.0,99.99979020254621,100.0,100.0,99.9998890743914,0.0,100.0,0.0,0.0,100.0,99.99989133442034,,0.0,
2024,Poder Ejecutivo,Ramos Administrativos,Seguridad y Protección Ciudadana,E001,Servicios de inteligencia para la Seguridad Nacional,0.0,0.0,0.0,0.0,0.0,0.0,0.0,0.0,0.0,0.0,0.0,,0.0,
2024,Poder Ejecutivo,Ramos Administrativos,Seguridad y Protección Ciudadana,E001,Aprobado,2254654706.0,729534780.0,0.0,120000.0,2984309486.0,0.0,0.0,0.0,0.0,0.0,2984309486.0,100.0,0.0,0.0
2024,Poder Ejecutivo,Ramos Administrativos,Seguridad y Protección Ciudadana,E001,Modificado,2080891351.0,1032575114.34,0.0,548390.6,3114014855.94,0.0,1440346214.0,0.0,0.0,1440346214.0,4554361069.94,68.37435170639698,0.0,31.625648293603025
2024,Poder Ejecutivo,Ramos Administrativos,Seguridad y Protección Ciudadana,E001,Devengado,2080891351.0,1032575114.34,0.0,548390.6,3114014855.94,0.0,1440346214.0,0.0,0.0,1440346214.0,4554361069.94,68.37435170639698,0.0,31.625648293603025
2024,Poder Ejecutivo,Ramos Administrativos,Seguridad y Protección Ciudadana,E001,Ejercido,2080891351.0,1032575114.34,0.0,548390.6,3114014855.94,0.0,1440346214.0,0.0,0.0,1440346214.0,4554361069.94,68.37435170639698,0.0,31.625648293603025
2024,Poder Ejecutivo,Ramos Administrativos,Seguridad y Protección Ciudadana,E001,Porcentaje Ejer/Aprob,92.29312787729368,141.53884676204197,0.0,456.99216666666666,104.34624393175287,0.0,0.0,0.0,0.0,0.0,152.6102132270607,,0.0,
2024,Poder Ejecutivo,Ramos Administrativos,Seguridad y Protección Ciudadana,E001,Porcentaje Ejer/Modif,100.0,100.0,0.0,100.0,100.0,0.0,100.0,0.0,0.0,100.0,100.0,,0.0,
2024,Poder Ejecutivo,Ramos Administrativos,Seguridad y Protección Ciudadana,E002,"Servicios de protección, custodia, vigilancia y seguridad de personas, bienes e instalaciones",0.0,0.0,0.0,0.0,0.0,0.0,0.0,0.0,0.0,0.0,0.0,,0.0,
2024,Poder Ejecutivo,Ramos Administrativos,Seguridad y Protección Ciudadana,E002,Aprobado,2120988737.0,0.0,0.0,0.0,2120988737.0,0.0,0.0,0.0,0.0,0.0,2120988737.0,100.0,0.0,0.0
2024,Poder Ejecutivo,Ramos Administrativos,Seguridad y Protección Ciudadana,E002,Modificado,4618203677.23,3061109245.8,0.0,3500251.28,7682813174.31,0.0,17382600.0,0.0,0.0,17382600.0,7700195774.31,99.77425768760331,0.0,0.22574231239669515
2024,Poder Ejecutivo,Ramos Administrativos,Seguridad y Protección Ciudadana,E002,Devengado,4618203677.23,3061109245.8,0.0,3500251.28,7682813174.31,0.0,17382600.0,0.0,0.0,17382600.0,7700195774.31,99.77425768760331,0.0,0.22574231239669515
2024,Poder Ejecutivo,Ramos Administrativos,Seguridad y Protección Ciudadana,E002,Ejercido,4618203677.23,3061109245.8,0.0,3500251.28,7682813174.31,0.0,17382600.0,0.0,0.0,17382600.0,7700195774.31,99.77425768760331,0.0,0.22574231239669515
2024,Poder Ejecutivo,Ramos Administrativos,Seguridad y Protección Ciudadana,E002,Porcentaje Ejer/Aprob,217.73824616165322,0.0,0.0,0.0,362.2279100442955,0.0,0.0,0.0,0.0,0.0,363.04746177961437,,0.0,
2024,Poder Ejecutivo,Ramos Administrativos,Seguridad y Protección Ciudadana,E002,Porcentaje Ejer/Modif,100.0,100.0,0.0,100.0,100.0,0.0,100.0,0.0,0.0,100.0,100.0,,0.0,
2024,Poder Ejecutivo,Ramos Administrativos,Seguridad y Protección Ciudadana,E004,Administración del Sistema Federal Penitenciario,0.0,0.0,0.0,0.0,0.0,0.0,0.0,0.0,0.0,0.0,0.0,,0.0,
2024,Poder Ejecutivo,Ramos Administrativos,Seguridad y Protección Ciudadana,E004,Aprobado,5125834798.0,17938955542.0,0.0,40103475.0,23104893815.0,0.0,0.0,0.0,0.0,0.0,23104893815.0,100.0,0.0,0.0
2024,Poder Ejecutivo,Ramos Administrativos,Seguridad y Protección Ciudadana,E004,Modificado,3488977212.6,19168608399.87,0.0,385815090.18,23043400702.65,0.0,0.0,0.0,0.0,0.0,23043400702.65,100.0,0.0,0.0
2024,Poder Ejecutivo,Ramos Administrativos,Seguridad y Protección Ciudadana,E004,Devengado,3488977212.6,19168608399.87,0.0,385815090.18,23043400702.65,0.0,0.0,0.0,0.0,0.0,23043400702.65,100.0,0.0,0.0
2024,Poder Ejecutivo,Ramos Administrativos,Seguridad y Protección Ciudadana,E004,Ejercido,3488977212.6,19168527748.88,0.0,385815090.18,23043320051.66,0.0,0.0,0.0,0.0,0.0,23043320051.66,100.0,0.0,0.0
2024,Poder Ejecutivo,Ramos Administrativos,Seguridad y Protección Ciudadana,E004,Porcentaje Ejer/Aprob,68.0665169693204,106.85420176219979,0.0,0.0,99.733503370182,0.0,0.0,0.0,0.0,0.0,99.733503370182,,0.0,
2024,Poder Ejecutivo,Ramos Administrativos,Seguridad y Protección Ciudadana,E004,Porcentaje Ejer/Modif,100.0,99.99957925485087,0.0,100.0,99.99965000395974,0.0,0.0,0.0,0.0,0.0,99.99965000395974,,0.0,
2024,Poder Ejecutivo,Ramos Administrativos,Seguridad y Protección Ciudadana,E006,"Operación de la Guardia Nacional para la prevención, investigación y persecución de delitos",0.0,0.0,0.0,0.0,0.0,0.0,0.0,0.0,0.0,0.0,0.0,,0.0,
2024,Poder Ejecutivo,Ramos Administrativos,Seguridad y Protección Ciudadana,E006,Aprobado,18796252753.0,18993261176.0,0.0,20981124.0,37810495053.0,0.0,0.0,0.0,0.0,0.0,37810495053.0,100.0,0.0,0.0
2024,Poder Ejecutivo,Ramos Administrativos,Seguridad y Protección Ciudadana,E006,Modificado,17774385234.93,14155734491.16,0.0,283101196.09,32213220922.18,0.0,49770067.57,0.0,0.0,49770067.57,32262990989.75,99.84573634978291,0.0,0.15426365021709246
2024,Poder Ejecutivo,Ramos Administrativos,Seguridad y Protección Ciudadana,E006,Devengado,17774385234.93,14155734491.16,0.0,283101196.09,32213220922.18,0.0,49770067.57,0.0,0.0,49770067.57,32262990989.75,99.84573634978291,0.0,0.15426365021709246
2024,Poder Ejecutivo,Ramos Administrativos,Seguridad y Protección Ciudadana,E006,Ejercido,17774385234.93,14155734491.16,0.0,283101196.09,32213220922.18,0.0,49770067.57,0.0,0.0,49770067.57,32262990989.75,99.84573634978291,0.0,0.15426365021709246
2024,Poder Ejecutivo,Ramos Administrativos,Seguridad y Protección Ciudadana,E006,Porcentaje Ejer/Aprob,94.56345085641125,74.53029977309674,0.0,0.0,85.19650662342784,0.0,0.0,0.0,0.0,0.0,85.32813692210611,,0.0,
2024,Poder Ejecutivo,Ramos Administrativos,Seguridad y Protección Ciudadana,E006,Porcentaje Ejer/Modif,100.0,100.0,0.0,100.0,100.0,0.0,100.0,0.0,0.0,100.0,100.0,,0.0,
2024,Poder Ejecutivo,Ramos Administrativos,Seguridad y Protección Ciudadana,G005,Regulación de los servicios de seguridad privada para coadyuvar a la prevención del delito,0.0,0.0,0.0,0.0,0.0,0.0,0.0,0.0,0.0,0.0,0.0,,0.0,
2024,Poder Ejecutivo,Ramos Administrativos,Seguridad y Protección Ciudadana,G005,Aprobado,54966652.0,1633327.0,0.0,0.0,56599979.0,0.0,0.0,0.0,0.0,0.0,56599979.0,100.0,0.0,0.0
2024,Poder Ejecutivo,Ramos Administrativos,Seguridad y Protección Ciudadana,G005,Modificado,54455404.84,1766424.59,0.0,0.0,56221829.43,0.0,0.0,0.0,0.0,0.0,56221829.43,100.0,0.0,0.0
2024,Poder Ejecutivo,Ramos Administrativos,Seguridad y Protección Ciudadana,G005,Devengado,54455404.84,1766424.59,0.0,0.0,56221829.43,0.0,0.0,0.0,0.0,0.0,56221829.43,100.0,0.0,0.0
2024,Poder Ejecutivo,Ramos Administrativos,Seguridad y Protección Ciudadana,G005,Ejercido,54455404.84,1766424.59,0.0,0.0,56221829.43,0.0,0.0,0.0,0.0,0.0,56221829.43,100.0,0.0,0.0
2024,Poder Ejecutivo,Ramos Administrativos,Seguridad y Protección Ciudadana,G005,Porcentaje Ejer/Aprob,99.06989576152465,108.14886363845085,0.0,0.0,99.3318909711963,0.0,0.0,0.0,0.0,0.0,99.3318909711963,,0.0,
2024,Poder Ejecutivo,Ramos Administrativos,Seguridad y Protección Ciudadana,G005,Porcentaje Ejer/Modif,100.0,100.0,0.0,0.0,100.0,0.0,0.0,0.0,0.0,0.0,100.0,,0.0,
2024,Poder Ejecutivo,Ramos Administrativos,Seguridad y Protección Ciudadana,M001,Actividades de apoyo administrativo,0.0,0.0,0.0,0.0,0.0,0.0,0.0,0.0,0.0,0.0,0.0,,0.0,
2024,Poder Ejecutivo,Ramos Administrativos,Seguridad y Protección Ciudadana,M001,Aprobado,12615463519.0,1258140038.0,0.0,15529234.0,13889132791.0,0.0,0.0,0.0,0.0,0.0,13889132791.0,100.0,0.0,0.0
2024,Poder Ejecutivo,Ramos Administrativos,Seguridad y Protección Ciudadana,M001,Modificado,2921289304.4,423093624.36,0.0,45198768.84,3389581697.6,0.0,0.0,0.0,0.0,0.0,3389581697.6,100.0,0.0,0.0
2024,Poder Ejecutivo,Ramos Administrativos,Seguridad y Protección Ciudadana,M001,Devengado,2921289304.4,423093624.36,0.0,45198768.84,3389581697.6,0.0,0.0,0.0,0.0,0.0,3389581697.6,100.0,0.0,0.0
2024,Poder Ejecutivo,Ramos Administrativos,Seguridad y Protección Ciudadana,M001,Ejercido,2921289304.4,423093624.36,0.0,45198768.84,3389581697.6,0.0,0.0,0.0,0.0,0.0,3389581697.6,100.0,0.0,0.0
2024,Poder Ejecutivo,Ramos Administrativos,Seguridad y Protección Ciudadana,M001,Porcentaje Ejer/Aprob,23.1564167261891,33.62850013362344,0.0,291.0560098456885,24.40455965541931,0.0,0.0,0.0,0.0,0.0,24.40455965541931,,0.0,
2024,Poder Ejecutivo,Ramos Administrativos,Seguridad y Protección Ciudadana,M001,Porcentaje Ejer/Modif,100.0,100.0,0.0,100.0,100.0,0.0,0.0,0.0,0.0,0.0,100.0,,0.0,
2024,Poder Ejecutivo,Ramos Administrativos,Seguridad y Protección Ciudadana,N001,Coordinación del Sistema Nacional de Protección Civil,0.0,0.0,0.0,0.0,0.0,0.0,0.0,0.0,0.0,0.0,0.0,,0.0,
2024,Poder Ejecutivo,Ramos Administrativos,Seguridad y Protección Ciudadana,N001,Aprobado,156893826.0,33790056.0,0.0,0.0,190683882.0,0.0,0.0,0.0,0.0,0.0,190683882.0,100.0,0.0,0.0
2024,Poder Ejecutivo,Ramos Administrativos,Seguridad y Protección Ciudadana,N001,Modificado,157856542.98,61400338.0,12712638.83,180882.42,232150402.23,0.0,4216153.4,0.0,0.0,4216153.4,236366555.63,98.21626482276122,0.0,1.7837351772387888
2024,Poder Ejecutivo,Ramos Administrativos,Seguridad y Protección Ciudadana,N001,Devengado,157856542.98,61400338.0,12712638.83,180882.42,232150402.23,0.0,4216153.4,0.0,0.0,4216153.4,236366555.63,98.21626482276122,0.0,1.7837351772387888
2024,Poder Ejecutivo,Ramos Administrativos,Seguridad y Protección Ciudadana,N001,Ejercido,157856542.98,61400338.0,12712638.83,180882.42,232150402.23,0.0,4216153.4,0.0,0.0,4216153.4,236366555.63,98.21626482276122,0.0,1.7837351772387888
2024,Poder Ejecutivo,Ramos Administrativos,Seguridad y Protección Ciudadana,N001,Porcentaje Ejer/Aprob,100.61361049350661,181.71126440275802,0.0,0.0,121.74621147580788,0.0,0.0,0.0,0.0,0.0,123.9572811036016,,0.0,
2024,Poder Ejecutivo,Ramos Administrativos,Seguridad y Protección Ciudadana,N001,Porcentaje Ejer/Modif,100.0,100.0,100.0,100.0,100.0,0.0,100.0,0.0,0.0,100.0,100.0,,0.0,
2024,Poder Ejecutivo,Ramos Administrativos,Seguridad y Protección Ciudadana,P001,"Implementar las políticas, programas y acciones tendientes a garantizar la seguridad pública de la Nación y sus habitantes",0.0,0.0,0.0,0.0,0.0,0.0,0.0,0.0,0.0,0.0,0.0,,0.0,
2024,Poder Ejecutivo,Ramos Administrativos,Seguridad y Protección Ciudadana,P001,Aprobado,532171603.0,53460724.0,0.0,4000000.0,589632327.0,0.0,0.0,0.0,0.0,0.0,589632327.0,100.0,0.0,0.0
2024,Poder Ejecutivo,Ramos Administrativos,Seguridad y Protección Ciudadana,P001,Modificado,689469616.38,157317567.77,0.0,272365715.25,1119152899.4,0.0,452400.0,0.0,0.0,452400.0,1119605299.4,99.95959290294157,0.0,0.0
2024,Poder Ejecutivo,Ramos Administrativos,Seguridad y Protección Ciudadana,P001,Devengado,689469616.38,157317567.77,0.0,272365715.25,1119152899.4,0.0,452400.0,0.0,0.0,452400.0,1119605299.4,99.95959290294157,0.0,0.0
2024,Poder Ejecutivo,Ramos Administrativos,Seguridad y Protección Ciudadana,P001,Ejercido,689469616.38,157317567.77,0.0,272365715.25,1119152899.4,0.0,452400.0,0.0,0.0,452400.0,1119605299.4,99.95959290294157,0.0,0.0
2024,Poder Ejecutivo,Ramos Administrativos,Seguridad y Protección Ciudadana,P001,Porcentaje Ejer/Aprob,129.55776153655458,294.26755943297735,0.0,0.0,189.80521388543207,0.0,0.0,0.0,0.0,0.0,189.88193966508896,,0.0,
2024,Poder Ejecutivo,Ramos Administrativos,Seguridad y Protección Ciudadana,P001,Porcentaje Ejer/Modif,100.0,100.0,0.0,100.0,100.0,0.0,100.0,0.0,0.0,100.0,100.0,,0.0,
2024,Poder Ejecutivo,Ramos Administrativos,Seguridad y Protección Ciudadana,P002,Coordinación con las instancias que integran el Sistema Nacional de Seguridad Pública,0.0,0.0,0.0,0.0,0.0,0.0,0.0,0.0,0.0,0.0,0.0,,0.0,
2024,Poder Ejecutivo,Ramos Administrativos,Seguridad y Protección Ciudadana,P002,Aprobado,238102343.0,55753797.0,0.0,26458.0,293882598.0,0.0,0.0,0.0,0.0,0.0,293882598.0,100.0,0.0,0.0
2024,Poder Ejecutivo,Ramos Administrativos,Seguridad y Protección Ciudadana,P002,Modificado,235708892.84,79691986.45,0.0,78005.6,315478884.89,0.0,0.0,0.0,0.0,0.0,315478884.89,100.0,0.0,0.0
2024,Poder Ejecutivo,Ramos Administrativos,Seguridad y Protección Ciudadana,P002,Devengado,235708892.84,79691986.45,0.0,78005.6,315478884.89,0.0,0.0,0.0,0.0,0.0,315478884.89,100.0,0.0,0.0
2024,Poder Ejecutivo,Ramos Administrativos,Seguridad y Protección Ciudadana,P002,Ejercido,235708892.84,79691986.45,0.0,78005.6,315478884.89,0.0,0.0,0.0,0.0,0.0,315478884.89,100.0,0.0,0.0
2024,Poder Ejecutivo,Ramos Administrativos,Seguridad y Protección Ciudadana,P002,Porcentaje Ejer/Aprob,98.9947809291402,142.93553217550368,0.0,294.8280293295034,107.34861030798429,0.0,0.0,0.0,0.0,0.0,107.34861030798429,,0.0,
2024,Poder Ejecutivo,Ramos Administrativos,Seguridad y Protección Ciudadana,P002,Porcentaje Ejer/Modif,100.0,100.0,0.0,100.0,100.0,0.0,0.0,0.0,0.0,0.0,100.0,,0.0,
2024,Poder Ejecutivo,Ramos Administrativos,Seguridad y Protección Ciudadana,R001,Provisiones para infraestructura de seguridad,0.0,0.0,0.0,0.0,0.0,0.0,0.0,0.0,0.0,0.0,0.0,,0.0,
2024,Poder Ejecutivo,Ramos Administrativos,Seguridad y Protección Ciudadana,R001,Aprobado,0.0,0.0,0.0,5307639153.0,5307639153.0,0.0,17965088169.0,0.0,0.0,17965088169.0,23272727322.0,22.806261937261745,0.0,77.19373806273826
2024,Poder Ejecutivo,Ramos Administrativos,Seguridad y Protección Ciudadana,R001,Modificado,0.0,0.0,0.0,0.0,0.0,0.0,0.0,0.0,0.0,0.0,0.0,0.0,0.0,0.0
2024,Poder Ejecutivo,Ramos Administrativos,Seguridad y Protección Ciudadana,R001,Devengado,0.0,0.0,0.0,0.0,0.0,0.0,0.0,0.0,0.0,0.0,0.0,0.0,0.0,0.0
2024,Poder Ejecutivo,Ramos Administrativos,Seguridad y Protección Ciudadana,R001,Ejercido,0.0,0.0,0.0,0.0,0.0,0.0,0.0,0.0,0.0,0.0,0.0,0.0,0.0,0.0
2024,Poder Ejecutivo,Ramos Administrativos,Seguridad y Protección Ciudadana,R001,Porcentaje Ejer/Aprob,0.0,0.0,0.0,0.0,0.0,0.0,0.0,0.0,0.0,0.0,0.0,,0.0,
2024,Poder Ejecutivo,Ramos Administrativos,Seguridad y Protección Ciudadana,R001,Porcentaje Ejer/Modif,0.0,0.0,0.0,0.0,0.0,0.0,0.0,0.0,0.0,0.0,0.0,,0.0,
2024,Poder Ejecutivo,Ramos Administrativos,Seguridad y Protección Ciudadana,R002,Plataforma México,0.0,0.0,0.0,0.0,0.0,0.0,0.0,0.0,0.0,0.0,0.0,,0.0,
2024,Poder Ejecutivo,Ramos Administrativos,Seguridad y Protección Ciudadana,R002,Aprobado,190817361.0,255230590.0,0.0,0.0,446047951.0,0.0,0.0,0.0,0.0,0.0,446047951.0,100.0,0.0,0.0
2024,Poder Ejecutivo,Ramos Administrativos,Seguridad y Protección Ciudadana,R002,Modificado,177803705.93,301013975.21,0.0,0.0,478817681.14,0.0,0.0,0.0,0.0,0.0,478817681.14,100.0,0.0,0.0
2024,Poder Ejecutivo,Ramos Administrativos,Seguridad y Protección Ciudadana,R002,Devengado,177803705.93,301013975.21,0.0,0.0,478817681.14,0.0,0.0,0.0,0.0,0.0,478817681.14,100.0,0.0,0.0
2024,Poder Ejecutivo,Ramos Administrativos,Seguridad y Protección Ciudadana,R002,Ejercido,177803705.93,301013975.21,0.0,0.0,478817681.14,0.0,0.0,0.0,0.0,0.0,478817681.14,100.0,0.0,0.0
2024,Poder Ejecutivo,Ramos Administrativos,Seguridad y Protección Ciudadana,R002,Porcentaje Ejer/Aprob,93.18004661536013,117.93804779043138,0.0,0.0,107.34668325827596,0.0,0.0,0.0,0.0,0.0,107.34668325827596,,0.0,
2024,Poder Ejecutivo,Ramos Administrativos,Seguridad y Protección Ciudadana,R002,Porcentaje Ejer/Modif,100.0,100.0,0.0,0.0,100.0,0.0,0.0,0.0,0.0,0.0,100.0,,0.0,
2024,Poder Ejecutivo,Ramos Administrativos,Seguridad y Protección Ciudadana,U002,Fondo para el Fortalecimiento de las Instituciones de Seguridad Pública,0.0,0.0,0.0,0.0,0.0,0.0,0.0,0.0,0.0,0.0,0.0,,0.0,
2024,Poder Ejecutivo,Ramos Administrativos,Seguridad y Protección Ciudadana,U002,Aprobado,0.0,0.0,1079363467.0,0.0,1079363467.0,0.0,0.0,0.0,0.0,0.0,1079363467.0,100.0,0.0,0.0
2024,Poder Ejecutivo,Ramos Administrativos,Seguridad y Protección Ciudadana,U002,Modificado,0.0,0.0,1062424385.96,0.0,1062424385.96,0.0,0.0,0.0,0.0,0.0,1062424385.96,100.0,0.0,0.0
2024,Poder Ejecutivo,Ramos Administrativos,Seguridad y Protección Ciudadana,U002,Devengado,0.0,0.0,1062424385.96,0.0,1062424385.96,0.0,0.0,0.0,0.0,0.0,1062424385.96,100.0,0.0,0.0
2024,Poder Ejecutivo,Ramos Administrativos,Seguridad y Protección Ciudadana,U002,Ejercido,0.0,0.0,1062424385.96,0.0,1062424385.96,0.0,0.0,0.0,0.0,0.0,1062424385.96,100.0,0.0,0.0
2024,Poder Ejecutivo,Ramos Administrativos,Seguridad y Protección Ciudadana,U002,Porcentaje Ejer/Aprob,0.0,0.0,98.4306416181492,0.0,98.4306416181492,0.0,0.0,0.0,0.0,0.0,98.4306416181492,,0.0,
2024,Poder Ejecutivo,Ramos Administrativos,Seguridad y Protección Ciudadana,U002,Porcentaje Ejer/Modif,0.0,0.0,100.0,0.0,100.0,0.0,0.0,0.0,0.0,0.0,100.0,,0.0,
2024,Poder Ejecutivo,Ramos Administrativos,Consejería Jurídica del Ejecutivo Federal,TOTAL,Aprobado,138875179.0,25616503.0,0.0,0.0,164491682.0,0.0,0.0,0.0,0.0,0.0,164491682.0,100.0,0.0,0.0
2024,Poder Ejecutivo,Ramos Administrativos,Consejería Jurídica del Ejecutivo Federal,TOTAL,Modificado,146526702.79,19313830.19,0.0,641096.42,166481629.4,0.0,0.0,0.0,0.0,0.0,166481629.4,100.0,0.0,0.0
2024,Poder Ejecutivo,Ramos Administrativos,Consejería Jurídica del Ejecutivo Federal,TOTAL,Devengado,146526702.79,19313830.19,0.0,641096.42,166481629.4,0.0,0.0,0.0,0.0,0.0,166481629.4,100.0,0.0,0.0
2024,Poder Ejecutivo,Ramos Administrativos,Consejería Jurídica del Ejecutivo Federal,TOTAL,Ejercido,146526702.79,19313830.19,0.0,641096.42,166481629.4,0.0,0.0,0.0,0.0,0.0,166481629.4,100.0,0.0,0.0
2024,Poder Ejecutivo,Ramos Administrativos,Consejería Jurídica del Ejecutivo Federal,TOTAL,Porcentaje Ejer/Aprob,105.5096409920739,75.39604523693184,0.0,0.0,101.2097556398019,0.0,0.0,0.0,0.0,0.0,101.2097556398019,,0.0,
2024,Poder Ejecutivo,Ramos Administrativos,Consejería Jurídica del Ejecutivo Federal,TOTAL,Porcentaje Ejer/Modif,100.0,100.0,0.0,100.0,100.0,0.0,0.0,0.0,0.0,0.0,100.0,,0.0,
2024,Poder Ejecutivo,Ramos Administrativos,Consejería Jurídica del Ejecutivo Federal,M001,Actividades de apoyo administrativo,0.0,0.0,0.0,0.0,0.0,0.0,0.0,0.0,0.0,0.0,0.0,,0.0,
2024,Poder Ejecutivo,Ramos Administrativos,Consejería Jurídica del Ejecutivo Federal,M001,Aprobado,33430142.0,3619353.0,0.0,0.0,37049495.0,0.0,0.0,0.0,0.0,0.0,37049495.0,100.0,0.0,0.0
2024,Poder Ejecutivo,Ramos Administrativos,Consejería Jurídica del Ejecutivo Federal,M001,Modificado,34937008.94,2746511.18,0.0,70264.37,37753784.49,0.0,0.0,0.0,0.0,0.0,37753784.49,100.0,0.0,0.0
2024,Poder Ejecutivo,Ramos Administrativos,Consejería Jurídica del Ejecutivo Federal,M001,Devengado,34937008.94,2746511.18,0.0,70264.37,37753784.49,0.0,0.0,0.0,0.0,0.0,37753784.49,100.0,0.0,0.0
2024,Poder Ejecutivo,Ramos Administrativos,Consejería Jurídica del Ejecutivo Federal,M001,Ejercido,34937008.94,2746511.18,0.0,70264.37,37753784.49,0.0,0.0,0.0,0.0,0.0,37753784.49,100.0,0.0,0.0
2024,Poder Ejecutivo,Ramos Administrativos,Consejería Jurídica del Ejecutivo Federal,M001,Porcentaje Ejer/Aprob,104.50750983947361,75.88403728511699,0.0,0.0,101.90094221257266,0.0,0.0,0.0,0.0,0.0,101.90094221257266,,0.0,
2024,Poder Ejecutivo,Ramos Administrativos,Consejería Jurídica del Ejecutivo Federal,M001,Porcentaje Ejer/Modif,100.0,100.0,0.0,100.0,100.0,0.0,0.0,0.0,0.0,0.0,100.0,,0.0,
2024,Poder Ejecutivo,Ramos Administrativos,Consejería Jurídica del Ejecutivo Federal,P001,Asesoramiento en materia jurídica al Presidente de la Republica y al Gobierno Federal,0.0,0.0,0.0,0.0,0.0,0.0,0.0,0.0,0.0,0.0,0.0,,0.0,
2024,Poder Ejecutivo,Ramos Administrativos,Consejería Jurídica del Ejecutivo Federal,P001,Aprobado,105445037.0,21997150.0,0.0,0.0,127442187.0,0.0,0.0,0.0,0.0,0.0,127442187.0,100.0,0.0,0.0
2024,Poder Ejecutivo,Ramos Administrativos,Consejería Jurídica del Ejecutivo Federal,P001,Modificado,111589693.85,16567319.01,0.0,570832.05,128727844.91,0.0,0.0,0.0,0.0,0.0,128727844.91,100.0,0.0,0.0
2024,Poder Ejecutivo,Ramos Administrativos,Consejería Jurídica del Ejecutivo Federal,P001,Devengado,111589693.85,16567319.01,0.0,570832.05,128727844.91,0.0,0.0,0.0,0.0,0.0,128727844.91,100.0,0.0,0.0
2024,Poder Ejecutivo,Ramos Administrativos,Consejería Jurídica del Ejecutivo Federal,P001,Ejercido,111589693.85,16567319.01,0.0,570832.05,128727844.91,0.0,0.0,0.0,0.0,0.0,128727844.91,100.0,0.0,0.0
2024,Poder Ejecutivo,Ramos Administrativos,Consejería Jurídica del Ejecutivo Federal,P001,Porcentaje Ejer/Aprob,105.82735520307133,75.31575231336787,0.0,0.0,101.00881657813984,0.0,0.0,0.0,0.0,0.0,101.00881657813984,,0.0,
2024,Poder Ejecutivo,Ramos Administrativos,Consejería Jurídica del Ejecutivo Federal,P001,Porcentaje Ejer/Modif,100.0,100.0,0.0,100.0,100.0,0.0,0.0,0.0,0.0,0.0,100.0,,0.0,
2024,Poder Ejecutivo,Ramos Administrativos,"Humanidades, Ciencias, Tecnologías e Innovación",TOTAL,Aprobado,7314194405.0,2042984632.0,13949569596.0,9863996639.0,33170745272.0,0.0,0.0,0.0,0.0,0.0,33170745272.0,100.0,0.0,0.0
2024,Poder Ejecutivo,Ramos Administrativos,"Humanidades, Ciencias, Tecnologías e Innovación",TOTAL,Modificado,7518265531.1,1827698717.67,13753724932.97,12695443419.54,35795132601.28,0.0,0.0,0.0,0.0,0.0,35795132601.28,100.0,0.0,0.0
2024,Poder Ejecutivo,Ramos Administrativos,"Humanidades, Ciencias, Tecnologías e Innovación",TOTAL,Devengado,7518265531.1,1827698717.67,13753724932.97,12695443419.54,35795132601.28,0.0,0.0,0.0,0.0,0.0,35795132601.28,100.0,0.0,0.0
2024,Poder Ejecutivo,Ramos Administrativos,"Humanidades, Ciencias, Tecnologías e Innovación",TOTAL,Ejercido,7518265531.1,1827698717.67,13753724932.97,12695443419.54,35795132601.28,0.0,0.0,0.0,0.0,0.0,35795132601.28,100.0,0.0,0.0
2024,Poder Ejecutivo,Ramos Administrativos,"Humanidades, Ciencias, Tecnologías e Innovación",TOTAL,Porcentaje Ejer/Aprob,102.7900697575183,89.46218630537403,98.596052289053,128.704863598038,107.91175268375804,0.0,0.0,0.0,0.0,0.0,107.91175268375804,,0.0,
2024,Poder Ejecutivo,Ramos Administrativos,"Humanidades, Ciencias, Tecnologías e Innovación",TOTAL,Porcentaje Ejer/Modif,100.0,100.0,100.0,100.0,100.0,0.0,0.0,0.0,0.0,0.0,100.0,,0.0,
2024,Poder Ejecutivo,Ramos Administrativos,"Humanidades, Ciencias, Tecnologías e Innovación",E003,"Investigación científica, desarrollo e innovación",0.0,0.0,0.0,0.0,0.0,0.0,0.0,0.0,0.0,0.0,0.0,,0.0,
2024,Poder Ejecutivo,Ramos Administrativos,"Humanidades, Ciencias, Tecnologías e Innovación",E003,Aprobado,4583510484.0,1716140977.0,176889709.0,19147370.0,6495688540.0,0.0,0.0,0.0,0.0,0.0,6495688540.0,100.0,0.0,0.0
2024,Poder Ejecutivo,Ramos Administrativos,"Humanidades, Ciencias, Tecnologías e Innovación",E003,Modificado,4893787584.46,1501144091.29,172002831.76,52408079.69,6619342587.2,0.0,0.0,0.0,0.0,0.0,6619342587.2,100.0,0.0,0.0
2024,Poder Ejecutivo,Ramos Administrativos,"Humanidades, Ciencias, Tecnologías e Innovación",E003,Devengado,4893787584.46,1501144091.29,172002831.76,52408079.69,6619342587.2,0.0,0.0,0.0,0.0,0.0,6619342587.2,100.0,0.0,0.0
2024,Poder Ejecutivo,Ramos Administrativos,"Humanidades, Ciencias, Tecnologías e Innovación",E003,Ejercido,4893787584.46,1501144091.29,172002831.76,52408079.69,6619342587.2,0.0,0.0,0.0,0.0,0.0,6619342587.2,100.0,0.0,0.0
2024,Poder Ejecutivo,Ramos Administrativos,"Humanidades, Ciencias, Tecnologías e Innovación",E003,Porcentaje Ejer/Aprob,106.76942054661176,87.47207318096687,97.23733095179664,273.70902473812333,101.90363263938144,0.0,0.0,0.0,0.0,0.0,101.90363263938144,,0.0,
2024,Poder Ejecutivo,Ramos Administrativos,"Humanidades, Ciencias, Tecnologías e Innovación",E003,Porcentaje Ejer/Modif,100.0,100.0,100.0,100.0,100.0,0.0,0.0,0.0,0.0,0.0,100.0,,0.0,
2024,Poder Ejecutivo,Ramos Administrativos,"Humanidades, Ciencias, Tecnologías e Innovación",F003,"Programas nacionales estratégicos de ciencia, tecnología y vinculación con el sector social, público y privado",0.0,0.0,0.0,0.0,0.0,0.0,0.0,0.0,0.0,0.0,0.0,,0.0,
2024,Poder Ejecutivo,Ramos Administrativos,"Humanidades, Ciencias, Tecnologías e Innovación",F003,Aprobado,0.0,55925761.0,0.0,1342218285.0,1398144046.0,0.0,0.0,0.0,0.0,0.0,1398144046.0,100.0,0.0,0.0
2024,Poder Ejecutivo,Ramos Administrativos,"Humanidades, Ciencias, Tecnologías e Innovación",F003,Modificado,0.0,54214873.01,0.0,1321354383.53,1375569256.54,0.0,0.0,0.0,0.0,0.0,1375569256.54,100.0,0.0,0.0
2024,Poder Ejecutivo,Ramos Administrativos,"Humanidades, Ciencias, Tecnologías e Innovación",F003,Devengado,0.0,54214873.01,0.0,1321354383.53,1375569256.54,0.0,0.0,0.0,0.0,0.0,1375569256.54,100.0,0.0,0.0
2024,Poder Ejecutivo,Ramos Administrativos,"Humanidades, Ciencias, Tecnologías e Innovación",F003,Ejercido,0.0,54214873.01,0.0,1321354383.53,1375569256.54,0.0,0.0,0.0,0.0,0.0,1375569256.54,100.0,0.0,0.0
2024,Poder Ejecutivo,Ramos Administrativos,"Humanidades, Ciencias, Tecnologías e Innovación",F003,Porcentaje Ejer/Aprob,0.0,96.94078728763297,0.0,98.44556569500169,98.38537455961101,0.0,0.0,0.0,0.0,0.0,98.38537455961101,,0.0,
2024,Poder Ejecutivo,Ramos Administrativos,"Humanidades, Ciencias, Tecnologías e Innovación",F003,Porcentaje Ejer/Modif,0.0,100.0,0.0,100.0,100.0,0.0,0.0,0.0,0.0,0.0,100.0,,0.0,
2024,Poder Ejecutivo,Ramos Administrativos,"Humanidades, Ciencias, Tecnologías e Innovación",M001,Actividades de apoyo administrativo,0.0,0.0,0.0,0.0,0.0,0.0,0.0,0.0,0.0,0.0,0.0,,0.0,
2024,Poder Ejecutivo,Ramos Administrativos,"Humanidades, Ciencias, Tecnologías e Innovación",M001,Aprobado,968564083.0,34375732.0,0.0,4077.0,1002943892.0,0.0,0.0,0.0,0.0,0.0,1002943892.0,100.0,0.0,0.0
2024,Poder Ejecutivo,Ramos Administrativos,"Humanidades, Ciencias, Tecnologías e Innovación",M001,Modificado,927588052.84,27477279.16,0.0,0.0,955065332.0,0.0,0.0,0.0,0.0,0.0,955065332.0,100.0,0.0,0.0
2024,Poder Ejecutivo,Ramos Administrativos,"Humanidades, Ciencias, Tecnologías e Innovación",M001,Devengado,927588052.84,27477279.16,0.0,0.0,955065332.0,0.0,0.0,0.0,0.0,0.0,955065332.0,100.0,0.0,0.0
2024,Poder Ejecutivo,Ramos Administrativos,"Humanidades, Ciencias, Tecnologías e Innovación",M001,Ejercido,927588052.84,27477279.16,0.0,0.0,955065332.0,0.0,0.0,0.0,0.0,0.0,955065332.0,100.0,0.0,0.0
2024,Poder Ejecutivo,Ramos Administrativos,"Humanidades, Ciencias, Tecnologías e Innovación",M001,Porcentaje Ejer/Aprob,95.7694043296462,79.93220089102392,0.0,0.0,95.22619755881618,0.0,0.0,0.0,0.0,0.0,95.22619755881618,,0.0,
2024,Poder Ejecutivo,Ramos Administrativos,"Humanidades, Ciencias, Tecnologías e Innovación",M001,Porcentaje Ejer/Modif,100.0,100.0,0.0,0.0,100.0,0.0,0.0,0.0,0.0,0.0,100.0,,0.0,
2024,Poder Ejecutivo,Ramos Administrativos,"Humanidades, Ciencias, Tecnologías e Innovación",O001,Actividades de apoyo a la función pública y buen gobierno,0.0,0.0,0.0,0.0,0.0,0.0,0.0,0.0,0.0,0.0,0.0,,0.0,
2024,Poder Ejecutivo,Ramos Administrativos,"Humanidades, Ciencias, Tecnologías e Innovación",O001,Aprobado,80131066.0,5475701.0,0.0,0.0,85606767.0,0.0,0.0,0.0,0.0,0.0,85606767.0,100.0,0.0,0.0
2024,Poder Ejecutivo,Ramos Administrativos,"Humanidades, Ciencias, Tecnologías e Innovación",O001,Modificado,72408031.44,3662854.55,0.0,0.0,76070885.99,0.0,0.0,0.0,0.0,0.0,76070885.99,100.0,0.0,0.0
2024,Poder Ejecutivo,Ramos Administrativos,"Humanidades, Ciencias, Tecnologías e Innovación",O001,Devengado,72408031.44,3662854.55,0.0,0.0,76070885.99,0.0,0.0,0.0,0.0,0.0,76070885.99,100.0,0.0,0.0
2024,Poder Ejecutivo,Ramos Administrativos,"Humanidades, Ciencias, Tecnologías e Innovación",O001,Ejercido,72408031.44,3662854.55,0.0,0.0,76070885.99,0.0,0.0,0.0,0.0,0.0,76070885.99,100.0,0.0,0.0
2024,Poder Ejecutivo,Ramos Administrativos,"Humanidades, Ciencias, Tecnologías e Innovación",O001,Porcentaje Ejer/Aprob,90.36199698129562,66.89288823476664,0.0,0.0,88.86083268393958,0.0,0.0,0.0,0.0,0.0,88.86083268393958,,0.0,
2024,Poder Ejecutivo,Ramos Administrativos,"Humanidades, Ciencias, Tecnologías e Innovación",O001,Porcentaje Ejer/Modif,100.0,100.0,0.0,0.0,100.0,0.0,0.0,0.0,0.0,0.0,100.0,,0.0,
2024,Poder Ejecutivo,Ramos Administrativos,"Humanidades, Ciencias, Tecnologías e Innovación",P001,"Diseño y evaluación de políticas en ciencia, tecnología e innovación",0.0,0.0,0.0,0.0,0.0,0.0,0.0,0.0,0.0,0.0,0.0,,0.0,
2024,Poder Ejecutivo,Ramos Administrativos,"Humanidades, Ciencias, Tecnologías e Innovación",P001,Aprobado,1681988772.0,231066461.0,0.0,14741244.0,1927796477.0,0.0,0.0,0.0,0.0,0.0,1927796477.0,100.0,0.0,0.0
2024,Poder Ejecutivo,Ramos Administrativos,"Humanidades, Ciencias, Tecnologías e Innovación",P001,Modificado,1624481862.36,237576422.96,0.0,12409040.57,1874467325.89,0.0,0.0,0.0,0.0,0.0,1874467325.89,100.0,0.0,0.0
2024,Poder Ejecutivo,Ramos Administrativos,"Humanidades, Ciencias, Tecnologías e Innovación",P001,Devengado,1624481862.36,237576422.96,0.0,12409040.57,1874467325.89,0.0,0.0,0.0,0.0,0.0,1874467325.89,100.0,0.0,0.0
2024,Poder Ejecutivo,Ramos Administrativos,"Humanidades, Ciencias, Tecnologías e Innovación",P001,Ejercido,1624481862.36,237576422.96,0.0,12409040.57,1874467325.89,0.0,0.0,0.0,0.0,0.0,1874467325.89,100.0,0.0,0.0
2024,Poder Ejecutivo,Ramos Administrativos,"Humanidades, Ciencias, Tecnologías e Innovación",P001,Porcentaje Ejer/Aprob,96.58101703190204,102.81735476963054,0.0,84.17905958275978,97.23367317316661,0.0,0.0,0.0,0.0,0.0,97.23367317316661,,0.0,
2024,Poder Ejecutivo,Ramos Administrativos,"Humanidades, Ciencias, Tecnologías e Innovación",P001,Porcentaje Ejer/Modif,100.0,100.0,0.0,100.0,100.0,0.0,0.0,0.0,0.0,0.0,100.0,,0.0,
2024,Poder Ejecutivo,Ramos Administrativos,"Humanidades, Ciencias, Tecnologías e Innovación",S190,Becas de posgrado y apoyos a la calidad,0.0,0.0,0.0,0.0,0.0,0.0,0.0,0.0,0.0,0.0,0.0,,0.0,
2024,Poder Ejecutivo,Ramos Administrativos,"Humanidades, Ciencias, Tecnologías e Innovación",S190,Aprobado,0.0,0.0,13772679887.0,0.0,13772679887.0,0.0,0.0,0.0,0.0,0.0,13772679887.0,100.0,0.0,0.0
2024,Poder Ejecutivo,Ramos Administrativos,"Humanidades, Ciencias, Tecnologías e Innovación",S190,Modificado,0.0,3623196.7,13581722101.21,0.0,13585345297.91,0.0,0.0,0.0,0.0,0.0,13585345297.91,100.0,0.0,0.0
2024,Poder Ejecutivo,Ramos Administrativos,"Humanidades, Ciencias, Tecnologías e Innovación",S190,Devengado,0.0,3623196.7,13581722101.21,0.0,13585345297.91,0.0,0.0,0.0,0.0,0.0,13585345297.91,100.0,0.0,0.0
2024,Poder Ejecutivo,Ramos Administrativos,"Humanidades, Ciencias, Tecnologías e Innovación",S190,Ejercido,0.0,3623196.7,13581722101.21,0.0,13585345297.91,0.0,0.0,0.0,0.0,0.0,13585345297.91,100.0,0.0,0.0
2024,Poder Ejecutivo,Ramos Administrativos,"Humanidades, Ciencias, Tecnologías e Innovación",S190,Porcentaje Ejer/Aprob,0.0,0.0,98.61350305563809,0.0,98.63981018489491,0.0,0.0,0.0,0.0,0.0,98.63981018489491,,0.0,
2024,Poder Ejecutivo,Ramos Administrativos,"Humanidades, Ciencias, Tecnologías e Innovación",S190,Porcentaje Ejer/Modif,0.0,100.0,100.0,0.0,100.0,0.0,0.0,0.0,0.0,0.0,100.0,,0.0,
2024,Poder Ejecutivo,Ramos Administrativos,"Humanidades, Ciencias, Tecnologías e Innovación",S191,Sistema Nacional de Investigadores,0.0,0.0,0.0,0.0,0.0,0.0,0.0,0.0,0.0,0.0,0.0,,0.0,
2024,Poder Ejecutivo,Ramos Administrativos,"Humanidades, Ciencias, Tecnologías e Innovación",S191,Aprobado,0.0,0.0,0.0,8487885663.0,8487885663.0,0.0,0.0,0.0,0.0,0.0,8487885663.0,100.0,0.0,0.0
2024,Poder Ejecutivo,Ramos Administrativos,"Humanidades, Ciencias, Tecnologías e Innovación",S191,Modificado,0.0,0.0,0.0,11309271915.75,11309271915.75,0.0,0.0,0.0,0.0,0.0,11309271915.75,100.0,0.0,0.0
2024,Poder Ejecutivo,Ramos Administrativos,"Humanidades, Ciencias, Tecnologías e Innovación",S191,Devengado,0.0,0.0,0.0,11309271915.75,11309271915.75,0.0,0.0,0.0,0.0,0.0,11309271915.75,100.0,0.0,0.0
2024,Poder Ejecutivo,Ramos Administrativos,"Humanidades, Ciencias, Tecnologías e Innovación",S191,Ejercido,0.0,0.0,0.0,11309271915.75,11309271915.75,0.0,0.0,0.0,0.0,0.0,11309271915.75,100.0,0.0,0.0
2024,Poder Ejecutivo,Ramos Administrativos,"Humanidades, Ciencias, Tecnologías e Innovación",S191,Porcentaje Ejer/Aprob,0.0,0.0,0.0,133.24015384713366,133.24015384713366,0.0,0.0,0.0,0.0,0.0,133.24015384713366,,0.0,
2024,Poder Ejecutivo,Ramos Administrativos,"Humanidades, Ciencias, Tecnologías e Innovación",S191,Porcentaje Ejer/Modif,0.0,0.0,0.0,100.0,100.0,0.0,0.0,0.0,0.0,0.0,100.0,,0.0,
2024,Poder Ejecutivo,Ramos Administrativos,Comisión Reguladora de Energía,TOTAL,Aprobado,285254156.0,252792.0,0.0,0.0,285506948.0,0.0,0.0,0.0,0.0,0.0,285506948.0,100.0,0.0,0.0
2024,Poder Ejecutivo,Ramos Administrativos,Comisión Reguladora de Energía,TOTAL,Modificado,404176989.01,24796829.63,0.0,5332337.45,434306156.09,0.0,0.0,0.0,0.0,0.0,434306156.09,100.0,0.0,0.0
2024,Poder Ejecutivo,Ramos Administrativos,Comisión Reguladora de Energía,TOTAL,Devengado,404176989.01,24796829.63,0.0,5332337.45,434306156.09,0.0,0.0,0.0,0.0,0.0,434306156.09,100.0,0.0,0.0
2024,Poder Ejecutivo,Ramos Administrativos,Comisión Reguladora de Energía,TOTAL,Ejercido,404176989.01,24796829.63,0.0,5332337.45,434306156.09,0.0,0.0,0.0,0.0,0.0,434306156.09,100.0,0.0,0.0
2024,Poder Ejecutivo,Ramos Administrativos,Comisión Reguladora de Energía,TOTAL,Porcentaje Ejer/Aprob,141.69013159268394,0.0,0.0,0.0,152.11754359477092,0.0,0.0,0.0,0.0,0.0,152.11754359477092,,0.0,
2024,Poder Ejecutivo,Ramos Administrativos,Comisión Reguladora de Energía,TOTAL,Porcentaje Ejer/Modif,100.0,100.0,0.0,100.0,100.0,0.0,0.0,0.0,0.0,0.0,100.0,,0.0,
2024,Poder Ejecutivo,Ramos Administrativos,Comisión Reguladora de Energía,G001,Regulación y permisos de electricidad,0.0,0.0,0.0,0.0,0.0,0.0,0.0,0.0,0.0,0.0,0.0,,0.0,
2024,Poder Ejecutivo,Ramos Administrativos,Comisión Reguladora de Energía,G001,Aprobado,94520193.0,55997.0,0.0,0.0,94576190.0,0.0,0.0,0.0,0.0,0.0,94576190.0,100.0,0.0,0.0
2024,Poder Ejecutivo,Ramos Administrativos,Comisión Reguladora de Energía,G001,Modificado,130839190.31,7498502.08,0.0,2625168.0,140962860.39,0.0,0.0,0.0,0.0,0.0,140962860.39,100.0,0.0,0.0
2024,Poder Ejecutivo,Ramos Administrativos,Comisión Reguladora de Energía,G001,Devengado,130839190.31,7498502.08,0.0,2625168.0,140962860.39,0.0,0.0,0.0,0.0,0.0,140962860.39,100.0,0.0,0.0
2024,Poder Ejecutivo,Ramos Administrativos,Comisión Reguladora de Energía,G001,Ejercido,130839190.31,7498502.08,0.0,2625168.0,140962860.39,0.0,0.0,0.0,0.0,0.0,140962860.39,100.0,0.0,0.0
2024,Poder Ejecutivo,Ramos Administrativos,Comisión Reguladora de Energía,G001,Porcentaje Ejer/Aprob,138.42459072211162,0.0,0.0,0.0,149.04687997052957,0.0,0.0,0.0,0.0,0.0,149.04687997052957,,0.0,
2024,Poder Ejecutivo,Ramos Administrativos,Comisión Reguladora de Energía,G001,Porcentaje Ejer/Modif,100.0,100.0,0.0,100.0,100.0,0.0,0.0,0.0,0.0,0.0,100.0,,0.0,
2024,Poder Ejecutivo,Ramos Administrativos,Comisión Reguladora de Energía,G002,Regulación y permisos de Hidrocarburos,0.0,0.0,0.0,0.0,0.0,0.0,0.0,0.0,0.0,0.0,0.0,,0.0,
2024,Poder Ejecutivo,Ramos Administrativos,Comisión Reguladora de Energía,G002,Aprobado,137259924.0,87011.0,0.0,0.0,137346935.0,0.0,0.0,0.0,0.0,0.0,137346935.0,100.0,0.0,0.0
2024,Poder Ejecutivo,Ramos Administrativos,Comisión Reguladora de Energía,G002,Modificado,197223169.75,12459634.09,0.0,2687169.45,212369973.29,0.0,0.0,0.0,0.0,0.0,212369973.29,100.0,0.0,0.0
2024,Poder Ejecutivo,Ramos Administrativos,Comisión Reguladora de Energía,G002,Devengado,197223169.75,12459634.09,0.0,2687169.45,212369973.29,0.0,0.0,0.0,0.0,0.0,212369973.29,100.0,0.0,0.0
2024,Poder Ejecutivo,Ramos Administrativos,Comisión Reguladora de Energía,G002,Ejercido,197223169.75,12459634.09,0.0,2687169.45,212369973.29,0.0,0.0,0.0,0.0,0.0,212369973.29,100.0,0.0,0.0
2024,Poder Ejecutivo,Ramos Administrativos,Comisión Reguladora de Energía,G002,Porcentaje Ejer/Aprob,143.68590918788502,0.0,0.0,0.0,154.62301600687337,0.0,0.0,0.0,0.0,0.0,154.62301600687337,,0.0,
2024,Poder Ejecutivo,Ramos Administrativos,Comisión Reguladora de Energía,G002,Porcentaje Ejer/Modif,100.0,100.0,0.0,100.0,100.0,0.0,0.0,0.0,0.0,0.0,100.0,,0.0,
2024,Poder Ejecutivo,Ramos Administrativos,Comisión Reguladora de Energía,M001,Actividades de apoyo administrativo,0.0,0.0,0.0,0.0,0.0,0.0,0.0,0.0,0.0,0.0,0.0,,0.0,
2024,Poder Ejecutivo,Ramos Administrativos,Comisión Reguladora de Energía,M001,Aprobado,53474039.0,109784.0,0.0,0.0,53583823.0,0.0,0.0,0.0,0.0,0.0,53583823.0,100.0,0.0,0.0
2024,Poder Ejecutivo,Ramos Administrativos,Comisión Reguladora de Energía,M001,Modificado,76114628.95,4838693.46,0.0,20000.0,80973322.41,0.0,0.0,0.0,0.0,0.0,80973322.41,100.0,0.0,0.0
2024,Poder Ejecutivo,Ramos Administrativos,Comisión Reguladora de Energía,M001,Devengado,76114628.95,4838693.46,0.0,20000.0,80973322.41,0.0,0.0,0.0,0.0,0.0,80973322.41,100.0,0.0,0.0
2024,Poder Ejecutivo,Ramos Administrativos,Comisión Reguladora de Energía,M001,Ejercido,76114628.95,4838693.46,0.0,20000.0,80973322.41,0.0,0.0,0.0,0.0,0.0,80973322.41,100.0,0.0,0.0
2024,Poder Ejecutivo,Ramos Administrativos,Comisión Reguladora de Energía,M001,Porcentaje Ejer/Aprob,142.33940501483346,0.0,0.0,0.0,151.11523940723677,0.0,0.0,0.0,0.0,0.0,151.11523940723677,,0.0,
2024,Poder Ejecutivo,Ramos Administrativos,Comisión Reguladora de Energía,M001,Porcentaje Ejer/Modif,100.0,100.0,0.0,100.0,100.0,0.0,0.0,0.0,0.0,0.0,100.0,,0.0,
2024,Poder Ejecutivo,Ramos Administrativos,Comisión Nacional de Hidrocarburos,TOTAL,Aprobado,246755531.0,795810.0,0.0,0.0,247551341.0,0.0,0.0,0.0,0.0,0.0,247551341.0,100.0,0.0,0.0
2024,Poder Ejecutivo,Ramos Administrativos,Comisión Nacional de Hidrocarburos,TOTAL,Modificado,399436347.34,230196183.8,0.0,214108000.0,843740531.14,0.0,0.0,0.0,0.0,0.0,843740531.14,100.0,0.0,0.0
2024,Poder Ejecutivo,Ramos Administrativos,Comisión Nacional de Hidrocarburos,TOTAL,Devengado,399436347.34,230196183.8,0.0,108000.0,629740531.14,0.0,0.0,0.0,0.0,0.0,629740531.14,100.0,0.0,0.0
2024,Poder Ejecutivo,Ramos Administrativos,Comisión Nacional de Hidrocarburos,TOTAL,Ejercido,399436347.34,230196183.8,0.0,108000.0,629740531.14,0.0,0.0,0.0,0.0,0.0,629740531.14,100.0,0.0,0.0
2024,Poder Ejecutivo,Ramos Administrativos,Comisión Nacional de Hidrocarburos,TOTAL,Porcentaje Ejer/Aprob,161.87533698687383,0.0,0.0,0.0,254.38784883819312,0.0,0.0,0.0,0.0,0.0,254.38784883819312,,0.0,
2024,Poder Ejecutivo,Ramos Administrativos,Comisión Nacional de Hidrocarburos,TOTAL,Porcentaje Ejer/Modif,100.0,100.0,0.0,0.1,74.6367524017296,0.0,0.0,0.0,0.0,0.0,74.6367524017296,,0.0,
2024,Poder Ejecutivo,Ramos Administrativos,Comisión Nacional de Hidrocarburos,G001,Promoción y regulación de Hidrocarburos,0.0,0.0,0.0,0.0,0.0,0.0,0.0,0.0,0.0,0.0,0.0,,0.0,
2024,Poder Ejecutivo,Ramos Administrativos,Comisión Nacional de Hidrocarburos,G001,Aprobado,115799898.0,709243.0,0.0,0.0,116509141.0,0.0,0.0,0.0,0.0,0.0,116509141.0,100.0,0.0,0.0
2024,Poder Ejecutivo,Ramos Administrativos,Comisión Nacional de Hidrocarburos,G001,Modificado,175281472.96,91329415.26,0.0,36000.0,266646888.22,0.0,0.0,0.0,0.0,0.0,266646888.22,100.0,0.0,0.0
2024,Poder Ejecutivo,Ramos Administrativos,Comisión Nacional de Hidrocarburos,G001,Devengado,175281472.96,91329415.26,0.0,36000.0,266646888.22,0.0,0.0,0.0,0.0,0.0,266646888.22,100.0,0.0,0.0
2024,Poder Ejecutivo,Ramos Administrativos,Comisión Nacional de Hidrocarburos,G001,Ejercido,175281472.96,91329415.26,0.0,36000.0,266646888.22,0.0,0.0,0.0,0.0,0.0,266646888.22,100.0,0.0,0.0
2024,Poder Ejecutivo,Ramos Administrativos,Comisión Nacional de Hidrocarburos,G001,Porcentaje Ejer/Aprob,151.36582672983013,0.0,0.0,0.0,228.86349168088023,0.0,0.0,0.0,0.0,0.0,228.86349168088023,,0.0,
2024,Poder Ejecutivo,Ramos Administrativos,Comisión Nacional de Hidrocarburos,G001,Porcentaje Ejer/Modif,100.0,100.0,0.0,100.0,100.0,0.0,0.0,0.0,0.0,0.0,100.0,,0.0,
2024,Poder Ejecutivo,Ramos Administrativos,Comisión Nacional de Hidrocarburos,G002,Administración Técnica de Asignaciones y Contratos,0.0,0.0,0.0,0.0,0.0,0.0,0.0,0.0,0.0,0.0,0.0,,0.0,
2024,Poder Ejecutivo,Ramos Administrativos,Comisión Nacional de Hidrocarburos,G002,Aprobado,71331417.0,58970.0,0.0,0.0,71390387.0,0.0,0.0,0.0,0.0,0.0,71390387.0,100.0,0.0,0.0
2024,Poder Ejecutivo,Ramos Administrativos,Comisión Nacional de Hidrocarburos,G002,Modificado,127555104.52,32723992.65,0.0,12000.0,160291097.17,0.0,0.0,0.0,0.0,0.0,160291097.17,100.0,0.0,0.0
2024,Poder Ejecutivo,Ramos Administrativos,Comisión Nacional de Hidrocarburos,G002,Devengado,127555104.52,32723992.65,0.0,12000.0,160291097.17,0.0,0.0,0.0,0.0,0.0,160291097.17,100.0,0.0,0.0
2024,Poder Ejecutivo,Ramos Administrativos,Comisión Nacional de Hidrocarburos,G002,Ejercido,127555104.52,32723992.65,0.0,12000.0,160291097.17,0.0,0.0,0.0,0.0,0.0,160291097.17,100.0,0.0,0.0
2024,Poder Ejecutivo,Ramos Administrativos,Comisión Nacional de Hidrocarburos,G002,Porcentaje Ejer/Aprob,178.8203710014621,0.0,0.0,0.0,224.52756443244942,0.0,0.0,0.0,0.0,0.0,224.52756443244942,,0.0,
2024,Poder Ejecutivo,Ramos Administrativos,Comisión Nacional de Hidrocarburos,G002,Porcentaje Ejer/Modif,100.0,100.0,0.0,100.0,100.0,0.0,0.0,0.0,0.0,0.0,100.0,,0.0,
2024,Poder Ejecutivo,Ramos Administrativos,Comisión Nacional de Hidrocarburos,M001,Actividades de apoyo administrativo,0.0,0.0,0.0,0.0,0.0,0.0,0.0,0.0,0.0,0.0,0.0,,0.0,
2024,Poder Ejecutivo,Ramos Administrativos,Comisión Nacional de Hidrocarburos,M001,Aprobado,43534429.0,24810.0,0.0,0.0,43559239.0,0.0,0.0,0.0,0.0,0.0,43559239.0,100.0,0.0,0.0
2024,Poder Ejecutivo,Ramos Administrativos,Comisión Nacional de Hidrocarburos,M001,Modificado,69765735.86,98833764.43,0.0,214036000.0,382635500.29,0.0,0.0,0.0,0.0,0.0,382635500.29,100.0,0.0,0.0
2024,Poder Ejecutivo,Ramos Administrativos,Comisión Nacional de Hidrocarburos,M001,Devengado,69765735.86,98833764.43,0.0,36000.0,168635500.29,0.0,0.0,0.0,0.0,0.0,168635500.29,100.0,0.0,0.0
2024,Poder Ejecutivo,Ramos Administrativos,Comisión Nacional de Hidrocarburos,M001,Ejercido,69765735.86,98833764.43,0.0,36000.0,168635500.29,0.0,0.0,0.0,0.0,0.0,168635500.29,100.0,0.0,0.0
2024,Poder Ejecutivo,Ramos Administrativos,Comisión Nacional de Hidrocarburos,M001,Porcentaje Ejer/Aprob,160.25416541009417,0.0,0.0,0.0,387.14060245634687,0.0,0.0,0.0,0.0,0.0,387.14060245634687,,0.0,
2024,Poder Ejecutivo,Ramos Administrativos,Comisión Nacional de Hidrocarburos,M001,Porcentaje Ejer/Modif,100.0,100.0,0.0,0.0,44.07209999129482,0.0,0.0,0.0,0.0,0.0,44.07209999129482,,0.0,
2024,Poder Ejecutivo,Ramos Administrativos,Comisión Nacional de Hidrocarburos,P001,Estudios de Evaluación y Verificación de Hidrocarburos,0.0,0.0,0.0,0.0,0.0,0.0,0.0,0.0,0.0,0.0,0.0,,0.0,
2024,Poder Ejecutivo,Ramos Administrativos,Comisión Nacional de Hidrocarburos,P001,Aprobado,16089787.0,2787.0,0.0,0.0,16092574.0,0.0,0.0,0.0,0.0,0.0,16092574.0,100.0,0.0,0.0
2024,Poder Ejecutivo,Ramos Administrativos,Comisión Nacional de Hidrocarburos,P001,Modificado,26834034.0,7309011.46,0.0,24000.0,34167045.46,0.0,0.0,0.0,0.0,0.0,34167045.46,100.0,0.0,0.0
2024,Poder Ejecutivo,Ramos Administrativos,Comisión Nacional de Hidrocarburos,P001,Devengado,26834034.0,7309011.46,0.0,24000.0,34167045.46,0.0,0.0,0.0,0.0,0.0,34167045.46,100.0,0.0,0.0
2024,Poder Ejecutivo,Ramos Administrativos,Comisión Nacional de Hidrocarburos,P001,Ejercido,26834034.0,7309011.46,0.0,24000.0,34167045.46,0.0,0.0,0.0,0.0,0.0,34167045.46,100.0,0.0,0.0
2024,Poder Ejecutivo,Ramos Administrativos,Comisión Nacional de Hidrocarburos,P001,Porcentaje Ejer/Aprob,166.77681314239896,0.0,0.0,0.0,212.31560258787687,0.0,0.0,0.0,0.0,0.0,212.31560258787687,,0.0,
2024,Poder Ejecutivo,Ramos Administrativos,Comisión Nacional de Hidrocarburos,P001,Porcentaje Ejer/Modif,100.0,100.0,0.0,100.0,100.0,0.0,0.0,0.0,0.0,0.0,100.0,,0.0,
2024,Poder Ejecutivo,Ramos Administrativos,Entidades no Sectorizadas,TOTAL,Aprobado,41179135813.0,4138758358.0,78007898429.0,11818468091.0,135144260691.0,0.0,2852375808.0,0.0,0.0,2852375808.0,137996636499.0,97.93301062955932,0.0,2.0669893704406848
2024,Poder Ejecutivo,Ramos Administrativos,Entidades no Sectorizadas,TOTAL,Modificado,70508011161.65,18251333112.42,64428526118.79,15121276124.69,168309146517.55,0.0,10701292765.55,0.0,0.0,10701292765.55,179010439283.1,94.02197279197432,0.0,5.978027208025675
2024,Poder Ejecutivo,Ramos Administrativos,Entidades no Sectorizadas,TOTAL,Devengado,70508011161.65,18251332398.36,64427030027.4,15121276124.69,168307649712.1,0.0,10701292765.55,0.0,0.0,10701292765.55,179008942477.65,94.0219228059592,0.0,5.978077194040795
2024,Poder Ejecutivo,Ramos Administrativos,Entidades no Sectorizadas,TOTAL,Ejercido,70508011161.65,18243943980.1,64427030027.4,15121276124.69,168300261293.84,0.0,10701292765.55,0.0,0.0,10701292765.55,179001554059.39,94.02167605651096,0.0,5.978323943489045
2024,Poder Ejecutivo,Ramos Administrativos,Entidades no Sectorizadas,TOTAL,Porcentaje Ejer/Aprob,171.22265868287369,440.80717940044565,82.59039318440193,127.94616026594137,124.53378370143989,0.0,375.17120764859607,0.0,0.0,375.17120764859607,129.71443261277398,,0.0,
2024,Poder Ejecutivo,Ramos Administrativos,Entidades no Sectorizadas,TOTAL,Porcentaje Ejer/Modif,100.0,99.95951456107625,99.99767790530045,100.0,99.99472089075738,0.0,100.0,0.0,0.0,100.0,99.99503647734424,,0.0,
2024,Poder Ejecutivo,Ramos Administrativos,Entidades no Sectorizadas,E001,Atención a la salud de personas sin seguridad social,0.0,0.0,0.0,0.0,0.0,0.0,0.0,0.0,0.0,0.0,0.0,,0.0,
2024,Poder Ejecutivo,Ramos Administrativos,Entidades no Sectorizadas,E001,Aprobado,36644217396.0,1901626527.0,2000000000.0,0.0,40545843923.0,0.0,0.0,0.0,0.0,0.0,40545843923.0,100.0,0.0,0.0
2024,Poder Ejecutivo,Ramos Administrativos,Entidades no Sectorizadas,E001,Modificado,60197744668.46,4632321490.06,4662957007.35,2447270834.44,71940294000.31,0.0,0.0,0.0,0.0,0.0,71940294000.31,100.0,0.0,0.0
2024,Poder Ejecutivo,Ramos Administrativos,Entidades no Sectorizadas,E001,Devengado,60197744668.46,4632320776.0,4662957007.35,2447270834.44,71940293286.25,0.0,0.0,0.0,0.0,0.0,71940293286.25,100.0,0.0,0.0
2024,Poder Ejecutivo,Ramos Administrativos,Entidades no Sectorizadas,E001,Ejercido,60197744668.46,4632320776.0,4662957007.35,2447270834.44,71940293286.25,0.0,0.0,0.0,0.0,0.0,71940293286.25,100.0,0.0,0.0
2024,Poder Ejecutivo,Ramos Administrativos,Entidades no Sectorizadas,E001,Porcentaje Ejer/Aprob,164.27624587510238,243.59782061454172,233.1478503675,0.0,177.4295126841378,0.0,0.0,0.0,0.0,0.0,177.4295126841378,,0.0,
2024,Poder Ejecutivo,Ramos Administrativos,Entidades no Sectorizadas,E001,Porcentaje Ejer/Modif,100.0,99.99998458526676,100.0,100.0,99.99999900742691,0.0,0.0,0.0,0.0,0.0,99.99999900742691,,0.0,
2024,Poder Ejecutivo,Ramos Administrativos,Entidades no Sectorizadas,E002,"Preservación y difusión del acervo documental de la Nación y del patrimonio histórico, artístico y cultural del país",0.0,0.0,0.0,0.0,0.0,0.0,0.0,0.0,0.0,0.0,0.0,,0.0,
2024,Poder Ejecutivo,Ramos Administrativos,Entidades no Sectorizadas,E002,Aprobado,161807928.0,71053500.0,0.0,860000.0,233721428.0,0.0,0.0,0.0,0.0,0.0,233721428.0,100.0,0.0,0.0
2024,Poder Ejecutivo,Ramos Administrativos,Entidades no Sectorizadas,E002,Modificado,167104855.7,121125270.66,0.0,688936.98,288919063.34,0.0,4718743.12,0.0,0.0,4718743.12,293637806.46,98.39300559526458,0.0,1.6069944047354128
2024,Poder Ejecutivo,Ramos Administrativos,Entidades no Sectorizadas,E002,Devengado,167104855.7,121125270.66,0.0,688936.98,288919063.34,0.0,4718743.12,0.0,0.0,4718743.12,293637806.46,98.39300559526458,0.0,1.6069944047354128
2024,Poder Ejecutivo,Ramos Administrativos,Entidades no Sectorizadas,E002,Ejercido,167104855.7,121125270.66,0.0,688936.98,288919063.34,0.0,4718743.12,0.0,0.0,4718743.12,293637806.46,98.39300559526458,0.0,1.6069944047354128
2024,Poder Ejecutivo,Ramos Administrativos,Entidades no Sectorizadas,E002,Porcentaje Ejer/Aprob,103.27358972175948,170.47051962253795,0.0,80.1089511627907,123.61684840467429,0.0,0.0,0.0,0.0,0.0,125.63580882280078,,0.0,
2024,Poder Ejecutivo,Ramos Administrativos,Entidades no Sectorizadas,E002,Porcentaje Ejer/Modif,100.0,100.0,0.0,100.0,100.0,0.0,100.0,0.0,0.0,100.0,100.0,,0.0,
2024,Poder Ejecutivo,Ramos Administrativos,Entidades no Sectorizadas,E003,Atención a la salud en Centros y Hospitales Regionales de Alta Especialidad,0.0,0.0,0.0,0.0,0.0,0.0,0.0,0.0,0.0,0.0,0.0,,0.0,
2024,Poder Ejecutivo,Ramos Administrativos,Entidades no Sectorizadas,E003,Aprobado,0.0,0.0,0.0,0.0,0.0,0.0,0.0,0.0,0.0,0.0,0.0,0.0,0.0,0.0
2024,Poder Ejecutivo,Ramos Administrativos,Entidades no Sectorizadas,E003,Modificado,4249947992.31,2340464406.47,0.0,0.0,6590412398.78,0.0,1358161636.63,0.0,0.0,1358161636.63,7948574035.41,82.91314101649499,0.0,17.086858983505007
2024,Poder Ejecutivo,Ramos Administrativos,Entidades no Sectorizadas,E003,Devengado,4249947992.31,2340464406.47,0.0,0.0,6590412398.78,0.0,1358161636.63,0.0,0.0,1358161636.63,7948574035.41,82.91314101649499,0.0,17.086858983505007
2024,Poder Ejecutivo,Ramos Administrativos,Entidades no Sectorizadas,E003,Ejercido,4249947992.31,2340464230.47,0.0,0.0,6590412222.78,0.0,1358161636.63,0.0,0.0,1358161636.63,7948573859.41,82.913140638152,0.0,17.086859361847996
2024,Poder Ejecutivo,Ramos Administrativos,Entidades no Sectorizadas,E003,Porcentaje Ejer/Aprob,0.0,0.0,0.0,0.0,0.0,0.0,0.0,0.0,0.0,0.0,0.0,,0.0,
2024,Poder Ejecutivo,Ramos Administrativos,Entidades no Sectorizadas,E003,Porcentaje Ejer/Modif,100.0,99.99999248012492,0.0,0.0,99.99999732945392,0.0,100.0,0.0,0.0,100.0,99.99999778576635,,0.0,
2024,Poder Ejecutivo,Ramos Administrativos,Entidades no Sectorizadas,E004,Formación y capacitación de recursos humanos para la atención a la salud en Centros y Hospitales Regionales de Alta Especialidad,0.0,0.0,0.0,0.0,0.0,0.0,0.0,0.0,0.0,0.0,0.0,,0.0,
2024,Poder Ejecutivo,Ramos Administrativos,Entidades no Sectorizadas,E004,Aprobado,0.0,0.0,0.0,0.0,0.0,0.0,0.0,0.0,0.0,0.0,0.0,0.0,0.0,0.0
2024,Poder Ejecutivo,Ramos Administrativos,Entidades no Sectorizadas,E004,Modificado,17880037.27,850357.18,0.0,0.0,18730394.45,0.0,0.0,0.0,0.0,0.0,18730394.45,100.0,0.0,0.0
2024,Poder Ejecutivo,Ramos Administrativos,Entidades no Sectorizadas,E004,Devengado,17880037.27,850357.18,0.0,0.0,18730394.45,0.0,0.0,0.0,0.0,0.0,18730394.45,100.0,0.0,0.0
2024,Poder Ejecutivo,Ramos Administrativos,Entidades no Sectorizadas,E004,Ejercido,17880037.27,850357.18,0.0,0.0,18730394.45,0.0,0.0,0.0,0.0,0.0,18730394.45,100.0,0.0,0.0
2024,Poder Ejecutivo,Ramos Administrativos,Entidades no Sectorizadas,E004,Porcentaje Ejer/Aprob,0.0,0.0,0.0,0.0,0.0,0.0,0.0,0.0,0.0,0.0,0.0,,0.0,
2024,Poder Ejecutivo,Ramos Administrativos,Entidades no Sectorizadas,E004,Porcentaje Ejer/Modif,100.0,100.0,0.0,0.0,100.0,0.0,0.0,0.0,0.0,0.0,100.0,,0.0,
2024,Poder Ejecutivo,Ramos Administrativos,Entidades no Sectorizadas,E005,Recopilación y producción de material informativo (Notimex),0.0,0.0,0.0,0.0,0.0,0.0,0.0,0.0,0.0,0.0,0.0,,0.0,
2024,Poder Ejecutivo,Ramos Administrativos,Entidades no Sectorizadas,E005,Aprobado,118922547.0,40018084.0,0.0,0.0,158940631.0,0.0,0.0,0.0,0.0,0.0,158940631.0,100.0,0.0,0.0
2024,Poder Ejecutivo,Ramos Administrativos,Entidades no Sectorizadas,E005,Modificado,8793302.0,5366389.0,0.0,0.0,14159691.0,0.0,0.0,0.0,0.0,0.0,14159691.0,100.0,0.0,0.0
2024,Poder Ejecutivo,Ramos Administrativos,Entidades no Sectorizadas,E005,Devengado,8793302.0,5366389.0,0.0,0.0,14159691.0,0.0,0.0,0.0,0.0,0.0,14159691.0,100.0,0.0,0.0
2024,Poder Ejecutivo,Ramos Administrativos,Entidades no Sectorizadas,E005,Ejercido,8793302.0,5366389.0,0.0,0.0,14159691.0,0.0,0.0,0.0,0.0,0.0,14159691.0,100.0,0.0,0.0
2024,Poder Ejecutivo,Ramos Administrativos,Entidades no Sectorizadas,E005,Porcentaje Ejer/Aprob,7.394142004038982,13.409909879743367,0.0,0.0,8.908792491203839,0.0,0.0,0.0,0.0,0.0,8.908792491203839,,0.0,
2024,Poder Ejecutivo,Ramos Administrativos,Entidades no Sectorizadas,E005,Porcentaje Ejer/Modif,100.0,100.0,0.0,0.0,100.0,0.0,0.0,0.0,0.0,0.0,100.0,,0.0,
2024,Poder Ejecutivo,Ramos Administrativos,Entidades no Sectorizadas,E006,Investigación y desarrollo tecnológico en salud de Centros y Hospitales Regionales de Alta Especialidad,0.0,0.0,0.0,0.0,0.0,0.0,0.0,0.0,0.0,0.0,0.0,,0.0,
2024,Poder Ejecutivo,Ramos Administrativos,Entidades no Sectorizadas,E006,Aprobado,0.0,0.0,0.0,0.0,0.0,0.0,0.0,0.0,0.0,0.0,0.0,0.0,0.0,0.0
2024,Poder Ejecutivo,Ramos Administrativos,Entidades no Sectorizadas,E006,Modificado,14788849.11,2553043.15,0.0,0.0,17341892.26,0.0,0.0,0.0,0.0,0.0,17341892.26,100.0,0.0,0.0
2024,Poder Ejecutivo,Ramos Administrativos,Entidades no Sectorizadas,E006,Devengado,14788849.11,2553043.15,0.0,0.0,17341892.26,0.0,0.0,0.0,0.0,0.0,17341892.26,100.0,0.0,0.0
2024,Poder Ejecutivo,Ramos Administrativos,Entidades no Sectorizadas,E006,Ejercido,14788849.11,2553043.15,0.0,0.0,17341892.26,0.0,0.0,0.0,0.0,0.0,17341892.26,100.0,0.0,0.0
2024,Poder Ejecutivo,Ramos Administrativos,Entidades no Sectorizadas,E006,Porcentaje Ejer/Aprob,0.0,0.0,0.0,0.0,0.0,0.0,0.0,0.0,0.0,0.0,0.0,,0.0,
2024,Poder Ejecutivo,Ramos Administrativos,Entidades no Sectorizadas,E006,Porcentaje Ejer/Modif,100.0,100.0,0.0,0.0,100.0,0.0,0.0,0.0,0.0,0.0,100.0,,0.0,
2024,Poder Ejecutivo,Ramos Administrativos,Entidades no Sectorizadas,E013,"Producción y transmisión de materiales Radiofónicos de contenidos informativo, educativo, cultural, de orientación, servicio y participación social, y recreativos",0.0,0.0,0.0,0.0,0.0,0.0,0.0,0.0,0.0,0.0,0.0,,0.0,
2024,Poder Ejecutivo,Ramos Administrativos,Entidades no Sectorizadas,E013,Aprobado,122881704.0,59958696.0,0.0,3260405.0,186100805.0,0.0,0.0,0.0,0.0,0.0,186100805.0,100.0,0.0,0.0
2024,Poder Ejecutivo,Ramos Administrativos,Entidades no Sectorizadas,E013,Modificado,128325526.29,57592890.88,0.0,0.0,185918417.17,0.0,0.0,0.0,0.0,0.0,185918417.17,100.0,0.0,0.0
2024,Poder Ejecutivo,Ramos Administrativos,Entidades no Sectorizadas,E013,Devengado,128325526.29,57592890.88,0.0,0.0,185918417.17,0.0,0.0,0.0,0.0,0.0,185918417.17,100.0,0.0,0.0
2024,Poder Ejecutivo,Ramos Administrativos,Entidades no Sectorizadas,E013,Ejercido,128325526.29,57592890.88,0.0,0.0,185918417.17,0.0,0.0,0.0,0.0,0.0,185918417.17,100.0,0.0,0.0
2024,Poder Ejecutivo,Ramos Administrativos,Entidades no Sectorizadas,E013,Porcentaje Ejer/Aprob,104.4301324874206,96.05427522973483,0.0,0.0,99.90199514182649,0.0,0.0,0.0,0.0,0.0,99.90199514182649,,0.0,
2024,Poder Ejecutivo,Ramos Administrativos,Entidades no Sectorizadas,E013,Porcentaje Ejer/Modif,100.0,100.0,0.0,0.0,100.0,0.0,0.0,0.0,0.0,0.0,100.0,,0.0,
2024,Poder Ejecutivo,Ramos Administrativos,Entidades no Sectorizadas,E028,Protección y Defensa de los Contribuyentes,0.0,0.0,0.0,0.0,0.0,0.0,0.0,0.0,0.0,0.0,0.0,,0.0,
2024,Poder Ejecutivo,Ramos Administrativos,Entidades no Sectorizadas,E028,Aprobado,403072250.0,397965777.0,0.0,2498722.0,803536749.0,0.0,0.0,0.0,0.0,0.0,803536749.0,100.0,0.0,0.0
2024,Poder Ejecutivo,Ramos Administrativos,Entidades no Sectorizadas,E028,Modificado,420601807.07,309127363.3,0.0,70500.01,729799670.38,0.0,17123808.85,0.0,0.0,17123808.85,746923479.23,97.7074212652074,0.0,2.2925787347926
2024,Poder Ejecutivo,Ramos Administrativos,Entidades no Sectorizadas,E028,Devengado,420601807.07,309127363.3,0.0,70500.01,729799670.38,0.0,17123808.85,0.0,0.0,17123808.85,746923479.23,97.7074212652074,0.0,2.2925787347926
2024,Poder Ejecutivo,Ramos Administrativos,Entidades no Sectorizadas,E028,Ejercido,420601807.07,309127363.3,0.0,70500.01,729799670.38,0.0,17123808.85,0.0,0.0,17123808.85,746923479.23,97.7074212652074,0.0,2.2925787347926
2024,Poder Ejecutivo,Ramos Administrativos,Entidades no Sectorizadas,E028,Porcentaje Ejer/Aprob,104.34898633433585,77.67687101898714,0.0,2.8214427215192406,90.82343418496221,0.0,0.0,0.0,0.0,0.0,92.95448903358121,,0.0,
2024,Poder Ejecutivo,Ramos Administrativos,Entidades no Sectorizadas,E028,Porcentaje Ejer/Modif,100.0,100.0,0.0,100.0,100.0,0.0,100.0,0.0,0.0,100.0,100.0,,0.0,
2024,Poder Ejecutivo,Ramos Administrativos,Entidades no Sectorizadas,E033,Atención a Víctimas,0.0,0.0,0.0,0.0,0.0,0.0,0.0,0.0,0.0,0.0,0.0,,0.0,
2024,Poder Ejecutivo,Ramos Administrativos,Entidades no Sectorizadas,E033,Aprobado,190650448.0,188207085.0,0.0,633829563.0,1012687096.0,0.0,0.0,0.0,0.0,0.0,1012687096.0,100.0,0.0,0.0
2024,Poder Ejecutivo,Ramos Administrativos,Entidades no Sectorizadas,E033,Modificado,183031608.0,115825438.63,0.0,1395407225.91,1694264272.54,0.0,0.0,0.0,0.0,0.0,1694264272.54,100.0,0.0,0.0
2024,Poder Ejecutivo,Ramos Administrativos,Entidades no Sectorizadas,E033,Devengado,183031608.0,115825438.63,0.0,1395407225.91,1694264272.54,0.0,0.0,0.0,0.0,0.0,1694264272.54,100.0,0.0,0.0
2024,Poder Ejecutivo,Ramos Administrativos,Entidades no Sectorizadas,E033,Ejercido,183031608.0,115825438.63,0.0,1395407225.91,1694264272.54,0.0,0.0,0.0,0.0,0.0,1694264272.54,100.0,0.0,0.0
2024,Poder Ejecutivo,Ramos Administrativos,Entidades no Sectorizadas,E033,Porcentaje Ejer/Aprob,96.0037649636155,61.54148693711504,0.0,220.1549607918809,167.30382753292236,0.0,0.0,0.0,0.0,0.0,167.30382753292236,,0.0,
2024,Poder Ejecutivo,Ramos Administrativos,Entidades no Sectorizadas,E033,Porcentaje Ejer/Modif,100.0,100.0,0.0,100.0,100.0,0.0,0.0,0.0,0.0,0.0,100.0,,0.0,
2024,Poder Ejecutivo,Ramos Administrativos,Entidades no Sectorizadas,E036,Producción y Difusión de Materiales Audiovisuales,0.0,0.0,0.0,0.0,0.0,0.0,0.0,0.0,0.0,0.0,0.0,,0.0,
2024,Poder Ejecutivo,Ramos Administrativos,Entidades no Sectorizadas,E036,Aprobado,103268470.0,137786120.0,0.0,0.0,241054590.0,0.0,0.0,0.0,0.0,0.0,241054590.0,100.0,0.0,0.0
2024,Poder Ejecutivo,Ramos Administrativos,Entidades no Sectorizadas,E036,Modificado,163705223.53,293901023.32,0.0,431592.25,458037839.1,0.0,0.0,0.0,0.0,0.0,458037839.1,100.0,0.0,0.0
2024,Poder Ejecutivo,Ramos Administrativos,Entidades no Sectorizadas,E036,Devengado,163705223.53,293901023.32,0.0,431592.25,458037839.1,0.0,0.0,0.0,0.0,0.0,458037839.1,100.0,0.0,0.0
2024,Poder Ejecutivo,Ramos Administrativos,Entidades no Sectorizadas,E036,Ejercido,163705223.53,293901023.32,0.0,431592.25,458037839.1,0.0,0.0,0.0,0.0,0.0,458037839.1,100.0,0.0,0.0
2024,Poder Ejecutivo,Ramos Administrativos,Entidades no Sectorizadas,E036,Porcentaje Ejer/Aprob,158.5239168644602,213.30234374841237,0.0,0.0,190.01415368195228,0.0,0.0,0.0,0.0,0.0,190.01415368195228,,0.0,
2024,Poder Ejecutivo,Ramos Administrativos,Entidades no Sectorizadas,E036,Porcentaje Ejer/Modif,100.0,100.0,0.0,100.0,100.0,0.0,0.0,0.0,0.0,0.0,100.0,,0.0,
2024,Poder Ejecutivo,Ramos Administrativos,Entidades no Sectorizadas,K011,Proyectos de infraestructura social de salud,0.0,0.0,0.0,0.0,0.0,0.0,0.0,0.0,0.0,0.0,0.0,,0.0,
2024,Poder Ejecutivo,Ramos Administrativos,Entidades no Sectorizadas,K011,Aprobado,0.0,0.0,0.0,0.0,0.0,0.0,0.0,0.0,0.0,0.0,0.0,0.0,0.0,0.0
2024,Poder Ejecutivo,Ramos Administrativos,Entidades no Sectorizadas,K011,Modificado,0.0,0.0,0.0,0.0,0.0,0.0,6720883292.34,0.0,0.0,6720883292.34,6720883292.34,0.0,0.0,100.0
2024,Poder Ejecutivo,Ramos Administrativos,Entidades no Sectorizadas,K011,Devengado,0.0,0.0,0.0,0.0,0.0,0.0,6720883292.34,0.0,0.0,6720883292.34,6720883292.34,0.0,0.0,100.0
2024,Poder Ejecutivo,Ramos Administrativos,Entidades no Sectorizadas,K011,Ejercido,0.0,0.0,0.0,0.0,0.0,0.0,6720883292.34,0.0,0.0,6720883292.34,6720883292.34,0.0,0.0,100.0
2024,Poder Ejecutivo,Ramos Administrativos,Entidades no Sectorizadas,K011,Porcentaje Ejer/Aprob,0.0,0.0,0.0,0.0,0.0,0.0,0.0,0.0,0.0,0.0,0.0,,0.0,
2024,Poder Ejecutivo,Ramos Administrativos,Entidades no Sectorizadas,K011,Porcentaje Ejer/Modif,0.0,0.0,0.0,0.0,0.0,0.0,100.0,0.0,0.0,100.0,100.0,,0.0,
2024,Poder Ejecutivo,Ramos Administrativos,Entidades no Sectorizadas,K024,Otros proyectos de infraestructura gubernamental,0.0,0.0,0.0,0.0,0.0,0.0,0.0,0.0,0.0,0.0,0.0,,0.0,
2024,Poder Ejecutivo,Ramos Administrativos,Entidades no Sectorizadas,K024,Aprobado,0.0,0.0,0.0,0.0,0.0,0.0,414061475.0,0.0,0.0,414061475.0,414061475.0,0.0,0.0,100.0
2024,Poder Ejecutivo,Ramos Administrativos,Entidades no Sectorizadas,K024,Modificado,0.0,0.0,0.0,0.0,0.0,0.0,162090951.61,0.0,0.0,162090951.61,162090951.61,0.0,0.0,100.0
2024,Poder Ejecutivo,Ramos Administrativos,Entidades no Sectorizadas,K024,Devengado,0.0,0.0,0.0,0.0,0.0,0.0,162090951.61,0.0,0.0,162090951.61,162090951.61,0.0,0.0,100.0
2024,Poder Ejecutivo,Ramos Administrativos,Entidades no Sectorizadas,K024,Ejercido,0.0,0.0,0.0,0.0,0.0,0.0,162090951.61,0.0,0.0,162090951.61,162090951.61,0.0,0.0,100.0
2024,Poder Ejecutivo,Ramos Administrativos,Entidades no Sectorizadas,K024,Porcentaje Ejer/Aprob,0.0,0.0,0.0,0.0,0.0,0.0,39.146590880013655,0.0,0.0,39.146590880013655,39.146590880013655,,0.0,
2024,Poder Ejecutivo,Ramos Administrativos,Entidades no Sectorizadas,K024,Porcentaje Ejer/Modif,0.0,0.0,0.0,0.0,0.0,0.0,100.0,0.0,0.0,100.0,100.0,,0.0,
2024,Poder Ejecutivo,Ramos Administrativos,Entidades no Sectorizadas,M001,Actividades de apoyo Administrativo,0.0,0.0,0.0,0.0,0.0,0.0,0.0,0.0,0.0,0.0,0.0,,0.0,
2024,Poder Ejecutivo,Ramos Administrativos,Entidades no Sectorizadas,M001,Aprobado,828243538.0,556054657.0,0.0,9462530.0,1393760725.0,0.0,0.0,0.0,0.0,0.0,1393760725.0,100.0,0.0,0.0
2024,Poder Ejecutivo,Ramos Administrativos,Entidades no Sectorizadas,M001,Modificado,2413992244.71,408330720.11,0.0,12899108.03,2835222072.85,0.0,0.0,0.0,0.0,0.0,2835222072.85,100.0,0.0,0.0
2024,Poder Ejecutivo,Ramos Administrativos,Entidades no Sectorizadas,M001,Devengado,2413992244.71,408330720.11,0.0,12899108.03,2835222072.85,0.0,0.0,0.0,0.0,0.0,2835222072.85,100.0,0.0,0.0
2024,Poder Ejecutivo,Ramos Administrativos,Entidades no Sectorizadas,M001,Ejercido,2413992244.71,408330720.11,0.0,12899108.03,2835222072.85,0.0,0.0,0.0,0.0,0.0,2835222072.85,100.0,0.0,0.0
2024,Poder Ejecutivo,Ramos Administrativos,Entidades no Sectorizadas,M001,Porcentaje Ejer/Aprob,291.4592307643214,73.43355818886704,0.0,136.31775043249533,203.42243987754784,0.0,0.0,0.0,0.0,0.0,203.42243987754784,,0.0,
2024,Poder Ejecutivo,Ramos Administrativos,Entidades no Sectorizadas,M001,Porcentaje Ejer/Modif,100.0,100.0,0.0,100.0,100.0,0.0,0.0,0.0,0.0,0.0,100.0,,0.0,
2024,Poder Ejecutivo,Ramos Administrativos,Entidades no Sectorizadas,O001,Actividades de apoyo a la función pública y buen gobierno,0.0,0.0,0.0,0.0,0.0,0.0,0.0,0.0,0.0,0.0,0.0,,0.0,
2024,Poder Ejecutivo,Ramos Administrativos,Entidades no Sectorizadas,O001,Aprobado,67508755.0,5925215.0,0.0,0.0,73433970.0,0.0,0.0,0.0,0.0,0.0,73433970.0,100.0,0.0,0.0
2024,Poder Ejecutivo,Ramos Administrativos,Entidades no Sectorizadas,O001,Modificado,122134415.89,3009191.02,0.0,0.0,125143606.91,0.0,0.0,0.0,0.0,0.0,125143606.91,100.0,0.0,0.0
2024,Poder Ejecutivo,Ramos Administrativos,Entidades no Sectorizadas,O001,Devengado,122134415.89,3009191.02,0.0,0.0,125143606.91,0.0,0.0,0.0,0.0,0.0,125143606.91,100.0,0.0,0.0
2024,Poder Ejecutivo,Ramos Administrativos,Entidades no Sectorizadas,O001,Ejercido,122134415.89,3009191.02,0.0,0.0,125143606.91,0.0,0.0,0.0,0.0,0.0,125143606.91,100.0,0.0,0.0
2024,Poder Ejecutivo,Ramos Administrativos,Entidades no Sectorizadas,O001,Porcentaje Ejer/Aprob,180.91640986417244,50.78619121837773,0.0,0.0,170.41650738752105,0.0,0.0,0.0,0.0,0.0,170.41650738752105,,0.0,
2024,Poder Ejecutivo,Ramos Administrativos,Entidades no Sectorizadas,O001,Porcentaje Ejer/Modif,100.0,100.0,0.0,0.0,100.0,0.0,0.0,0.0,0.0,0.0,100.0,,0.0,
2024,Poder Ejecutivo,Ramos Administrativos,Entidades no Sectorizadas,P010,Fortalecimiento de la Igualdad Sustantiva entre Mujeres y Hombres,0.0,0.0,0.0,0.0,0.0,0.0,0.0,0.0,0.0,0.0,0.0,,0.0,
2024,Poder Ejecutivo,Ramos Administrativos,Entidades no Sectorizadas,P010,Aprobado,154369806.0,251290188.0,0.0,126887965.0,532547959.0,0.0,0.0,0.0,0.0,0.0,532547959.0,100.0,0.0,0.0
2024,Poder Ejecutivo,Ramos Administrativos,Entidades no Sectorizadas,P010,Modificado,240201834.4,114425486.39,0.0,111314233.8,465941554.59,0.0,0.0,0.0,0.0,0.0,465941554.59,100.0,0.0,0.0
2024,Poder Ejecutivo,Ramos Administrativos,Entidades no Sectorizadas,P010,Devengado,240201834.4,114425486.39,0.0,111314233.8,465941554.59,0.0,0.0,0.0,0.0,0.0,465941554.59,100.0,0.0,0.0
2024,Poder Ejecutivo,Ramos Administrativos,Entidades no Sectorizadas,P010,Ejercido,240201834.4,114425486.39,0.0,111314233.8,465941554.59,0.0,0.0,0.0,0.0,0.0,465941554.59,100.0,0.0,0.0
2024,Poder Ejecutivo,Ramos Administrativos,Entidades no Sectorizadas,P010,Porcentaje Ejer/Aprob,155.60156524391823,45.53519868829896,0.0,87.72639217596404,87.492881479619,0.0,0.0,0.0,0.0,0.0,87.492881479619,,0.0,
2024,Poder Ejecutivo,Ramos Administrativos,Entidades no Sectorizadas,P010,Porcentaje Ejer/Modif,100.0,100.0,0.0,100.0,100.0,0.0,0.0,0.0,0.0,0.0,100.0,,0.0,
2024,Poder Ejecutivo,Ramos Administrativos,Entidades no Sectorizadas,P013,Planeación y Articulación de la Acción Pública hacia los Pueblos Indígenas,0.0,0.0,0.0,0.0,0.0,0.0,0.0,0.0,0.0,0.0,0.0,,0.0,
2024,Poder Ejecutivo,Ramos Administrativos,Entidades no Sectorizadas,P013,Aprobado,632331716.0,392048992.0,0.0,69254409.0,1093635117.0,0.0,0.0,0.0,0.0,0.0,1093635117.0,100.0,0.0,0.0
2024,Poder Ejecutivo,Ramos Administrativos,Entidades no Sectorizadas,P013,Modificado,810732597.64,363560728.67,0.0,75383736.28,1249677062.59,0.0,0.0,0.0,0.0,0.0,1249677062.59,100.0,0.0,0.0
2024,Poder Ejecutivo,Ramos Administrativos,Entidades no Sectorizadas,P013,Devengado,810732597.64,363560728.67,0.0,75383736.28,1249677062.59,0.0,0.0,0.0,0.0,0.0,1249677062.59,100.0,0.0,0.0
2024,Poder Ejecutivo,Ramos Administrativos,Entidades no Sectorizadas,P013,Ejercido,810732597.64,363560728.67,0.0,75383736.28,1249677062.59,0.0,0.0,0.0,0.0,0.0,1249677062.59,100.0,0.0,0.0
2024,Poder Ejecutivo,Ramos Administrativos,Entidades no Sectorizadas,P013,Porcentaje Ejer/Aprob,128.21317943191704,92.73349405015178,0.0,108.850450633403,114.26819084029101,0.0,0.0,0.0,0.0,0.0,114.26819084029101,,0.0,
2024,Poder Ejecutivo,Ramos Administrativos,Entidades no Sectorizadas,P013,Porcentaje Ejer/Modif,100.0,100.0,0.0,100.0,100.0,0.0,0.0,0.0,0.0,0.0,100.0,,0.0,
2024,Poder Ejecutivo,Ramos Administrativos,Entidades no Sectorizadas,P014,Gestión del Sistema Nacional de Archivos,0.0,0.0,0.0,0.0,0.0,0.0,0.0,0.0,0.0,0.0,0.0,,0.0,
2024,Poder Ejecutivo,Ramos Administrativos,Entidades no Sectorizadas,P014,Aprobado,24484581.0,12888467.0,0.0,0.0,37373048.0,0.0,0.0,0.0,0.0,0.0,37373048.0,100.0,0.0,0.0
2024,Poder Ejecutivo,Ramos Administrativos,Entidades no Sectorizadas,P014,Modificado,25755105.93,11890738.0,0.0,0.0,37645843.93,0.0,0.0,0.0,0.0,0.0,37645843.93,100.0,0.0,0.0
2024,Poder Ejecutivo,Ramos Administrativos,Entidades no Sectorizadas,P014,Devengado,25755105.93,11890738.0,0.0,0.0,37645843.93,0.0,0.0,0.0,0.0,0.0,37645843.93,100.0,0.0,0.0
2024,Poder Ejecutivo,Ramos Administrativos,Entidades no Sectorizadas,P014,Ejercido,25755105.93,11890738.0,0.0,0.0,37645843.93,0.0,0.0,0.0,0.0,0.0,37645843.93,100.0,0.0,0.0
2024,Poder Ejecutivo,Ramos Administrativos,Entidades no Sectorizadas,P014,Porcentaje Ejer/Aprob,105.18908177354555,92.2587457453241,0.0,0.0,100.72992689812187,0.0,0.0,0.0,0.0,0.0,100.72992689812187,,0.0,
2024,Poder Ejecutivo,Ramos Administrativos,Entidades no Sectorizadas,P014,Porcentaje Ejer/Modif,100.0,100.0,0.0,0.0,100.0,0.0,0.0,0.0,0.0,0.0,100.0,,0.0,
2024,Poder Ejecutivo,Ramos Administrativos,Entidades no Sectorizadas,P015,"Promover el desarrollo, seguimiento y evaluación de políticas públicas integrales anticorrupción y la administración de la Plataforma Digital Nacional",0.0,0.0,0.0,0.0,0.0,0.0,0.0,0.0,0.0,0.0,0.0,,0.0,
2024,Poder Ejecutivo,Ramos Administrativos,Entidades no Sectorizadas,P015,Aprobado,66358612.0,28280413.0,0.0,0.0,94639025.0,0.0,0.0,0.0,0.0,0.0,94639025.0,100.0,0.0,0.0
2024,Poder Ejecutivo,Ramos Administrativos,Entidades no Sectorizadas,P015,Modificado,64474300.64,7781277.84,0.0,0.0,72255578.48,0.0,0.0,0.0,0.0,0.0,72255578.48,100.0,0.0,0.0
2024,Poder Ejecutivo,Ramos Administrativos,Entidades no Sectorizadas,P015,Devengado,64474300.64,7781277.84,0.0,0.0,72255578.48,0.0,0.0,0.0,0.0,0.0,72255578.48,100.0,0.0,0.0
2024,Poder Ejecutivo,Ramos Administrativos,Entidades no Sectorizadas,P015,Ejercido,64474300.64,7781277.84,0.0,0.0,72255578.48,0.0,0.0,0.0,0.0,0.0,72255578.48,100.0,0.0,0.0
2024,Poder Ejecutivo,Ramos Administrativos,Entidades no Sectorizadas,P015,Porcentaje Ejer/Aprob,97.16041173374754,27.51472490872039,0.0,0.0,76.34860828289388,0.0,0.0,0.0,0.0,0.0,76.34860828289388,,0.0,
2024,Poder Ejecutivo,Ramos Administrativos,Entidades no Sectorizadas,P015,Porcentaje Ejer/Modif,100.0,100.0,0.0,0.0,100.0,0.0,0.0,0.0,0.0,0.0,100.0,,0.0,
2024,Poder Ejecutivo,Ramos Administrativos,Entidades no Sectorizadas,P016,"Planeación, diseño, ejecución y evaluación del Sistema Nacional de Mejora Continua de la Educación",0.0,0.0,0.0,0.0,0.0,0.0,0.0,0.0,0.0,0.0,0.0,,0.0,
2024,Poder Ejecutivo,Ramos Administrativos,Entidades no Sectorizadas,P016,Aprobado,272541180.0,95654637.0,0.0,0.0,368195817.0,0.0,0.0,0.0,0.0,0.0,368195817.0,100.0,0.0,0.0
2024,Poder Ejecutivo,Ramos Administrativos,Entidades no Sectorizadas,P016,Modificado,306252920.35,24020673.12,0.0,6727270.61,337000864.08,0.0,0.0,0.0,0.0,0.0,337000864.08,100.0,0.0,0.0
2024,Poder Ejecutivo,Ramos Administrativos,Entidades no Sectorizadas,P016,Devengado,306252920.35,24020673.12,0.0,6727270.61,337000864.08,0.0,0.0,0.0,0.0,0.0,337000864.08,100.0,0.0,0.0
2024,Poder Ejecutivo,Ramos Administrativos,Entidades no Sectorizadas,P016,Ejercido,306252920.35,24020673.12,0.0,6727270.61,337000864.08,0.0,0.0,0.0,0.0,0.0,337000864.08,100.0,0.0,0.0
2024,Poder Ejecutivo,Ramos Administrativos,Entidades no Sectorizadas,P016,Porcentaje Ejer/Aprob,112.36941160598191,25.111875255979488,0.0,0.0,91.52761887026,0.0,0.0,0.0,0.0,0.0,91.52761887026,,0.0,
2024,Poder Ejecutivo,Ramos Administrativos,Entidades no Sectorizadas,P016,Porcentaje Ejer/Modif,100.0,100.0,0.0,100.0,100.0,0.0,0.0,0.0,0.0,0.0,100.0,,0.0,
2024,Poder Ejecutivo,Ramos Administrativos,Entidades no Sectorizadas,S010,"Programa para el Adelanto, Bienestar e Igualdad de las Mujeres",0.0,0.0,0.0,0.0,0.0,0.0,0.0,0.0,0.0,0.0,0.0,,0.0,
2024,Poder Ejecutivo,Ramos Administrativos,Entidades no Sectorizadas,S010,Aprobado,0.0,0.0,419591040.0,0.0,419591040.0,0.0,0.0,0.0,0.0,0.0,419591040.0,100.0,0.0,0.0
2024,Poder Ejecutivo,Ramos Administrativos,Entidades no Sectorizadas,S010,Modificado,0.0,122979.95,382887856.04,0.0,383010835.99,0.0,0.0,0.0,0.0,0.0,383010835.99,100.0,0.0,0.0
2024,Poder Ejecutivo,Ramos Administrativos,Entidades no Sectorizadas,S010,Devengado,0.0,122979.95,382887856.04,0.0,383010835.99,0.0,0.0,0.0,0.0,0.0,383010835.99,100.0,0.0,0.0
2024,Poder Ejecutivo,Ramos Administrativos,Entidades no Sectorizadas,S010,Ejercido,0.0,122979.95,382887856.04,0.0,383010835.99,0.0,0.0,0.0,0.0,0.0,383010835.99,100.0,0.0,0.0
2024,Poder Ejecutivo,Ramos Administrativos,Entidades no Sectorizadas,S010,Porcentaje Ejer/Aprob,0.0,0.0,91.25262923631544,0.0,91.28193871585056,0.0,0.0,0.0,0.0,0.0,91.28193871585056,,0.0,
2024,Poder Ejecutivo,Ramos Administrativos,Entidades no Sectorizadas,S010,Porcentaje Ejer/Modif,0.0,100.0,100.0,0.0,100.0,0.0,0.0,0.0,0.0,0.0,100.0,,0.0,
2024,Poder Ejecutivo,Ramos Administrativos,Entidades no Sectorizadas,S178,Programa de Apoyo a la Educación Indígena,0.0,0.0,0.0,0.0,0.0,0.0,0.0,0.0,0.0,0.0,0.0,,0.0,
2024,Poder Ejecutivo,Ramos Administrativos,Entidades no Sectorizadas,S178,Aprobado,94226083.0,0.0,1826613669.0,0.0,1920839752.0,0.0,0.0,0.0,0.0,0.0,1920839752.0,100.0,0.0,0.0
2024,Poder Ejecutivo,Ramos Administrativos,Entidades no Sectorizadas,S178,Modificado,103323596.32,20296464.35,1774775956.86,0.0,1898396017.53,0.0,0.0,0.0,0.0,0.0,1898396017.53,100.0,0.0,0.0
2024,Poder Ejecutivo,Ramos Administrativos,Entidades no Sectorizadas,S178,Devengado,103323596.32,20296464.35,1774775956.86,0.0,1898396017.53,0.0,0.0,0.0,0.0,0.0,1898396017.53,100.0,0.0,0.0
2024,Poder Ejecutivo,Ramos Administrativos,Entidades no Sectorizadas,S178,Ejercido,103323596.32,20296464.35,1774775956.86,0.0,1898396017.53,0.0,0.0,0.0,0.0,0.0,1898396017.53,100.0,0.0,0.0
2024,Poder Ejecutivo,Ramos Administrativos,Entidades no Sectorizadas,S178,Porcentaje Ejer/Aprob,109.65498408758008,0.0,97.1620867061408,0.0,98.83156653507241,0.0,0.0,0.0,0.0,0.0,98.83156653507241,,0.0,
2024,Poder Ejecutivo,Ramos Administrativos,Entidades no Sectorizadas,S178,Porcentaje Ejer/Modif,100.0,100.0,100.0,0.0,100.0,0.0,0.0,0.0,0.0,0.0,100.0,,0.0,
2024,Poder Ejecutivo,Ramos Administrativos,Entidades no Sectorizadas,S200,Fortalecimiento a la atención médica,0.0,0.0,0.0,0.0,0.0,0.0,0.0,0.0,0.0,0.0,0.0,,0.0,
2024,Poder Ejecutivo,Ramos Administrativos,Entidades no Sectorizadas,S200,Aprobado,1261397422.0,0.0,254966747.0,0.0,1516364169.0,0.0,0.0,0.0,0.0,0.0,1516364169.0,100.0,0.0,0.0
2024,Poder Ejecutivo,Ramos Administrativos,Entidades no Sectorizadas,S200,Modificado,833911345.6,23871451.63,155822938.77,0.0,1013605736.0,0.0,0.0,0.0,0.0,0.0,1013605736.0,100.0,0.0,0.0
2024,Poder Ejecutivo,Ramos Administrativos,Entidades no Sectorizadas,S200,Devengado,833911345.6,23871451.63,154326847.38,0.0,1012109644.61,0.0,0.0,0.0,0.0,0.0,1012109644.61,100.0,0.0,0.0
2024,Poder Ejecutivo,Ramos Administrativos,Entidades no Sectorizadas,S200,Ejercido,833911345.6,23871451.63,154326847.38,0.0,1012109644.61,0.0,0.0,0.0,0.0,0.0,1012109644.61,100.0,0.0,0.0
2024,Poder Ejecutivo,Ramos Administrativos,Entidades no Sectorizadas,S200,Porcentaje Ejer/Aprob,66.11011970183019,0.0,60.52822542384321,0.0,66.74581642729386,0.0,0.0,0.0,0.0,0.0,66.74581642729386,,0.0,
2024,Poder Ejecutivo,Ramos Administrativos,Entidades no Sectorizadas,S200,Porcentaje Ejer/Modif,100.0,100.0,99.03987731086994,0.0,99.85239908014886,0.0,0.0,0.0,0.0,0.0,99.85239908014886,,0.0,
2024,Poder Ejecutivo,Ramos Administrativos,Entidades no Sectorizadas,S249,Programa para el Bienestar Integral de los Pueblos Indígenas,0.0,0.0,0.0,0.0,0.0,0.0,0.0,0.0,0.0,0.0,0.0,,0.0,
2024,Poder Ejecutivo,Ramos Administrativos,Entidades no Sectorizadas,S249,Aprobado,32853377.0,0.0,1071801568.0,0.0,1104654945.0,0.0,0.0,0.0,0.0,0.0,1104654945.0,100.0,0.0,0.0
2024,Poder Ejecutivo,Ramos Administrativos,Entidades no Sectorizadas,S249,Modificado,35308930.43,11829774.39,1184694242.75,0.0,1231832947.57,0.0,0.0,0.0,0.0,0.0,1231832947.57,100.0,0.0,0.0
2024,Poder Ejecutivo,Ramos Administrativos,Entidades no Sectorizadas,S249,Devengado,35308930.43,11829774.39,1184694242.75,0.0,1231832947.57,0.0,0.0,0.0,0.0,0.0,1231832947.57,100.0,0.0,0.0
2024,Poder Ejecutivo,Ramos Administrativos,Entidades no Sectorizadas,S249,Ejercido,35308930.43,11829774.39,1184694242.75,0.0,1231832947.57,0.0,0.0,0.0,0.0,0.0,1231832947.57,100.0,0.0,0.0
2024,Poder Ejecutivo,Ramos Administrativos,Entidades no Sectorizadas,S249,Porcentaje Ejer/Aprob,107.4742801326025,0.0,110.53298279462864,0.0,111.51291660311176,0.0,0.0,0.0,0.0,0.0,111.51291660311176,,0.0,
2024,Poder Ejecutivo,Ramos Administrativos,Entidades no Sectorizadas,S249,Porcentaje Ejer/Modif,100.0,100.0,100.0,0.0,100.0,0.0,0.0,0.0,0.0,0.0,100.0,,0.0,
2024,Poder Ejecutivo,Ramos Administrativos,Entidades no Sectorizadas,S281,Programa Nacional de Reconstrucción,0.0,0.0,0.0,0.0,0.0,0.0,0.0,0.0,0.0,0.0,0.0,,0.0,
2024,Poder Ejecutivo,Ramos Administrativos,Entidades no Sectorizadas,S281,Aprobado,0.0,0.0,0.0,0.0,0.0,0.0,0.0,0.0,0.0,0.0,0.0,0.0,0.0,0.0
2024,Poder Ejecutivo,Ramos Administrativos,Entidades no Sectorizadas,S281,Modificado,0.0,0.0,89996147.12,0.0,89996147.12,0.0,0.0,0.0,0.0,0.0,89996147.12,100.0,0.0,0.0
2024,Poder Ejecutivo,Ramos Administrativos,Entidades no Sectorizadas,S281,Devengado,0.0,0.0,89996147.12,0.0,89996147.12,0.0,0.0,0.0,0.0,0.0,89996147.12,100.0,0.0,0.0
2024,Poder Ejecutivo,Ramos Administrativos,Entidades no Sectorizadas,S281,Ejercido,0.0,0.0,89996147.12,0.0,89996147.12,0.0,0.0,0.0,0.0,0.0,89996147.12,100.0,0.0,0.0
2024,Poder Ejecutivo,Ramos Administrativos,Entidades no Sectorizadas,S281,Porcentaje Ejer/Aprob,0.0,0.0,0.0,0.0,0.0,0.0,0.0,0.0,0.0,0.0,0.0,,0.0,
2024,Poder Ejecutivo,Ramos Administrativos,Entidades no Sectorizadas,S281,Porcentaje Ejer/Modif,0.0,0.0,100.0,0.0,100.0,0.0,0.0,0.0,0.0,0.0,100.0,,0.0,
2024,Poder Ejecutivo,Ramos Administrativos,Entidades no Sectorizadas,S313,La Clínica es nuestra,0.0,0.0,0.0,0.0,0.0,0.0,0.0,0.0,0.0,0.0,0.0,,0.0,
2024,Poder Ejecutivo,Ramos Administrativos,Entidades no Sectorizadas,S313,Aprobado,0.0,0.0,0.0,0.0,0.0,0.0,0.0,0.0,0.0,0.0,0.0,0.0,0.0,0.0
2024,Poder Ejecutivo,Ramos Administrativos,Entidades no Sectorizadas,S313,Modificado,0.0,98549910.5,6340800000.0,0.0,6439349910.5,0.0,0.0,0.0,0.0,0.0,6439349910.5,100.0,0.0,0.0
2024,Poder Ejecutivo,Ramos Administrativos,Entidades no Sectorizadas,S313,Devengado,0.0,98549910.5,6340800000.0,0.0,6439349910.5,0.0,0.0,0.0,0.0,0.0,6439349910.5,100.0,0.0,0.0
2024,Poder Ejecutivo,Ramos Administrativos,Entidades no Sectorizadas,S313,Ejercido,0.0,98549910.5,6340800000.0,0.0,6439349910.5,0.0,0.0,0.0,0.0,0.0,6439349910.5,100.0,0.0,0.0
2024,Poder Ejecutivo,Ramos Administrativos,Entidades no Sectorizadas,S313,Porcentaje Ejer/Aprob,0.0,0.0,0.0,0.0,0.0,0.0,0.0,0.0,0.0,0.0,0.0,,0.0,
2024,Poder Ejecutivo,Ramos Administrativos,Entidades no Sectorizadas,S313,Porcentaje Ejer/Modif,0.0,100.0,100.0,0.0,100.0,0.0,0.0,0.0,0.0,0.0,100.0,,0.0,
2024,Poder Ejecutivo,Ramos Administrativos,Entidades no Sectorizadas,U013,Atención a la salud y medicamentos gratuitos para la población sin seguridad social laboral,0.0,0.0,0.0,0.0,0.0,0.0,0.0,0.0,0.0,0.0,0.0,,0.0,
2024,Poder Ejecutivo,Ramos Administrativos,Entidades no Sectorizadas,U013,Aprobado,0.0,0.0,72434925405.0,10972414497.0,83407339902.0,0.0,2438314333.0,0.0,0.0,2438314333.0,85845654235.0,97.15965315340812,0.0,2.84034684659189
2024,Poder Ejecutivo,Ramos Administrativos,Entidades no Sectorizadas,U013,Modificado,0.0,9284516043.8,49836591969.9,11071082686.38,70192190700.08,0.0,2438314333.0,0.0,0.0,2438314333.0,72630505033.08,96.64285091795871,0.0,3.3571490820412926
2024,Poder Ejecutivo,Ramos Administrativos,Entidades no Sectorizadas,U013,Devengado,0.0,9284516043.8,49836591969.9,11071082686.38,70192190700.08,0.0,2438314333.0,0.0,0.0,2438314333.0,72630505033.08,96.64285091795871,0.0,3.3571490820412926
2024,Poder Ejecutivo,Ramos Administrativos,Entidades no Sectorizadas,U013,Ejercido,0.0,9277127801.54,49836591969.9,11071082686.38,70184802457.82,0.0,2438314333.0,0.0,0.0,2438314333.0,72623116790.82,96.64250938165708,0.0,3.357490618342915
2024,Poder Ejecutivo,Ramos Administrativos,Entidades no Sectorizadas,U013,Porcentaje Ejer/Aprob,0.0,0.0,68.8018820910664,100.89923862616543,84.14703375060768,0.0,100.0,0.0,0.0,100.0,84.59731297756358,,0.0,
2024,Poder Ejecutivo,Ramos Administrativos,Entidades no Sectorizadas,U013,Porcentaje Ejer/Modif,0.0,99.9204240455276,100.0,100.0,99.98947426745582,0.0,100.0,0.0,0.0,100.0,99.9898276319893,,0.0,
2024,Poder Ejecutivo,Ramos Administrativos,Cultura,TOTAL,Aprobado,7787659204.0,3110086919.0,1289872927.0,280552190.0,12468171240.0,0.0,4274725666.0,12000000.0,0.0,4286725666.0,16754896906.0,74.41508777971111,0.0,25.584912220288896
2024,Poder Ejecutivo,Ramos Administrativos,Cultura,TOTAL,Modificado,8779507028.47,4778331697.84,711076910.86,685819302.0,14954734939.17,0.0,1840784115.43,4870030.75,0.0,1845654146.18,16800389085.35,89.01421784457708,0.0,10.985782155422918
2024,Poder Ejecutivo,Ramos Administrativos,Cultura,TOTAL,Devengado,8779507028.47,4778255452.61,711076910.86,685819302.0,14954658693.94,0.0,1840784115.43,4870030.75,0.0,1845654146.18,16800312840.12,89.01416798755982,0.0,10.985832012440175
2024,Poder Ejecutivo,Ramos Administrativos,Cultura,TOTAL,Ejercido,8779507028.47,4778255452.61,711076910.86,685819302.0,14954658693.94,0.0,1840784115.43,4870030.75,0.0,1845654146.18,16800312840.12,89.01416798755982,0.0,10.985832012440175
2024,Poder Ejecutivo,Ramos Administrativos,Cultura,TOTAL,Porcentaje Ejer/Aprob,112.73614828908478,153.6373605322379,55.12767156946461,244.45337674961652,119.94267969277585,0.0,43.062040918113034,40.583589583333335,0.0,43.05510289167172,100.27106065990617,,0.0,
2024,Poder Ejecutivo,Ramos Administrativos,Cultura,TOTAL,Porcentaje Ejer/Modif,100.0,99.99840435459859,100.0,100.0,99.99949015993724,0.0,100.0,100.0,0.0,100.0,99.99954616985588,,0.0,
2024,Poder Ejecutivo,Ramos Administrativos,Cultura,E010,Servicios de Educación Superior y Posgrado,0.0,0.0,0.0,0.0,0.0,0.0,0.0,0.0,0.0,0.0,0.0,,0.0,
2024,Poder Ejecutivo,Ramos Administrativos,Cultura,E010,Aprobado,759147880.0,25744398.0,0.0,900.0,784893178.0,0.0,0.0,0.0,0.0,0.0,784893178.0,100.0,0.0,0.0
2024,Poder Ejecutivo,Ramos Administrativos,Cultura,E010,Modificado,710451001.84,22805587.4,0.0,900.0,733257489.24,0.0,0.0,0.0,0.0,0.0,733257489.24,100.0,0.0,0.0
2024,Poder Ejecutivo,Ramos Administrativos,Cultura,E010,Devengado,710451001.84,22801188.75,0.0,900.0,733253090.59,0.0,0.0,0.0,0.0,0.0,733253090.59,100.0,0.0,0.0
2024,Poder Ejecutivo,Ramos Administrativos,Cultura,E010,Ejercido,710451001.84,22801188.75,0.0,900.0,733253090.59,0.0,0.0,0.0,0.0,0.0,733253090.59,100.0,0.0,0.0
2024,Poder Ejecutivo,Ramos Administrativos,Cultura,E010,Porcentaje Ejer/Aprob,93.58532382913327,88.56757400192461,0.0,100.0,93.42074961823658,0.0,0.0,0.0,0.0,0.0,93.42074961823658,,0.0,
2024,Poder Ejecutivo,Ramos Administrativos,Cultura,E010,Porcentaje Ejer/Modif,100.0,99.98071240208442,0.0,100.0,99.99940012204928,0.0,0.0,0.0,0.0,0.0,99.99940012204928,,0.0,
2024,Poder Ejecutivo,Ramos Administrativos,Cultura,E011,Desarrollo Cultural,0.0,0.0,0.0,0.0,0.0,0.0,0.0,0.0,0.0,0.0,0.0,,0.0,
2024,Poder Ejecutivo,Ramos Administrativos,Cultura,E011,Aprobado,2211804337.0,1480089761.0,0.0,223199073.0,3915093171.0,0.0,0.0,0.0,0.0,0.0,3915093171.0,100.0,0.0,0.0
2024,Poder Ejecutivo,Ramos Administrativos,Cultura,E011,Modificado,2311506222.01,2659493739.68,3700000.0,152705991.56,5127405953.25,0.0,0.0,0.0,0.0,0.0,5127405953.25,100.0,0.0,0.0
2024,Poder Ejecutivo,Ramos Administrativos,Cultura,E011,Devengado,2311506222.01,2659433709.26,3700000.0,152705991.56,5127345922.83,0.0,0.0,0.0,0.0,0.0,5127345922.83,100.0,0.0,0.0
2024,Poder Ejecutivo,Ramos Administrativos,Cultura,E011,Ejercido,2311506222.01,2659433709.26,3700000.0,152705991.56,5127345922.83,0.0,0.0,0.0,0.0,0.0,5127345922.83,100.0,0.0,0.0
2024,Poder Ejecutivo,Ramos Administrativos,Cultura,E011,Porcentaje Ejer/Aprob,104.50771722173361,179.6805693367674,0.0,68.41694703633469,130.96357350597518,0.0,0.0,0.0,0.0,0.0,130.96357350597518,,0.0,
2024,Poder Ejecutivo,Ramos Administrativos,Cultura,E011,Porcentaje Ejer/Modif,100.0,99.99774278769287,100.0,100.0,99.99882922435735,0.0,0.0,0.0,0.0,0.0,99.99882922435735,,0.0,
2024,Poder Ejecutivo,Ramos Administrativos,Cultura,E012,Protección y conservación del Patrimonio Cultural,0.0,0.0,0.0,0.0,0.0,0.0,0.0,0.0,0.0,0.0,0.0,,0.0,
2024,Poder Ejecutivo,Ramos Administrativos,Cultura,E012,Aprobado,1548111879.0,769675227.0,0.0,135340.0,2317922446.0,0.0,0.0,0.0,0.0,0.0,2317922446.0,100.0,0.0,0.0
2024,Poder Ejecutivo,Ramos Administrativos,Cultura,E012,Modificado,2096355649.8,1360403166.38,0.0,12609238.55,3469368054.73,0.0,176914634.77,0.0,0.0,176914634.77,3646282689.5,95.14808231189942,0.0,4.8519176881005786
2024,Poder Ejecutivo,Ramos Administrativos,Cultura,E012,Devengado,2096355649.8,1360394473.67,0.0,12609238.55,3469359362.02,0.0,176914634.77,0.0,0.0,176914634.77,3646273996.79,95.14807074493724,0.0,4.851929255062756
2024,Poder Ejecutivo,Ramos Administrativos,Cultura,E012,Ejercido,2096355649.8,1360394473.67,0.0,12609238.55,3469359362.02,0.0,176914634.77,0.0,0.0,176914634.77,3646273996.79,95.14807074493724,0.0,4.851929255062756
2024,Poder Ejecutivo,Ramos Administrativos,Cultura,E012,Porcentaje Ejer/Aprob,135.41370479981958,176.74915678038317,0.0,0.0,149.67538573203842,0.0,0.0,0.0,0.0,0.0,157.30785139435162,,0.0,
2024,Poder Ejecutivo,Ramos Administrativos,Cultura,E012,Porcentaje Ejer/Modif,100.0,99.99936101957016,0.0,100.0,99.9997494439949,0.0,100.0,0.0,0.0,100.0,99.99976160076604,,0.0,
2024,Poder Ejecutivo,Ramos Administrativos,Cultura,E013,Producción y transmisión de materiales culturales y artísticos,0.0,0.0,0.0,0.0,0.0,0.0,0.0,0.0,0.0,0.0,0.0,,0.0,
2024,Poder Ejecutivo,Ramos Administrativos,Cultura,E013,Aprobado,63046944.0,83799942.0,0.0,0.0,146846886.0,0.0,0.0,0.0,0.0,0.0,146846886.0,100.0,0.0,0.0
2024,Poder Ejecutivo,Ramos Administrativos,Cultura,E013,Modificado,84158368.43,81495140.54,0.0,17400.0,165670908.97,0.0,0.0,0.0,0.0,0.0,165670908.97,100.0,0.0,0.0
2024,Poder Ejecutivo,Ramos Administrativos,Cultura,E013,Devengado,84158368.43,81495140.54,0.0,17400.0,165670908.97,0.0,0.0,0.0,0.0,0.0,165670908.97,100.0,0.0,0.0
2024,Poder Ejecutivo,Ramos Administrativos,Cultura,E013,Ejercido,84158368.43,81495140.54,0.0,17400.0,165670908.97,0.0,0.0,0.0,0.0,0.0,165670908.97,100.0,0.0,0.0
2024,Poder Ejecutivo,Ramos Administrativos,Cultura,E013,Porcentaje Ejer/Aprob,133.48524621589908,97.24963835893826,0.0,0.0,112.81880977033451,0.0,0.0,0.0,0.0,0.0,112.81880977033451,,0.0,
2024,Poder Ejecutivo,Ramos Administrativos,Cultura,E013,Porcentaje Ejer/Modif,100.0,100.0,0.0,100.0,100.0,0.0,0.0,0.0,0.0,0.0,100.0,,0.0,
2024,Poder Ejecutivo,Ramos Administrativos,Cultura,E016,Producción y distribución de libros y materiales artísticos y culturales,0.0,0.0,0.0,0.0,0.0,0.0,0.0,0.0,0.0,0.0,0.0,,0.0,
2024,Poder Ejecutivo,Ramos Administrativos,Cultura,E016,Aprobado,0.0,42214568.0,0.0,0.0,42214568.0,0.0,0.0,0.0,0.0,0.0,42214568.0,100.0,0.0,0.0
2024,Poder Ejecutivo,Ramos Administrativos,Cultura,E016,Modificado,0.0,21347982.2,0.0,0.0,21347982.2,0.0,0.0,0.0,0.0,0.0,21347982.2,100.0,0.0,0.0
2024,Poder Ejecutivo,Ramos Administrativos,Cultura,E016,Devengado,0.0,21347982.2,0.0,0.0,21347982.2,0.0,0.0,0.0,0.0,0.0,21347982.2,100.0,0.0,0.0
2024,Poder Ejecutivo,Ramos Administrativos,Cultura,E016,Ejercido,0.0,21347982.2,0.0,0.0,21347982.2,0.0,0.0,0.0,0.0,0.0,21347982.2,100.0,0.0,0.0
2024,Poder Ejecutivo,Ramos Administrativos,Cultura,E016,Porcentaje Ejer/Aprob,0.0,50.570178048487904,0.0,0.0,50.570178048487904,0.0,0.0,0.0,0.0,0.0,50.570178048487904,,0.0,
2024,Poder Ejecutivo,Ramos Administrativos,Cultura,E016,Porcentaje Ejer/Modif,0.0,100.0,0.0,0.0,100.0,0.0,0.0,0.0,0.0,0.0,100.0,,0.0,
2024,Poder Ejecutivo,Ramos Administrativos,Cultura,E021,"Investigación Científica, Arqueológica y Antropológica",0.0,0.0,0.0,0.0,0.0,0.0,0.0,0.0,0.0,0.0,0.0,,0.0,
2024,Poder Ejecutivo,Ramos Administrativos,Cultura,E021,Aprobado,110658358.0,79044265.0,0.0,275094.0,189977717.0,0.0,0.0,0.0,0.0,0.0,189977717.0,100.0,0.0,0.0
2024,Poder Ejecutivo,Ramos Administrativos,Cultura,E021,Modificado,121074021.29,77544244.81,0.0,384921.46,199003187.56,0.0,0.0,0.0,0.0,0.0,199003187.56,100.0,0.0,0.0
2024,Poder Ejecutivo,Ramos Administrativos,Cultura,E021,Devengado,121074021.29,77544244.81,0.0,384921.46,199003187.56,0.0,0.0,0.0,0.0,0.0,199003187.56,100.0,0.0,0.0
2024,Poder Ejecutivo,Ramos Administrativos,Cultura,E021,Ejercido,121074021.29,77544244.81,0.0,384921.46,199003187.56,0.0,0.0,0.0,0.0,0.0,199003187.56,100.0,0.0,0.0
2024,Poder Ejecutivo,Ramos Administrativos,Cultura,E021,Porcentaje Ejer/Aprob,109.41245060766221,98.10230357635687,0.0,139.92361156550126,104.75080483254781,0.0,0.0,0.0,0.0,0.0,104.75080483254781,,0.0,
2024,Poder Ejecutivo,Ramos Administrativos,Cultura,E021,Porcentaje Ejer/Modif,100.0,100.0,0.0,100.0,100.0,0.0,0.0,0.0,0.0,0.0,100.0,,0.0,
2024,Poder Ejecutivo,Ramos Administrativos,Cultura,E022,Servicios Cinematográficos,0.0,0.0,0.0,0.0,0.0,0.0,0.0,0.0,0.0,0.0,0.0,,0.0,
2024,Poder Ejecutivo,Ramos Administrativos,Cultura,E022,Aprobado,89656207.0,103659544.0,0.0,13339153.0,206654904.0,0.0,0.0,0.0,0.0,0.0,206654904.0,100.0,0.0,0.0
2024,Poder Ejecutivo,Ramos Administrativos,Cultura,E022,Modificado,95989614.06,127267128.94,0.0,23846331.49,247103074.49,0.0,550000.0,0.0,0.0,550000.0,247653074.49,99.77791513344519,0.0,0.22208486655480972
2024,Poder Ejecutivo,Ramos Administrativos,Cultura,E022,Devengado,95989614.06,127267128.94,0.0,23846331.49,247103074.49,0.0,550000.0,0.0,0.0,550000.0,247653074.49,99.77791513344519,0.0,0.22208486655480972
2024,Poder Ejecutivo,Ramos Administrativos,Cultura,E022,Ejercido,95989614.06,127267128.94,0.0,23846331.49,247103074.49,0.0,550000.0,0.0,0.0,550000.0,247653074.49,99.77791513344519,0.0,0.22208486655480972
2024,Poder Ejecutivo,Ramos Administrativos,Cultura,E022,Porcentaje Ejer/Aprob,107.0641032806574,122.77415472713251,0.0,178.76945777591723,119.57280940693282,0.0,0.0,0.0,0.0,0.0,119.8389535870874,,0.0,
2024,Poder Ejecutivo,Ramos Administrativos,Cultura,E022,Porcentaje Ejer/Modif,100.0,100.0,0.0,100.0,100.0,0.0,100.0,0.0,0.0,100.0,100.0,,0.0,
2024,Poder Ejecutivo,Ramos Administrativos,Cultura,E041,Protección de los derechos tutelados por la Ley Federal del Derecho de Autor,0.0,0.0,0.0,0.0,0.0,0.0,0.0,0.0,0.0,0.0,0.0,,0.0,
2024,Poder Ejecutivo,Ramos Administrativos,Cultura,E041,Aprobado,1248501.0,15284840.0,0.0,302494.0,16835835.0,0.0,0.0,0.0,0.0,0.0,16835835.0,100.0,0.0,0.0
2024,Poder Ejecutivo,Ramos Administrativos,Cultura,E041,Modificado,524236.72,3534039.52,0.0,546358.79,4604635.03,0.0,0.0,0.0,0.0,0.0,4604635.03,100.0,0.0,0.0
2024,Poder Ejecutivo,Ramos Administrativos,Cultura,E041,Devengado,524236.72,3534039.52,0.0,546358.79,4604635.03,0.0,0.0,0.0,0.0,0.0,4604635.03,100.0,0.0,0.0
2024,Poder Ejecutivo,Ramos Administrativos,Cultura,E041,Ejercido,524236.72,3534039.52,0.0,546358.79,4604635.03,0.0,0.0,0.0,0.0,0.0,4604635.03,100.0,0.0,0.0
2024,Poder Ejecutivo,Ramos Administrativos,Cultura,E041,Porcentaje Ejer/Aprob,41.98929115795662,23.12120715689533,0.0,180.6180585400041,27.35020288568996,0.0,0.0,0.0,0.0,0.0,27.35020288568996,,0.0,
2024,Poder Ejecutivo,Ramos Administrativos,Cultura,E041,Porcentaje Ejer/Modif,100.0,100.0,0.0,100.0,100.0,0.0,0.0,0.0,0.0,0.0,100.0,,0.0,
2024,Poder Ejecutivo,Ramos Administrativos,Cultura,E042,Servicios educativos culturales y artísticos,0.0,0.0,0.0,0.0,0.0,0.0,0.0,0.0,0.0,0.0,0.0,,0.0,
2024,Poder Ejecutivo,Ramos Administrativos,Cultura,E042,Aprobado,1333516588.0,29441082.0,0.0,18991455.0,1381949125.0,0.0,0.0,0.0,0.0,0.0,1381949125.0,100.0,0.0,0.0
2024,Poder Ejecutivo,Ramos Administrativos,Cultura,E042,Modificado,1330403974.38,20693229.07,0.0,991986.77,1352089190.22,0.0,0.0,0.0,0.0,0.0,1352089190.22,100.0,0.0,0.0
2024,Poder Ejecutivo,Ramos Administrativos,Cultura,E042,Devengado,1330403974.38,20693229.07,0.0,991986.77,1352089190.22,0.0,0.0,0.0,0.0,0.0,1352089190.22,100.0,0.0,0.0
2024,Poder Ejecutivo,Ramos Administrativos,Cultura,E042,Ejercido,1330403974.38,20693229.07,0.0,991986.77,1352089190.22,0.0,0.0,0.0,0.0,0.0,1352089190.22,100.0,0.0,0.0
2024,Poder Ejecutivo,Ramos Administrativos,Cultura,E042,Porcentaje Ejer/Aprob,99.76658605914545,70.2869176818977,0.0,5.2233321248951174,97.8392884195357,0.0,0.0,0.0,0.0,0.0,97.8392884195357,,0.0,
2024,Poder Ejecutivo,Ramos Administrativos,Cultura,E042,Porcentaje Ejer/Modif,100.0,100.0,0.0,100.0,100.0,0.0,0.0,0.0,0.0,0.0,100.0,,0.0,
2024,Poder Ejecutivo,Ramos Administrativos,Cultura,K009,Proyectos de infraestructura social del sector cultura,0.0,0.0,0.0,0.0,0.0,0.0,0.0,0.0,0.0,0.0,0.0,,0.0,
2024,Poder Ejecutivo,Ramos Administrativos,Cultura,K009,Aprobado,0.0,0.0,0.0,0.0,0.0,0.0,0.0,0.0,0.0,0.0,0.0,0.0,0.0,0.0
2024,Poder Ejecutivo,Ramos Administrativos,Cultura,K009,Modificado,0.0,0.0,0.0,0.0,0.0,0.0,1663319480.66,0.0,0.0,1663319480.66,1663319480.66,0.0,0.0,100.0
2024,Poder Ejecutivo,Ramos Administrativos,Cultura,K009,Devengado,0.0,0.0,0.0,0.0,0.0,0.0,1663319480.66,0.0,0.0,1663319480.66,1663319480.66,0.0,0.0,100.0
2024,Poder Ejecutivo,Ramos Administrativos,Cultura,K009,Ejercido,0.0,0.0,0.0,0.0,0.0,0.0,1663319480.66,0.0,0.0,1663319480.66,1663319480.66,0.0,0.0,100.0
2024,Poder Ejecutivo,Ramos Administrativos,Cultura,K009,Porcentaje Ejer/Aprob,0.0,0.0,0.0,0.0,0.0,0.0,0.0,0.0,0.0,0.0,0.0,,0.0,
2024,Poder Ejecutivo,Ramos Administrativos,Cultura,K009,Porcentaje Ejer/Modif,0.0,0.0,0.0,0.0,0.0,0.0,100.0,0.0,0.0,100.0,100.0,,0.0,
2024,Poder Ejecutivo,Ramos Administrativos,Cultura,M001,Actividades de apoyo administrativo,0.0,0.0,0.0,0.0,0.0,0.0,0.0,0.0,0.0,0.0,0.0,,0.0,
2024,Poder Ejecutivo,Ramos Administrativos,Cultura,M001,Aprobado,1571355404.0,449975985.0,0.0,17319465.0,2038650854.0,0.0,0.0,0.0,0.0,0.0,2038650854.0,100.0,0.0,0.0
2024,Poder Ejecutivo,Ramos Administrativos,Cultura,M001,Modificado,1935426125.78,368133984.87,0.0,18248776.65,2321808887.3,0.0,0.0,0.0,0.0,0.0,2321808887.3,100.0,0.0,0.0
2024,Poder Ejecutivo,Ramos Administrativos,Cultura,M001,Devengado,1935426125.78,368130861.42,0.0,18248776.65,2321805763.85,0.0,0.0,0.0,0.0,0.0,2321805763.85,100.0,0.0,0.0
2024,Poder Ejecutivo,Ramos Administrativos,Cultura,M001,Ejercido,1935426125.78,368130861.42,0.0,18248776.65,2321805763.85,0.0,0.0,0.0,0.0,0.0,2321805763.85,100.0,0.0,0.0
2024,Poder Ejecutivo,Ramos Administrativos,Cultura,M001,Porcentaje Ejer/Aprob,123.16921562450042,81.81122408565871,0.0,105.36570644647509,113.88932829250417,0.0,0.0,0.0,0.0,0.0,113.88932829250417,,0.0,
2024,Poder Ejecutivo,Ramos Administrativos,Cultura,M001,Porcentaje Ejer/Modif,100.0,99.99915154532634,0.0,100.0,99.99986547342388,0.0,0.0,0.0,0.0,0.0,99.99986547342388,,0.0,
2024,Poder Ejecutivo,Ramos Administrativos,Cultura,O001,Actividades de apoyo a la función pública y buen gobierno,0.0,0.0,0.0,0.0,0.0,0.0,0.0,0.0,0.0,0.0,0.0,,0.0,
2024,Poder Ejecutivo,Ramos Administrativos,Cultura,O001,Aprobado,66526263.0,2320289.0,0.0,0.0,68846552.0,0.0,0.0,0.0,0.0,0.0,68846552.0,100.0,0.0,0.0
2024,Poder Ejecutivo,Ramos Administrativos,Cultura,O001,Modificado,62148927.18,1388071.34,0.0,0.0,63536998.52,0.0,0.0,0.0,0.0,0.0,63536998.52,100.0,0.0,0.0
2024,Poder Ejecutivo,Ramos Administrativos,Cultura,O001,Devengado,62148927.18,1388071.34,0.0,0.0,63536998.52,0.0,0.0,0.0,0.0,0.0,63536998.52,100.0,0.0,0.0
2024,Poder Ejecutivo,Ramos Administrativos,Cultura,O001,Ejercido,62148927.18,1388071.34,0.0,0.0,63536998.52,0.0,0.0,0.0,0.0,0.0,63536998.52,100.0,0.0,0.0
2024,Poder Ejecutivo,Ramos Administrativos,Cultura,O001,Porcentaje Ejer/Aprob,93.42013872025248,59.8232090916261,0.0,0.0,92.28784401577585,0.0,0.0,0.0,0.0,0.0,92.28784401577585,,0.0,
2024,Poder Ejecutivo,Ramos Administrativos,Cultura,O001,Porcentaje Ejer/Modif,100.0,100.0,0.0,0.0,100.0,0.0,0.0,0.0,0.0,0.0,100.0,,0.0,
2024,Poder Ejecutivo,Ramos Administrativos,Cultura,P003,Educación y cultura indígena,0.0,0.0,0.0,0.0,0.0,0.0,0.0,0.0,0.0,0.0,0.0,,0.0,
2024,Poder Ejecutivo,Ramos Administrativos,Cultura,P003,Aprobado,32586843.0,28837018.0,0.0,6989216.0,68413077.0,0.0,0.0,0.0,0.0,0.0,68413077.0,100.0,0.0,0.0
2024,Poder Ejecutivo,Ramos Administrativos,Cultura,P003,Modificado,29499138.98,23421248.72,0.0,6573816.41,59494204.11,0.0,0.0,0.0,0.0,0.0,59494204.11,100.0,0.0,0.0
2024,Poder Ejecutivo,Ramos Administrativos,Cultura,P003,Devengado,29499138.98,23421248.72,0.0,6573816.41,59494204.11,0.0,0.0,0.0,0.0,0.0,59494204.11,100.0,0.0,0.0
2024,Poder Ejecutivo,Ramos Administrativos,Cultura,P003,Ejercido,29499138.98,23421248.72,0.0,6573816.41,59494204.11,0.0,0.0,0.0,0.0,0.0,59494204.11,100.0,0.0,0.0
2024,Poder Ejecutivo,Ramos Administrativos,Cultura,P003,Porcentaje Ejer/Aprob,90.52469114605547,81.2193851666632,0.0,94.05656385494453,86.96320457856325,0.0,0.0,0.0,0.0,0.0,86.96320457856325,,0.0,
2024,Poder Ejecutivo,Ramos Administrativos,Cultura,P003,Porcentaje Ejer/Modif,100.0,100.0,0.0,100.0,100.0,0.0,0.0,0.0,0.0,0.0,100.0,,0.0,
2024,Poder Ejecutivo,Ramos Administrativos,Cultura,R001,Provisiones para el Desarrollo de Infraestructura Cultural,0.0,0.0,0.0,0.0,0.0,0.0,0.0,0.0,0.0,0.0,0.0,,0.0,
2024,Poder Ejecutivo,Ramos Administrativos,Cultura,R001,Aprobado,0.0,0.0,0.0,0.0,0.0,0.0,1000000000.0,0.0,0.0,1000000000.0,1000000000.0,0.0,0.0,100.0
2024,Poder Ejecutivo,Ramos Administrativos,Cultura,R001,Modificado,0.0,0.0,0.0,0.0,0.0,0.0,0.0,0.0,0.0,0.0,0.0,0.0,0.0,0.0
2024,Poder Ejecutivo,Ramos Administrativos,Cultura,R001,Devengado,0.0,0.0,0.0,0.0,0.0,0.0,0.0,0.0,0.0,0.0,0.0,0.0,0.0,0.0
2024,Poder Ejecutivo,Ramos Administrativos,Cultura,R001,Ejercido,0.0,0.0,0.0,0.0,0.0,0.0,0.0,0.0,0.0,0.0,0.0,0.0,0.0,0.0
2024,Poder Ejecutivo,Ramos Administrativos,Cultura,R001,Porcentaje Ejer/Aprob,0.0,0.0,0.0,0.0,0.0,0.0,0.0,0.0,0.0,0.0,0.0,,0.0,
2024,Poder Ejecutivo,Ramos Administrativos,Cultura,R001,Porcentaje Ejer/Modif,0.0,0.0,0.0,0.0,0.0,0.0,0.0,0.0,0.0,0.0,0.0,,0.0,
2024,Poder Ejecutivo,Ramos Administrativos,Cultura,R002,Provisiones para la adquisición de terrenos de Zonas Arqueológicas,0.0,0.0,0.0,0.0,0.0,0.0,0.0,0.0,0.0,0.0,0.0,,0.0,
2024,Poder Ejecutivo,Ramos Administrativos,Cultura,R002,Aprobado,0.0,0.0,0.0,0.0,0.0,0.0,3274725666.0,0.0,0.0,3274725666.0,3274725666.0,0.0,0.0,100.0
2024,Poder Ejecutivo,Ramos Administrativos,Cultura,R002,Modificado,0.0,0.0,0.0,0.0,0.0,0.0,0.0,0.0,0.0,0.0,0.0,0.0,0.0,0.0
2024,Poder Ejecutivo,Ramos Administrativos,Cultura,R002,Devengado,0.0,0.0,0.0,0.0,0.0,0.0,0.0,0.0,0.0,0.0,0.0,0.0,0.0,0.0
2024,Poder Ejecutivo,Ramos Administrativos,Cultura,R002,Ejercido,0.0,0.0,0.0,0.0,0.0,0.0,0.0,0.0,0.0,0.0,0.0,0.0,0.0,0.0
2024,Poder Ejecutivo,Ramos Administrativos,Cultura,R002,Porcentaje Ejer/Aprob,0.0,0.0,0.0,0.0,0.0,0.0,0.0,0.0,0.0,0.0,0.0,,0.0,
2024,Poder Ejecutivo,Ramos Administrativos,Cultura,R002,Porcentaje Ejer/Modif,0.0,0.0,0.0,0.0,0.0,0.0,0.0,0.0,0.0,0.0,0.0,,0.0,
2024,Poder Ejecutivo,Ramos Administrativos,Cultura,S057,Programas del Fondo Nacional de Fomento a las Artesanías (FONART),0.0,0.0,0.0,0.0,0.0,0.0,0.0,0.0,0.0,0.0,0.0,,0.0,
2024,Poder Ejecutivo,Ramos Administrativos,Cultura,S057,Aprobado,0.0,0.0,51680909.0,0.0,51680909.0,0.0,0.0,0.0,0.0,0.0,51680909.0,100.0,0.0,0.0
2024,Poder Ejecutivo,Ramos Administrativos,Cultura,S057,Modificado,1969748.0,0.0,49700431.0,0.0,51670179.0,0.0,0.0,0.0,0.0,0.0,51670179.0,100.0,0.0,0.0
2024,Poder Ejecutivo,Ramos Administrativos,Cultura,S057,Devengado,1969748.0,0.0,49700431.0,0.0,51670179.0,0.0,0.0,0.0,0.0,0.0,51670179.0,100.0,0.0,0.0
2024,Poder Ejecutivo,Ramos Administrativos,Cultura,S057,Ejercido,1969748.0,0.0,49700431.0,0.0,51670179.0,0.0,0.0,0.0,0.0,0.0,51670179.0,100.0,0.0,0.0
2024,Poder Ejecutivo,Ramos Administrativos,Cultura,S057,Porcentaje Ejer/Aprob,0.0,0.0,96.16787313086928,0.0,99.97923798128241,0.0,0.0,0.0,0.0,0.0,99.97923798128241,,0.0,
2024,Poder Ejecutivo,Ramos Administrativos,Cultura,S057,Porcentaje Ejer/Modif,100.0,0.0,100.0,0.0,100.0,0.0,0.0,0.0,0.0,0.0,100.0,,0.0,
2024,Poder Ejecutivo,Ramos Administrativos,Cultura,S268,Programa de Apoyos a la Cultura,0.0,0.0,0.0,0.0,0.0,0.0,0.0,0.0,0.0,0.0,0.0,,0.0,
2024,Poder Ejecutivo,Ramos Administrativos,Cultura,S268,Aprobado,0.0,0.0,197050586.0,0.0,197050586.0,0.0,0.0,0.0,0.0,0.0,197050586.0,100.0,0.0,0.0
2024,Poder Ejecutivo,Ramos Administrativos,Cultura,S268,Modificado,0.0,0.0,188338138.06,0.0,188338138.06,0.0,0.0,0.0,0.0,0.0,188338138.06,100.0,0.0,0.0
2024,Poder Ejecutivo,Ramos Administrativos,Cultura,S268,Devengado,0.0,0.0,188338138.06,0.0,188338138.06,0.0,0.0,0.0,0.0,0.0,188338138.06,100.0,0.0,0.0
2024,Poder Ejecutivo,Ramos Administrativos,Cultura,S268,Ejercido,0.0,0.0,188338138.06,0.0,188338138.06,0.0,0.0,0.0,0.0,0.0,188338138.06,100.0,0.0,0.0
2024,Poder Ejecutivo,Ramos Administrativos,Cultura,S268,Porcentaje Ejer/Aprob,0.0,0.0,95.57857293558112,0.0,95.57857293558112,0.0,0.0,0.0,0.0,0.0,95.57857293558112,,0.0,
2024,Poder Ejecutivo,Ramos Administrativos,Cultura,S268,Porcentaje Ejer/Modif,0.0,0.0,100.0,0.0,100.0,0.0,0.0,0.0,0.0,0.0,100.0,,0.0,
2024,Poder Ejecutivo,Ramos Administrativos,Cultura,S281,Programa Nacional de Reconstrucción,0.0,0.0,0.0,0.0,0.0,0.0,0.0,0.0,0.0,0.0,0.0,,0.0,
2024,Poder Ejecutivo,Ramos Administrativos,Cultura,S281,Aprobado,0.0,0.0,203718519.0,0.0,203718519.0,0.0,0.0,0.0,0.0,0.0,203718519.0,100.0,0.0,0.0
2024,Poder Ejecutivo,Ramos Administrativos,Cultura,S281,Modificado,0.0,5528767.36,197432377.96,0.0,202961145.32,0.0,0.0,0.0,0.0,0.0,202961145.32,100.0,0.0,0.0
2024,Poder Ejecutivo,Ramos Administrativos,Cultura,S281,Devengado,0.0,5528767.36,197432377.96,0.0,202961145.32,0.0,0.0,0.0,0.0,0.0,202961145.32,100.0,0.0,0.0
2024,Poder Ejecutivo,Ramos Administrativos,Cultura,S281,Ejercido,0.0,5528767.36,197432377.96,0.0,202961145.32,0.0,0.0,0.0,0.0,0.0,202961145.32,100.0,0.0,0.0
2024,Poder Ejecutivo,Ramos Administrativos,Cultura,S281,Porcentaje Ejer/Aprob,0.0,0.0,96.91430063851976,0.0,99.62822541430315,0.0,0.0,0.0,0.0,0.0,99.62822541430315,,0.0,
2024,Poder Ejecutivo,Ramos Administrativos,Cultura,S281,Porcentaje Ejer/Modif,0.0,100.0,100.0,0.0,100.0,0.0,0.0,0.0,0.0,0.0,100.0,,0.0,
2024,Poder Ejecutivo,Ramos Administrativos,Cultura,S303,Programa Nacional de Becas Artísticas y Culturales,0.0,0.0,0.0,0.0,0.0,0.0,0.0,0.0,0.0,0.0,0.0,,0.0,
2024,Poder Ejecutivo,Ramos Administrativos,Cultura,S303,Aprobado,0.0,0.0,13982434.0,0.0,13982434.0,0.0,0.0,0.0,0.0,0.0,13982434.0,100.0,0.0,0.0
2024,Poder Ejecutivo,Ramos Administrativos,Cultura,S303,Modificado,0.0,0.0,16451300.0,0.0,16451300.0,0.0,0.0,0.0,0.0,0.0,16451300.0,100.0,0.0,0.0
2024,Poder Ejecutivo,Ramos Administrativos,Cultura,S303,Devengado,0.0,0.0,16451300.0,0.0,16451300.0,0.0,0.0,0.0,0.0,0.0,16451300.0,100.0,0.0,0.0
2024,Poder Ejecutivo,Ramos Administrativos,Cultura,S303,Ejercido,0.0,0.0,16451300.0,0.0,16451300.0,0.0,0.0,0.0,0.0,0.0,16451300.0,100.0,0.0,0.0
2024,Poder Ejecutivo,Ramos Administrativos,Cultura,S303,Porcentaje Ejer/Aprob,0.0,0.0,117.65691152198536,0.0,117.65691152198536,0.0,0.0,0.0,0.0,0.0,117.65691152198536,,0.0,
2024,Poder Ejecutivo,Ramos Administrativos,Cultura,S303,Porcentaje Ejer/Modif,0.0,0.0,100.0,0.0,100.0,0.0,0.0,0.0,0.0,0.0,100.0,,0.0,
2024,Poder Ejecutivo,Ramos Administrativos,Cultura,U282,"Estímulos a la creación artística, reconocimientos a las trayectorias y apoyo al desarrollo de proyectos culturales",0.0,0.0,0.0,0.0,0.0,0.0,0.0,0.0,0.0,0.0,0.0,,0.0,
2024,Poder Ejecutivo,Ramos Administrativos,Cultura,U282,Aprobado,0.0,0.0,629016349.0,0.0,629016349.0,0.0,0.0,0.0,0.0,0.0,629016349.0,100.0,0.0,0.0
2024,Poder Ejecutivo,Ramos Administrativos,Cultura,U282,Modificado,0.0,540993.11,93257600.68,469893580.32,563692174.11,0.0,0.0,0.0,0.0,0.0,563692174.11,100.0,0.0,0.0
2024,Poder Ejecutivo,Ramos Administrativos,Cultura,U282,Devengado,0.0,540993.11,93257600.68,469893580.32,563692174.11,0.0,0.0,0.0,0.0,0.0,563692174.11,100.0,0.0,0.0
2024,Poder Ejecutivo,Ramos Administrativos,Cultura,U282,Ejercido,0.0,540993.11,93257600.68,469893580.32,563692174.11,0.0,0.0,0.0,0.0,0.0,563692174.11,100.0,0.0,0.0
2024,Poder Ejecutivo,Ramos Administrativos,Cultura,U282,Porcentaje Ejer/Aprob,0.0,0.0,14.825942255437308,0.0,89.6148685175113,0.0,0.0,0.0,0.0,0.0,89.6148685175113,,0.0,
2024,Poder Ejecutivo,Ramos Administrativos,Cultura,U282,Porcentaje Ejer/Modif,0.0,100.0,100.0,100.0,100.0,0.0,0.0,0.0,0.0,0.0,100.0,,0.0,
2024,Poder Ejecutivo,Ramos Administrativos,Cultura,U283,Fomento al Cine Mexicano,0.0,0.0,0.0,0.0,0.0,0.0,0.0,0.0,0.0,0.0,0.0,,0.0,
2024,Poder Ejecutivo,Ramos Administrativos,Cultura,U283,Aprobado,0.0,0.0,194424130.0,0.0,194424130.0,0.0,0.0,12000000.0,0.0,12000000.0,206424130.0,94.18672613516647,0.0,5.813273864833535
2024,Poder Ejecutivo,Ramos Administrativos,Cultura,U283,Modificado,0.0,4734373.9,162197063.16,0.0,166931437.06,0.0,0.0,4870030.75,0.0,4870030.75,171801467.81,97.16531481827275,0.0,2.8346851817272607
2024,Poder Ejecutivo,Ramos Administrativos,Cultura,U283,Devengado,0.0,4734373.9,162197063.16,0.0,166931437.06,0.0,0.0,4870030.75,0.0,4870030.75,171801467.81,97.16531481827275,0.0,2.8346851817272607
2024,Poder Ejecutivo,Ramos Administrativos,Cultura,U283,Ejercido,0.0,4734373.9,162197063.16,0.0,166931437.06,0.0,0.0,4870030.75,0.0,4870030.75,171801467.81,97.16531481827275,0.0,2.8346851817272607
2024,Poder Ejecutivo,Ramos Administrativos,Cultura,U283,Porcentaje Ejer/Aprob,0.0,0.0,83.42434818147315,0.0,85.85942344707934,0.0,0.0,40.583589583333335,0.0,40.583589583333335,83.22741522999274,,0.0,
2024,Poder Ejecutivo,Ramos Administrativos,Cultura,U283,Porcentaje Ejer/Modif,0.0,100.0,100.0,0.0,100.0,0.0,0.0,100.0,0.0,100.0,100.0,,0.0,
2024,Poder Ejecutivo,Ramos Generales,Aportaciones a Seguridad Social,TOTAL,Aprobado,0.0,0.0,22929322833.0,233548799665.0,256478122498.0,1076401371954.0,0.0,0.0,0.0,0.0,1332879494452.0,19.242408902347798,80.75759109765221,0.0
2024,Poder Ejecutivo,Ramos Generales,Aportaciones a Seguridad Social,TOTAL,Modificado,0.0,0.0,20446931114.86,211889531324.44,232336462439.3,1056073229379.55,0.0,0.0,0.0,0.0,1288409691818.85,18.032809277560634,81.96719072243937,0.0
2024,Poder Ejecutivo,Ramos Generales,Aportaciones a Seguridad Social,TOTAL,Devengado,0.0,0.0,20446931114.86,211889531324.44,232336462439.3,1056073229379.55,0.0,0.0,0.0,0.0,1288409691818.85,18.032809277560634,81.96719072243937,0.0
2024,Poder Ejecutivo,Ramos Generales,Aportaciones a Seguridad Social,TOTAL,Ejercido,0.0,0.0,20446931114.86,211889531324.44,232336462439.3,1056073229379.55,0.0,0.0,0.0,0.0,1288409691818.85,18.032809277560634,81.96719072243937,0.0
2024,Poder Ejecutivo,Ramos Generales,Aportaciones a Seguridad Social,TOTAL,Porcentaje Ejer/Aprob,0.0,0.0,89.17372424724498,90.72602027001302,90.58724392413303,98.11147188176209,0.0,0.0,0.0,0.0,96.66362917141034,,101.49781538595488,
2024,Poder Ejecutivo,Ramos Generales,Aportaciones a Seguridad Social,TOTAL,Porcentaje Ejer/Modif,0.0,0.0,100.0,100.0,100.0,100.0,0.0,0.0,0.0,0.0,100.0,,100.0,
2024,Poder Ejecutivo,Ramos Generales,Aportaciones a Seguridad Social,J006,Apoyo para cubrir el déficit de la nómina de pensiones del ISSSTE,0.0,0.0,0.0,0.0,0.0,0.0,0.0,0.0,0.0,0.0,0.0,,0.0,
2024,Poder Ejecutivo,Ramos Generales,Aportaciones a Seguridad Social,J006,Aprobado,0.0,0.0,0.0,0.0,0.0,337328355946.0,0.0,0.0,0.0,0.0,337328355946.0,0.0,100.0,0.0
2024,Poder Ejecutivo,Ramos Generales,Aportaciones a Seguridad Social,J006,Modificado,0.0,0.0,0.0,0.0,0.0,339605470370.0,0.0,0.0,0.0,0.0,339605470370.0,0.0,100.0,0.0
2024,Poder Ejecutivo,Ramos Generales,Aportaciones a Seguridad Social,J006,Devengado,0.0,0.0,0.0,0.0,0.0,339605470370.0,0.0,0.0,0.0,0.0,339605470370.0,0.0,100.0,0.0
2024,Poder Ejecutivo,Ramos Generales,Aportaciones a Seguridad Social,J006,Ejercido,0.0,0.0,0.0,0.0,0.0,339605470370.0,0.0,0.0,0.0,0.0,339605470370.0,0.0,100.0,0.0
2024,Poder Ejecutivo,Ramos Generales,Aportaciones a Seguridad Social,J006,Porcentaje Ejer/Aprob,0.0,0.0,0.0,0.0,0.0,100.67504388049859,0.0,0.0,0.0,0.0,100.67504388049859,,100.0,
2024,Poder Ejecutivo,Ramos Generales,Aportaciones a Seguridad Social,J006,Porcentaje Ejer/Modif,0.0,0.0,0.0,0.0,0.0,100.0,0.0,0.0,0.0,0.0,100.0,,100.0,
2024,Poder Ejecutivo,Ramos Generales,Aportaciones a Seguridad Social,J008,Pensiones y Jubilaciones en curso de Pago,0.0,0.0,0.0,0.0,0.0,0.0,0.0,0.0,0.0,0.0,0.0,,0.0,
2024,Poder Ejecutivo,Ramos Generales,Aportaciones a Seguridad Social,J008,Aprobado,0.0,0.0,0.0,0.0,0.0,663714737639.0,0.0,0.0,0.0,0.0,663714737639.0,0.0,100.0,0.0
2024,Poder Ejecutivo,Ramos Generales,Aportaciones a Seguridad Social,J008,Modificado,0.0,0.0,0.0,0.0,0.0,644174513665.7,0.0,0.0,0.0,0.0,644174513665.7,0.0,100.0,0.0
2024,Poder Ejecutivo,Ramos Generales,Aportaciones a Seguridad Social,J008,Devengado,0.0,0.0,0.0,0.0,0.0,644174513665.7,0.0,0.0,0.0,0.0,644174513665.7,0.0,100.0,0.0
2024,Poder Ejecutivo,Ramos Generales,Aportaciones a Seguridad Social,J008,Ejercido,0.0,0.0,0.0,0.0,0.0,644174513665.7,0.0,0.0,0.0,0.0,644174513665.7,0.0,100.0,0.0
2024,Poder Ejecutivo,Ramos Generales,Aportaciones a Seguridad Social,J008,Porcentaje Ejer/Aprob,0.0,0.0,0.0,0.0,0.0,97.05593037713619,0.0,0.0,0.0,0.0,97.05593037713619,,100.0,
2024,Poder Ejecutivo,Ramos Generales,Aportaciones a Seguridad Social,J008,Porcentaje Ejer/Modif,0.0,0.0,0.0,0.0,0.0,100.0,0.0,0.0,0.0,0.0,100.0,,100.0,
2024,Poder Ejecutivo,Ramos Generales,Aportaciones a Seguridad Social,J009,Pensiones Civiles Militares y de Gracia,0.0,0.0,0.0,0.0,0.0,0.0,0.0,0.0,0.0,0.0,0.0,,0.0,
2024,Poder Ejecutivo,Ramos Generales,Aportaciones a Seguridad Social,J009,Aprobado,0.0,0.0,0.0,0.0,0.0,38200000000.0,0.0,0.0,0.0,0.0,38200000000.0,0.0,100.0,0.0
2024,Poder Ejecutivo,Ramos Generales,Aportaciones a Seguridad Social,J009,Modificado,0.0,0.0,0.0,0.0,0.0,37492136316.63,0.0,0.0,0.0,0.0,37492136316.63,0.0,100.0,0.0
2024,Poder Ejecutivo,Ramos Generales,Aportaciones a Seguridad Social,J009,Devengado,0.0,0.0,0.0,0.0,0.0,37492136316.63,0.0,0.0,0.0,0.0,37492136316.63,0.0,100.0,0.0
2024,Poder Ejecutivo,Ramos Generales,Aportaciones a Seguridad Social,J009,Ejercido,0.0,0.0,0.0,0.0,0.0,37492136316.63,0.0,0.0,0.0,0.0,37492136316.63,0.0,100.0,0.0
2024,Poder Ejecutivo,Ramos Generales,Aportaciones a Seguridad Social,J009,Porcentaje Ejer/Aprob,0.0,0.0,0.0,0.0,0.0,98.14695370845548,0.0,0.0,0.0,0.0,98.14695370845548,,100.0,
2024,Poder Ejecutivo,Ramos Generales,Aportaciones a Seguridad Social,J009,Porcentaje Ejer/Modif,0.0,0.0,0.0,0.0,0.0,100.0,0.0,0.0,0.0,0.0,100.0,,100.0,
2024,Poder Ejecutivo,Ramos Generales,Aportaciones a Seguridad Social,J011,"Aportaciones Estatutarias al Seguro de Retiro, Cesantía en Edad Avanzada y Vejez",0.0,0.0,0.0,0.0,0.0,0.0,0.0,0.0,0.0,0.0,0.0,,0.0,
2024,Poder Ejecutivo,Ramos Generales,Aportaciones a Seguridad Social,J011,Aprobado,0.0,0.0,0.0,0.0,0.0,0.0,0.0,0.0,0.0,0.0,0.0,0.0,0.0,0.0
2024,Poder Ejecutivo,Ramos Generales,Aportaciones a Seguridad Social,J011,Modificado,0.0,0.0,0.0,0.0,0.0,0.0,0.0,0.0,0.0,0.0,0.0,0.0,0.0,0.0
2024,Poder Ejecutivo,Ramos Generales,Aportaciones a Seguridad Social,J011,Devengado,0.0,0.0,0.0,0.0,0.0,0.0,0.0,0.0,0.0,0.0,0.0,0.0,0.0,0.0
2024,Poder Ejecutivo,Ramos Generales,Aportaciones a Seguridad Social,J011,Ejercido,0.0,0.0,0.0,0.0,0.0,0.0,0.0,0.0,0.0,0.0,0.0,0.0,0.0,0.0
2024,Poder Ejecutivo,Ramos Generales,Aportaciones a Seguridad Social,J011,Porcentaje Ejer/Aprob,0.0,0.0,0.0,0.0,0.0,0.0,0.0,0.0,0.0,0.0,0.0,,0.0,
2024,Poder Ejecutivo,Ramos Generales,Aportaciones a Seguridad Social,J011,Porcentaje Ejer/Modif,0.0,0.0,0.0,0.0,0.0,0.0,0.0,0.0,0.0,0.0,0.0,,0.0,
2024,Poder Ejecutivo,Ramos Generales,Aportaciones a Seguridad Social,J012,"Cuota Social al Seguro de Retiro, Cesantía en Edad Avanzada y Vejez",0.0,0.0,0.0,0.0,0.0,0.0,0.0,0.0,0.0,0.0,0.0,,0.0,
2024,Poder Ejecutivo,Ramos Generales,Aportaciones a Seguridad Social,J012,Aprobado,0.0,0.0,0.0,0.0,0.0,0.0,0.0,0.0,0.0,0.0,0.0,0.0,0.0,0.0
2024,Poder Ejecutivo,Ramos Generales,Aportaciones a Seguridad Social,J012,Modificado,0.0,0.0,0.0,0.0,0.0,0.0,0.0,0.0,0.0,0.0,0.0,0.0,0.0,0.0
2024,Poder Ejecutivo,Ramos Generales,Aportaciones a Seguridad Social,J012,Devengado,0.0,0.0,0.0,0.0,0.0,0.0,0.0,0.0,0.0,0.0,0.0,0.0,0.0,0.0
2024,Poder Ejecutivo,Ramos Generales,Aportaciones a Seguridad Social,J012,Ejercido,0.0,0.0,0.0,0.0,0.0,0.0,0.0,0.0,0.0,0.0,0.0,0.0,0.0,0.0
2024,Poder Ejecutivo,Ramos Generales,Aportaciones a Seguridad Social,J012,Porcentaje Ejer/Aprob,0.0,0.0,0.0,0.0,0.0,0.0,0.0,0.0,0.0,0.0,0.0,,0.0,
2024,Poder Ejecutivo,Ramos Generales,Aportaciones a Seguridad Social,J012,Porcentaje Ejer/Modif,0.0,0.0,0.0,0.0,0.0,0.0,0.0,0.0,0.0,0.0,0.0,,0.0,
2024,Poder Ejecutivo,Ramos Generales,Aportaciones a Seguridad Social,J014,Apoyo Económico a Viudas de Veteranos de la Revolución Mexicana,0.0,0.0,0.0,0.0,0.0,0.0,0.0,0.0,0.0,0.0,0.0,,0.0,
2024,Poder Ejecutivo,Ramos Generales,Aportaciones a Seguridad Social,J014,Aprobado,0.0,0.0,0.0,291415.0,291415.0,0.0,0.0,0.0,0.0,0.0,291415.0,100.0,0.0,0.0
2024,Poder Ejecutivo,Ramos Generales,Aportaciones a Seguridad Social,J014,Modificado,0.0,0.0,0.0,193590.07,193590.07,0.0,0.0,0.0,0.0,0.0,193590.07,100.0,0.0,0.0
2024,Poder Ejecutivo,Ramos Generales,Aportaciones a Seguridad Social,J014,Devengado,0.0,0.0,0.0,193590.07,193590.07,0.0,0.0,0.0,0.0,0.0,193590.07,100.0,0.0,0.0
2024,Poder Ejecutivo,Ramos Generales,Aportaciones a Seguridad Social,J014,Ejercido,0.0,0.0,0.0,193590.07,193590.07,0.0,0.0,0.0,0.0,0.0,193590.07,100.0,0.0,0.0
2024,Poder Ejecutivo,Ramos Generales,Aportaciones a Seguridad Social,J014,Porcentaje Ejer/Aprob,0.0,0.0,0.0,66.43105879930683,66.43105879930683,0.0,0.0,0.0,0.0,0.0,66.43105879930683,,0.0,
2024,Poder Ejecutivo,Ramos Generales,Aportaciones a Seguridad Social,J014,Porcentaje Ejer/Modif,0.0,0.0,0.0,100.0,100.0,0.0,0.0,0.0,0.0,0.0,100.0,,0.0,
2024,Poder Ejecutivo,Ramos Generales,Aportaciones a Seguridad Social,J017,Fondo de Reserva para el Retiro IMSS,0.0,0.0,0.0,0.0,0.0,0.0,0.0,0.0,0.0,0.0,0.0,,0.0,
2024,Poder Ejecutivo,Ramos Generales,Aportaciones a Seguridad Social,J017,Aprobado,0.0,0.0,0.0,0.0,0.0,0.0,0.0,0.0,0.0,0.0,0.0,0.0,0.0,0.0
2024,Poder Ejecutivo,Ramos Generales,Aportaciones a Seguridad Social,J017,Modificado,0.0,0.0,0.0,0.0,0.0,0.0,0.0,0.0,0.0,0.0,0.0,0.0,0.0,0.0
2024,Poder Ejecutivo,Ramos Generales,Aportaciones a Seguridad Social,J017,Devengado,0.0,0.0,0.0,0.0,0.0,0.0,0.0,0.0,0.0,0.0,0.0,0.0,0.0,0.0
2024,Poder Ejecutivo,Ramos Generales,Aportaciones a Seguridad Social,J017,Ejercido,0.0,0.0,0.0,0.0,0.0,0.0,0.0,0.0,0.0,0.0,0.0,0.0,0.0,0.0
2024,Poder Ejecutivo,Ramos Generales,Aportaciones a Seguridad Social,J017,Porcentaje Ejer/Aprob,0.0,0.0,0.0,0.0,0.0,0.0,0.0,0.0,0.0,0.0,0.0,,0.0,
2024,Poder Ejecutivo,Ramos Generales,Aportaciones a Seguridad Social,J017,Porcentaje Ejer/Modif,0.0,0.0,0.0,0.0,0.0,0.0,0.0,0.0,0.0,0.0,0.0,,0.0,
2024,Poder Ejecutivo,Ramos Generales,Aportaciones a Seguridad Social,J021,Pensión Mínima Garantizada IMSS,0.0,0.0,0.0,0.0,0.0,0.0,0.0,0.0,0.0,0.0,0.0,,0.0,
2024,Poder Ejecutivo,Ramos Generales,Aportaciones a Seguridad Social,J021,Aprobado,0.0,0.0,0.0,0.0,0.0,8371303006.0,0.0,0.0,0.0,0.0,8371303006.0,0.0,100.0,0.0
2024,Poder Ejecutivo,Ramos Generales,Aportaciones a Seguridad Social,J021,Modificado,0.0,0.0,0.0,0.0,0.0,7111529762.01,0.0,0.0,0.0,0.0,7111529762.01,0.0,100.0,0.0
2024,Poder Ejecutivo,Ramos Generales,Aportaciones a Seguridad Social,J021,Devengado,0.0,0.0,0.0,0.0,0.0,7111529762.01,0.0,0.0,0.0,0.0,7111529762.01,0.0,100.0,0.0
2024,Poder Ejecutivo,Ramos Generales,Aportaciones a Seguridad Social,J021,Ejercido,0.0,0.0,0.0,0.0,0.0,7111529762.01,0.0,0.0,0.0,0.0,7111529762.01,0.0,100.0,0.0
2024,Poder Ejecutivo,Ramos Generales,Aportaciones a Seguridad Social,J021,Porcentaje Ejer/Aprob,0.0,0.0,0.0,0.0,0.0,84.95128843040233,0.0,0.0,0.0,0.0,84.95128843040233,,100.0,
2024,Poder Ejecutivo,Ramos Generales,Aportaciones a Seguridad Social,J021,Porcentaje Ejer/Modif,0.0,0.0,0.0,0.0,0.0,100.0,0.0,0.0,0.0,0.0,100.0,,100.0,
2024,Poder Ejecutivo,Ramos Generales,Aportaciones a Seguridad Social,J022,Cuota Social Seguro de Retiro ISSSTE,0.0,0.0,0.0,0.0,0.0,0.0,0.0,0.0,0.0,0.0,0.0,,0.0,
2024,Poder Ejecutivo,Ramos Generales,Aportaciones a Seguridad Social,J022,Aprobado,0.0,0.0,0.0,0.0,0.0,0.0,0.0,0.0,0.0,0.0,0.0,0.0,0.0,0.0
2024,Poder Ejecutivo,Ramos Generales,Aportaciones a Seguridad Social,J022,Modificado,0.0,0.0,0.0,0.0,0.0,0.0,0.0,0.0,0.0,0.0,0.0,0.0,0.0,0.0
2024,Poder Ejecutivo,Ramos Generales,Aportaciones a Seguridad Social,J022,Devengado,0.0,0.0,0.0,0.0,0.0,0.0,0.0,0.0,0.0,0.0,0.0,0.0,0.0,0.0
2024,Poder Ejecutivo,Ramos Generales,Aportaciones a Seguridad Social,J022,Ejercido,0.0,0.0,0.0,0.0,0.0,0.0,0.0,0.0,0.0,0.0,0.0,0.0,0.0,0.0
2024,Poder Ejecutivo,Ramos Generales,Aportaciones a Seguridad Social,J022,Porcentaje Ejer/Aprob,0.0,0.0,0.0,0.0,0.0,0.0,0.0,0.0,0.0,0.0,0.0,,0.0,
2024,Poder Ejecutivo,Ramos Generales,Aportaciones a Seguridad Social,J022,Porcentaje Ejer/Modif,0.0,0.0,0.0,0.0,0.0,0.0,0.0,0.0,0.0,0.0,0.0,,0.0,
2024,Poder Ejecutivo,Ramos Generales,Aportaciones a Seguridad Social,J025,Previsiones para las pensiones en curso de pago de los Extrabajadores de Luz y Fuerza del Centro,0.0,0.0,0.0,0.0,0.0,0.0,0.0,0.0,0.0,0.0,0.0,,0.0,
2024,Poder Ejecutivo,Ramos Generales,Aportaciones a Seguridad Social,J025,Aprobado,0.0,0.0,0.0,0.0,0.0,25460750976.0,0.0,0.0,0.0,0.0,25460750976.0,0.0,100.0,0.0
2024,Poder Ejecutivo,Ramos Generales,Aportaciones a Seguridad Social,J025,Modificado,0.0,0.0,0.0,0.0,0.0,24974798413.88,0.0,0.0,0.0,0.0,24974798413.88,0.0,100.0,0.0
2024,Poder Ejecutivo,Ramos Generales,Aportaciones a Seguridad Social,J025,Devengado,0.0,0.0,0.0,0.0,0.0,24974798413.88,0.0,0.0,0.0,0.0,24974798413.88,0.0,100.0,0.0
2024,Poder Ejecutivo,Ramos Generales,Aportaciones a Seguridad Social,J025,Ejercido,0.0,0.0,0.0,0.0,0.0,24974798413.88,0.0,0.0,0.0,0.0,24974798413.88,0.0,100.0,0.0
2024,Poder Ejecutivo,Ramos Generales,Aportaciones a Seguridad Social,J025,Porcentaje Ejer/Aprob,0.0,0.0,0.0,0.0,0.0,98.09136595154608,0.0,0.0,0.0,0.0,98.09136595154608,,100.0,
2024,Poder Ejecutivo,Ramos Generales,Aportaciones a Seguridad Social,J025,Porcentaje Ejer/Modif,0.0,0.0,0.0,0.0,0.0,100.0,0.0,0.0,0.0,0.0,100.0,,100.0,
2024,Poder Ejecutivo,Ramos Generales,Aportaciones a Seguridad Social,J026,Previsiones para el Pago de las Pensiones de los Jubilados de Ferrocarriles Nacionales de México,0.0,0.0,0.0,0.0,0.0,0.0,0.0,0.0,0.0,0.0,0.0,,0.0,
2024,Poder Ejecutivo,Ramos Generales,Aportaciones a Seguridad Social,J026,Aprobado,0.0,0.0,0.0,0.0,0.0,2928224387.0,0.0,0.0,0.0,0.0,2928224387.0,0.0,100.0,0.0
2024,Poder Ejecutivo,Ramos Generales,Aportaciones a Seguridad Social,J026,Modificado,0.0,0.0,0.0,0.0,0.0,2459812300.66,0.0,0.0,0.0,0.0,2459812300.66,0.0,100.0,0.0
2024,Poder Ejecutivo,Ramos Generales,Aportaciones a Seguridad Social,J026,Devengado,0.0,0.0,0.0,0.0,0.0,2459812300.66,0.0,0.0,0.0,0.0,2459812300.66,0.0,100.0,0.0
2024,Poder Ejecutivo,Ramos Generales,Aportaciones a Seguridad Social,J026,Ejercido,0.0,0.0,0.0,0.0,0.0,2459812300.66,0.0,0.0,0.0,0.0,2459812300.66,0.0,100.0,0.0
2024,Poder Ejecutivo,Ramos Generales,Aportaciones a Seguridad Social,J026,Porcentaje Ejer/Aprob,0.0,0.0,0.0,0.0,0.0,84.00354534237407,0.0,0.0,0.0,0.0,84.00354534237407,,100.0,
2024,Poder Ejecutivo,Ramos Generales,Aportaciones a Seguridad Social,J026,Porcentaje Ejer/Modif,0.0,0.0,0.0,0.0,0.0,100.0,0.0,0.0,0.0,0.0,100.0,,100.0,
2024,Poder Ejecutivo,Ramos Generales,Aportaciones a Seguridad Social,R010,Pagas de Defunción y Ayuda para Gastos de Sepelio,0.0,0.0,0.0,0.0,0.0,0.0,0.0,0.0,0.0,0.0,0.0,,0.0,
2024,Poder Ejecutivo,Ramos Generales,Aportaciones a Seguridad Social,R010,Aprobado,0.0,0.0,0.0,0.0,0.0,189000000.0,0.0,0.0,0.0,0.0,189000000.0,0.0,100.0,0.0
2024,Poder Ejecutivo,Ramos Generales,Aportaciones a Seguridad Social,R010,Modificado,0.0,0.0,0.0,0.0,0.0,145904376.87,0.0,0.0,0.0,0.0,145904376.87,0.0,100.0,0.0
2024,Poder Ejecutivo,Ramos Generales,Aportaciones a Seguridad Social,R010,Devengado,0.0,0.0,0.0,0.0,0.0,145904376.87,0.0,0.0,0.0,0.0,145904376.87,0.0,100.0,0.0
2024,Poder Ejecutivo,Ramos Generales,Aportaciones a Seguridad Social,R010,Ejercido,0.0,0.0,0.0,0.0,0.0,145904376.87,0.0,0.0,0.0,0.0,145904376.87,0.0,100.0,0.0
2024,Poder Ejecutivo,Ramos Generales,Aportaciones a Seguridad Social,R010,Porcentaje Ejer/Aprob,0.0,0.0,0.0,0.0,0.0,77.19808300000001,0.0,0.0,0.0,0.0,77.19808300000001,,100.0,
2024,Poder Ejecutivo,Ramos Generales,Aportaciones a Seguridad Social,R010,Porcentaje Ejer/Modif,0.0,0.0,0.0,0.0,0.0,100.0,0.0,0.0,0.0,0.0,100.0,,100.0,
2024,Poder Ejecutivo,Ramos Generales,Aportaciones a Seguridad Social,R013,Compensaciones de Carácter Militar con Pago único,0.0,0.0,0.0,0.0,0.0,0.0,0.0,0.0,0.0,0.0,0.0,,0.0,
2024,Poder Ejecutivo,Ramos Generales,Aportaciones a Seguridad Social,R013,Aprobado,0.0,0.0,0.0,0.0,0.0,209000000.0,0.0,0.0,0.0,0.0,209000000.0,0.0,100.0,0.0
2024,Poder Ejecutivo,Ramos Generales,Aportaciones a Seguridad Social,R013,Modificado,0.0,0.0,0.0,0.0,0.0,109064173.8,0.0,0.0,0.0,0.0,109064173.8,0.0,100.0,0.0
2024,Poder Ejecutivo,Ramos Generales,Aportaciones a Seguridad Social,R013,Devengado,0.0,0.0,0.0,0.0,0.0,109064173.8,0.0,0.0,0.0,0.0,109064173.8,0.0,100.0,0.0
2024,Poder Ejecutivo,Ramos Generales,Aportaciones a Seguridad Social,R013,Ejercido,0.0,0.0,0.0,0.0,0.0,109064173.8,0.0,0.0,0.0,0.0,109064173.8,0.0,100.0,0.0
2024,Poder Ejecutivo,Ramos Generales,Aportaciones a Seguridad Social,R013,Porcentaje Ejer/Aprob,0.0,0.0,0.0,0.0,0.0,52.183815215311,0.0,0.0,0.0,0.0,52.183815215311,,100.0,
2024,Poder Ejecutivo,Ramos Generales,Aportaciones a Seguridad Social,R013,Porcentaje Ejer/Modif,0.0,0.0,0.0,0.0,0.0,100.0,0.0,0.0,0.0,0.0,100.0,,100.0,
2024,Poder Ejecutivo,Ramos Generales,Aportaciones a Seguridad Social,R015,Apoyo a jubilados del IMSS e ISSSTE,0.0,0.0,0.0,0.0,0.0,0.0,0.0,0.0,0.0,0.0,0.0,,0.0,
2024,Poder Ejecutivo,Ramos Generales,Aportaciones a Seguridad Social,R015,Aprobado,0.0,0.0,0.0,0.0,0.0,0.0,0.0,0.0,0.0,0.0,0.0,0.0,0.0,0.0
2024,Poder Ejecutivo,Ramos Generales,Aportaciones a Seguridad Social,R015,Modificado,0.0,0.0,0.0,0.0,0.0,0.0,0.0,0.0,0.0,0.0,0.0,0.0,0.0,0.0
2024,Poder Ejecutivo,Ramos Generales,Aportaciones a Seguridad Social,R015,Devengado,0.0,0.0,0.0,0.0,0.0,0.0,0.0,0.0,0.0,0.0,0.0,0.0,0.0,0.0
2024,Poder Ejecutivo,Ramos Generales,Aportaciones a Seguridad Social,R015,Ejercido,0.0,0.0,0.0,0.0,0.0,0.0,0.0,0.0,0.0,0.0,0.0,0.0,0.0,0.0
2024,Poder Ejecutivo,Ramos Generales,Aportaciones a Seguridad Social,R015,Porcentaje Ejer/Aprob,0.0,0.0,0.0,0.0,0.0,0.0,0.0,0.0,0.0,0.0,0.0,,0.0,
2024,Poder Ejecutivo,Ramos Generales,Aportaciones a Seguridad Social,R015,Porcentaje Ejer/Modif,0.0,0.0,0.0,0.0,0.0,0.0,0.0,0.0,0.0,0.0,0.0,,0.0,
2024,Poder Ejecutivo,Ramos Generales,Aportaciones a Seguridad Social,R018,Apoyo para cubrir el gasto de operación del ISSSTE,0.0,0.0,0.0,0.0,0.0,0.0,0.0,0.0,0.0,0.0,0.0,,0.0,
2024,Poder Ejecutivo,Ramos Generales,Aportaciones a Seguridad Social,R018,Aprobado,0.0,0.0,0.0,17628450000.0,17628450000.0,0.0,0.0,0.0,0.0,0.0,17628450000.0,100.0,0.0,0.0
2024,Poder Ejecutivo,Ramos Generales,Aportaciones a Seguridad Social,R018,Modificado,0.0,0.0,0.0,19357737347.92,19357737347.92,0.0,0.0,0.0,0.0,0.0,19357737347.92,100.0,0.0,0.0
2024,Poder Ejecutivo,Ramos Generales,Aportaciones a Seguridad Social,R018,Devengado,0.0,0.0,0.0,19357737347.92,19357737347.92,0.0,0.0,0.0,0.0,0.0,19357737347.92,100.0,0.0,0.0
2024,Poder Ejecutivo,Ramos Generales,Aportaciones a Seguridad Social,R018,Ejercido,0.0,0.0,0.0,19357737347.92,19357737347.92,0.0,0.0,0.0,0.0,0.0,19357737347.92,100.0,0.0,0.0
2024,Poder Ejecutivo,Ramos Generales,Aportaciones a Seguridad Social,R018,Porcentaje Ejer/Aprob,0.0,0.0,0.0,109.80963923612114,109.80963923612114,0.0,0.0,0.0,0.0,0.0,109.80963923612114,,0.0,
2024,Poder Ejecutivo,Ramos Generales,Aportaciones a Seguridad Social,R018,Porcentaje Ejer/Modif,0.0,0.0,0.0,100.0,100.0,0.0,0.0,0.0,0.0,0.0,100.0,,0.0,
2024,Poder Ejecutivo,Ramos Generales,Aportaciones a Seguridad Social,R023,Adeudos con el IMSS e ISSSTE y fortalecimiento del Modelo de Atención Integral de Salud,0.0,0.0,0.0,0.0,0.0,0.0,0.0,0.0,0.0,0.0,0.0,,0.0,
2024,Poder Ejecutivo,Ramos Generales,Aportaciones a Seguridad Social,R023,Aprobado,0.0,0.0,0.0,42802244215.0,42802244215.0,0.0,0.0,0.0,0.0,0.0,42802244215.0,100.0,0.0,0.0
2024,Poder Ejecutivo,Ramos Generales,Aportaciones a Seguridad Social,R023,Modificado,0.0,0.0,0.0,0.0,0.0,0.0,0.0,0.0,0.0,0.0,0.0,0.0,0.0,0.0
2024,Poder Ejecutivo,Ramos Generales,Aportaciones a Seguridad Social,R023,Devengado,0.0,0.0,0.0,0.0,0.0,0.0,0.0,0.0,0.0,0.0,0.0,0.0,0.0,0.0
2024,Poder Ejecutivo,Ramos Generales,Aportaciones a Seguridad Social,R023,Ejercido,0.0,0.0,0.0,0.0,0.0,0.0,0.0,0.0,0.0,0.0,0.0,0.0,0.0,0.0
2024,Poder Ejecutivo,Ramos Generales,Aportaciones a Seguridad Social,R023,Porcentaje Ejer/Aprob,0.0,0.0,0.0,0.0,0.0,0.0,0.0,0.0,0.0,0.0,0.0,,0.0,
2024,Poder Ejecutivo,Ramos Generales,Aportaciones a Seguridad Social,R023,Porcentaje Ejer/Modif,0.0,0.0,0.0,0.0,0.0,0.0,0.0,0.0,0.0,0.0,0.0,,0.0,
2024,Poder Ejecutivo,Ramos Generales,Aportaciones a Seguridad Social,R026,Comisión por Administración de Pensiones en Curso de Pago,0.0,0.0,0.0,0.0,0.0,0.0,0.0,0.0,0.0,0.0,0.0,,0.0,
2024,Poder Ejecutivo,Ramos Generales,Aportaciones a Seguridad Social,R026,Aprobado,0.0,0.0,0.0,0.0,0.0,0.0,0.0,0.0,0.0,0.0,0.0,0.0,0.0,0.0
2024,Poder Ejecutivo,Ramos Generales,Aportaciones a Seguridad Social,R026,Modificado,0.0,0.0,0.0,935974003.41,935974003.41,0.0,0.0,0.0,0.0,0.0,935974003.41,100.0,0.0,0.0
2024,Poder Ejecutivo,Ramos Generales,Aportaciones a Seguridad Social,R026,Devengado,0.0,0.0,0.0,935974003.41,935974003.41,0.0,0.0,0.0,0.0,0.0,935974003.41,100.0,0.0,0.0
2024,Poder Ejecutivo,Ramos Generales,Aportaciones a Seguridad Social,R026,Ejercido,0.0,0.0,0.0,935974003.41,935974003.41,0.0,0.0,0.0,0.0,0.0,935974003.41,100.0,0.0,0.0
2024,Poder Ejecutivo,Ramos Generales,Aportaciones a Seguridad Social,R026,Porcentaje Ejer/Aprob,0.0,0.0,0.0,0.0,0.0,0.0,0.0,0.0,0.0,0.0,0.0,,0.0,
2024,Poder Ejecutivo,Ramos Generales,Aportaciones a Seguridad Social,R026,Porcentaje Ejer/Modif,0.0,0.0,0.0,100.0,100.0,0.0,0.0,0.0,0.0,0.0,100.0,,0.0,
2024,Poder Ejecutivo,Ramos Generales,Aportaciones a Seguridad Social,S038,Programa IMSS-BIENESTAR,0.0,0.0,0.0,0.0,0.0,0.0,0.0,0.0,0.0,0.0,0.0,,0.0,
2024,Poder Ejecutivo,Ramos Generales,Aportaciones a Seguridad Social,S038,Aprobado,0.0,0.0,21623685001.0,0.0,21623685001.0,0.0,0.0,0.0,0.0,0.0,21623685001.0,100.0,0.0,0.0
2024,Poder Ejecutivo,Ramos Generales,Aportaciones a Seguridad Social,S038,Modificado,0.0,0.0,19584685001.0,0.0,19584685001.0,0.0,0.0,0.0,0.0,0.0,19584685001.0,100.0,0.0,0.0
2024,Poder Ejecutivo,Ramos Generales,Aportaciones a Seguridad Social,S038,Devengado,0.0,0.0,19584685001.0,0.0,19584685001.0,0.0,0.0,0.0,0.0,0.0,19584685001.0,100.0,0.0,0.0
2024,Poder Ejecutivo,Ramos Generales,Aportaciones a Seguridad Social,S038,Ejercido,0.0,0.0,19584685001.0,0.0,19584685001.0,0.0,0.0,0.0,0.0,0.0,19584685001.0,100.0,0.0,0.0
2024,Poder Ejecutivo,Ramos Generales,Aportaciones a Seguridad Social,S038,Porcentaje Ejer/Aprob,0.0,0.0,90.57052486703489,0.0,90.57052486703489,0.0,0.0,0.0,0.0,0.0,90.57052486703489,,0.0,
2024,Poder Ejecutivo,Ramos Generales,Aportaciones a Seguridad Social,S038,Porcentaje Ejer/Modif,0.0,0.0,100.0,0.0,100.0,0.0,0.0,0.0,0.0,0.0,100.0,,0.0,
2024,Poder Ejecutivo,Ramos Generales,Aportaciones a Seguridad Social,T001,Seguro de Enfermedad y Maternidad,0.0,0.0,0.0,0.0,0.0,0.0,0.0,0.0,0.0,0.0,0.0,,0.0,
2024,Poder Ejecutivo,Ramos Generales,Aportaciones a Seguridad Social,T001,Aprobado,0.0,0.0,0.0,139681425312.0,139681425312.0,0.0,0.0,0.0,0.0,0.0,139681425312.0,100.0,0.0,0.0
2024,Poder Ejecutivo,Ramos Generales,Aportaciones a Seguridad Social,T001,Modificado,0.0,0.0,0.0,157425092541.04,157425092541.04,0.0,0.0,0.0,0.0,0.0,157425092541.04,100.0,0.0,0.0
2024,Poder Ejecutivo,Ramos Generales,Aportaciones a Seguridad Social,T001,Devengado,0.0,0.0,0.0,157425092541.04,157425092541.04,0.0,0.0,0.0,0.0,0.0,157425092541.04,100.0,0.0,0.0
2024,Poder Ejecutivo,Ramos Generales,Aportaciones a Seguridad Social,T001,Ejercido,0.0,0.0,0.0,157425092541.04,157425092541.04,0.0,0.0,0.0,0.0,0.0,157425092541.04,100.0,0.0,0.0
2024,Poder Ejecutivo,Ramos Generales,Aportaciones a Seguridad Social,T001,Porcentaje Ejer/Aprob,0.0,0.0,0.0,112.70295401797826,112.70295401797826,0.0,0.0,0.0,0.0,0.0,112.70295401797826,,0.0,
2024,Poder Ejecutivo,Ramos Generales,Aportaciones a Seguridad Social,T001,Porcentaje Ejer/Modif,0.0,0.0,0.0,100.0,100.0,0.0,0.0,0.0,0.0,0.0,100.0,,0.0,
2024,Poder Ejecutivo,Ramos Generales,Aportaciones a Seguridad Social,T002,Seguro de Invalidez y Vida,0.0,0.0,0.0,0.0,0.0,0.0,0.0,0.0,0.0,0.0,0.0,,0.0,
2024,Poder Ejecutivo,Ramos Generales,Aportaciones a Seguridad Social,T002,Aprobado,0.0,0.0,0.0,5770252096.0,5770252096.0,0.0,0.0,0.0,0.0,0.0,5770252096.0,100.0,0.0,0.0
2024,Poder Ejecutivo,Ramos Generales,Aportaciones a Seguridad Social,T002,Modificado,0.0,0.0,0.0,5770252096.0,5770252096.0,0.0,0.0,0.0,0.0,0.0,5770252096.0,100.0,0.0,0.0
2024,Poder Ejecutivo,Ramos Generales,Aportaciones a Seguridad Social,T002,Devengado,0.0,0.0,0.0,5770252096.0,5770252096.0,0.0,0.0,0.0,0.0,0.0,5770252096.0,100.0,0.0,0.0
2024,Poder Ejecutivo,Ramos Generales,Aportaciones a Seguridad Social,T002,Ejercido,0.0,0.0,0.0,5770252096.0,5770252096.0,0.0,0.0,0.0,0.0,0.0,5770252096.0,100.0,0.0,0.0
2024,Poder Ejecutivo,Ramos Generales,Aportaciones a Seguridad Social,T002,Porcentaje Ejer/Aprob,0.0,0.0,0.0,100.0,100.0,0.0,0.0,0.0,0.0,0.0,100.0,,0.0,
2024,Poder Ejecutivo,Ramos Generales,Aportaciones a Seguridad Social,T002,Porcentaje Ejer/Modif,0.0,0.0,0.0,100.0,100.0,0.0,0.0,0.0,0.0,0.0,100.0,,0.0,
2024,Poder Ejecutivo,Ramos Generales,Aportaciones a Seguridad Social,T003,Seguro de Salud para la Familia,0.0,0.0,0.0,0.0,0.0,0.0,0.0,0.0,0.0,0.0,0.0,,0.0,
2024,Poder Ejecutivo,Ramos Generales,Aportaciones a Seguridad Social,T003,Aprobado,0.0,0.0,0.0,839389110.0,839389110.0,0.0,0.0,0.0,0.0,0.0,839389110.0,100.0,0.0,0.0
2024,Poder Ejecutivo,Ramos Generales,Aportaciones a Seguridad Social,T003,Modificado,0.0,0.0,0.0,839389110.0,839389110.0,0.0,0.0,0.0,0.0,0.0,839389110.0,100.0,0.0,0.0
2024,Poder Ejecutivo,Ramos Generales,Aportaciones a Seguridad Social,T003,Devengado,0.0,0.0,0.0,839389110.0,839389110.0,0.0,0.0,0.0,0.0,0.0,839389110.0,100.0,0.0,0.0
2024,Poder Ejecutivo,Ramos Generales,Aportaciones a Seguridad Social,T003,Ejercido,0.0,0.0,0.0,839389110.0,839389110.0,0.0,0.0,0.0,0.0,0.0,839389110.0,100.0,0.0,0.0
2024,Poder Ejecutivo,Ramos Generales,Aportaciones a Seguridad Social,T003,Porcentaje Ejer/Aprob,0.0,0.0,0.0,100.0,100.0,0.0,0.0,0.0,0.0,0.0,100.0,,0.0,
2024,Poder Ejecutivo,Ramos Generales,Aportaciones a Seguridad Social,T003,Porcentaje Ejer/Modif,0.0,0.0,0.0,100.0,100.0,0.0,0.0,0.0,0.0,0.0,100.0,,0.0,
2024,Poder Ejecutivo,Ramos Generales,Aportaciones a Seguridad Social,T005,"Cuota correspondiente de los Haberes, Haberes de Retiro y Pensiones",0.0,0.0,0.0,0.0,0.0,0.0,0.0,0.0,0.0,0.0,0.0,,0.0,
2024,Poder Ejecutivo,Ramos Generales,Aportaciones a Seguridad Social,T005,Aprobado,0.0,0.0,0.0,0.0,0.0,0.0,0.0,0.0,0.0,0.0,0.0,0.0,0.0,0.0
2024,Poder Ejecutivo,Ramos Generales,Aportaciones a Seguridad Social,T005,Modificado,0.0,0.0,0.0,0.0,0.0,0.0,0.0,0.0,0.0,0.0,0.0,0.0,0.0,0.0
2024,Poder Ejecutivo,Ramos Generales,Aportaciones a Seguridad Social,T005,Devengado,0.0,0.0,0.0,0.0,0.0,0.0,0.0,0.0,0.0,0.0,0.0,0.0,0.0,0.0
2024,Poder Ejecutivo,Ramos Generales,Aportaciones a Seguridad Social,T005,Ejercido,0.0,0.0,0.0,0.0,0.0,0.0,0.0,0.0,0.0,0.0,0.0,0.0,0.0,0.0
2024,Poder Ejecutivo,Ramos Generales,Aportaciones a Seguridad Social,T005,Porcentaje Ejer/Aprob,0.0,0.0,0.0,0.0,0.0,0.0,0.0,0.0,0.0,0.0,0.0,,0.0,
2024,Poder Ejecutivo,Ramos Generales,Aportaciones a Seguridad Social,T005,Porcentaje Ejer/Modif,0.0,0.0,0.0,0.0,0.0,0.0,0.0,0.0,0.0,0.0,0.0,,0.0,
2024,Poder Ejecutivo,Ramos Generales,Aportaciones a Seguridad Social,T006,Cuota Social Seguro de Salud ISSSTE,0.0,0.0,0.0,0.0,0.0,0.0,0.0,0.0,0.0,0.0,0.0,,0.0,
2024,Poder Ejecutivo,Ramos Generales,Aportaciones a Seguridad Social,T006,Aprobado,0.0,0.0,0.0,26650800737.0,26650800737.0,0.0,0.0,0.0,0.0,0.0,26650800737.0,100.0,0.0,0.0
2024,Poder Ejecutivo,Ramos Generales,Aportaciones a Seguridad Social,T006,Modificado,0.0,0.0,0.0,27384945856.0,27384945856.0,0.0,0.0,0.0,0.0,0.0,27384945856.0,100.0,0.0,0.0
2024,Poder Ejecutivo,Ramos Generales,Aportaciones a Seguridad Social,T006,Devengado,0.0,0.0,0.0,27384945856.0,27384945856.0,0.0,0.0,0.0,0.0,0.0,27384945856.0,100.0,0.0,0.0
2024,Poder Ejecutivo,Ramos Generales,Aportaciones a Seguridad Social,T006,Ejercido,0.0,0.0,0.0,27384945856.0,27384945856.0,0.0,0.0,0.0,0.0,0.0,27384945856.0,100.0,0.0,0.0
2024,Poder Ejecutivo,Ramos Generales,Aportaciones a Seguridad Social,T006,Porcentaje Ejer/Aprob,0.0,0.0,0.0,102.75468315659562,102.75468315659562,0.0,0.0,0.0,0.0,0.0,102.75468315659562,,0.0,
2024,Poder Ejecutivo,Ramos Generales,Aportaciones a Seguridad Social,T006,Porcentaje Ejer/Modif,0.0,0.0,0.0,100.0,100.0,0.0,0.0,0.0,0.0,0.0,100.0,,0.0,
2024,Poder Ejecutivo,Ramos Generales,Aportaciones a Seguridad Social,U001,Seguridad Social Cañeros,0.0,0.0,0.0,0.0,0.0,0.0,0.0,0.0,0.0,0.0,0.0,,0.0,
2024,Poder Ejecutivo,Ramos Generales,Aportaciones a Seguridad Social,U001,Aprobado,0.0,0.0,321975169.0,0.0,321975169.0,0.0,0.0,0.0,0.0,0.0,321975169.0,100.0,0.0,0.0
2024,Poder Ejecutivo,Ramos Generales,Aportaciones a Seguridad Social,U001,Modificado,0.0,0.0,321974148.66,0.0,321974148.66,0.0,0.0,0.0,0.0,0.0,321974148.66,100.0,0.0,0.0
2024,Poder Ejecutivo,Ramos Generales,Aportaciones a Seguridad Social,U001,Devengado,0.0,0.0,321974148.66,0.0,321974148.66,0.0,0.0,0.0,0.0,0.0,321974148.66,100.0,0.0,0.0
2024,Poder Ejecutivo,Ramos Generales,Aportaciones a Seguridad Social,U001,Ejercido,0.0,0.0,321974148.66,0.0,321974148.66,0.0,0.0,0.0,0.0,0.0,321974148.66,100.0,0.0,0.0
2024,Poder Ejecutivo,Ramos Generales,Aportaciones a Seguridad Social,U001,Porcentaje Ejer/Aprob,0.0,0.0,99.99968309978588,0.0,99.99968309978588,0.0,0.0,0.0,0.0,0.0,99.99968309978588,,0.0,
2024,Poder Ejecutivo,Ramos Generales,Aportaciones a Seguridad Social,U001,Porcentaje Ejer/Modif,0.0,0.0,100.0,0.0,100.0,0.0,0.0,0.0,0.0,0.0,100.0,,0.0,
2024,Poder Ejecutivo,Ramos Generales,Aportaciones a Seguridad Social,U002,Régimen de Incorporación,0.0,0.0,0.0,0.0,0.0,0.0,0.0,0.0,0.0,0.0,0.0,,0.0,
2024,Poder Ejecutivo,Ramos Generales,Aportaciones a Seguridad Social,U002,Aprobado,0.0,0.0,782783496.0,0.0,782783496.0,0.0,0.0,0.0,0.0,0.0,782783496.0,100.0,0.0,0.0
2024,Poder Ejecutivo,Ramos Generales,Aportaciones a Seguridad Social,U002,Modificado,0.0,0.0,520586283.29,0.0,520586283.29,0.0,0.0,0.0,0.0,0.0,520586283.29,100.0,0.0,0.0
2024,Poder Ejecutivo,Ramos Generales,Aportaciones a Seguridad Social,U002,Devengado,0.0,0.0,520586283.29,0.0,520586283.29,0.0,0.0,0.0,0.0,0.0,520586283.29,100.0,0.0,0.0
2024,Poder Ejecutivo,Ramos Generales,Aportaciones a Seguridad Social,U002,Ejercido,0.0,0.0,520586283.29,0.0,520586283.29,0.0,0.0,0.0,0.0,0.0,520586283.29,100.0,0.0,0.0
2024,Poder Ejecutivo,Ramos Generales,Aportaciones a Seguridad Social,U002,Porcentaje Ejer/Aprob,0.0,0.0,66.50450424033978,0.0,66.50450424033978,0.0,0.0,0.0,0.0,0.0,66.50450424033978,,0.0,
2024,Poder Ejecutivo,Ramos Generales,Aportaciones a Seguridad Social,U002,Porcentaje Ejer/Modif,0.0,0.0,100.0,0.0,100.0,0.0,0.0,0.0,0.0,0.0,100.0,,0.0,
2024,Poder Ejecutivo,Ramos Generales,Aportaciones a Seguridad Social,U003,Subsidio por cáncer IMSS y ayudas guardería ABC,0.0,0.0,0.0,0.0,0.0,0.0,0.0,0.0,0.0,0.0,0.0,,0.0,
2024,Poder Ejecutivo,Ramos Generales,Aportaciones a Seguridad Social,U003,Aprobado,0.0,0.0,32879167.0,175946780.0,208825947.0,0.0,0.0,0.0,0.0,0.0,208825947.0,100.0,0.0,0.0
2024,Poder Ejecutivo,Ramos Generales,Aportaciones a Seguridad Social,U003,Modificado,0.0,0.0,19362341.8,175946780.0,195309121.8,0.0,0.0,0.0,0.0,0.0,195309121.8,100.0,0.0,0.0
2024,Poder Ejecutivo,Ramos Generales,Aportaciones a Seguridad Social,U003,Devengado,0.0,0.0,19362341.8,175946780.0,195309121.8,0.0,0.0,0.0,0.0,0.0,195309121.8,100.0,0.0,0.0
2024,Poder Ejecutivo,Ramos Generales,Aportaciones a Seguridad Social,U003,Ejercido,0.0,0.0,19362341.8,175946780.0,195309121.8,0.0,0.0,0.0,0.0,0.0,195309121.8,100.0,0.0,0.0
2024,Poder Ejecutivo,Ramos Generales,Aportaciones a Seguridad Social,U003,Porcentaje Ejer/Aprob,0.0,0.0,58.8893927878404,100.0,93.52722906603172,0.0,0.0,0.0,0.0,0.0,93.52722906603172,,0.0,
2024,Poder Ejecutivo,Ramos Generales,Aportaciones a Seguridad Social,U003,Porcentaje Ejer/Modif,0.0,0.0,100.0,100.0,100.0,0.0,0.0,0.0,0.0,0.0,100.0,,0.0,
2024,Poder Ejecutivo,Ramos Generales,Aportaciones a Seguridad Social,U004,Subsidio por cáncer ISSSTE,0.0,0.0,0.0,0.0,0.0,0.0,0.0,0.0,0.0,0.0,0.0,,0.0,
2024,Poder Ejecutivo,Ramos Generales,Aportaciones a Seguridad Social,U004,Aprobado,0.0,0.0,168000000.0,0.0,168000000.0,0.0,0.0,0.0,0.0,0.0,168000000.0,100.0,0.0,0.0
2024,Poder Ejecutivo,Ramos Generales,Aportaciones a Seguridad Social,U004,Modificado,0.0,0.0,323340.11,0.0,323340.11,0.0,0.0,0.0,0.0,0.0,323340.11,100.0,0.0,0.0
2024,Poder Ejecutivo,Ramos Generales,Aportaciones a Seguridad Social,U004,Devengado,0.0,0.0,323340.11,0.0,323340.11,0.0,0.0,0.0,0.0,0.0,323340.11,100.0,0.0,0.0
2024,Poder Ejecutivo,Ramos Generales,Aportaciones a Seguridad Social,U004,Ejercido,0.0,0.0,323340.11,0.0,323340.11,0.0,0.0,0.0,0.0,0.0,323340.11,100.0,0.0,0.0
2024,Poder Ejecutivo,Ramos Generales,Aportaciones a Seguridad Social,U004,Porcentaje Ejer/Aprob,0.0,0.0,0.19246435119047617,0.0,0.19246435119047617,0.0,0.0,0.0,0.0,0.0,0.19246435119047617,,0.0,
2024,Poder Ejecutivo,Ramos Generales,Aportaciones a Seguridad Social,U004,Porcentaje Ejer/Modif,0.0,0.0,100.0,0.0,100.0,0.0,0.0,0.0,0.0,0.0,100.0,,0.0,
2024,Poder Ejecutivo,Ramos Generales,Provisiones Salariales y Económicas,TOTAL,Aprobado,59323552960.0,160000000.0,81638823233.0,14973729.0,141137349922.0,0.0,27907462165.0,7811000000.0,0.0,35718462165.0,176855812087.0,79.80362548253198,0.0,20.196374517468023
2024,Poder Ejecutivo,Ramos Generales,Provisiones Salariales y Económicas,TOTAL,Modificado,3844803058.74,0.0,86397673564.51,4533958158.57,94776434781.82,0.0,52888790120.0,8080041234.69,0.0,60968831354.69,155745266136.51,60.85349309991156,0.0,39.14650690008845
2024,Poder Ejecutivo,Ramos Generales,Provisiones Salariales y Económicas,TOTAL,Devengado,3844803058.74,0.0,86397673564.51,4533958158.57,94776434781.82,0.0,52888790120.0,8080041234.69,0.0,60968831354.69,155745266136.51,60.85349309991156,0.0,39.14650690008845
2024,Poder Ejecutivo,Ramos Generales,Provisiones Salariales y Económicas,TOTAL,Ejercido,3844803058.74,0.0,86397673564.51,4533958158.57,94776434781.82,0.0,52888790120.0,8080041234.69,0.0,60968831354.69,155745266136.51,60.85349309991156,0.0,39.14650690008845
2024,Poder Ejecutivo,Ramos Generales,Provisiones Salariales y Económicas,TOTAL,Porcentaje Ejer/Aprob,6.481073480768135,0.0,105.8291510620236,0.0,67.1519160833036,0.0,189.51486812846136,103.44438912674434,0.0,170.69276687514412,88.06341408779646,,0.0,
2024,Poder Ejecutivo,Ramos Generales,Provisiones Salariales y Económicas,TOTAL,Porcentaje Ejer/Modif,100.0,0.0,100.0,100.0,100.0,0.0,100.0,100.0,0.0,100.0,100.0,,0.0,
2024,Poder Ejecutivo,Ramos Generales,Provisiones Salariales y Económicas,N001,Fondo de Desastres Naturales (FONDEN),0.0,0.0,0.0,0.0,0.0,0.0,0.0,0.0,0.0,0.0,0.0,,0.0,
2024,Poder Ejecutivo,Ramos Generales,Provisiones Salariales y Económicas,N001,Aprobado,0.0,0.0,0.0,0.0,0.0,0.0,17984761420.0,0.0,0.0,17984761420.0,17984761420.0,0.0,0.0,100.0
2024,Poder Ejecutivo,Ramos Generales,Provisiones Salariales y Económicas,N001,Modificado,0.0,0.0,0.0,0.0,0.0,0.0,0.0,0.0,0.0,0.0,0.0,0.0,0.0,0.0
2024,Poder Ejecutivo,Ramos Generales,Provisiones Salariales y Económicas,N001,Devengado,0.0,0.0,0.0,0.0,0.0,0.0,0.0,0.0,0.0,0.0,0.0,0.0,0.0,0.0
2024,Poder Ejecutivo,Ramos Generales,Provisiones Salariales y Económicas,N001,Ejercido,0.0,0.0,0.0,0.0,0.0,0.0,0.0,0.0,0.0,0.0,0.0,0.0,0.0,0.0
2024,Poder Ejecutivo,Ramos Generales,Provisiones Salariales y Económicas,N001,Porcentaje Ejer/Aprob,0.0,0.0,0.0,0.0,0.0,0.0,0.0,0.0,0.0,0.0,0.0,,0.0,
2024,Poder Ejecutivo,Ramos Generales,Provisiones Salariales y Económicas,N001,Porcentaje Ejer/Modif,0.0,0.0,0.0,0.0,0.0,0.0,0.0,0.0,0.0,0.0,0.0,,0.0,
2024,Poder Ejecutivo,Ramos Generales,Provisiones Salariales y Económicas,N002,Fondo de Prevención de Desastres Naturales (FOPREDEN),0.0,0.0,0.0,0.0,0.0,0.0,0.0,0.0,0.0,0.0,0.0,,0.0,
2024,Poder Ejecutivo,Ramos Generales,Provisiones Salariales y Económicas,N002,Aprobado,0.0,0.0,0.0,0.0,0.0,0.0,228320465.0,0.0,0.0,228320465.0,228320465.0,0.0,0.0,100.0
2024,Poder Ejecutivo,Ramos Generales,Provisiones Salariales y Económicas,N002,Modificado,0.0,0.0,0.0,0.0,0.0,0.0,0.0,0.0,0.0,0.0,0.0,0.0,0.0,0.0
2024,Poder Ejecutivo,Ramos Generales,Provisiones Salariales y Económicas,N002,Devengado,0.0,0.0,0.0,0.0,0.0,0.0,0.0,0.0,0.0,0.0,0.0,0.0,0.0,0.0
2024,Poder Ejecutivo,Ramos Generales,Provisiones Salariales y Económicas,N002,Ejercido,0.0,0.0,0.0,0.0,0.0,0.0,0.0,0.0,0.0,0.0,0.0,0.0,0.0,0.0
2024,Poder Ejecutivo,Ramos Generales,Provisiones Salariales y Económicas,N002,Porcentaje Ejer/Aprob,0.0,0.0,0.0,0.0,0.0,0.0,0.0,0.0,0.0,0.0,0.0,,0.0,
2024,Poder Ejecutivo,Ramos Generales,Provisiones Salariales y Económicas,N002,Porcentaje Ejer/Modif,0.0,0.0,0.0,0.0,0.0,0.0,0.0,0.0,0.0,0.0,0.0,,0.0,
2024,Poder Ejecutivo,Ramos Generales,Provisiones Salariales y Económicas,R001,Situaciones laborales supervenientes,0.0,0.0,0.0,0.0,0.0,0.0,0.0,0.0,0.0,0.0,0.0,,0.0,
2024,Poder Ejecutivo,Ramos Generales,Provisiones Salariales y Económicas,R001,Aprobado,20926999421.0,0.0,0.0,0.0,20926999421.0,0.0,0.0,0.0,0.0,0.0,20926999421.0,100.0,0.0,0.0
2024,Poder Ejecutivo,Ramos Generales,Provisiones Salariales y Económicas,R001,Modificado,0.0,0.0,0.0,0.0,0.0,0.0,0.0,0.0,0.0,0.0,0.0,0.0,0.0,0.0
2024,Poder Ejecutivo,Ramos Generales,Provisiones Salariales y Económicas,R001,Devengado,0.0,0.0,0.0,0.0,0.0,0.0,0.0,0.0,0.0,0.0,0.0,0.0,0.0,0.0
2024,Poder Ejecutivo,Ramos Generales,Provisiones Salariales y Económicas,R001,Ejercido,0.0,0.0,0.0,0.0,0.0,0.0,0.0,0.0,0.0,0.0,0.0,0.0,0.0,0.0
2024,Poder Ejecutivo,Ramos Generales,Provisiones Salariales y Económicas,R001,Porcentaje Ejer/Aprob,0.0,0.0,0.0,0.0,0.0,0.0,0.0,0.0,0.0,0.0,0.0,,0.0,
2024,Poder Ejecutivo,Ramos Generales,Provisiones Salariales y Económicas,R001,Porcentaje Ejer/Modif,0.0,0.0,0.0,0.0,0.0,0.0,0.0,0.0,0.0,0.0,0.0,,0.0,
2024,Poder Ejecutivo,Ramos Generales,Provisiones Salariales y Económicas,R004,Fondo de Ahorro Capitalizable (FONAC),0.0,0.0,0.0,0.0,0.0,0.0,0.0,0.0,0.0,0.0,0.0,,0.0,
2024,Poder Ejecutivo,Ramos Generales,Provisiones Salariales y Económicas,R004,Aprobado,0.0,0.0,0.0,0.0,0.0,0.0,0.0,0.0,0.0,0.0,0.0,0.0,0.0,0.0
2024,Poder Ejecutivo,Ramos Generales,Provisiones Salariales y Económicas,R004,Modificado,0.0,0.0,0.0,4522363807.93,4522363807.93,0.0,0.0,0.0,0.0,0.0,4522363807.93,100.0,0.0,0.0
2024,Poder Ejecutivo,Ramos Generales,Provisiones Salariales y Económicas,R004,Devengado,0.0,0.0,0.0,4522363807.93,4522363807.93,0.0,0.0,0.0,0.0,0.0,4522363807.93,100.0,0.0,0.0
2024,Poder Ejecutivo,Ramos Generales,Provisiones Salariales y Económicas,R004,Ejercido,0.0,0.0,0.0,4522363807.93,4522363807.93,0.0,0.0,0.0,0.0,0.0,4522363807.93,100.0,0.0,0.0
2024,Poder Ejecutivo,Ramos Generales,Provisiones Salariales y Económicas,R004,Porcentaje Ejer/Aprob,0.0,0.0,0.0,0.0,0.0,0.0,0.0,0.0,0.0,0.0,0.0,,0.0,
2024,Poder Ejecutivo,Ramos Generales,Provisiones Salariales y Económicas,R004,Porcentaje Ejer/Modif,0.0,0.0,0.0,100.0,100.0,0.0,0.0,0.0,0.0,0.0,100.0,,0.0,
2024,Poder Ejecutivo,Ramos Generales,Provisiones Salariales y Económicas,R007,Comisiones y pago a CECOBAN,0.0,0.0,0.0,0.0,0.0,0.0,0.0,0.0,0.0,0.0,0.0,,0.0,
2024,Poder Ejecutivo,Ramos Generales,Provisiones Salariales y Económicas,R007,Aprobado,0.0,160000000.0,0.0,0.0,160000000.0,0.0,0.0,0.0,0.0,0.0,160000000.0,100.0,0.0,0.0
2024,Poder Ejecutivo,Ramos Generales,Provisiones Salariales y Económicas,R007,Modificado,0.0,0.0,0.0,0.0,0.0,0.0,0.0,0.0,0.0,0.0,0.0,0.0,0.0,0.0
2024,Poder Ejecutivo,Ramos Generales,Provisiones Salariales y Económicas,R007,Devengado,0.0,0.0,0.0,0.0,0.0,0.0,0.0,0.0,0.0,0.0,0.0,0.0,0.0,0.0
2024,Poder Ejecutivo,Ramos Generales,Provisiones Salariales y Económicas,R007,Ejercido,0.0,0.0,0.0,0.0,0.0,0.0,0.0,0.0,0.0,0.0,0.0,0.0,0.0,0.0
2024,Poder Ejecutivo,Ramos Generales,Provisiones Salariales y Económicas,R007,Porcentaje Ejer/Aprob,0.0,0.0,0.0,0.0,0.0,0.0,0.0,0.0,0.0,0.0,0.0,,0.0,
2024,Poder Ejecutivo,Ramos Generales,Provisiones Salariales y Económicas,R007,Porcentaje Ejer/Modif,0.0,0.0,0.0,0.0,0.0,0.0,0.0,0.0,0.0,0.0,0.0,,0.0,
2024,Poder Ejecutivo,Ramos Generales,Provisiones Salariales y Económicas,R010,Investigación en materia de hidrocarburos y sustentabilidad energética,0.0,0.0,0.0,0.0,0.0,0.0,0.0,0.0,0.0,0.0,0.0,,0.0,
2024,Poder Ejecutivo,Ramos Generales,Provisiones Salariales y Económicas,R010,Aprobado,0.0,0.0,0.0,0.0,0.0,0.0,1805511800.0,0.0,0.0,1805511800.0,1805511800.0,0.0,0.0,100.0
2024,Poder Ejecutivo,Ramos Generales,Provisiones Salariales y Económicas,R010,Modificado,0.0,0.0,0.0,0.0,0.0,0.0,0.0,0.0,0.0,0.0,0.0,0.0,0.0,0.0
2024,Poder Ejecutivo,Ramos Generales,Provisiones Salariales y Económicas,R010,Devengado,0.0,0.0,0.0,0.0,0.0,0.0,0.0,0.0,0.0,0.0,0.0,0.0,0.0,0.0
2024,Poder Ejecutivo,Ramos Generales,Provisiones Salariales y Económicas,R010,Ejercido,0.0,0.0,0.0,0.0,0.0,0.0,0.0,0.0,0.0,0.0,0.0,0.0,0.0,0.0
2024,Poder Ejecutivo,Ramos Generales,Provisiones Salariales y Económicas,R010,Porcentaje Ejer/Aprob,0.0,0.0,0.0,0.0,0.0,0.0,0.0,0.0,0.0,0.0,0.0,,0.0,
2024,Poder Ejecutivo,Ramos Generales,Provisiones Salariales y Económicas,R010,Porcentaje Ejer/Modif,0.0,0.0,0.0,0.0,0.0,0.0,0.0,0.0,0.0,0.0,0.0,,0.0,
2024,Poder Ejecutivo,Ramos Generales,Provisiones Salariales y Económicas,R011,Fiscalización,0.0,0.0,0.0,0.0,0.0,0.0,0.0,0.0,0.0,0.0,0.0,,0.0,
2024,Poder Ejecutivo,Ramos Generales,Provisiones Salariales y Económicas,R011,Aprobado,0.0,0.0,0.0,14973729.0,14973729.0,0.0,0.0,0.0,0.0,0.0,14973729.0,100.0,0.0,0.0
2024,Poder Ejecutivo,Ramos Generales,Provisiones Salariales y Económicas,R011,Modificado,0.0,0.0,0.0,0.0,0.0,0.0,0.0,0.0,0.0,0.0,0.0,0.0,0.0,0.0
2024,Poder Ejecutivo,Ramos Generales,Provisiones Salariales y Económicas,R011,Devengado,0.0,0.0,0.0,0.0,0.0,0.0,0.0,0.0,0.0,0.0,0.0,0.0,0.0,0.0
2024,Poder Ejecutivo,Ramos Generales,Provisiones Salariales y Económicas,R011,Ejercido,0.0,0.0,0.0,0.0,0.0,0.0,0.0,0.0,0.0,0.0,0.0,0.0,0.0,0.0
2024,Poder Ejecutivo,Ramos Generales,Provisiones Salariales y Económicas,R011,Porcentaje Ejer/Aprob,0.0,0.0,0.0,0.0,0.0,0.0,0.0,0.0,0.0,0.0,0.0,,0.0,
2024,Poder Ejecutivo,Ramos Generales,Provisiones Salariales y Económicas,R011,Porcentaje Ejer/Modif,0.0,0.0,0.0,0.0,0.0,0.0,0.0,0.0,0.0,0.0,0.0,,0.0,
2024,Poder Ejecutivo,Ramos Generales,Provisiones Salariales y Económicas,R013,Medidas de Racionalidad y Austeridad Servicios Personales (Seguridad Social),0.0,0.0,0.0,0.0,0.0,0.0,0.0,0.0,0.0,0.0,0.0,,0.0,
2024,Poder Ejecutivo,Ramos Generales,Provisiones Salariales y Económicas,R013,Aprobado,0.0,0.0,0.0,0.0,0.0,0.0,0.0,0.0,0.0,0.0,0.0,0.0,0.0,0.0
2024,Poder Ejecutivo,Ramos Generales,Provisiones Salariales y Económicas,R013,Modificado,0.0,0.0,0.0,0.0,0.0,0.0,0.0,0.0,0.0,0.0,0.0,0.0,0.0,0.0
2024,Poder Ejecutivo,Ramos Generales,Provisiones Salariales y Económicas,R013,Devengado,0.0,0.0,0.0,0.0,0.0,0.0,0.0,0.0,0.0,0.0,0.0,0.0,0.0,0.0
2024,Poder Ejecutivo,Ramos Generales,Provisiones Salariales y Económicas,R013,Ejercido,0.0,0.0,0.0,0.0,0.0,0.0,0.0,0.0,0.0,0.0,0.0,0.0,0.0,0.0
2024,Poder Ejecutivo,Ramos Generales,Provisiones Salariales y Económicas,R013,Porcentaje Ejer/Aprob,0.0,0.0,0.0,0.0,0.0,0.0,0.0,0.0,0.0,0.0,0.0,,0.0,
2024,Poder Ejecutivo,Ramos Generales,Provisiones Salariales y Económicas,R013,Porcentaje Ejer/Modif,0.0,0.0,0.0,0.0,0.0,0.0,0.0,0.0,0.0,0.0,0.0,,0.0,
2024,Poder Ejecutivo,Ramos Generales,Provisiones Salariales y Económicas,R019,Concentración de Recursos por Conversión de Plazas,0.0,0.0,0.0,0.0,0.0,0.0,0.0,0.0,0.0,0.0,0.0,,0.0,
2024,Poder Ejecutivo,Ramos Generales,Provisiones Salariales y Económicas,R019,Aprobado,0.0,0.0,0.0,0.0,0.0,0.0,0.0,0.0,0.0,0.0,0.0,0.0,0.0,0.0
2024,Poder Ejecutivo,Ramos Generales,Provisiones Salariales y Económicas,R019,Modificado,0.0,0.0,0.0,0.0,0.0,0.0,0.0,0.0,0.0,0.0,0.0,0.0,0.0,0.0
2024,Poder Ejecutivo,Ramos Generales,Provisiones Salariales y Económicas,R019,Devengado,0.0,0.0,0.0,0.0,0.0,0.0,0.0,0.0,0.0,0.0,0.0,0.0,0.0,0.0
2024,Poder Ejecutivo,Ramos Generales,Provisiones Salariales y Económicas,R019,Ejercido,0.0,0.0,0.0,0.0,0.0,0.0,0.0,0.0,0.0,0.0,0.0,0.0,0.0,0.0
2024,Poder Ejecutivo,Ramos Generales,Provisiones Salariales y Económicas,R019,Porcentaje Ejer/Aprob,0.0,0.0,0.0,0.0,0.0,0.0,0.0,0.0,0.0,0.0,0.0,,0.0,
2024,Poder Ejecutivo,Ramos Generales,Provisiones Salariales y Económicas,R019,Porcentaje Ejer/Modif,0.0,0.0,0.0,0.0,0.0,0.0,0.0,0.0,0.0,0.0,0.0,,0.0,
2024,Poder Ejecutivo,Ramos Generales,Provisiones Salariales y Económicas,R031,Regularización contable y compensada (Ingresos Excedentes),0.0,0.0,0.0,0.0,0.0,0.0,0.0,0.0,0.0,0.0,0.0,,0.0,
2024,Poder Ejecutivo,Ramos Generales,Provisiones Salariales y Económicas,R031,Aprobado,0.0,0.0,0.0,0.0,0.0,0.0,0.0,0.0,0.0,0.0,0.0,0.0,0.0,0.0
2024,Poder Ejecutivo,Ramos Generales,Provisiones Salariales y Económicas,R031,Modificado,0.0,0.0,0.0,0.0,0.0,0.0,0.0,0.0,0.0,0.0,0.0,0.0,0.0,0.0
2024,Poder Ejecutivo,Ramos Generales,Provisiones Salariales y Económicas,R031,Devengado,0.0,0.0,0.0,0.0,0.0,0.0,0.0,0.0,0.0,0.0,0.0,0.0,0.0,0.0
2024,Poder Ejecutivo,Ramos Generales,Provisiones Salariales y Económicas,R031,Ejercido,0.0,0.0,0.0,0.0,0.0,0.0,0.0,0.0,0.0,0.0,0.0,0.0,0.0,0.0
2024,Poder Ejecutivo,Ramos Generales,Provisiones Salariales y Económicas,R031,Porcentaje Ejer/Aprob,0.0,0.0,0.0,0.0,0.0,0.0,0.0,0.0,0.0,0.0,0.0,,0.0,
2024,Poder Ejecutivo,Ramos Generales,Provisiones Salariales y Económicas,R031,Porcentaje Ejer/Modif,0.0,0.0,0.0,0.0,0.0,0.0,0.0,0.0,0.0,0.0,0.0,,0.0,
2024,Poder Ejecutivo,Ramos Generales,Provisiones Salariales y Económicas,R032,Reasignaciones presupuestarias entre dependencias y entidades,0.0,0.0,0.0,0.0,0.0,0.0,0.0,0.0,0.0,0.0,0.0,,0.0,
2024,Poder Ejecutivo,Ramos Generales,Provisiones Salariales y Económicas,R032,Aprobado,0.0,0.0,0.0,0.0,0.0,0.0,0.0,0.0,0.0,0.0,0.0,0.0,0.0,0.0
2024,Poder Ejecutivo,Ramos Generales,Provisiones Salariales y Económicas,R032,Modificado,0.0,0.0,0.0,0.0,0.0,0.0,0.0,0.0,0.0,0.0,0.0,0.0,0.0,0.0
2024,Poder Ejecutivo,Ramos Generales,Provisiones Salariales y Económicas,R032,Devengado,0.0,0.0,0.0,0.0,0.0,0.0,0.0,0.0,0.0,0.0,0.0,0.0,0.0,0.0
2024,Poder Ejecutivo,Ramos Generales,Provisiones Salariales y Económicas,R032,Ejercido,0.0,0.0,0.0,0.0,0.0,0.0,0.0,0.0,0.0,0.0,0.0,0.0,0.0,0.0
2024,Poder Ejecutivo,Ramos Generales,Provisiones Salariales y Económicas,R032,Porcentaje Ejer/Aprob,0.0,0.0,0.0,0.0,0.0,0.0,0.0,0.0,0.0,0.0,0.0,,0.0,
2024,Poder Ejecutivo,Ramos Generales,Provisiones Salariales y Económicas,R032,Porcentaje Ejer/Modif,0.0,0.0,0.0,0.0,0.0,0.0,0.0,0.0,0.0,0.0,0.0,,0.0,
2024,Poder Ejecutivo,Ramos Generales,Provisiones Salariales y Económicas,R034,Restitución de Remanentes de Paquete Salarial,0.0,0.0,0.0,0.0,0.0,0.0,0.0,0.0,0.0,0.0,0.0,,0.0,
2024,Poder Ejecutivo,Ramos Generales,Provisiones Salariales y Económicas,R034,Aprobado,0.0,0.0,0.0,0.0,0.0,0.0,0.0,0.0,0.0,0.0,0.0,0.0,0.0,0.0
2024,Poder Ejecutivo,Ramos Generales,Provisiones Salariales y Económicas,R034,Modificado,0.0,0.0,0.0,0.0,0.0,0.0,0.0,0.0,0.0,0.0,0.0,0.0,0.0,0.0
2024,Poder Ejecutivo,Ramos Generales,Provisiones Salariales y Económicas,R034,Devengado,0.0,0.0,0.0,0.0,0.0,0.0,0.0,0.0,0.0,0.0,0.0,0.0,0.0,0.0
2024,Poder Ejecutivo,Ramos Generales,Provisiones Salariales y Económicas,R034,Ejercido,0.0,0.0,0.0,0.0,0.0,0.0,0.0,0.0,0.0,0.0,0.0,0.0,0.0,0.0
2024,Poder Ejecutivo,Ramos Generales,Provisiones Salariales y Económicas,R034,Porcentaje Ejer/Aprob,0.0,0.0,0.0,0.0,0.0,0.0,0.0,0.0,0.0,0.0,0.0,,0.0,
2024,Poder Ejecutivo,Ramos Generales,Provisiones Salariales y Económicas,R034,Porcentaje Ejer/Modif,0.0,0.0,0.0,0.0,0.0,0.0,0.0,0.0,0.0,0.0,0.0,,0.0,
2024,Poder Ejecutivo,Ramos Generales,Provisiones Salariales y Económicas,R066,Programa de Separación Laboral,0.0,0.0,0.0,0.0,0.0,0.0,0.0,0.0,0.0,0.0,0.0,,0.0,
2024,Poder Ejecutivo,Ramos Generales,Provisiones Salariales y Económicas,R066,Aprobado,1161330328.0,0.0,0.0,0.0,1161330328.0,0.0,0.0,0.0,0.0,0.0,1161330328.0,100.0,0.0,0.0
2024,Poder Ejecutivo,Ramos Generales,Provisiones Salariales y Económicas,R066,Modificado,0.0,0.0,0.0,0.0,0.0,0.0,0.0,0.0,0.0,0.0,0.0,0.0,0.0,0.0
2024,Poder Ejecutivo,Ramos Generales,Provisiones Salariales y Económicas,R066,Devengado,0.0,0.0,0.0,0.0,0.0,0.0,0.0,0.0,0.0,0.0,0.0,0.0,0.0,0.0
2024,Poder Ejecutivo,Ramos Generales,Provisiones Salariales y Económicas,R066,Ejercido,0.0,0.0,0.0,0.0,0.0,0.0,0.0,0.0,0.0,0.0,0.0,0.0,0.0,0.0
2024,Poder Ejecutivo,Ramos Generales,Provisiones Salariales y Económicas,R066,Porcentaje Ejer/Aprob,0.0,0.0,0.0,0.0,0.0,0.0,0.0,0.0,0.0,0.0,0.0,,0.0,
2024,Poder Ejecutivo,Ramos Generales,Provisiones Salariales y Económicas,R066,Porcentaje Ejer/Modif,0.0,0.0,0.0,0.0,0.0,0.0,0.0,0.0,0.0,0.0,0.0,,0.0,
2024,Poder Ejecutivo,Ramos Generales,Provisiones Salariales y Económicas,R068,Seguro de vida de las Dependencias y Entidades de la APF,0.0,0.0,0.0,0.0,0.0,0.0,0.0,0.0,0.0,0.0,0.0,,0.0,
2024,Poder Ejecutivo,Ramos Generales,Provisiones Salariales y Económicas,R068,Aprobado,0.0,0.0,0.0,0.0,0.0,0.0,0.0,0.0,0.0,0.0,0.0,0.0,0.0,0.0
2024,Poder Ejecutivo,Ramos Generales,Provisiones Salariales y Económicas,R068,Modificado,3714134662.57,0.0,0.0,0.0,3714134662.57,0.0,0.0,0.0,0.0,0.0,3714134662.57,100.0,0.0,0.0
2024,Poder Ejecutivo,Ramos Generales,Provisiones Salariales y Económicas,R068,Devengado,3714134662.57,0.0,0.0,0.0,3714134662.57,0.0,0.0,0.0,0.0,0.0,3714134662.57,100.0,0.0,0.0
2024,Poder Ejecutivo,Ramos Generales,Provisiones Salariales y Económicas,R068,Ejercido,3714134662.57,0.0,0.0,0.0,3714134662.57,0.0,0.0,0.0,0.0,0.0,3714134662.57,100.0,0.0,0.0
2024,Poder Ejecutivo,Ramos Generales,Provisiones Salariales y Económicas,R068,Porcentaje Ejer/Aprob,0.0,0.0,0.0,0.0,0.0,0.0,0.0,0.0,0.0,0.0,0.0,,0.0,
2024,Poder Ejecutivo,Ramos Generales,Provisiones Salariales y Económicas,R068,Porcentaje Ejer/Modif,100.0,0.0,0.0,0.0,100.0,0.0,0.0,0.0,0.0,0.0,100.0,,0.0,
2024,Poder Ejecutivo,Ramos Generales,Provisiones Salariales y Económicas,R069,Seguro Colectivo de Retiro,0.0,0.0,0.0,0.0,0.0,0.0,0.0,0.0,0.0,0.0,0.0,,0.0,
2024,Poder Ejecutivo,Ramos Generales,Provisiones Salariales y Económicas,R069,Aprobado,0.0,0.0,0.0,0.0,0.0,0.0,0.0,0.0,0.0,0.0,0.0,0.0,0.0,0.0
2024,Poder Ejecutivo,Ramos Generales,Provisiones Salariales y Económicas,R069,Modificado,130668396.17,0.0,0.0,0.0,130668396.17,0.0,0.0,0.0,0.0,0.0,130668396.17,100.0,0.0,0.0
2024,Poder Ejecutivo,Ramos Generales,Provisiones Salariales y Económicas,R069,Devengado,130668396.17,0.0,0.0,0.0,130668396.17,0.0,0.0,0.0,0.0,0.0,130668396.17,100.0,0.0,0.0
2024,Poder Ejecutivo,Ramos Generales,Provisiones Salariales y Económicas,R069,Ejercido,130668396.17,0.0,0.0,0.0,130668396.17,0.0,0.0,0.0,0.0,0.0,130668396.17,100.0,0.0,0.0
2024,Poder Ejecutivo,Ramos Generales,Provisiones Salariales y Económicas,R069,Porcentaje Ejer/Aprob,0.0,0.0,0.0,0.0,0.0,0.0,0.0,0.0,0.0,0.0,0.0,,0.0,
2024,Poder Ejecutivo,Ramos Generales,Provisiones Salariales y Económicas,R069,Porcentaje Ejer/Modif,100.0,0.0,0.0,0.0,100.0,0.0,0.0,0.0,0.0,0.0,100.0,,0.0,
2024,Poder Ejecutivo,Ramos Generales,Provisiones Salariales y Económicas,R073,Medidas de Racionalidad y Austeridad Gastos de Operación,0.0,0.0,0.0,0.0,0.0,0.0,0.0,0.0,0.0,0.0,0.0,,0.0,
2024,Poder Ejecutivo,Ramos Generales,Provisiones Salariales y Económicas,R073,Aprobado,0.0,0.0,0.0,0.0,0.0,0.0,0.0,0.0,0.0,0.0,0.0,0.0,0.0,0.0
2024,Poder Ejecutivo,Ramos Generales,Provisiones Salariales y Económicas,R073,Modificado,0.0,0.0,0.0,0.0,0.0,0.0,0.0,0.0,0.0,0.0,0.0,0.0,0.0,0.0
2024,Poder Ejecutivo,Ramos Generales,Provisiones Salariales y Económicas,R073,Devengado,0.0,0.0,0.0,0.0,0.0,0.0,0.0,0.0,0.0,0.0,0.0,0.0,0.0,0.0
2024,Poder Ejecutivo,Ramos Generales,Provisiones Salariales y Económicas,R073,Ejercido,0.0,0.0,0.0,0.0,0.0,0.0,0.0,0.0,0.0,0.0,0.0,0.0,0.0,0.0
2024,Poder Ejecutivo,Ramos Generales,Provisiones Salariales y Económicas,R073,Porcentaje Ejer/Aprob,0.0,0.0,0.0,0.0,0.0,0.0,0.0,0.0,0.0,0.0,0.0,,0.0,
2024,Poder Ejecutivo,Ramos Generales,Provisiones Salariales y Económicas,R073,Porcentaje Ejer/Modif,0.0,0.0,0.0,0.0,0.0,0.0,0.0,0.0,0.0,0.0,0.0,,0.0,
2024,Poder Ejecutivo,Ramos Generales,Provisiones Salariales y Económicas,R080,FEIEF,0.0,0.0,0.0,0.0,0.0,0.0,0.0,0.0,0.0,0.0,0.0,,0.0,
2024,Poder Ejecutivo,Ramos Generales,Provisiones Salariales y Económicas,R080,Aprobado,0.0,0.0,0.0,0.0,0.0,0.0,1777790080.0,0.0,0.0,1777790080.0,1777790080.0,0.0,0.0,100.0
2024,Poder Ejecutivo,Ramos Generales,Provisiones Salariales y Económicas,R080,Modificado,0.0,0.0,0.0,0.0,0.0,0.0,0.0,0.0,0.0,0.0,0.0,0.0,0.0,0.0
2024,Poder Ejecutivo,Ramos Generales,Provisiones Salariales y Económicas,R080,Devengado,0.0,0.0,0.0,0.0,0.0,0.0,0.0,0.0,0.0,0.0,0.0,0.0,0.0,0.0
2024,Poder Ejecutivo,Ramos Generales,Provisiones Salariales y Económicas,R080,Ejercido,0.0,0.0,0.0,0.0,0.0,0.0,0.0,0.0,0.0,0.0,0.0,0.0,0.0,0.0
2024,Poder Ejecutivo,Ramos Generales,Provisiones Salariales y Económicas,R080,Porcentaje Ejer/Aprob,0.0,0.0,0.0,0.0,0.0,0.0,0.0,0.0,0.0,0.0,0.0,,0.0,
2024,Poder Ejecutivo,Ramos Generales,Provisiones Salariales y Económicas,R080,Porcentaje Ejer/Modif,0.0,0.0,0.0,0.0,0.0,0.0,0.0,0.0,0.0,0.0,0.0,,0.0,
2024,Poder Ejecutivo,Ramos Generales,Provisiones Salariales y Económicas,R081,FEIP,0.0,0.0,0.0,0.0,0.0,0.0,0.0,0.0,0.0,0.0,0.0,,0.0,
2024,Poder Ejecutivo,Ramos Generales,Provisiones Salariales y Económicas,R081,Aprobado,0.0,0.0,0.0,0.0,0.0,0.0,6111078400.0,0.0,0.0,6111078400.0,6111078400.0,0.0,0.0,100.0
2024,Poder Ejecutivo,Ramos Generales,Provisiones Salariales y Económicas,R081,Modificado,0.0,0.0,0.0,0.0,0.0,0.0,0.0,0.0,0.0,0.0,0.0,0.0,0.0,0.0
2024,Poder Ejecutivo,Ramos Generales,Provisiones Salariales y Económicas,R081,Devengado,0.0,0.0,0.0,0.0,0.0,0.0,0.0,0.0,0.0,0.0,0.0,0.0,0.0,0.0
2024,Poder Ejecutivo,Ramos Generales,Provisiones Salariales y Económicas,R081,Ejercido,0.0,0.0,0.0,0.0,0.0,0.0,0.0,0.0,0.0,0.0,0.0,0.0,0.0,0.0
2024,Poder Ejecutivo,Ramos Generales,Provisiones Salariales y Económicas,R081,Porcentaje Ejer/Aprob,0.0,0.0,0.0,0.0,0.0,0.0,0.0,0.0,0.0,0.0,0.0,,0.0,
2024,Poder Ejecutivo,Ramos Generales,Provisiones Salariales y Económicas,R081,Porcentaje Ejer/Modif,0.0,0.0,0.0,0.0,0.0,0.0,0.0,0.0,0.0,0.0,0.0,,0.0,
2024,Poder Ejecutivo,Ramos Generales,Provisiones Salariales y Económicas,R114,Apoyo al Instituto de Seguridad Social para las Fuerzas Armadas Mexicanas (ISSFAM),0.0,0.0,0.0,0.0,0.0,0.0,0.0,0.0,0.0,0.0,0.0,,0.0,
2024,Poder Ejecutivo,Ramos Generales,Provisiones Salariales y Económicas,R114,Aprobado,0.0,0.0,0.0,0.0,0.0,0.0,0.0,0.0,0.0,0.0,0.0,0.0,0.0,0.0
2024,Poder Ejecutivo,Ramos Generales,Provisiones Salariales y Económicas,R114,Modificado,0.0,0.0,0.0,11594350.64,11594350.64,0.0,0.0,0.0,0.0,0.0,11594350.64,100.0,0.0,0.0
2024,Poder Ejecutivo,Ramos Generales,Provisiones Salariales y Económicas,R114,Devengado,0.0,0.0,0.0,11594350.64,11594350.64,0.0,0.0,0.0,0.0,0.0,11594350.64,100.0,0.0,0.0
2024,Poder Ejecutivo,Ramos Generales,Provisiones Salariales y Económicas,R114,Ejercido,0.0,0.0,0.0,11594350.64,11594350.64,0.0,0.0,0.0,0.0,0.0,11594350.64,100.0,0.0,0.0
2024,Poder Ejecutivo,Ramos Generales,Provisiones Salariales y Económicas,R114,Porcentaje Ejer/Aprob,0.0,0.0,0.0,0.0,0.0,0.0,0.0,0.0,0.0,0.0,0.0,,0.0,
2024,Poder Ejecutivo,Ramos Generales,Provisiones Salariales y Económicas,R114,Porcentaje Ejer/Modif,0.0,0.0,0.0,100.0,100.0,0.0,0.0,0.0,0.0,0.0,100.0,,0.0,
2024,Poder Ejecutivo,Ramos Generales,Provisiones Salariales y Económicas,R120,Apoyo Federal para Pago de Adeudos de Suministro de Energía Eléctrica,0.0,0.0,0.0,0.0,0.0,0.0,0.0,0.0,0.0,0.0,0.0,,0.0,
2024,Poder Ejecutivo,Ramos Generales,Provisiones Salariales y Económicas,R120,Aprobado,0.0,0.0,0.0,0.0,0.0,0.0,0.0,0.0,0.0,0.0,0.0,0.0,0.0,0.0
2024,Poder Ejecutivo,Ramos Generales,Provisiones Salariales y Económicas,R120,Modificado,0.0,0.0,4759800000.0,0.0,4759800000.0,0.0,0.0,0.0,0.0,0.0,4759800000.0,100.0,0.0,0.0
2024,Poder Ejecutivo,Ramos Generales,Provisiones Salariales y Económicas,R120,Devengado,0.0,0.0,4759800000.0,0.0,4759800000.0,0.0,0.0,0.0,0.0,0.0,4759800000.0,100.0,0.0,0.0
2024,Poder Ejecutivo,Ramos Generales,Provisiones Salariales y Económicas,R120,Ejercido,0.0,0.0,4759800000.0,0.0,4759800000.0,0.0,0.0,0.0,0.0,0.0,4759800000.0,100.0,0.0,0.0
2024,Poder Ejecutivo,Ramos Generales,Provisiones Salariales y Económicas,R120,Porcentaje Ejer/Aprob,0.0,0.0,0.0,0.0,0.0,0.0,0.0,0.0,0.0,0.0,0.0,,0.0,
2024,Poder Ejecutivo,Ramos Generales,Provisiones Salariales y Económicas,R120,Porcentaje Ejer/Modif,0.0,0.0,100.0,0.0,100.0,0.0,0.0,0.0,0.0,0.0,100.0,,0.0,
2024,Poder Ejecutivo,Ramos Generales,Provisiones Salariales y Económicas,R122,Reasignaciones Presupuestarias Medidas de Cierre,0.0,0.0,0.0,0.0,0.0,0.0,0.0,0.0,0.0,0.0,0.0,,0.0,
2024,Poder Ejecutivo,Ramos Generales,Provisiones Salariales y Económicas,R122,Aprobado,0.0,0.0,0.0,0.0,0.0,0.0,0.0,0.0,0.0,0.0,0.0,0.0,0.0,0.0
2024,Poder Ejecutivo,Ramos Generales,Provisiones Salariales y Económicas,R122,Modificado,0.0,0.0,0.0,0.0,0.0,0.0,0.0,0.0,0.0,0.0,0.0,0.0,0.0,0.0
2024,Poder Ejecutivo,Ramos Generales,Provisiones Salariales y Económicas,R122,Devengado,0.0,0.0,0.0,0.0,0.0,0.0,0.0,0.0,0.0,0.0,0.0,0.0,0.0,0.0
2024,Poder Ejecutivo,Ramos Generales,Provisiones Salariales y Económicas,R122,Ejercido,0.0,0.0,0.0,0.0,0.0,0.0,0.0,0.0,0.0,0.0,0.0,0.0,0.0,0.0
2024,Poder Ejecutivo,Ramos Generales,Provisiones Salariales y Económicas,R122,Porcentaje Ejer/Aprob,0.0,0.0,0.0,0.0,0.0,0.0,0.0,0.0,0.0,0.0,0.0,,0.0,
2024,Poder Ejecutivo,Ramos Generales,Provisiones Salariales y Económicas,R122,Porcentaje Ejer/Modif,0.0,0.0,0.0,0.0,0.0,0.0,0.0,0.0,0.0,0.0,0.0,,0.0,
2024,Poder Ejecutivo,Ramos Generales,Provisiones Salariales y Económicas,R123,Reasignaciones Presupuestarias Medidas de Cierre Servicios Personales,0.0,0.0,0.0,0.0,0.0,0.0,0.0,0.0,0.0,0.0,0.0,,0.0,
2024,Poder Ejecutivo,Ramos Generales,Provisiones Salariales y Económicas,R123,Aprobado,0.0,0.0,0.0,0.0,0.0,0.0,0.0,0.0,0.0,0.0,0.0,0.0,0.0,0.0
2024,Poder Ejecutivo,Ramos Generales,Provisiones Salariales y Económicas,R123,Modificado,0.0,0.0,0.0,0.0,0.0,0.0,0.0,0.0,0.0,0.0,0.0,0.0,0.0,0.0
2024,Poder Ejecutivo,Ramos Generales,Provisiones Salariales y Económicas,R123,Devengado,0.0,0.0,0.0,0.0,0.0,0.0,0.0,0.0,0.0,0.0,0.0,0.0,0.0,0.0
2024,Poder Ejecutivo,Ramos Generales,Provisiones Salariales y Económicas,R123,Ejercido,0.0,0.0,0.0,0.0,0.0,0.0,0.0,0.0,0.0,0.0,0.0,0.0,0.0,0.0
2024,Poder Ejecutivo,Ramos Generales,Provisiones Salariales y Económicas,R123,Porcentaje Ejer/Aprob,0.0,0.0,0.0,0.0,0.0,0.0,0.0,0.0,0.0,0.0,0.0,,0.0,
2024,Poder Ejecutivo,Ramos Generales,Provisiones Salariales y Económicas,R123,Porcentaje Ejer/Modif,0.0,0.0,0.0,0.0,0.0,0.0,0.0,0.0,0.0,0.0,0.0,,0.0,
2024,Poder Ejecutivo,Ramos Generales,Provisiones Salariales y Económicas,R124,Reasignaciones presupuestarias Medidas de Cierre Servicios Personales (Seguridad Social),0.0,0.0,0.0,0.0,0.0,0.0,0.0,0.0,0.0,0.0,0.0,,0.0,
2024,Poder Ejecutivo,Ramos Generales,Provisiones Salariales y Económicas,R124,Aprobado,0.0,0.0,0.0,0.0,0.0,0.0,0.0,0.0,0.0,0.0,0.0,0.0,0.0,0.0
2024,Poder Ejecutivo,Ramos Generales,Provisiones Salariales y Económicas,R124,Modificado,0.0,0.0,0.0,0.0,0.0,0.0,0.0,0.0,0.0,0.0,0.0,0.0,0.0,0.0
2024,Poder Ejecutivo,Ramos Generales,Provisiones Salariales y Económicas,R124,Devengado,0.0,0.0,0.0,0.0,0.0,0.0,0.0,0.0,0.0,0.0,0.0,0.0,0.0,0.0
2024,Poder Ejecutivo,Ramos Generales,Provisiones Salariales y Económicas,R124,Ejercido,0.0,0.0,0.0,0.0,0.0,0.0,0.0,0.0,0.0,0.0,0.0,0.0,0.0,0.0
2024,Poder Ejecutivo,Ramos Generales,Provisiones Salariales y Económicas,R124,Porcentaje Ejer/Aprob,0.0,0.0,0.0,0.0,0.0,0.0,0.0,0.0,0.0,0.0,0.0,,0.0,
2024,Poder Ejecutivo,Ramos Generales,Provisiones Salariales y Económicas,R124,Porcentaje Ejer/Modif,0.0,0.0,0.0,0.0,0.0,0.0,0.0,0.0,0.0,0.0,0.0,,0.0,
2024,Poder Ejecutivo,Ramos Generales,Provisiones Salariales y Económicas,R125,Provisiones Salariales y Económicas,0.0,0.0,0.0,0.0,0.0,0.0,0.0,0.0,0.0,0.0,0.0,,0.0,
2024,Poder Ejecutivo,Ramos Generales,Provisiones Salariales y Económicas,R125,Aprobado,37235223211.0,0.0,0.0,0.0,37235223211.0,0.0,0.0,0.0,0.0,0.0,37235223211.0,100.0,0.0,0.0
2024,Poder Ejecutivo,Ramos Generales,Provisiones Salariales y Económicas,R125,Modificado,0.0,0.0,0.0,0.0,0.0,0.0,0.0,0.0,0.0,0.0,0.0,0.0,0.0,0.0
2024,Poder Ejecutivo,Ramos Generales,Provisiones Salariales y Económicas,R125,Devengado,0.0,0.0,0.0,0.0,0.0,0.0,0.0,0.0,0.0,0.0,0.0,0.0,0.0,0.0
2024,Poder Ejecutivo,Ramos Generales,Provisiones Salariales y Económicas,R125,Ejercido,0.0,0.0,0.0,0.0,0.0,0.0,0.0,0.0,0.0,0.0,0.0,0.0,0.0,0.0
2024,Poder Ejecutivo,Ramos Generales,Provisiones Salariales y Económicas,R125,Porcentaje Ejer/Aprob,0.0,0.0,0.0,0.0,0.0,0.0,0.0,0.0,0.0,0.0,0.0,,0.0,
2024,Poder Ejecutivo,Ramos Generales,Provisiones Salariales y Económicas,R125,Porcentaje Ejer/Modif,0.0,0.0,0.0,0.0,0.0,0.0,0.0,0.0,0.0,0.0,0.0,,0.0,
2024,Poder Ejecutivo,Ramos Generales,Provisiones Salariales y Económicas,R130,Multas impuestas por la Condusef y cobradas a través del SAT,0.0,0.0,0.0,0.0,0.0,0.0,0.0,0.0,0.0,0.0,0.0,,0.0,
2024,Poder Ejecutivo,Ramos Generales,Provisiones Salariales y Económicas,R130,Aprobado,0.0,0.0,0.0,0.0,0.0,0.0,0.0,0.0,0.0,0.0,0.0,0.0,0.0,0.0
2024,Poder Ejecutivo,Ramos Generales,Provisiones Salariales y Económicas,R130,Modificado,0.0,0.0,0.0,0.0,0.0,0.0,0.0,0.0,0.0,0.0,0.0,0.0,0.0,0.0
2024,Poder Ejecutivo,Ramos Generales,Provisiones Salariales y Económicas,R130,Devengado,0.0,0.0,0.0,0.0,0.0,0.0,0.0,0.0,0.0,0.0,0.0,0.0,0.0,0.0
2024,Poder Ejecutivo,Ramos Generales,Provisiones Salariales y Económicas,R130,Ejercido,0.0,0.0,0.0,0.0,0.0,0.0,0.0,0.0,0.0,0.0,0.0,0.0,0.0,0.0
2024,Poder Ejecutivo,Ramos Generales,Provisiones Salariales y Económicas,R130,Porcentaje Ejer/Aprob,0.0,0.0,0.0,0.0,0.0,0.0,0.0,0.0,0.0,0.0,0.0,,0.0,
2024,Poder Ejecutivo,Ramos Generales,Provisiones Salariales y Económicas,R130,Porcentaje Ejer/Modif,0.0,0.0,0.0,0.0,0.0,0.0,0.0,0.0,0.0,0.0,0.0,,0.0,
2024,Poder Ejecutivo,Ramos Generales,Provisiones Salariales y Económicas,U083,"Apoyo a municipios para obras de infraestructura y seguridad de los museos, monumentos y zonas arqueológicas (derecho a museos)",0.0,0.0,0.0,0.0,0.0,0.0,0.0,0.0,0.0,0.0,0.0,,0.0,
2024,Poder Ejecutivo,Ramos Generales,Provisiones Salariales y Económicas,U083,Aprobado,0.0,0.0,0.0,0.0,0.0,0.0,0.0,0.0,0.0,0.0,0.0,0.0,0.0,0.0
2024,Poder Ejecutivo,Ramos Generales,Provisiones Salariales y Económicas,U083,Modificado,0.0,0.0,0.0,0.0,0.0,0.0,0.0,21404948.18,0.0,21404948.18,21404948.18,0.0,0.0,100.0
2024,Poder Ejecutivo,Ramos Generales,Provisiones Salariales y Económicas,U083,Devengado,0.0,0.0,0.0,0.0,0.0,0.0,0.0,21404948.18,0.0,21404948.18,21404948.18,0.0,0.0,100.0
2024,Poder Ejecutivo,Ramos Generales,Provisiones Salariales y Económicas,U083,Ejercido,0.0,0.0,0.0,0.0,0.0,0.0,0.0,21404948.18,0.0,21404948.18,21404948.18,0.0,0.0,100.0
2024,Poder Ejecutivo,Ramos Generales,Provisiones Salariales y Económicas,U083,Porcentaje Ejer/Aprob,0.0,0.0,0.0,0.0,0.0,0.0,0.0,0.0,0.0,0.0,0.0,,0.0,
2024,Poder Ejecutivo,Ramos Generales,Provisiones Salariales y Económicas,U083,Porcentaje Ejer/Modif,0.0,0.0,0.0,0.0,0.0,0.0,0.0,100.0,0.0,100.0,100.0,,0.0,
2024,Poder Ejecutivo,Ramos Generales,Provisiones Salariales y Económicas,U087,Fondo de Capitalidad,0.0,0.0,0.0,0.0,0.0,0.0,0.0,0.0,0.0,0.0,0.0,,0.0,
2024,Poder Ejecutivo,Ramos Generales,Provisiones Salariales y Económicas,U087,Aprobado,0.0,0.0,0.0,0.0,0.0,0.0,0.0,0.0,0.0,0.0,0.0,0.0,0.0,0.0
2024,Poder Ejecutivo,Ramos Generales,Provisiones Salariales y Económicas,U087,Modificado,0.0,0.0,0.0,0.0,0.0,0.0,0.0,0.0,0.0,0.0,0.0,0.0,0.0,0.0
2024,Poder Ejecutivo,Ramos Generales,Provisiones Salariales y Económicas,U087,Devengado,0.0,0.0,0.0,0.0,0.0,0.0,0.0,0.0,0.0,0.0,0.0,0.0,0.0,0.0
2024,Poder Ejecutivo,Ramos Generales,Provisiones Salariales y Económicas,U087,Ejercido,0.0,0.0,0.0,0.0,0.0,0.0,0.0,0.0,0.0,0.0,0.0,0.0,0.0,0.0
2024,Poder Ejecutivo,Ramos Generales,Provisiones Salariales y Económicas,U087,Porcentaje Ejer/Aprob,0.0,0.0,0.0,0.0,0.0,0.0,0.0,0.0,0.0,0.0,0.0,,0.0,
2024,Poder Ejecutivo,Ramos Generales,Provisiones Salariales y Económicas,U087,Porcentaje Ejer/Modif,0.0,0.0,0.0,0.0,0.0,0.0,0.0,0.0,0.0,0.0,0.0,,0.0,
2024,Poder Ejecutivo,Ramos Generales,Provisiones Salariales y Económicas,U093,Fondo para entidades federativas y municipios productores de hidrocarburos,0.0,0.0,0.0,0.0,0.0,0.0,0.0,0.0,0.0,0.0,0.0,,0.0,
2024,Poder Ejecutivo,Ramos Generales,Provisiones Salariales y Económicas,U093,Aprobado,0.0,0.0,0.0,0.0,0.0,0.0,0.0,7811000000.0,0.0,7811000000.0,7811000000.0,0.0,0.0,100.0
2024,Poder Ejecutivo,Ramos Generales,Provisiones Salariales y Económicas,U093,Modificado,0.0,0.0,0.0,0.0,0.0,0.0,0.0,6674205802.06,0.0,6674205802.06,6674205802.06,0.0,0.0,100.0
2024,Poder Ejecutivo,Ramos Generales,Provisiones Salariales y Económicas,U093,Devengado,0.0,0.0,0.0,0.0,0.0,0.0,0.0,6674205802.06,0.0,6674205802.06,6674205802.06,0.0,0.0,100.0
2024,Poder Ejecutivo,Ramos Generales,Provisiones Salariales y Económicas,U093,Ejercido,0.0,0.0,0.0,0.0,0.0,0.0,0.0,6674205802.06,0.0,6674205802.06,6674205802.06,0.0,0.0,100.0
2024,Poder Ejecutivo,Ramos Generales,Provisiones Salariales y Económicas,U093,Porcentaje Ejer/Aprob,0.0,0.0,0.0,0.0,0.0,0.0,0.0,85.44623994443734,0.0,85.44623994443734,85.44623994443734,,0.0,
2024,Poder Ejecutivo,Ramos Generales,Provisiones Salariales y Económicas,U093,Porcentaje Ejer/Modif,0.0,0.0,0.0,0.0,0.0,0.0,0.0,100.0,0.0,100.0,100.0,,0.0,
2024,Poder Ejecutivo,Ramos Generales,Provisiones Salariales y Económicas,U116,Provisión para la Armonización Contable,0.0,0.0,0.0,0.0,0.0,0.0,0.0,0.0,0.0,0.0,0.0,,0.0,
2024,Poder Ejecutivo,Ramos Generales,Provisiones Salariales y Económicas,U116,Aprobado,0.0,0.0,57423233.0,0.0,57423233.0,0.0,0.0,0.0,0.0,0.0,57423233.0,100.0,0.0,0.0
2024,Poder Ejecutivo,Ramos Generales,Provisiones Salariales y Económicas,U116,Modificado,0.0,0.0,56473564.51,0.0,56473564.51,0.0,0.0,0.0,0.0,0.0,56473564.51,100.0,0.0,0.0
2024,Poder Ejecutivo,Ramos Generales,Provisiones Salariales y Económicas,U116,Devengado,0.0,0.0,56473564.51,0.0,56473564.51,0.0,0.0,0.0,0.0,0.0,56473564.51,100.0,0.0,0.0
2024,Poder Ejecutivo,Ramos Generales,Provisiones Salariales y Económicas,U116,Ejercido,0.0,0.0,56473564.51,0.0,56473564.51,0.0,0.0,0.0,0.0,0.0,56473564.51,100.0,0.0,0.0
2024,Poder Ejecutivo,Ramos Generales,Provisiones Salariales y Económicas,U116,Porcentaje Ejer/Aprob,0.0,0.0,98.34619466653854,0.0,98.34619466653854,0.0,0.0,0.0,0.0,0.0,98.34619466653854,,0.0,
2024,Poder Ejecutivo,Ramos Generales,Provisiones Salariales y Económicas,U116,Porcentaje Ejer/Modif,0.0,0.0,100.0,0.0,100.0,0.0,0.0,0.0,0.0,0.0,100.0,,0.0,
2024,Poder Ejecutivo,Ramos Generales,Provisiones Salariales y Económicas,U129,Subsidios a las Tarifas Eléctricas,0.0,0.0,0.0,0.0,0.0,0.0,0.0,0.0,0.0,0.0,0.0,,0.0,
2024,Poder Ejecutivo,Ramos Generales,Provisiones Salariales y Económicas,U129,Aprobado,0.0,0.0,81581400000.0,0.0,81581400000.0,0.0,0.0,0.0,0.0,0.0,81581400000.0,100.0,0.0,0.0
2024,Poder Ejecutivo,Ramos Generales,Provisiones Salariales y Económicas,U129,Modificado,0.0,0.0,81581400000.0,0.0,81581400000.0,0.0,0.0,0.0,0.0,0.0,81581400000.0,100.0,0.0,0.0
2024,Poder Ejecutivo,Ramos Generales,Provisiones Salariales y Económicas,U129,Devengado,0.0,0.0,81581400000.0,0.0,81581400000.0,0.0,0.0,0.0,0.0,0.0,81581400000.0,100.0,0.0,0.0
2024,Poder Ejecutivo,Ramos Generales,Provisiones Salariales y Económicas,U129,Ejercido,0.0,0.0,81581400000.0,0.0,81581400000.0,0.0,0.0,0.0,0.0,0.0,81581400000.0,100.0,0.0,0.0
2024,Poder Ejecutivo,Ramos Generales,Provisiones Salariales y Económicas,U129,Porcentaje Ejer/Aprob,0.0,0.0,100.0,0.0,100.0,0.0,0.0,0.0,0.0,0.0,100.0,,0.0,
2024,Poder Ejecutivo,Ramos Generales,Provisiones Salariales y Económicas,U129,Porcentaje Ejer/Modif,0.0,0.0,100.0,0.0,100.0,0.0,0.0,0.0,0.0,0.0,100.0,,0.0,
2024,Poder Ejecutivo,Ramos Generales,Provisiones Salariales y Económicas,U151,Regularización de vehículos usados de procedencia extranjera,0.0,0.0,0.0,0.0,0.0,0.0,0.0,0.0,0.0,0.0,0.0,,0.0,
2024,Poder Ejecutivo,Ramos Generales,Provisiones Salariales y Económicas,U151,Aprobado,0.0,0.0,0.0,0.0,0.0,0.0,0.0,0.0,0.0,0.0,0.0,0.0,0.0,0.0
2024,Poder Ejecutivo,Ramos Generales,Provisiones Salariales y Económicas,U151,Modificado,0.0,0.0,0.0,0.0,0.0,0.0,0.0,1384430484.45,0.0,1384430484.45,1384430484.45,0.0,0.0,100.0
2024,Poder Ejecutivo,Ramos Generales,Provisiones Salariales y Económicas,U151,Devengado,0.0,0.0,0.0,0.0,0.0,0.0,0.0,1384430484.45,0.0,1384430484.45,1384430484.45,0.0,0.0,100.0
2024,Poder Ejecutivo,Ramos Generales,Provisiones Salariales y Económicas,U151,Ejercido,0.0,0.0,0.0,0.0,0.0,0.0,0.0,1384430484.45,0.0,1384430484.45,1384430484.45,0.0,0.0,100.0
2024,Poder Ejecutivo,Ramos Generales,Provisiones Salariales y Económicas,U151,Porcentaje Ejer/Aprob,0.0,0.0,0.0,0.0,0.0,0.0,0.0,0.0,0.0,0.0,0.0,,0.0,
2024,Poder Ejecutivo,Ramos Generales,Provisiones Salariales y Económicas,U151,Porcentaje Ejer/Modif,0.0,0.0,0.0,0.0,0.0,0.0,0.0,100.0,0.0,100.0,100.0,,0.0,
2024,Poder Ejecutivo,Ramos Generales,Provisiones Salariales y Económicas,Y003,Fideicomiso Fondo de Estabilización de los Ingresos Presupuestarios,0.0,0.0,0.0,0.0,0.0,0.0,0.0,0.0,0.0,0.0,0.0,,0.0,
2024,Poder Ejecutivo,Ramos Generales,Provisiones Salariales y Económicas,Y003,Aprobado,0.0,0.0,0.0,0.0,0.0,0.0,0.0,0.0,0.0,0.0,0.0,0.0,0.0,0.0
2024,Poder Ejecutivo,Ramos Generales,Provisiones Salariales y Económicas,Y003,Modificado,0.0,0.0,0.0,0.0,0.0,0.0,51111034600.0,0.0,0.0,51111034600.0,51111034600.0,0.0,0.0,100.0
2024,Poder Ejecutivo,Ramos Generales,Provisiones Salariales y Económicas,Y003,Devengado,0.0,0.0,0.0,0.0,0.0,0.0,51111034600.0,0.0,0.0,51111034600.0,51111034600.0,0.0,0.0,100.0
2024,Poder Ejecutivo,Ramos Generales,Provisiones Salariales y Económicas,Y003,Ejercido,0.0,0.0,0.0,0.0,0.0,0.0,51111034600.0,0.0,0.0,51111034600.0,51111034600.0,0.0,0.0,100.0
2024,Poder Ejecutivo,Ramos Generales,Provisiones Salariales y Económicas,Y003,Porcentaje Ejer/Aprob,0.0,0.0,0.0,0.0,0.0,0.0,0.0,0.0,0.0,0.0,0.0,,0.0,
2024,Poder Ejecutivo,Ramos Generales,Provisiones Salariales y Económicas,Y003,Porcentaje Ejer/Modif,0.0,0.0,0.0,0.0,0.0,0.0,100.0,0.0,0.0,100.0,100.0,,0.0,
2024,Poder Ejecutivo,Ramos Generales,Provisiones Salariales y Económicas,Y004,Fideicomiso Fondo de Estabilización de los Ingresos de las Entidades Federativas,0.0,0.0,0.0,0.0,0.0,0.0,0.0,0.0,0.0,0.0,0.0,,0.0,
2024,Poder Ejecutivo,Ramos Generales,Provisiones Salariales y Económicas,Y004,Aprobado,0.0,0.0,0.0,0.0,0.0,0.0,0.0,0.0,0.0,0.0,0.0,0.0,0.0,0.0
2024,Poder Ejecutivo,Ramos Generales,Provisiones Salariales y Económicas,Y004,Modificado,0.0,0.0,0.0,0.0,0.0,0.0,1777755520.0,0.0,0.0,1777755520.0,1777755520.0,0.0,0.0,100.0
2024,Poder Ejecutivo,Ramos Generales,Provisiones Salariales y Económicas,Y004,Devengado,0.0,0.0,0.0,0.0,0.0,0.0,1777755520.0,0.0,0.0,1777755520.0,1777755520.0,0.0,0.0,100.0
2024,Poder Ejecutivo,Ramos Generales,Provisiones Salariales y Económicas,Y004,Ejercido,0.0,0.0,0.0,0.0,0.0,0.0,1777755520.0,0.0,0.0,1777755520.0,1777755520.0,0.0,0.0,100.0
2024,Poder Ejecutivo,Ramos Generales,Provisiones Salariales y Económicas,Y004,Porcentaje Ejer/Aprob,0.0,0.0,0.0,0.0,0.0,0.0,0.0,0.0,0.0,0.0,0.0,,0.0,
2024,Poder Ejecutivo,Ramos Generales,Provisiones Salariales y Económicas,Y004,Porcentaje Ejer/Modif,0.0,0.0,0.0,0.0,0.0,0.0,100.0,0.0,0.0,100.0,100.0,,0.0,
2024,Poder Ejecutivo,Ramos Generales,Deuda Pública,TOTAL,Aprobado,0.0,0.0,0.0,1023011515319.0,1023011515319.0,0.0,0.0,0.0,0.0,0.0,1023011515319.0,100.0,0.0,0.0
2024,Poder Ejecutivo,Ramos Generales,Deuda Pública,TOTAL,Modificado,0.0,0.0,0.0,1009113830436.16,1009113830436.16,0.0,0.0,0.0,0.0,0.0,1009113830436.16,100.0,0.0,0.0
2024,Poder Ejecutivo,Ramos Generales,Deuda Pública,TOTAL,Devengado,0.0,0.0,0.0,1009113830436.16,1009113830436.16,0.0,0.0,0.0,0.0,0.0,1009113830436.16,100.0,0.0,0.0
2024,Poder Ejecutivo,Ramos Generales,Deuda Pública,TOTAL,Ejercido,0.0,0.0,0.0,1009113830436.16,1009113830436.16,0.0,0.0,0.0,0.0,0.0,1009113830436.16,100.0,0.0,0.0
2024,Poder Ejecutivo,Ramos Generales,Deuda Pública,TOTAL,Porcentaje Ejer/Aprob,0.0,0.0,0.0,98.64149282048831,98.64149282048831,0.0,0.0,0.0,0.0,0.0,98.64149282048831,,0.0,
2024,Poder Ejecutivo,Ramos Generales,Deuda Pública,TOTAL,Porcentaje Ejer/Modif,0.0,0.0,0.0,100.0,100.0,0.0,0.0,0.0,0.0,0.0,100.0,,0.0,
2024,Poder Ejecutivo,Ramos Generales,Deuda Pública,D001,Valores gubernamentales,0.0,0.0,0.0,0.0,0.0,0.0,0.0,0.0,0.0,0.0,0.0,,0.0,
2024,Poder Ejecutivo,Ramos Generales,Deuda Pública,D001,Aprobado,0.0,0.0,0.0,863176802364.0,863176802364.0,0.0,0.0,0.0,0.0,0.0,863176802364.0,100.0,0.0,0.0
2024,Poder Ejecutivo,Ramos Generales,Deuda Pública,D001,Modificado,0.0,0.0,0.0,873533778519.66,873533778519.66,0.0,0.0,0.0,0.0,0.0,873533778519.66,100.0,0.0,0.0
2024,Poder Ejecutivo,Ramos Generales,Deuda Pública,D001,Devengado,0.0,0.0,0.0,873533778519.66,873533778519.66,0.0,0.0,0.0,0.0,0.0,873533778519.66,100.0,0.0,0.0
2024,Poder Ejecutivo,Ramos Generales,Deuda Pública,D001,Ejercido,0.0,0.0,0.0,873533778519.66,873533778519.66,0.0,0.0,0.0,0.0,0.0,873533778519.66,100.0,0.0,0.0
2024,Poder Ejecutivo,Ramos Generales,Deuda Pública,D001,Porcentaje Ejer/Aprob,0.0,0.0,0.0,101.19986729570294,101.19986729570294,0.0,0.0,0.0,0.0,0.0,101.19986729570294,,0.0,
2024,Poder Ejecutivo,Ramos Generales,Deuda Pública,D001,Porcentaje Ejer/Modif,0.0,0.0,0.0,100.0,100.0,0.0,0.0,0.0,0.0,0.0,100.0,,0.0,
2024,Poder Ejecutivo,Ramos Generales,Deuda Pública,D002,Fondo de ahorro SAR,0.0,0.0,0.0,0.0,0.0,0.0,0.0,0.0,0.0,0.0,0.0,,0.0,
2024,Poder Ejecutivo,Ramos Generales,Deuda Pública,D002,Aprobado,0.0,0.0,0.0,5208491820.0,5208491820.0,0.0,0.0,0.0,0.0,0.0,5208491820.0,100.0,0.0,0.0
2024,Poder Ejecutivo,Ramos Generales,Deuda Pública,D002,Modificado,0.0,0.0,0.0,4577614315.08,4577614315.08,0.0,0.0,0.0,0.0,0.0,4577614315.08,100.0,0.0,0.0
2024,Poder Ejecutivo,Ramos Generales,Deuda Pública,D002,Devengado,0.0,0.0,0.0,4577614315.08,4577614315.08,0.0,0.0,0.0,0.0,0.0,4577614315.08,100.0,0.0,0.0
2024,Poder Ejecutivo,Ramos Generales,Deuda Pública,D002,Ejercido,0.0,0.0,0.0,4577614315.08,4577614315.08,0.0,0.0,0.0,0.0,0.0,4577614315.08,100.0,0.0,0.0
2024,Poder Ejecutivo,Ramos Generales,Deuda Pública,D002,Porcentaje Ejer/Aprob,0.0,0.0,0.0,87.88752048150475,87.88752048150475,0.0,0.0,0.0,0.0,0.0,87.88752048150475,,0.0,
2024,Poder Ejecutivo,Ramos Generales,Deuda Pública,D002,Porcentaje Ejer/Modif,0.0,0.0,0.0,100.0,100.0,0.0,0.0,0.0,0.0,0.0,100.0,,0.0,
2024,Poder Ejecutivo,Ramos Generales,Deuda Pública,D003,Pensión ISSSTE,0.0,0.0,0.0,0.0,0.0,0.0,0.0,0.0,0.0,0.0,0.0,,0.0,
2024,Poder Ejecutivo,Ramos Generales,Deuda Pública,D003,Aprobado,0.0,0.0,0.0,51850298.0,51850298.0,0.0,0.0,0.0,0.0,0.0,51850298.0,100.0,0.0,0.0
2024,Poder Ejecutivo,Ramos Generales,Deuda Pública,D003,Modificado,0.0,0.0,0.0,67939904.4,67939904.4,0.0,0.0,0.0,0.0,0.0,67939904.4,100.0,0.0,0.0
2024,Poder Ejecutivo,Ramos Generales,Deuda Pública,D003,Devengado,0.0,0.0,0.0,67939904.4,67939904.4,0.0,0.0,0.0,0.0,0.0,67939904.4,100.0,0.0,0.0
2024,Poder Ejecutivo,Ramos Generales,Deuda Pública,D003,Ejercido,0.0,0.0,0.0,67939904.4,67939904.4,0.0,0.0,0.0,0.0,0.0,67939904.4,100.0,0.0,0.0
2024,Poder Ejecutivo,Ramos Generales,Deuda Pública,D003,Porcentaje Ejer/Aprob,0.0,0.0,0.0,131.030885106967,131.030885106967,0.0,0.0,0.0,0.0,0.0,131.030885106967,,0.0,
2024,Poder Ejecutivo,Ramos Generales,Deuda Pública,D003,Porcentaje Ejer/Modif,0.0,0.0,0.0,100.0,100.0,0.0,0.0,0.0,0.0,0.0,100.0,,0.0,
2024,Poder Ejecutivo,Ramos Generales,Deuda Pública,D004,Otros financiamientos,0.0,0.0,0.0,0.0,0.0,0.0,0.0,0.0,0.0,0.0,0.0,,0.0,
2024,Poder Ejecutivo,Ramos Generales,Deuda Pública,D004,Aprobado,0.0,0.0,0.0,4551332160.0,4551332160.0,0.0,0.0,0.0,0.0,0.0,4551332160.0,100.0,0.0,0.0
2024,Poder Ejecutivo,Ramos Generales,Deuda Pública,D004,Modificado,0.0,0.0,0.0,4424397238.91,4424397238.91,0.0,0.0,0.0,0.0,0.0,4424397238.91,100.0,0.0,0.0
2024,Poder Ejecutivo,Ramos Generales,Deuda Pública,D004,Devengado,0.0,0.0,0.0,4424397238.91,4424397238.91,0.0,0.0,0.0,0.0,0.0,4424397238.91,100.0,0.0,0.0
2024,Poder Ejecutivo,Ramos Generales,Deuda Pública,D004,Ejercido,0.0,0.0,0.0,4424397238.91,4424397238.91,0.0,0.0,0.0,0.0,0.0,4424397238.91,100.0,0.0,0.0
2024,Poder Ejecutivo,Ramos Generales,Deuda Pública,D004,Porcentaje Ejer/Aprob,0.0,0.0,0.0,97.21103807352087,97.21103807352087,0.0,0.0,0.0,0.0,0.0,97.21103807352087,,0.0,
2024,Poder Ejecutivo,Ramos Generales,Deuda Pública,D004,Porcentaje Ejer/Modif,0.0,0.0,0.0,100.0,100.0,0.0,0.0,0.0,0.0,0.0,100.0,,0.0,
2024,Poder Ejecutivo,Ramos Generales,Deuda Pública,D005,Bonos,0.0,0.0,0.0,0.0,0.0,0.0,0.0,0.0,0.0,0.0,0.0,,0.0,
2024,Poder Ejecutivo,Ramos Generales,Deuda Pública,D005,Aprobado,0.0,0.0,0.0,78830857628.0,78830857628.0,0.0,0.0,0.0,0.0,0.0,78830857628.0,100.0,0.0,0.0
2024,Poder Ejecutivo,Ramos Generales,Deuda Pública,D005,Modificado,0.0,0.0,0.0,86943721257.27,86943721257.27,0.0,0.0,0.0,0.0,0.0,86943721257.27,100.0,0.0,0.0
2024,Poder Ejecutivo,Ramos Generales,Deuda Pública,D005,Devengado,0.0,0.0,0.0,86943721257.27,86943721257.27,0.0,0.0,0.0,0.0,0.0,86943721257.27,100.0,0.0,0.0
2024,Poder Ejecutivo,Ramos Generales,Deuda Pública,D005,Ejercido,0.0,0.0,0.0,86943721257.27,86943721257.27,0.0,0.0,0.0,0.0,0.0,86943721257.27,100.0,0.0,0.0
2024,Poder Ejecutivo,Ramos Generales,Deuda Pública,D005,Porcentaje Ejer/Aprob,0.0,0.0,0.0,110.29148213451427,110.29148213451427,0.0,0.0,0.0,0.0,0.0,110.29148213451427,,0.0,
2024,Poder Ejecutivo,Ramos Generales,Deuda Pública,D005,Porcentaje Ejer/Modif,0.0,0.0,0.0,100.0,100.0,0.0,0.0,0.0,0.0,0.0,100.0,,0.0,
2024,Poder Ejecutivo,Ramos Generales,Deuda Pública,D006,Banca comercial,0.0,0.0,0.0,0.0,0.0,0.0,0.0,0.0,0.0,0.0,0.0,,0.0,
2024,Poder Ejecutivo,Ramos Generales,Deuda Pública,D006,Aprobado,0.0,0.0,0.0,528.0,528.0,0.0,0.0,0.0,0.0,0.0,528.0,100.0,0.0,0.0
2024,Poder Ejecutivo,Ramos Generales,Deuda Pública,D006,Modificado,0.0,0.0,0.0,0.0,0.0,0.0,0.0,0.0,0.0,0.0,0.0,0.0,0.0,0.0
2024,Poder Ejecutivo,Ramos Generales,Deuda Pública,D006,Devengado,0.0,0.0,0.0,0.0,0.0,0.0,0.0,0.0,0.0,0.0,0.0,0.0,0.0,0.0
2024,Poder Ejecutivo,Ramos Generales,Deuda Pública,D006,Ejercido,0.0,0.0,0.0,0.0,0.0,0.0,0.0,0.0,0.0,0.0,0.0,0.0,0.0,0.0
2024,Poder Ejecutivo,Ramos Generales,Deuda Pública,D006,Porcentaje Ejer/Aprob,0.0,0.0,0.0,0.0,0.0,0.0,0.0,0.0,0.0,0.0,0.0,,0.0,
2024,Poder Ejecutivo,Ramos Generales,Deuda Pública,D006,Porcentaje Ejer/Modif,0.0,0.0,0.0,0.0,0.0,0.0,0.0,0.0,0.0,0.0,0.0,,0.0,
2024,Poder Ejecutivo,Ramos Generales,Deuda Pública,D007,Coberturas,0.0,0.0,0.0,0.0,0.0,0.0,0.0,0.0,0.0,0.0,0.0,,0.0,
2024,Poder Ejecutivo,Ramos Generales,Deuda Pública,D007,Aprobado,0.0,0.0,0.0,37225151561.0,37225151561.0,0.0,0.0,0.0,0.0,0.0,37225151561.0,100.0,0.0,0.0
2024,Poder Ejecutivo,Ramos Generales,Deuda Pública,D007,Modificado,0.0,0.0,0.0,14276400550.77,14276400550.77,0.0,0.0,0.0,0.0,0.0,14276400550.77,100.0,0.0,0.0
2024,Poder Ejecutivo,Ramos Generales,Deuda Pública,D007,Devengado,0.0,0.0,0.0,14276400550.77,14276400550.77,0.0,0.0,0.0,0.0,0.0,14276400550.77,100.0,0.0,0.0
2024,Poder Ejecutivo,Ramos Generales,Deuda Pública,D007,Ejercido,0.0,0.0,0.0,14276400550.77,14276400550.77,0.0,0.0,0.0,0.0,0.0,14276400550.77,100.0,0.0,0.0
2024,Poder Ejecutivo,Ramos Generales,Deuda Pública,D007,Porcentaje Ejer/Aprob,0.0,0.0,0.0,38.35149073167799,38.35149073167799,0.0,0.0,0.0,0.0,0.0,38.35149073167799,,0.0,
2024,Poder Ejecutivo,Ramos Generales,Deuda Pública,D007,Porcentaje Ejer/Modif,0.0,0.0,0.0,100.0,100.0,0.0,0.0,0.0,0.0,0.0,100.0,,0.0,
2024,Poder Ejecutivo,Ramos Generales,Deuda Pública,D008,Bilaterales,0.0,0.0,0.0,0.0,0.0,0.0,0.0,0.0,0.0,0.0,0.0,,0.0,
2024,Poder Ejecutivo,Ramos Generales,Deuda Pública,D008,Aprobado,0.0,0.0,0.0,5101320808.0,5101320808.0,0.0,0.0,0.0,0.0,0.0,5101320808.0,100.0,0.0,0.0
2024,Poder Ejecutivo,Ramos Generales,Deuda Pública,D008,Modificado,0.0,0.0,0.0,2497931528.09,2497931528.09,0.0,0.0,0.0,0.0,0.0,2497931528.09,100.0,0.0,0.0
2024,Poder Ejecutivo,Ramos Generales,Deuda Pública,D008,Devengado,0.0,0.0,0.0,2497931528.09,2497931528.09,0.0,0.0,0.0,0.0,0.0,2497931528.09,100.0,0.0,0.0
2024,Poder Ejecutivo,Ramos Generales,Deuda Pública,D008,Ejercido,0.0,0.0,0.0,2497931528.09,2497931528.09,0.0,0.0,0.0,0.0,0.0,2497931528.09,100.0,0.0,0.0
2024,Poder Ejecutivo,Ramos Generales,Deuda Pública,D008,Porcentaje Ejer/Aprob,0.0,0.0,0.0,48.96636816435247,48.96636816435247,0.0,0.0,0.0,0.0,0.0,48.96636816435247,,0.0,
2024,Poder Ejecutivo,Ramos Generales,Deuda Pública,D008,Porcentaje Ejer/Modif,0.0,0.0,0.0,100.0,100.0,0.0,0.0,0.0,0.0,0.0,100.0,,0.0,
2024,Poder Ejecutivo,Ramos Generales,Deuda Pública,D009,Organismos financieros internacionales,0.0,0.0,0.0,0.0,0.0,0.0,0.0,0.0,0.0,0.0,0.0,,0.0,
2024,Poder Ejecutivo,Ramos Generales,Deuda Pública,D009,Aprobado,0.0,0.0,0.0,28865708152.0,28865708152.0,0.0,0.0,0.0,0.0,0.0,28865708152.0,100.0,0.0,0.0
2024,Poder Ejecutivo,Ramos Generales,Deuda Pública,D009,Modificado,0.0,0.0,0.0,22792047121.98,22792047121.98,0.0,0.0,0.0,0.0,0.0,22792047121.98,100.0,0.0,0.0
2024,Poder Ejecutivo,Ramos Generales,Deuda Pública,D009,Devengado,0.0,0.0,0.0,22792047121.98,22792047121.98,0.0,0.0,0.0,0.0,0.0,22792047121.98,100.0,0.0,0.0
2024,Poder Ejecutivo,Ramos Generales,Deuda Pública,D009,Ejercido,0.0,0.0,0.0,22792047121.98,22792047121.98,0.0,0.0,0.0,0.0,0.0,22792047121.98,100.0,0.0,0.0
2024,Poder Ejecutivo,Ramos Generales,Deuda Pública,D009,Porcentaje Ejer/Aprob,0.0,0.0,0.0,78.958905154734,78.958905154734,0.0,0.0,0.0,0.0,0.0,78.958905154734,,0.0,
2024,Poder Ejecutivo,Ramos Generales,Deuda Pública,D009,Porcentaje Ejer/Modif,0.0,0.0,0.0,100.0,100.0,0.0,0.0,0.0,0.0,0.0,100.0,,0.0,
2024,Poder Ejecutivo,Ramos Generales,"Previsiones y Aportaciones para los Sistemas de Educación Básica, Normal, Tecnológica y de Adultos",TOTAL,Aprobado,80815614757.0,1483625995.0,199043503.0,20201667.0,82518485922.0,0.0,0.0,0.0,0.0,0.0,82518485922.0,100.0,0.0,0.0
2024,Poder Ejecutivo,Ramos Generales,"Previsiones y Aportaciones para los Sistemas de Educación Básica, Normal, Tecnológica y de Adultos",TOTAL,Modificado,50378249902.56,1487162565.9,164190703.25,68442467.25,52098045638.96,0.0,0.0,0.0,0.0,0.0,52098045638.96,100.0,0.0,0.0
2024,Poder Ejecutivo,Ramos Generales,"Previsiones y Aportaciones para los Sistemas de Educación Básica, Normal, Tecnológica y de Adultos",TOTAL,Devengado,50378249902.55,1487162565.9,164190703.25,68442467.25,52098045638.95,0.0,0.0,0.0,0.0,0.0,52098045638.95,100.0,0.0,0.0
2024,Poder Ejecutivo,Ramos Generales,"Previsiones y Aportaciones para los Sistemas de Educación Básica, Normal, Tecnológica y de Adultos",TOTAL,Ejercido,50378249902.55,1487162565.9,164190703.25,68442467.25,52098045638.95,0.0,0.0,0.0,0.0,0.0,52098045638.95,100.0,0.0,0.0
2024,Poder Ejecutivo,Ramos Generales,"Previsiones y Aportaciones para los Sistemas de Educación Básica, Normal, Tecnológica y de Adultos",TOTAL,Porcentaje Ejer/Aprob,62.337272387309774,100.23837347902496,82.48985813417885,338.79613622974773,63.13499945720683,0.0,0.0,0.0,0.0,0.0,63.13499945720683,,0.0,
2024,Poder Ejecutivo,Ramos Generales,"Previsiones y Aportaciones para los Sistemas de Educación Básica, Normal, Tecnológica y de Adultos",TOTAL,Porcentaje Ejer/Modif,99.99999999998016,100.0,100.0,100.0,99.9999999999808,0.0,0.0,0.0,0.0,0.0,99.9999999999808,,0.0,
2024,Poder Ejecutivo,Ramos Generales,"Previsiones y Aportaciones para los Sistemas de Educación Básica, Normal, Tecnológica y de Adultos",E003,Servicios de educación básica en la Ciudad de México,0.0,0.0,0.0,0.0,0.0,0.0,0.0,0.0,0.0,0.0,0.0,,0.0,
2024,Poder Ejecutivo,Ramos Generales,"Previsiones y Aportaciones para los Sistemas de Educación Básica, Normal, Tecnológica y de Adultos",E003,Aprobado,48417974342.0,1304181756.0,0.0,14105824.0,49736261922.0,0.0,0.0,0.0,0.0,0.0,49736261922.0,100.0,0.0,0.0
2024,Poder Ejecutivo,Ramos Generales,"Previsiones y Aportaciones para los Sistemas de Educación Básica, Normal, Tecnológica y de Adultos",E003,Modificado,48566196790.33,948815827.09,0.0,5242189.28,49520254806.7,0.0,0.0,0.0,0.0,0.0,49520254806.7,100.0,0.0,0.0
2024,Poder Ejecutivo,Ramos Generales,"Previsiones y Aportaciones para los Sistemas de Educación Básica, Normal, Tecnológica y de Adultos",E003,Devengado,48566196790.33,948815827.09,0.0,5242189.28,49520254806.7,0.0,0.0,0.0,0.0,0.0,49520254806.7,100.0,0.0,0.0
2024,Poder Ejecutivo,Ramos Generales,"Previsiones y Aportaciones para los Sistemas de Educación Básica, Normal, Tecnológica y de Adultos",E003,Ejercido,48566196790.33,948815827.09,0.0,5242189.28,49520254806.7,0.0,0.0,0.0,0.0,0.0,49520254806.7,100.0,0.0,0.0
2024,Poder Ejecutivo,Ramos Generales,"Previsiones y Aportaciones para los Sistemas de Educación Básica, Normal, Tecnológica y de Adultos",E003,Porcentaje Ejer/Aprob,100.30613103985522,72.75180953305714,0.0,37.16329708920231,99.56569491362507,0.0,0.0,0.0,0.0,0.0,99.56569491362507,,0.0,
2024,Poder Ejecutivo,Ramos Generales,"Previsiones y Aportaciones para los Sistemas de Educación Básica, Normal, Tecnológica y de Adultos",E003,Porcentaje Ejer/Modif,100.0,100.0,0.0,100.0,100.0,0.0,0.0,0.0,0.0,0.0,100.0,,0.0,
2024,Poder Ejecutivo,Ramos Generales,"Previsiones y Aportaciones para los Sistemas de Educación Básica, Normal, Tecnológica y de Adultos",E004,Servicios de educación normal en la Ciudad de México,0.0,0.0,0.0,0.0,0.0,0.0,0.0,0.0,0.0,0.0,0.0,,0.0,
2024,Poder Ejecutivo,Ramos Generales,"Previsiones y Aportaciones para los Sistemas de Educación Básica, Normal, Tecnológica y de Adultos",E004,Aprobado,1355030584.0,19366762.0,0.0,3968661.0,1378366007.0,0.0,0.0,0.0,0.0,0.0,1378366007.0,100.0,0.0,0.0
2024,Poder Ejecutivo,Ramos Generales,"Previsiones y Aportaciones para los Sistemas de Educación Básica, Normal, Tecnológica y de Adultos",E004,Modificado,1759328024.16,21867702.89,0.0,4806557.98,1786002285.03,0.0,0.0,0.0,0.0,0.0,1786002285.03,100.0,0.0,0.0
2024,Poder Ejecutivo,Ramos Generales,"Previsiones y Aportaciones para los Sistemas de Educación Básica, Normal, Tecnológica y de Adultos",E004,Devengado,1759328024.16,21867702.89,0.0,4806557.98,1786002285.03,0.0,0.0,0.0,0.0,0.0,1786002285.03,100.0,0.0,0.0
2024,Poder Ejecutivo,Ramos Generales,"Previsiones y Aportaciones para los Sistemas de Educación Básica, Normal, Tecnológica y de Adultos",E004,Ejercido,1759328024.16,21867702.89,0.0,4806557.98,1786002285.03,0.0,0.0,0.0,0.0,0.0,1786002285.03,100.0,0.0,0.0
2024,Poder Ejecutivo,Ramos Generales,"Previsiones y Aportaciones para los Sistemas de Educación Básica, Normal, Tecnológica y de Adultos",E004,Porcentaje Ejer/Aprob,129.83677600593552,112.91357269738742,0.0,121.11283830994888,129.57387776249766,0.0,0.0,0.0,0.0,0.0,129.57387776249766,,0.0,
2024,Poder Ejecutivo,Ramos Generales,"Previsiones y Aportaciones para los Sistemas de Educación Básica, Normal, Tecnológica y de Adultos",E004,Porcentaje Ejer/Modif,100.0,100.0,0.0,100.0,100.0,0.0,0.0,0.0,0.0,0.0,100.0,,0.0,
2024,Poder Ejecutivo,Ramos Generales,"Previsiones y Aportaciones para los Sistemas de Educación Básica, Normal, Tecnológica y de Adultos",E247,Programa para el Desarrollo Profesional Docente,0.0,0.0,0.0,0.0,0.0,0.0,0.0,0.0,0.0,0.0,0.0,,0.0,
2024,Poder Ejecutivo,Ramos Generales,"Previsiones y Aportaciones para los Sistemas de Educación Básica, Normal, Tecnológica y de Adultos",E247,Aprobado,0.0,0.0,0.0,0.0,0.0,0.0,0.0,0.0,0.0,0.0,0.0,0.0,0.0,0.0
2024,Poder Ejecutivo,Ramos Generales,"Previsiones y Aportaciones para los Sistemas de Educación Básica, Normal, Tecnológica y de Adultos",E247,Modificado,0.0,0.0,0.0,0.0,0.0,0.0,0.0,0.0,0.0,0.0,0.0,0.0,0.0,0.0
2024,Poder Ejecutivo,Ramos Generales,"Previsiones y Aportaciones para los Sistemas de Educación Básica, Normal, Tecnológica y de Adultos",E247,Devengado,0.0,0.0,0.0,0.0,0.0,0.0,0.0,0.0,0.0,0.0,0.0,0.0,0.0,0.0
2024,Poder Ejecutivo,Ramos Generales,"Previsiones y Aportaciones para los Sistemas de Educación Básica, Normal, Tecnológica y de Adultos",E247,Ejercido,0.0,0.0,0.0,0.0,0.0,0.0,0.0,0.0,0.0,0.0,0.0,0.0,0.0,0.0
2024,Poder Ejecutivo,Ramos Generales,"Previsiones y Aportaciones para los Sistemas de Educación Básica, Normal, Tecnológica y de Adultos",E247,Porcentaje Ejer/Aprob,0.0,0.0,0.0,0.0,0.0,0.0,0.0,0.0,0.0,0.0,0.0,,0.0,
2024,Poder Ejecutivo,Ramos Generales,"Previsiones y Aportaciones para los Sistemas de Educación Básica, Normal, Tecnológica y de Adultos",E247,Porcentaje Ejer/Modif,0.0,0.0,0.0,0.0,0.0,0.0,0.0,0.0,0.0,0.0,0.0,,0.0,
2024,Poder Ejecutivo,Ramos Generales,"Previsiones y Aportaciones para los Sistemas de Educación Básica, Normal, Tecnológica y de Adultos",E270,Programa Nacional de Inglés,0.0,0.0,0.0,0.0,0.0,0.0,0.0,0.0,0.0,0.0,0.0,,0.0,
2024,Poder Ejecutivo,Ramos Generales,"Previsiones y Aportaciones para los Sistemas de Educación Básica, Normal, Tecnológica y de Adultos",E270,Aprobado,0.0,0.0,0.0,0.0,0.0,0.0,0.0,0.0,0.0,0.0,0.0,0.0,0.0,0.0
2024,Poder Ejecutivo,Ramos Generales,"Previsiones y Aportaciones para los Sistemas de Educación Básica, Normal, Tecnológica y de Adultos",E270,Modificado,0.0,0.0,0.0,0.0,0.0,0.0,0.0,0.0,0.0,0.0,0.0,0.0,0.0,0.0
2024,Poder Ejecutivo,Ramos Generales,"Previsiones y Aportaciones para los Sistemas de Educación Básica, Normal, Tecnológica y de Adultos",E270,Devengado,0.0,0.0,0.0,0.0,0.0,0.0,0.0,0.0,0.0,0.0,0.0,0.0,0.0,0.0
2024,Poder Ejecutivo,Ramos Generales,"Previsiones y Aportaciones para los Sistemas de Educación Básica, Normal, Tecnológica y de Adultos",E270,Ejercido,0.0,0.0,0.0,0.0,0.0,0.0,0.0,0.0,0.0,0.0,0.0,0.0,0.0,0.0
2024,Poder Ejecutivo,Ramos Generales,"Previsiones y Aportaciones para los Sistemas de Educación Básica, Normal, Tecnológica y de Adultos",E270,Porcentaje Ejer/Aprob,0.0,0.0,0.0,0.0,0.0,0.0,0.0,0.0,0.0,0.0,0.0,,0.0,
2024,Poder Ejecutivo,Ramos Generales,"Previsiones y Aportaciones para los Sistemas de Educación Básica, Normal, Tecnológica y de Adultos",E270,Porcentaje Ejer/Modif,0.0,0.0,0.0,0.0,0.0,0.0,0.0,0.0,0.0,0.0,0.0,,0.0,
2024,Poder Ejecutivo,Ramos Generales,"Previsiones y Aportaciones para los Sistemas de Educación Básica, Normal, Tecnológica y de Adultos",E312,Expansión de la Educación Inicial,0.0,0.0,0.0,0.0,0.0,0.0,0.0,0.0,0.0,0.0,0.0,,0.0,
2024,Poder Ejecutivo,Ramos Generales,"Previsiones y Aportaciones para los Sistemas de Educación Básica, Normal, Tecnológica y de Adultos",E312,Aprobado,0.0,0.0,0.0,0.0,0.0,0.0,0.0,0.0,0.0,0.0,0.0,0.0,0.0,0.0
2024,Poder Ejecutivo,Ramos Generales,"Previsiones y Aportaciones para los Sistemas de Educación Básica, Normal, Tecnológica y de Adultos",E312,Modificado,0.0,0.0,0.0,0.0,0.0,0.0,0.0,0.0,0.0,0.0,0.0,0.0,0.0,0.0
2024,Poder Ejecutivo,Ramos Generales,"Previsiones y Aportaciones para los Sistemas de Educación Básica, Normal, Tecnológica y de Adultos",E312,Devengado,0.0,0.0,0.0,0.0,0.0,0.0,0.0,0.0,0.0,0.0,0.0,0.0,0.0,0.0
2024,Poder Ejecutivo,Ramos Generales,"Previsiones y Aportaciones para los Sistemas de Educación Básica, Normal, Tecnológica y de Adultos",E312,Ejercido,0.0,0.0,0.0,0.0,0.0,0.0,0.0,0.0,0.0,0.0,0.0,0.0,0.0,0.0
2024,Poder Ejecutivo,Ramos Generales,"Previsiones y Aportaciones para los Sistemas de Educación Básica, Normal, Tecnológica y de Adultos",E312,Porcentaje Ejer/Aprob,0.0,0.0,0.0,0.0,0.0,0.0,0.0,0.0,0.0,0.0,0.0,,0.0,
2024,Poder Ejecutivo,Ramos Generales,"Previsiones y Aportaciones para los Sistemas de Educación Básica, Normal, Tecnológica y de Adultos",E312,Porcentaje Ejer/Modif,0.0,0.0,0.0,0.0,0.0,0.0,0.0,0.0,0.0,0.0,0.0,,0.0,
2024,Poder Ejecutivo,Ramos Generales,"Previsiones y Aportaciones para los Sistemas de Educación Básica, Normal, Tecnológica y de Adultos",I002,Previsiones salariales y económicas del Fondo de Aportaciones para la Nómina Educativa y Gasto Operativo (FONE),0.0,0.0,0.0,0.0,0.0,0.0,0.0,0.0,0.0,0.0,0.0,,0.0,
2024,Poder Ejecutivo,Ramos Generales,"Previsiones y Aportaciones para los Sistemas de Educación Básica, Normal, Tecnológica y de Adultos",I002,Aprobado,25637037080.0,0.0,0.0,0.0,25637037080.0,0.0,0.0,0.0,0.0,0.0,25637037080.0,100.0,0.0,0.0
2024,Poder Ejecutivo,Ramos Generales,"Previsiones y Aportaciones para los Sistemas de Educación Básica, Normal, Tecnológica y de Adultos",I002,Modificado,0.0,0.0,0.0,0.0,0.0,0.0,0.0,0.0,0.0,0.0,0.0,0.0,0.0,0.0
2024,Poder Ejecutivo,Ramos Generales,"Previsiones y Aportaciones para los Sistemas de Educación Básica, Normal, Tecnológica y de Adultos",I002,Devengado,0.0,0.0,0.0,0.0,0.0,0.0,0.0,0.0,0.0,0.0,0.0,0.0,0.0,0.0
2024,Poder Ejecutivo,Ramos Generales,"Previsiones y Aportaciones para los Sistemas de Educación Básica, Normal, Tecnológica y de Adultos",I002,Ejercido,0.0,0.0,0.0,0.0,0.0,0.0,0.0,0.0,0.0,0.0,0.0,0.0,0.0,0.0
2024,Poder Ejecutivo,Ramos Generales,"Previsiones y Aportaciones para los Sistemas de Educación Básica, Normal, Tecnológica y de Adultos",I002,Porcentaje Ejer/Aprob,0.0,0.0,0.0,0.0,0.0,0.0,0.0,0.0,0.0,0.0,0.0,,0.0,
2024,Poder Ejecutivo,Ramos Generales,"Previsiones y Aportaciones para los Sistemas de Educación Básica, Normal, Tecnológica y de Adultos",I002,Porcentaje Ejer/Modif,0.0,0.0,0.0,0.0,0.0,0.0,0.0,0.0,0.0,0.0,0.0,,0.0,
2024,Poder Ejecutivo,Ramos Generales,"Previsiones y Aportaciones para los Sistemas de Educación Básica, Normal, Tecnológica y de Adultos",I003,Previsiones salariales y económicas del Fondo de Aportaciones para la Educación Tecnológica y de Adultos,0.0,0.0,0.0,0.0,0.0,0.0,0.0,0.0,0.0,0.0,0.0,,0.0,
2024,Poder Ejecutivo,Ramos Generales,"Previsiones y Aportaciones para los Sistemas de Educación Básica, Normal, Tecnológica y de Adultos",I003,Aprobado,311882683.0,0.0,0.0,0.0,311882683.0,0.0,0.0,0.0,0.0,0.0,311882683.0,100.0,0.0,0.0
2024,Poder Ejecutivo,Ramos Generales,"Previsiones y Aportaciones para los Sistemas de Educación Básica, Normal, Tecnológica y de Adultos",I003,Modificado,0.01,0.0,0.0,0.0,0.01,0.0,0.0,0.0,0.0,0.0,0.01,100.0,0.0,0.0
2024,Poder Ejecutivo,Ramos Generales,"Previsiones y Aportaciones para los Sistemas de Educación Básica, Normal, Tecnológica y de Adultos",I003,Devengado,0.0,0.0,0.0,0.0,0.0,0.0,0.0,0.0,0.0,0.0,0.0,0.0,0.0,0.0
2024,Poder Ejecutivo,Ramos Generales,"Previsiones y Aportaciones para los Sistemas de Educación Básica, Normal, Tecnológica y de Adultos",I003,Ejercido,0.0,0.0,0.0,0.0,0.0,0.0,0.0,0.0,0.0,0.0,0.0,0.0,0.0,0.0
2024,Poder Ejecutivo,Ramos Generales,"Previsiones y Aportaciones para los Sistemas de Educación Básica, Normal, Tecnológica y de Adultos",I003,Porcentaje Ejer/Aprob,0.0,0.0,0.0,0.0,0.0,0.0,0.0,0.0,0.0,0.0,0.0,,0.0,
2024,Poder Ejecutivo,Ramos Generales,"Previsiones y Aportaciones para los Sistemas de Educación Básica, Normal, Tecnológica y de Adultos",I003,Porcentaje Ejer/Modif,0.0,0.0,0.0,0.0,0.0,0.0,0.0,0.0,0.0,0.0,0.0,,0.0,
2024,Poder Ejecutivo,Ramos Generales,"Previsiones y Aportaciones para los Sistemas de Educación Básica, Normal, Tecnológica y de Adultos",M001,Actividades de apoyo administrativo,0.0,0.0,0.0,0.0,0.0,0.0,0.0,0.0,0.0,0.0,0.0,,0.0,
2024,Poder Ejecutivo,Ramos Generales,"Previsiones y Aportaciones para los Sistemas de Educación Básica, Normal, Tecnológica y de Adultos",M001,Aprobado,5037833210.0,157993539.0,0.0,2127182.0,5197953931.0,0.0,0.0,0.0,0.0,0.0,5197953931.0,100.0,0.0,0.0
2024,Poder Ejecutivo,Ramos Generales,"Previsiones y Aportaciones para los Sistemas de Educación Básica, Normal, Tecnológica y de Adultos",M001,Modificado,32688659.54,514728262.0,0.0,58393719.99,605810641.53,0.0,0.0,0.0,0.0,0.0,605810641.53,100.0,0.0,0.0
2024,Poder Ejecutivo,Ramos Generales,"Previsiones y Aportaciones para los Sistemas de Educación Básica, Normal, Tecnológica y de Adultos",M001,Devengado,32688659.54,514728262.0,0.0,58393719.99,605810641.53,0.0,0.0,0.0,0.0,0.0,605810641.53,100.0,0.0,0.0
2024,Poder Ejecutivo,Ramos Generales,"Previsiones y Aportaciones para los Sistemas de Educación Básica, Normal, Tecnológica y de Adultos",M001,Ejercido,32688659.54,514728262.0,0.0,58393719.99,605810641.53,0.0,0.0,0.0,0.0,0.0,605810641.53,100.0,0.0,0.0
2024,Poder Ejecutivo,Ramos Generales,"Previsiones y Aportaciones para los Sistemas de Educación Básica, Normal, Tecnológica y de Adultos",M001,Porcentaje Ejer/Aprob,0.6488634731914834,325.7907033780666,0.0,0.0,11.654790511262805,0.0,0.0,0.0,0.0,0.0,11.654790511262805,,0.0,
2024,Poder Ejecutivo,Ramos Generales,"Previsiones y Aportaciones para los Sistemas de Educación Básica, Normal, Tecnológica y de Adultos",M001,Porcentaje Ejer/Modif,100.0,100.0,0.0,100.0,100.0,0.0,0.0,0.0,0.0,0.0,100.0,,0.0,
2024,Poder Ejecutivo,Ramos Generales,"Previsiones y Aportaciones para los Sistemas de Educación Básica, Normal, Tecnológica y de Adultos",O001,Actividades de apoyo a la función pública y buen gobierno,0.0,0.0,0.0,0.0,0.0,0.0,0.0,0.0,0.0,0.0,0.0,,0.0,
2024,Poder Ejecutivo,Ramos Generales,"Previsiones y Aportaciones para los Sistemas de Educación Básica, Normal, Tecnológica y de Adultos",O001,Aprobado,55856858.0,2083938.0,0.0,0.0,57940796.0,0.0,0.0,0.0,0.0,0.0,57940796.0,100.0,0.0,0.0
2024,Poder Ejecutivo,Ramos Generales,"Previsiones y Aportaciones para los Sistemas de Educación Básica, Normal, Tecnológica y de Adultos",O001,Modificado,20036428.52,1750773.92,0.0,0.0,21787202.44,0.0,0.0,0.0,0.0,0.0,21787202.44,100.0,0.0,0.0
2024,Poder Ejecutivo,Ramos Generales,"Previsiones y Aportaciones para los Sistemas de Educación Básica, Normal, Tecnológica y de Adultos",O001,Devengado,20036428.52,1750773.92,0.0,0.0,21787202.44,0.0,0.0,0.0,0.0,0.0,21787202.44,100.0,0.0,0.0
2024,Poder Ejecutivo,Ramos Generales,"Previsiones y Aportaciones para los Sistemas de Educación Básica, Normal, Tecnológica y de Adultos",O001,Ejercido,20036428.52,1750773.92,0.0,0.0,21787202.44,0.0,0.0,0.0,0.0,0.0,21787202.44,100.0,0.0,0.0
2024,Poder Ejecutivo,Ramos Generales,"Previsiones y Aportaciones para los Sistemas de Educación Básica, Normal, Tecnológica y de Adultos",O001,Porcentaje Ejer/Aprob,35.87102683076087,84.01276429529094,0.0,0.0,37.60252523972919,0.0,0.0,0.0,0.0,0.0,37.60252523972919,,0.0,
2024,Poder Ejecutivo,Ramos Generales,"Previsiones y Aportaciones para los Sistemas de Educación Básica, Normal, Tecnológica y de Adultos",O001,Porcentaje Ejer/Modif,100.0,100.0,0.0,0.0,100.0,0.0,0.0,0.0,0.0,0.0,100.0,,0.0,
2024,Poder Ejecutivo,Ramos Generales,"Previsiones y Aportaciones para los Sistemas de Educación Básica, Normal, Tecnológica y de Adultos",U001,Becas para la población atendida por el sector educativo,0.0,0.0,0.0,0.0,0.0,0.0,0.0,0.0,0.0,0.0,0.0,,0.0,
2024,Poder Ejecutivo,Ramos Generales,"Previsiones y Aportaciones para los Sistemas de Educación Básica, Normal, Tecnológica y de Adultos",U001,Aprobado,0.0,0.0,199043503.0,0.0,199043503.0,0.0,0.0,0.0,0.0,0.0,199043503.0,100.0,0.0,0.0
2024,Poder Ejecutivo,Ramos Generales,"Previsiones y Aportaciones para los Sistemas de Educación Básica, Normal, Tecnológica y de Adultos",U001,Modificado,0.0,0.0,164190703.25,0.0,164190703.25,0.0,0.0,0.0,0.0,0.0,164190703.25,100.0,0.0,0.0
2024,Poder Ejecutivo,Ramos Generales,"Previsiones y Aportaciones para los Sistemas de Educación Básica, Normal, Tecnológica y de Adultos",U001,Devengado,0.0,0.0,164190703.25,0.0,164190703.25,0.0,0.0,0.0,0.0,0.0,164190703.25,100.0,0.0,0.0
2024,Poder Ejecutivo,Ramos Generales,"Previsiones y Aportaciones para los Sistemas de Educación Básica, Normal, Tecnológica y de Adultos",U001,Ejercido,0.0,0.0,164190703.25,0.0,164190703.25,0.0,0.0,0.0,0.0,0.0,164190703.25,100.0,0.0,0.0
2024,Poder Ejecutivo,Ramos Generales,"Previsiones y Aportaciones para los Sistemas de Educación Básica, Normal, Tecnológica y de Adultos",U001,Porcentaje Ejer/Aprob,0.0,0.0,82.48985813417885,0.0,82.48985813417885,0.0,0.0,0.0,0.0,0.0,82.48985813417885,,0.0,
2024,Poder Ejecutivo,Ramos Generales,"Previsiones y Aportaciones para los Sistemas de Educación Básica, Normal, Tecnológica y de Adultos",U001,Porcentaje Ejer/Modif,0.0,0.0,100.0,0.0,100.0,0.0,0.0,0.0,0.0,0.0,100.0,,0.0,
2024,Poder Ejecutivo,Ramos Generales,Participaciones a Entidades Federativas y Municipios,TOTAL,Aprobado,0.0,0.0,0.0,1262789085482.0,1262789085482.0,0.0,0.0,0.0,0.0,0.0,1262789085482.0,100.0,0.0,0.0
2024,Poder Ejecutivo,Ramos Generales,Participaciones a Entidades Federativas y Municipios,TOTAL,Modificado,0.0,0.0,0.0,1253784551473.0,1253784551473.0,0.0,0.0,0.0,0.0,0.0,1253784551473.0,100.0,0.0,0.0
2024,Poder Ejecutivo,Ramos Generales,Participaciones a Entidades Federativas y Municipios,TOTAL,Devengado,0.0,0.0,0.0,1253784551473.0,1253784551473.0,0.0,0.0,0.0,0.0,0.0,1253784551473.0,100.0,0.0,0.0
2024,Poder Ejecutivo,Ramos Generales,Participaciones a Entidades Federativas y Municipios,TOTAL,Ejercido,0.0,0.0,0.0,1253784551473.0,1253784551473.0,0.0,0.0,0.0,0.0,0.0,1253784551473.0,100.0,0.0,0.0
2024,Poder Ejecutivo,Ramos Generales,Participaciones a Entidades Federativas y Municipios,TOTAL,Porcentaje Ejer/Aprob,0.0,0.0,0.0,99.28693286056057,99.28693286056057,0.0,0.0,0.0,0.0,0.0,99.28693286056057,,0.0,
2024,Poder Ejecutivo,Ramos Generales,Participaciones a Entidades Federativas y Municipios,TOTAL,Porcentaje Ejer/Modif,0.0,0.0,0.0,100.0,100.0,0.0,0.0,0.0,0.0,0.0,100.0,,0.0,
2024,Poder Ejecutivo,Ramos Generales,Participaciones a Entidades Federativas y Municipios,C001,Fondo General de Participaciones,0.0,0.0,0.0,0.0,0.0,0.0,0.0,0.0,0.0,0.0,0.0,,0.0,
2024,Poder Ejecutivo,Ramos Generales,Participaciones a Entidades Federativas y Municipios,C001,Aprobado,0.0,0.0,0.0,914770681104.0,914770681104.0,0.0,0.0,0.0,0.0,0.0,914770681104.0,100.0,0.0,0.0
2024,Poder Ejecutivo,Ramos Generales,Participaciones a Entidades Federativas y Municipios,C001,Modificado,0.0,0.0,0.0,922718469989.0,922718469989.0,0.0,0.0,0.0,0.0,0.0,922718469989.0,100.0,0.0,0.0
2024,Poder Ejecutivo,Ramos Generales,Participaciones a Entidades Federativas y Municipios,C001,Devengado,0.0,0.0,0.0,922718469989.0,922718469989.0,0.0,0.0,0.0,0.0,0.0,922718469989.0,100.0,0.0,0.0
2024,Poder Ejecutivo,Ramos Generales,Participaciones a Entidades Federativas y Municipios,C001,Ejercido,0.0,0.0,0.0,922718469989.0,922718469989.0,0.0,0.0,0.0,0.0,0.0,922718469989.0,100.0,0.0,0.0
2024,Poder Ejecutivo,Ramos Generales,Participaciones a Entidades Federativas y Municipios,C001,Porcentaje Ejer/Aprob,0.0,0.0,0.0,100.8688285544316,100.8688285544316,0.0,0.0,0.0,0.0,0.0,100.8688285544316,,0.0,
2024,Poder Ejecutivo,Ramos Generales,Participaciones a Entidades Federativas y Municipios,C001,Porcentaje Ejer/Modif,0.0,0.0,0.0,100.0,100.0,0.0,0.0,0.0,0.0,0.0,100.0,,0.0,
2024,Poder Ejecutivo,Ramos Generales,Participaciones a Entidades Federativas y Municipios,C002,Fondo de Fomento Municipal,0.0,0.0,0.0,0.0,0.0,0.0,0.0,0.0,0.0,0.0,0.0,,0.0,
2024,Poder Ejecutivo,Ramos Generales,Participaciones a Entidades Federativas y Municipios,C002,Aprobado,0.0,0.0,0.0,45649239737.0,45649239737.0,0.0,0.0,0.0,0.0,0.0,45649239737.0,100.0,0.0,0.0
2024,Poder Ejecutivo,Ramos Generales,Participaciones a Entidades Federativas y Municipios,C002,Modificado,0.0,0.0,0.0,46046989997.0,46046989997.0,0.0,0.0,0.0,0.0,0.0,46046989997.0,100.0,0.0,0.0
2024,Poder Ejecutivo,Ramos Generales,Participaciones a Entidades Federativas y Municipios,C002,Devengado,0.0,0.0,0.0,46046989997.0,46046989997.0,0.0,0.0,0.0,0.0,0.0,46046989997.0,100.0,0.0,0.0
2024,Poder Ejecutivo,Ramos Generales,Participaciones a Entidades Federativas y Municipios,C002,Ejercido,0.0,0.0,0.0,46046989997.0,46046989997.0,0.0,0.0,0.0,0.0,0.0,46046989997.0,100.0,0.0,0.0
2024,Poder Ejecutivo,Ramos Generales,Participaciones a Entidades Federativas y Municipios,C002,Porcentaje Ejer/Aprob,0.0,0.0,0.0,100.8713184760394,100.8713184760394,0.0,0.0,0.0,0.0,0.0,100.8713184760394,,0.0,
2024,Poder Ejecutivo,Ramos Generales,Participaciones a Entidades Federativas y Municipios,C002,Porcentaje Ejer/Modif,0.0,0.0,0.0,100.0,100.0,0.0,0.0,0.0,0.0,0.0,100.0,,0.0,
2024,Poder Ejecutivo,Ramos Generales,Participaciones a Entidades Federativas y Municipios,C003,Otros conceptos participables e incentivos económicos,0.0,0.0,0.0,0.0,0.0,0.0,0.0,0.0,0.0,0.0,0.0,,0.0,
2024,Poder Ejecutivo,Ramos Generales,Participaciones a Entidades Federativas y Municipios,C003,Aprobado,0.0,0.0,0.0,299008886313.0,299008886313.0,0.0,0.0,0.0,0.0,0.0,299008886313.0,100.0,0.0,0.0
2024,Poder Ejecutivo,Ramos Generales,Participaciones a Entidades Federativas y Municipios,C003,Modificado,0.0,0.0,0.0,281658813159.0,281658813159.0,0.0,0.0,0.0,0.0,0.0,281658813159.0,100.0,0.0,0.0
2024,Poder Ejecutivo,Ramos Generales,Participaciones a Entidades Federativas y Municipios,C003,Devengado,0.0,0.0,0.0,281658813159.0,281658813159.0,0.0,0.0,0.0,0.0,0.0,281658813159.0,100.0,0.0,0.0
2024,Poder Ejecutivo,Ramos Generales,Participaciones a Entidades Federativas y Municipios,C003,Ejercido,0.0,0.0,0.0,281658813159.0,281658813159.0,0.0,0.0,0.0,0.0,0.0,281658813159.0,100.0,0.0,0.0
2024,Poder Ejecutivo,Ramos Generales,Participaciones a Entidades Federativas y Municipios,C003,Porcentaje Ejer/Aprob,0.0,0.0,0.0,94.19747240025565,94.19747240025565,0.0,0.0,0.0,0.0,0.0,94.19747240025565,,0.0,
2024,Poder Ejecutivo,Ramos Generales,Participaciones a Entidades Federativas y Municipios,C003,Porcentaje Ejer/Modif,0.0,0.0,0.0,100.0,100.0,0.0,0.0,0.0,0.0,0.0,100.0,,0.0,
2024,Poder Ejecutivo,Ramos Generales,Participaciones a Entidades Federativas y Municipios,C004,Fondo de Compensación del Impuesto sobre Automóviles Nuevos,0.0,0.0,0.0,0.0,0.0,0.0,0.0,0.0,0.0,0.0,0.0,,0.0,
2024,Poder Ejecutivo,Ramos Generales,Participaciones a Entidades Federativas y Municipios,C004,Aprobado,0.0,0.0,0.0,3360278328.0,3360278328.0,0.0,0.0,0.0,0.0,0.0,3360278328.0,100.0,0.0,0.0
2024,Poder Ejecutivo,Ramos Generales,Participaciones a Entidades Federativas y Municipios,C004,Modificado,0.0,0.0,0.0,3360278328.0,3360278328.0,0.0,0.0,0.0,0.0,0.0,3360278328.0,100.0,0.0,0.0
2024,Poder Ejecutivo,Ramos Generales,Participaciones a Entidades Federativas y Municipios,C004,Devengado,0.0,0.0,0.0,3360278328.0,3360278328.0,0.0,0.0,0.0,0.0,0.0,3360278328.0,100.0,0.0,0.0
2024,Poder Ejecutivo,Ramos Generales,Participaciones a Entidades Federativas y Municipios,C004,Ejercido,0.0,0.0,0.0,3360278328.0,3360278328.0,0.0,0.0,0.0,0.0,0.0,3360278328.0,100.0,0.0,0.0
2024,Poder Ejecutivo,Ramos Generales,Participaciones a Entidades Federativas y Municipios,C004,Porcentaje Ejer/Aprob,0.0,0.0,0.0,100.0,100.0,0.0,0.0,0.0,0.0,0.0,100.0,,0.0,
2024,Poder Ejecutivo,Ramos Generales,Participaciones a Entidades Federativas y Municipios,C004,Porcentaje Ejer/Modif,0.0,0.0,0.0,100.0,100.0,0.0,0.0,0.0,0.0,0.0,100.0,,0.0,
2024,Poder Ejecutivo,Ramos Generales,Adeudos de Ejercicios Fiscales Anteriores,TOTAL,Aprobado,0.0,0.0,0.0,44050600000.0,44050600000.0,0.0,0.0,0.0,0.0,0.0,44050600000.0,100.0,0.0,0.0
2024,Poder Ejecutivo,Ramos Generales,Adeudos de Ejercicios Fiscales Anteriores,TOTAL,Modificado,0.0,0.0,0.0,29675530473.91,29675530473.91,0.0,0.0,0.0,0.0,0.0,29675530473.91,100.0,0.0,0.0
2024,Poder Ejecutivo,Ramos Generales,Adeudos de Ejercicios Fiscales Anteriores,TOTAL,Devengado,0.0,0.0,0.0,29675530473.91,29675530473.91,0.0,0.0,0.0,0.0,0.0,29675530473.91,100.0,0.0,0.0
2024,Poder Ejecutivo,Ramos Generales,Adeudos de Ejercicios Fiscales Anteriores,TOTAL,Ejercido,0.0,0.0,0.0,29675530473.91,29675530473.91,0.0,0.0,0.0,0.0,0.0,29675530473.91,100.0,0.0,0.0
2024,Poder Ejecutivo,Ramos Generales,Adeudos de Ejercicios Fiscales Anteriores,TOTAL,Porcentaje Ejer/Aprob,0.0,0.0,0.0,67.36691548789346,67.36691548789346,0.0,0.0,0.0,0.0,0.0,67.36691548789346,,0.0,
2024,Poder Ejecutivo,Ramos Generales,Adeudos de Ejercicios Fiscales Anteriores,TOTAL,Porcentaje Ejer/Modif,0.0,0.0,0.0,100.0,100.0,0.0,0.0,0.0,0.0,0.0,100.0,,0.0,
2024,Poder Ejecutivo,Ramos Generales,Adeudos de Ejercicios Fiscales Anteriores,H001,Adeudos de Ejercicios Fiscales Anteriores (ADEFAS),0.0,0.0,0.0,0.0,0.0,0.0,0.0,0.0,0.0,0.0,0.0,,0.0,
2024,Poder Ejecutivo,Ramos Generales,Adeudos de Ejercicios Fiscales Anteriores,H001,Aprobado,0.0,0.0,0.0,44050600000.0,44050600000.0,0.0,0.0,0.0,0.0,0.0,44050600000.0,100.0,0.0,0.0
2024,Poder Ejecutivo,Ramos Generales,Adeudos de Ejercicios Fiscales Anteriores,H001,Modificado,0.0,0.0,0.0,29675530473.91,29675530473.91,0.0,0.0,0.0,0.0,0.0,29675530473.91,100.0,0.0,0.0
2024,Poder Ejecutivo,Ramos Generales,Adeudos de Ejercicios Fiscales Anteriores,H001,Devengado,0.0,0.0,0.0,29675530473.91,29675530473.91,0.0,0.0,0.0,0.0,0.0,29675530473.91,100.0,0.0,0.0
2024,Poder Ejecutivo,Ramos Generales,Adeudos de Ejercicios Fiscales Anteriores,H001,Ejercido,0.0,0.0,0.0,29675530473.91,29675530473.91,0.0,0.0,0.0,0.0,0.0,29675530473.91,100.0,0.0,0.0
2024,Poder Ejecutivo,Ramos Generales,Adeudos de Ejercicios Fiscales Anteriores,H001,Porcentaje Ejer/Aprob,0.0,0.0,0.0,67.36691548789346,67.36691548789346,0.0,0.0,0.0,0.0,0.0,67.36691548789346,,0.0,
2024,Poder Ejecutivo,Ramos Generales,Adeudos de Ejercicios Fiscales Anteriores,H001,Porcentaje Ejer/Modif,0.0,0.0,0.0,100.0,100.0,0.0,0.0,0.0,0.0,0.0,100.0,,0.0,
2024,Poder Ejecutivo,Ramos Generales,Aportaciones Federales para Entidades Federativas y Municipios,TOTAL,Aprobado,545404042223.0,0.0,0.0,174634459989.0,720038502212.0,0.0,264445980420.0,0.0,0.0,264445980420.0,984484482632.0,73.13863396678343,0.0,26.861366033216576
2024,Poder Ejecutivo,Ramos Generales,Aportaciones Federales para Entidades Federativas y Municipios,TOTAL,Modificado,548459500845.76,0.0,0.0,165677907459.1,714137408304.86,0.0,263927160888.68,0.0,0.0,263927160888.68,978064569193.54,73.01536430193967,0.0,26.984635698060334
2024,Poder Ejecutivo,Ramos Generales,Aportaciones Federales para Entidades Federativas y Municipios,TOTAL,Devengado,548459500845.76,0.0,0.0,165677907459.1,714137408304.86,0.0,263927160888.68,0.0,0.0,263927160888.68,978064569193.54,73.01536430193967,0.0,26.984635698060334
2024,Poder Ejecutivo,Ramos Generales,Aportaciones Federales para Entidades Federativas y Municipios,TOTAL,Ejercido,548459500845.76,0.0,0.0,165677907459.1,714137408304.86,0.0,263927160888.68,0.0,0.0,263927160888.68,978064569193.54,73.01536430193967,0.0,26.984635698060334
2024,Poder Ejecutivo,Ramos Generales,Aportaciones Federales para Entidades Federativas y Municipios,TOTAL,Porcentaje Ejer/Aprob,100.56021928446044,0.0,0.0,94.87125706434793,99.18044744982227,0.0,99.80380887979616,0.0,0.0,99.80380887979616,99.34789084523746,,0.0,
2024,Poder Ejecutivo,Ramos Generales,Aportaciones Federales para Entidades Federativas y Municipios,TOTAL,Porcentaje Ejer/Modif,100.0,0.0,0.0,100.0,100.0,0.0,100.0,0.0,0.0,100.0,100.0,,0.0,
2024,Poder Ejecutivo,Ramos Generales,Aportaciones Federales para Entidades Federativas y Municipios,I002,FASSA,0.0,0.0,0.0,0.0,0.0,0.0,0.0,0.0,0.0,0.0,0.0,,0.0,
2024,Poder Ejecutivo,Ramos Generales,Aportaciones Federales para Entidades Federativas y Municipios,I002,Aprobado,83713964018.0,0.0,0.0,51247677484.0,134961641502.0,0.0,627789114.0,0.0,0.0,627789114.0,135589430616.0,99.536992587735,0.0,0.4630074122650079
2024,Poder Ejecutivo,Ramos Generales,Aportaciones Federales para Entidades Federativas y Municipios,I002,Modificado,53544514728.96,0.0,0.0,42956099565.64,96500614294.6,0.0,627786928.36,0.0,0.0,627786928.36,97128401222.96,99.35365256664845,0.0,0.6463474333515526
2024,Poder Ejecutivo,Ramos Generales,Aportaciones Federales para Entidades Federativas y Municipios,I002,Devengado,53544514728.96,0.0,0.0,42956099565.64,96500614294.6,0.0,627786928.36,0.0,0.0,627786928.36,97128401222.96,99.35365256664845,0.0,0.6463474333515526
2024,Poder Ejecutivo,Ramos Generales,Aportaciones Federales para Entidades Federativas y Municipios,I002,Ejercido,53544514728.96,0.0,0.0,42956099565.64,96500614294.6,0.0,627786928.36,0.0,0.0,627786928.36,97128401222.96,99.35365256664845,0.0,0.6463474333515526
2024,Poder Ejecutivo,Ramos Generales,Aportaciones Federales para Entidades Federativas y Municipios,I002,Porcentaje Ejer/Aprob,63.96127020988634,0.0,0.0,83.82057816971567,71.50225295175441,0.0,99.99965185124252,0.0,0.0,99.99965185124252,71.63419802096178,,0.0,
2024,Poder Ejecutivo,Ramos Generales,Aportaciones Federales para Entidades Federativas y Municipios,I002,Porcentaje Ejer/Modif,100.0,0.0,0.0,100.0,100.0,0.0,100.0,0.0,0.0,100.0,100.0,,0.0,
2024,Poder Ejecutivo,Ramos Generales,Aportaciones Federales para Entidades Federativas y Municipios,I003,FAIS Entidades,0.0,0.0,0.0,0.0,0.0,0.0,0.0,0.0,0.0,0.0,0.0,,0.0,
2024,Poder Ejecutivo,Ramos Generales,Aportaciones Federales para Entidades Federativas y Municipios,I003,Aprobado,0.0,0.0,0.0,0.0,0.0,0.0,13996056984.0,0.0,0.0,13996056984.0,13996056984.0,0.0,0.0,100.0
2024,Poder Ejecutivo,Ramos Generales,Aportaciones Federales para Entidades Federativas y Municipios,I003,Modificado,0.0,0.0,0.0,0.0,0.0,0.0,13907407658.03,0.0,0.0,13907407658.03,13907407658.03,0.0,0.0,100.0
2024,Poder Ejecutivo,Ramos Generales,Aportaciones Federales para Entidades Federativas y Municipios,I003,Devengado,0.0,0.0,0.0,0.0,0.0,0.0,13907407658.03,0.0,0.0,13907407658.03,13907407658.03,0.0,0.0,100.0
2024,Poder Ejecutivo,Ramos Generales,Aportaciones Federales para Entidades Federativas y Municipios,I003,Ejercido,0.0,0.0,0.0,0.0,0.0,0.0,13907407658.03,0.0,0.0,13907407658.03,13907407658.03,0.0,0.0,100.0
2024,Poder Ejecutivo,Ramos Generales,Aportaciones Federales para Entidades Federativas y Municipios,I003,Porcentaje Ejer/Aprob,0.0,0.0,0.0,0.0,0.0,0.0,99.36661213889496,0.0,0.0,99.36661213889496,99.36661213889496,,0.0,
2024,Poder Ejecutivo,Ramos Generales,Aportaciones Federales para Entidades Federativas y Municipios,I003,Porcentaje Ejer/Modif,0.0,0.0,0.0,0.0,0.0,0.0,100.0,0.0,0.0,100.0,100.0,,0.0,
2024,Poder Ejecutivo,Ramos Generales,Aportaciones Federales para Entidades Federativas y Municipios,I004,FAIS Municipal y de las Demarcaciones Territoriales del Distrito Federal,0.0,0.0,0.0,0.0,0.0,0.0,0.0,0.0,0.0,0.0,0.0,,0.0,
2024,Poder Ejecutivo,Ramos Generales,Aportaciones Federales para Entidades Federativas y Municipios,I004,Aprobado,0.0,0.0,0.0,0.0,0.0,0.0,101469130672.0,0.0,0.0,101469130672.0,101469130672.0,0.0,0.0,100.0
2024,Poder Ejecutivo,Ramos Generales,Aportaciones Federales para Entidades Federativas y Municipios,I004,Modificado,0.0,0.0,0.0,0.0,0.0,0.0,101330895047.38,0.0,0.0,101330895047.38,101330895047.38,0.0,0.0,100.0
2024,Poder Ejecutivo,Ramos Generales,Aportaciones Federales para Entidades Federativas y Municipios,I004,Devengado,0.0,0.0,0.0,0.0,0.0,0.0,101330895047.38,0.0,0.0,101330895047.38,101330895047.38,0.0,0.0,100.0
2024,Poder Ejecutivo,Ramos Generales,Aportaciones Federales para Entidades Federativas y Municipios,I004,Ejercido,0.0,0.0,0.0,0.0,0.0,0.0,101330895047.38,0.0,0.0,101330895047.38,101330895047.38,0.0,0.0,100.0
2024,Poder Ejecutivo,Ramos Generales,Aportaciones Federales para Entidades Federativas y Municipios,I004,Porcentaje Ejer/Aprob,0.0,0.0,0.0,0.0,0.0,0.0,99.86376583330862,0.0,0.0,99.86376583330862,99.86376583330862,,0.0,
2024,Poder Ejecutivo,Ramos Generales,Aportaciones Federales para Entidades Federativas y Municipios,I004,Porcentaje Ejer/Modif,0.0,0.0,0.0,0.0,0.0,0.0,100.0,0.0,0.0,100.0,100.0,,0.0,
2024,Poder Ejecutivo,Ramos Generales,Aportaciones Federales para Entidades Federativas y Municipios,I005,FORTAMUN,0.0,0.0,0.0,0.0,0.0,0.0,0.0,0.0,0.0,0.0,0.0,,0.0,
2024,Poder Ejecutivo,Ramos Generales,Aportaciones Federales para Entidades Federativas y Municipios,I005,Aprobado,0.0,0.0,0.0,58483523826.0,58483523826.0,0.0,58483523826.0,0.0,0.0,58483523826.0,116967047652.0,50.0,0.0,50.0
2024,Poder Ejecutivo,Ramos Generales,Aportaciones Federales para Entidades Federativas y Municipios,I005,Modificado,0.0,0.0,0.0,58301805895.14,58301805895.14,0.0,58429197189.35,0.0,0.0,58429197189.35,116731003084.49,49.94543382184517,0.0,50.05456617815482
2024,Poder Ejecutivo,Ramos Generales,Aportaciones Federales para Entidades Federativas y Municipios,I005,Devengado,0.0,0.0,0.0,58301805895.14,58301805895.14,0.0,58429197189.35,0.0,0.0,58429197189.35,116731003084.49,49.94543382184517,0.0,50.05456617815482
2024,Poder Ejecutivo,Ramos Generales,Aportaciones Federales para Entidades Federativas y Municipios,I005,Ejercido,0.0,0.0,0.0,58301805895.14,58301805895.14,0.0,58429197189.35,0.0,0.0,58429197189.35,116731003084.49,49.94543382184517,0.0,50.05456617815482
2024,Poder Ejecutivo,Ramos Generales,Aportaciones Federales para Entidades Federativas y Municipios,I005,Porcentaje Ejer/Aprob,0.0,0.0,0.0,99.68928354693428,99.68928354693428,0.0,99.90710779191139,0.0,0.0,99.90710779191139,99.79819566942282,,0.0,
2024,Poder Ejecutivo,Ramos Generales,Aportaciones Federales para Entidades Federativas y Municipios,I005,Porcentaje Ejer/Modif,0.0,0.0,0.0,100.0,100.0,0.0,100.0,0.0,0.0,100.0,100.0,,0.0,
2024,Poder Ejecutivo,Ramos Generales,Aportaciones Federales para Entidades Federativas y Municipios,I006,FAM Asistencia Social,0.0,0.0,0.0,0.0,0.0,0.0,0.0,0.0,0.0,0.0,0.0,,0.0,
2024,Poder Ejecutivo,Ramos Generales,Aportaciones Federales para Entidades Federativas y Municipios,I006,Aprobado,0.0,0.0,0.0,17092901426.0,17092901426.0,0.0,0.0,0.0,0.0,0.0,17092901426.0,100.0,0.0,0.0
2024,Poder Ejecutivo,Ramos Generales,Aportaciones Federales para Entidades Federativas y Municipios,I006,Modificado,0.0,0.0,0.0,17057442871.34,17057442871.34,0.0,0.0,0.0,0.0,0.0,17057442871.34,100.0,0.0,0.0
2024,Poder Ejecutivo,Ramos Generales,Aportaciones Federales para Entidades Federativas y Municipios,I006,Devengado,0.0,0.0,0.0,17057442871.34,17057442871.34,0.0,0.0,0.0,0.0,0.0,17057442871.34,100.0,0.0,0.0
2024,Poder Ejecutivo,Ramos Generales,Aportaciones Federales para Entidades Federativas y Municipios,I006,Ejercido,0.0,0.0,0.0,17057442871.34,17057442871.34,0.0,0.0,0.0,0.0,0.0,17057442871.34,100.0,0.0,0.0
2024,Poder Ejecutivo,Ramos Generales,Aportaciones Federales para Entidades Federativas y Municipios,I006,Porcentaje Ejer/Aprob,0.0,0.0,0.0,99.79255391594278,99.79255391594278,0.0,0.0,0.0,0.0,0.0,99.79255391594278,,0.0,
2024,Poder Ejecutivo,Ramos Generales,Aportaciones Federales para Entidades Federativas y Municipios,I006,Porcentaje Ejer/Modif,0.0,0.0,0.0,100.0,100.0,0.0,0.0,0.0,0.0,0.0,100.0,,0.0,
2024,Poder Ejecutivo,Ramos Generales,Aportaciones Federales para Entidades Federativas y Municipios,I007,FAM Infraestructura Educativa Básica,0.0,0.0,0.0,0.0,0.0,0.0,0.0,0.0,0.0,0.0,0.0,,0.0,
2024,Poder Ejecutivo,Ramos Generales,Aportaciones Federales para Entidades Federativas y Municipios,I007,Aprobado,0.0,0.0,0.0,0.0,0.0,0.0,12841971158.0,0.0,0.0,12841971158.0,12841971158.0,0.0,0.0,100.0
2024,Poder Ejecutivo,Ramos Generales,Aportaciones Federales para Entidades Federativas y Municipios,I007,Modificado,0.0,0.0,0.0,0.0,0.0,0.0,12804619455.32,0.0,0.0,12804619455.32,12804619455.32,0.0,0.0,100.0
2024,Poder Ejecutivo,Ramos Generales,Aportaciones Federales para Entidades Federativas y Municipios,I007,Devengado,0.0,0.0,0.0,0.0,0.0,0.0,12804619455.32,0.0,0.0,12804619455.32,12804619455.32,0.0,0.0,100.0
2024,Poder Ejecutivo,Ramos Generales,Aportaciones Federales para Entidades Federativas y Municipios,I007,Ejercido,0.0,0.0,0.0,0.0,0.0,0.0,12804619455.32,0.0,0.0,12804619455.32,12804619455.32,0.0,0.0,100.0
2024,Poder Ejecutivo,Ramos Generales,Aportaciones Federales para Entidades Federativas y Municipios,I007,Porcentaje Ejer/Aprob,0.0,0.0,0.0,0.0,0.0,0.0,99.70914354018984,0.0,0.0,99.70914354018984,99.70914354018984,,0.0,
2024,Poder Ejecutivo,Ramos Generales,Aportaciones Federales para Entidades Federativas y Municipios,I007,Porcentaje Ejer/Modif,0.0,0.0,0.0,0.0,0.0,0.0,100.0,0.0,0.0,100.0,100.0,,0.0,
2024,Poder Ejecutivo,Ramos Generales,Aportaciones Federales para Entidades Federativas y Municipios,I008,FAM Infraestructura Educativa Media Superior y Superior,0.0,0.0,0.0,0.0,0.0,0.0,0.0,0.0,0.0,0.0,0.0,,0.0,
2024,Poder Ejecutivo,Ramos Generales,Aportaciones Federales para Entidades Federativas y Municipios,I008,Aprobado,0.0,0.0,0.0,0.0,0.0,0.0,7223608776.0,0.0,0.0,7223608776.0,7223608776.0,0.0,0.0,100.0
2024,Poder Ejecutivo,Ramos Generales,Aportaciones Federales para Entidades Federativas y Municipios,I008,Modificado,0.0,0.0,0.0,0.0,0.0,0.0,7183587004.74,0.0,0.0,7183587004.74,7183587004.74,0.0,0.0,100.0
2024,Poder Ejecutivo,Ramos Generales,Aportaciones Federales para Entidades Federativas y Municipios,I008,Devengado,0.0,0.0,0.0,0.0,0.0,0.0,7183587004.74,0.0,0.0,7183587004.74,7183587004.74,0.0,0.0,100.0
2024,Poder Ejecutivo,Ramos Generales,Aportaciones Federales para Entidades Federativas y Municipios,I008,Ejercido,0.0,0.0,0.0,0.0,0.0,0.0,7183587004.74,0.0,0.0,7183587004.74,7183587004.74,0.0,0.0,100.0
2024,Poder Ejecutivo,Ramos Generales,Aportaciones Federales para Entidades Federativas y Municipios,I008,Porcentaje Ejer/Aprob,0.0,0.0,0.0,0.0,0.0,0.0,99.44595876519546,0.0,0.0,99.44595876519546,99.44595876519546,,0.0,
2024,Poder Ejecutivo,Ramos Generales,Aportaciones Federales para Entidades Federativas y Municipios,I008,Porcentaje Ejer/Modif,0.0,0.0,0.0,0.0,0.0,0.0,100.0,0.0,0.0,100.0,100.0,,0.0,
2024,Poder Ejecutivo,Ramos Generales,Aportaciones Federales para Entidades Federativas y Municipios,I009,FAETA Educación Tecnológica,0.0,0.0,0.0,0.0,0.0,0.0,0.0,0.0,0.0,0.0,0.0,,0.0,
2024,Poder Ejecutivo,Ramos Generales,Aportaciones Federales para Entidades Federativas y Municipios,I009,Aprobado,5338013346.0,0.0,0.0,460007906.0,5798021252.0,0.0,0.0,0.0,0.0,0.0,5798021252.0,100.0,0.0,0.0
2024,Poder Ejecutivo,Ramos Generales,Aportaciones Federales para Entidades Federativas y Municipios,I009,Modificado,5888479554.78,0.0,0.0,452295791.03,6340775345.81,0.0,0.0,0.0,0.0,0.0,6340775345.81,100.0,0.0,0.0
2024,Poder Ejecutivo,Ramos Generales,Aportaciones Federales para Entidades Federativas y Municipios,I009,Devengado,5888479554.78,0.0,0.0,452295791.03,6340775345.81,0.0,0.0,0.0,0.0,0.0,6340775345.81,100.0,0.0,0.0
2024,Poder Ejecutivo,Ramos Generales,Aportaciones Federales para Entidades Federativas y Municipios,I009,Ejercido,5888479554.78,0.0,0.0,452295791.03,6340775345.81,0.0,0.0,0.0,0.0,0.0,6340775345.81,100.0,0.0,0.0
2024,Poder Ejecutivo,Ramos Generales,Aportaciones Federales para Entidades Federativas y Municipios,I009,Porcentaje Ejer/Aprob,110.31219244126633,0.0,0.0,98.32348208163188,109.36102284245301,0.0,0.0,0.0,0.0,0.0,109.36102284245301,,0.0,
2024,Poder Ejecutivo,Ramos Generales,Aportaciones Federales para Entidades Federativas y Municipios,I009,Porcentaje Ejer/Modif,100.0,0.0,0.0,100.0,100.0,0.0,0.0,0.0,0.0,0.0,100.0,,0.0,
2024,Poder Ejecutivo,Ramos Generales,Aportaciones Federales para Entidades Federativas y Municipios,I010,FAETA Educación de Adultos,0.0,0.0,0.0,0.0,0.0,0.0,0.0,0.0,0.0,0.0,0.0,,0.0,
2024,Poder Ejecutivo,Ramos Generales,Aportaciones Federales para Entidades Federativas y Municipios,I010,Aprobado,2165077933.0,0.0,0.0,1428692437.0,3593770370.0,0.0,0.0,0.0,0.0,0.0,3593770370.0,100.0,0.0,0.0
2024,Poder Ejecutivo,Ramos Generales,Aportaciones Federales para Entidades Federativas y Municipios,I010,Modificado,1815252328.36,0.0,0.0,1205913446.55,3021165774.91,0.0,0.0,0.0,0.0,0.0,3021165774.91,100.0,0.0,0.0
2024,Poder Ejecutivo,Ramos Generales,Aportaciones Federales para Entidades Federativas y Municipios,I010,Devengado,1815252328.36,0.0,0.0,1205913446.55,3021165774.91,0.0,0.0,0.0,0.0,0.0,3021165774.91,100.0,0.0,0.0
2024,Poder Ejecutivo,Ramos Generales,Aportaciones Federales para Entidades Federativas y Municipios,I010,Ejercido,1815252328.36,0.0,0.0,1205913446.55,3021165774.91,0.0,0.0,0.0,0.0,0.0,3021165774.91,100.0,0.0,0.0
2024,Poder Ejecutivo,Ramos Generales,Aportaciones Federales para Entidades Federativas y Municipios,I010,Porcentaje Ejer/Aprob,83.84235508071201,0.0,0.0,84.40679150525942,84.06674505778174,0.0,0.0,0.0,0.0,0.0,84.06674505778174,,0.0,
2024,Poder Ejecutivo,Ramos Generales,Aportaciones Federales para Entidades Federativas y Municipios,I010,Porcentaje Ejer/Modif,100.0,0.0,0.0,100.0,100.0,0.0,0.0,0.0,0.0,0.0,100.0,,0.0,
2024,Poder Ejecutivo,Ramos Generales,Aportaciones Federales para Entidades Federativas y Municipios,I011,FASP,0.0,0.0,0.0,0.0,0.0,0.0,0.0,0.0,0.0,0.0,0.0,,0.0,
2024,Poder Ejecutivo,Ramos Generales,Aportaciones Federales para Entidades Federativas y Municipios,I011,Aprobado,0.0,0.0,0.0,3315917187.0,3315917187.0,0.0,5894963890.0,0.0,0.0,5894963890.0,9210881077.0,35.999999992183156,0.0,64.00000000781684
2024,Poder Ejecutivo,Ramos Generales,Aportaciones Federales para Entidades Federativas y Municipios,I011,Modificado,0.0,0.0,0.0,3209780850.18,3209780850.18,0.0,5813114918.19,0.0,0.0,5813114918.19,9022895768.37,35.57373300744503,0.0,64.42626699255496
2024,Poder Ejecutivo,Ramos Generales,Aportaciones Federales para Entidades Federativas y Municipios,I011,Devengado,0.0,0.0,0.0,3209780850.18,3209780850.18,0.0,5813114918.19,0.0,0.0,5813114918.19,9022895768.37,35.57373300744503,0.0,64.42626699255496
2024,Poder Ejecutivo,Ramos Generales,Aportaciones Federales para Entidades Federativas y Municipios,I011,Ejercido,0.0,0.0,0.0,3209780850.18,3209780850.18,0.0,5813114918.19,0.0,0.0,5813114918.19,9022895768.37,35.57373300744503,0.0,64.42626699255496
2024,Poder Ejecutivo,Ramos Generales,Aportaciones Federales para Entidades Federativas y Municipios,I011,Porcentaje Ejer/Aprob,0.0,0.0,0.0,96.79918614264234,96.79918614264234,0.0,98.61154413602353,0.0,0.0,98.61154413602353,97.95909525854799,,0.0,
2024,Poder Ejecutivo,Ramos Generales,Aportaciones Federales para Entidades Federativas y Municipios,I011,Porcentaje Ejer/Modif,0.0,0.0,0.0,100.0,100.0,0.0,100.0,0.0,0.0,100.0,100.0,,0.0,
2024,Poder Ejecutivo,Ramos Generales,Aportaciones Federales para Entidades Federativas y Municipios,I012,FAFEF,0.0,0.0,0.0,0.0,0.0,0.0,0.0,0.0,0.0,0.0,0.0,,0.0,
2024,Poder Ejecutivo,Ramos Generales,Aportaciones Federales para Entidades Federativas y Municipios,I012,Aprobado,0.0,0.0,0.0,0.0,0.0,0.0,63908936000.0,0.0,0.0,63908936000.0,63908936000.0,0.0,0.0,100.0
2024,Poder Ejecutivo,Ramos Generales,Aportaciones Federales para Entidades Federativas y Municipios,I012,Modificado,0.0,0.0,0.0,0.0,0.0,0.0,63830552687.31,0.0,0.0,63830552687.31,63830552687.31,0.0,0.0,100.0
2024,Poder Ejecutivo,Ramos Generales,Aportaciones Federales para Entidades Federativas y Municipios,I012,Devengado,0.0,0.0,0.0,0.0,0.0,0.0,63830552687.31,0.0,0.0,63830552687.31,63830552687.31,0.0,0.0,100.0
2024,Poder Ejecutivo,Ramos Generales,Aportaciones Federales para Entidades Federativas y Municipios,I012,Ejercido,0.0,0.0,0.0,0.0,0.0,0.0,63830552687.31,0.0,0.0,63830552687.31,63830552687.31,0.0,0.0,100.0
2024,Poder Ejecutivo,Ramos Generales,Aportaciones Federales para Entidades Federativas y Municipios,I012,Porcentaje Ejer/Aprob,0.0,0.0,0.0,0.0,0.0,0.0,99.87735156052355,0.0,0.0,99.87735156052355,99.87735156052355,,0.0,
2024,Poder Ejecutivo,Ramos Generales,Aportaciones Federales para Entidades Federativas y Municipios,I012,Porcentaje Ejer/Modif,0.0,0.0,0.0,0.0,0.0,0.0,100.0,0.0,0.0,100.0,100.0,,0.0,
2024,Poder Ejecutivo,Ramos Generales,Aportaciones Federales para Entidades Federativas y Municipios,I013,FONE Servicios Personales,0.0,0.0,0.0,0.0,0.0,0.0,0.0,0.0,0.0,0.0,0.0,,0.0,
2024,Poder Ejecutivo,Ramos Generales,Aportaciones Federales para Entidades Federativas y Municipios,I013,Aprobado,454186986926.0,0.0,0.0,0.0,454186986926.0,0.0,0.0,0.0,0.0,0.0,454186986926.0,100.0,0.0,0.0
2024,Poder Ejecutivo,Ramos Generales,Aportaciones Federales para Entidades Federativas y Municipios,I013,Modificado,487211254233.66,0.0,0.0,0.0,487211254233.66,0.0,0.0,0.0,0.0,0.0,487211254233.66,100.0,0.0,0.0
2024,Poder Ejecutivo,Ramos Generales,Aportaciones Federales para Entidades Federativas y Municipios,I013,Devengado,487211254233.66,0.0,0.0,0.0,487211254233.66,0.0,0.0,0.0,0.0,0.0,487211254233.66,100.0,0.0,0.0
2024,Poder Ejecutivo,Ramos Generales,Aportaciones Federales para Entidades Federativas y Municipios,I013,Ejercido,487211254233.66,0.0,0.0,0.0,487211254233.66,0.0,0.0,0.0,0.0,0.0,487211254233.66,100.0,0.0,0.0
2024,Poder Ejecutivo,Ramos Generales,Aportaciones Federales para Entidades Federativas y Municipios,I013,Porcentaje Ejer/Aprob,107.27107298497755,0.0,0.0,0.0,107.27107298497755,0.0,0.0,0.0,0.0,0.0,107.27107298497755,,0.0,
2024,Poder Ejecutivo,Ramos Generales,Aportaciones Federales para Entidades Federativas y Municipios,I013,Porcentaje Ejer/Modif,100.0,0.0,0.0,0.0,100.0,0.0,0.0,0.0,0.0,0.0,100.0,,0.0,
2024,Poder Ejecutivo,Ramos Generales,Aportaciones Federales para Entidades Federativas y Municipios,I014,FONE Otros de Gasto Corriente,0.0,0.0,0.0,0.0,0.0,0.0,0.0,0.0,0.0,0.0,0.0,,0.0,
2024,Poder Ejecutivo,Ramos Generales,Aportaciones Federales para Entidades Federativas y Municipios,I014,Aprobado,0.0,0.0,0.0,11823374615.0,11823374615.0,0.0,0.0,0.0,0.0,0.0,11823374615.0,100.0,0.0,0.0
2024,Poder Ejecutivo,Ramos Generales,Aportaciones Federales para Entidades Federativas y Municipios,I014,Modificado,0.0,0.0,0.0,11790278453.06,11790278453.06,0.0,0.0,0.0,0.0,0.0,11790278453.06,100.0,0.0,0.0
2024,Poder Ejecutivo,Ramos Generales,Aportaciones Federales para Entidades Federativas y Municipios,I014,Devengado,0.0,0.0,0.0,11790278453.06,11790278453.06,0.0,0.0,0.0,0.0,0.0,11790278453.06,100.0,0.0,0.0
2024,Poder Ejecutivo,Ramos Generales,Aportaciones Federales para Entidades Federativas y Municipios,I014,Ejercido,0.0,0.0,0.0,11790278453.06,11790278453.06,0.0,0.0,0.0,0.0,0.0,11790278453.06,100.0,0.0,0.0
2024,Poder Ejecutivo,Ramos Generales,Aportaciones Federales para Entidades Federativas y Municipios,I014,Porcentaje Ejer/Aprob,0.0,0.0,0.0,99.72007854764229,99.72007854764229,0.0,0.0,0.0,0.0,0.0,99.72007854764229,,0.0,
2024,Poder Ejecutivo,Ramos Generales,Aportaciones Federales para Entidades Federativas y Municipios,I014,Porcentaje Ejer/Modif,0.0,0.0,0.0,100.0,100.0,0.0,0.0,0.0,0.0,0.0,100.0,,0.0,
2024,Poder Ejecutivo,Ramos Generales,Aportaciones Federales para Entidades Federativas y Municipios,I015,FONE Gasto de Operación,0.0,0.0,0.0,0.0,0.0,0.0,0.0,0.0,0.0,0.0,0.0,,0.0,
2024,Poder Ejecutivo,Ramos Generales,Aportaciones Federales para Entidades Federativas y Municipios,I015,Aprobado,0.0,0.0,0.0,17901857336.0,17901857336.0,0.0,0.0,0.0,0.0,0.0,17901857336.0,100.0,0.0,0.0
2024,Poder Ejecutivo,Ramos Generales,Aportaciones Federales para Entidades Federativas y Municipios,I015,Modificado,0.0,0.0,0.0,17836816423.84,17836816423.84,0.0,0.0,0.0,0.0,0.0,17836816423.84,100.0,0.0,0.0
2024,Poder Ejecutivo,Ramos Generales,Aportaciones Federales para Entidades Federativas y Municipios,I015,Devengado,0.0,0.0,0.0,17836816423.84,17836816423.84,0.0,0.0,0.0,0.0,0.0,17836816423.84,100.0,0.0,0.0
2024,Poder Ejecutivo,Ramos Generales,Aportaciones Federales para Entidades Federativas y Municipios,I015,Ejercido,0.0,0.0,0.0,17836816423.84,17836816423.84,0.0,0.0,0.0,0.0,0.0,17836816423.84,100.0,0.0,0.0
2024,Poder Ejecutivo,Ramos Generales,Aportaciones Federales para Entidades Federativas y Municipios,I015,Porcentaje Ejer/Aprob,0.0,0.0,0.0,99.63668064749234,99.63668064749234,0.0,0.0,0.0,0.0,0.0,99.63668064749234,,0.0,
2024,Poder Ejecutivo,Ramos Generales,Aportaciones Federales para Entidades Federativas y Municipios,I015,Porcentaje Ejer/Modif,0.0,0.0,0.0,100.0,100.0,0.0,0.0,0.0,0.0,0.0,100.0,,0.0,
2024,Poder Ejecutivo,Ramos Generales,Aportaciones Federales para Entidades Federativas y Municipios,I016,FONE Fondo de Compensación,0.0,0.0,0.0,0.0,0.0,0.0,0.0,0.0,0.0,0.0,0.0,,0.0,
2024,Poder Ejecutivo,Ramos Generales,Aportaciones Federales para Entidades Federativas y Municipios,I016,Aprobado,0.0,0.0,0.0,12880507772.0,12880507772.0,0.0,0.0,0.0,0.0,0.0,12880507772.0,100.0,0.0,0.0
2024,Poder Ejecutivo,Ramos Generales,Aportaciones Federales para Entidades Federativas y Municipios,I016,Modificado,0.0,0.0,0.0,12867474162.32,12867474162.32,0.0,0.0,0.0,0.0,0.0,12867474162.32,100.0,0.0,0.0
2024,Poder Ejecutivo,Ramos Generales,Aportaciones Federales para Entidades Federativas y Municipios,I016,Devengado,0.0,0.0,0.0,12867474162.32,12867474162.32,0.0,0.0,0.0,0.0,0.0,12867474162.32,100.0,0.0,0.0
2024,Poder Ejecutivo,Ramos Generales,Aportaciones Federales para Entidades Federativas y Municipios,I016,Ejercido,0.0,0.0,0.0,12867474162.32,12867474162.32,0.0,0.0,0.0,0.0,0.0,12867474162.32,100.0,0.0,0.0
2024,Poder Ejecutivo,Ramos Generales,Aportaciones Federales para Entidades Federativas y Municipios,I016,Porcentaje Ejer/Aprob,0.0,0.0,0.0,99.89881136744987,99.89881136744987,0.0,0.0,0.0,0.0,0.0,99.89881136744987,,0.0,
2024,Poder Ejecutivo,Ramos Generales,Aportaciones Federales para Entidades Federativas y Municipios,I016,Porcentaje Ejer/Modif,0.0,0.0,0.0,100.0,100.0,0.0,0.0,0.0,0.0,0.0,100.0,,0.0,
2024,Poder Ejecutivo,Ramos Generales,Erogaciones para los Programas de Apoyo a Ahorradores y Deudores de la Banca,TOTAL,Aprobado,0.0,0.0,0.0,62489435883.0,62489435883.0,0.0,0.0,0.0,0.0,0.0,62489435883.0,100.0,0.0,0.0
2024,Poder Ejecutivo,Ramos Generales,Erogaciones para los Programas de Apoyo a Ahorradores y Deudores de la Banca,TOTAL,Modificado,0.0,0.0,0.0,62489434983.0,62489434983.0,0.0,0.0,0.0,0.0,0.0,62489434983.0,100.0,0.0,0.0
2024,Poder Ejecutivo,Ramos Generales,Erogaciones para los Programas de Apoyo a Ahorradores y Deudores de la Banca,TOTAL,Devengado,0.0,0.0,0.0,62489434983.0,62489434983.0,0.0,0.0,0.0,0.0,0.0,62489434983.0,100.0,0.0,0.0
2024,Poder Ejecutivo,Ramos Generales,Erogaciones para los Programas de Apoyo a Ahorradores y Deudores de la Banca,TOTAL,Ejercido,0.0,0.0,0.0,62489434983.0,62489434983.0,0.0,0.0,0.0,0.0,0.0,62489434983.0,100.0,0.0,0.0
2024,Poder Ejecutivo,Ramos Generales,Erogaciones para los Programas de Apoyo a Ahorradores y Deudores de la Banca,TOTAL,Porcentaje Ejer/Aprob,0.0,0.0,0.0,99.99999855975656,99.99999855975656,0.0,0.0,0.0,0.0,0.0,99.99999855975656,,0.0,
2024,Poder Ejecutivo,Ramos Generales,Erogaciones para los Programas de Apoyo a Ahorradores y Deudores de la Banca,TOTAL,Porcentaje Ejer/Modif,0.0,0.0,0.0,100.0,100.0,0.0,0.0,0.0,0.0,0.0,100.0,,0.0,
2024,Poder Ejecutivo,Ramos Generales,Erogaciones para los Programas de Apoyo a Ahorradores y Deudores de la Banca,D001,INDUSTRIA Descuento en pago,0.0,0.0,0.0,0.0,0.0,0.0,0.0,0.0,0.0,0.0,0.0,,0.0,
2024,Poder Ejecutivo,Ramos Generales,Erogaciones para los Programas de Apoyo a Ahorradores y Deudores de la Banca,D001,Aprobado,0.0,0.0,0.0,100.0,100.0,0.0,0.0,0.0,0.0,0.0,100.0,100.0,0.0,0.0
2024,Poder Ejecutivo,Ramos Generales,Erogaciones para los Programas de Apoyo a Ahorradores y Deudores de la Banca,D001,Modificado,0.0,0.0,0.0,0.0,0.0,0.0,0.0,0.0,0.0,0.0,0.0,0.0,0.0,0.0
2024,Poder Ejecutivo,Ramos Generales,Erogaciones para los Programas de Apoyo a Ahorradores y Deudores de la Banca,D001,Devengado,0.0,0.0,0.0,0.0,0.0,0.0,0.0,0.0,0.0,0.0,0.0,0.0,0.0,0.0
2024,Poder Ejecutivo,Ramos Generales,Erogaciones para los Programas de Apoyo a Ahorradores y Deudores de la Banca,D001,Ejercido,0.0,0.0,0.0,0.0,0.0,0.0,0.0,0.0,0.0,0.0,0.0,0.0,0.0,0.0
2024,Poder Ejecutivo,Ramos Generales,Erogaciones para los Programas de Apoyo a Ahorradores y Deudores de la Banca,D001,Porcentaje Ejer/Aprob,0.0,0.0,0.0,0.0,0.0,0.0,0.0,0.0,0.0,0.0,0.0,,0.0,
2024,Poder Ejecutivo,Ramos Generales,Erogaciones para los Programas de Apoyo a Ahorradores y Deudores de la Banca,D001,Porcentaje Ejer/Modif,0.0,0.0,0.0,0.0,0.0,0.0,0.0,0.0,0.0,0.0,0.0,,0.0,
2024,Poder Ejecutivo,Ramos Generales,Erogaciones para los Programas de Apoyo a Ahorradores y Deudores de la Banca,D002,HIPOTECARIO-VIVIENDA,0.0,0.0,0.0,0.0,0.0,0.0,0.0,0.0,0.0,0.0,0.0,,0.0,
2024,Poder Ejecutivo,Ramos Generales,Erogaciones para los Programas de Apoyo a Ahorradores y Deudores de la Banca,D002,Aprobado,0.0,0.0,0.0,100.0,100.0,0.0,0.0,0.0,0.0,0.0,100.0,100.0,0.0,0.0
2024,Poder Ejecutivo,Ramos Generales,Erogaciones para los Programas de Apoyo a Ahorradores y Deudores de la Banca,D002,Modificado,0.0,0.0,0.0,0.0,0.0,0.0,0.0,0.0,0.0,0.0,0.0,0.0,0.0,0.0
2024,Poder Ejecutivo,Ramos Generales,Erogaciones para los Programas de Apoyo a Ahorradores y Deudores de la Banca,D002,Devengado,0.0,0.0,0.0,0.0,0.0,0.0,0.0,0.0,0.0,0.0,0.0,0.0,0.0,0.0
2024,Poder Ejecutivo,Ramos Generales,Erogaciones para los Programas de Apoyo a Ahorradores y Deudores de la Banca,D002,Ejercido,0.0,0.0,0.0,0.0,0.0,0.0,0.0,0.0,0.0,0.0,0.0,0.0,0.0,0.0
2024,Poder Ejecutivo,Ramos Generales,Erogaciones para los Programas de Apoyo a Ahorradores y Deudores de la Banca,D002,Porcentaje Ejer/Aprob,0.0,0.0,0.0,0.0,0.0,0.0,0.0,0.0,0.0,0.0,0.0,,0.0,
2024,Poder Ejecutivo,Ramos Generales,Erogaciones para los Programas de Apoyo a Ahorradores y Deudores de la Banca,D002,Porcentaje Ejer/Modif,0.0,0.0,0.0,0.0,0.0,0.0,0.0,0.0,0.0,0.0,0.0,,0.0,
2024,Poder Ejecutivo,Ramos Generales,Erogaciones para los Programas de Apoyo a Ahorradores y Deudores de la Banca,D003,AGROINDUSTRIA Descuento en pago,0.0,0.0,0.0,0.0,0.0,0.0,0.0,0.0,0.0,0.0,0.0,,0.0,
2024,Poder Ejecutivo,Ramos Generales,Erogaciones para los Programas de Apoyo a Ahorradores y Deudores de la Banca,D003,Aprobado,0.0,0.0,0.0,100.0,100.0,0.0,0.0,0.0,0.0,0.0,100.0,100.0,0.0,0.0
2024,Poder Ejecutivo,Ramos Generales,Erogaciones para los Programas de Apoyo a Ahorradores y Deudores de la Banca,D003,Modificado,0.0,0.0,0.0,0.0,0.0,0.0,0.0,0.0,0.0,0.0,0.0,0.0,0.0,0.0
2024,Poder Ejecutivo,Ramos Generales,Erogaciones para los Programas de Apoyo a Ahorradores y Deudores de la Banca,D003,Devengado,0.0,0.0,0.0,0.0,0.0,0.0,0.0,0.0,0.0,0.0,0.0,0.0,0.0,0.0
2024,Poder Ejecutivo,Ramos Generales,Erogaciones para los Programas de Apoyo a Ahorradores y Deudores de la Banca,D003,Ejercido,0.0,0.0,0.0,0.0,0.0,0.0,0.0,0.0,0.0,0.0,0.0,0.0,0.0,0.0
2024,Poder Ejecutivo,Ramos Generales,Erogaciones para los Programas de Apoyo a Ahorradores y Deudores de la Banca,D003,Porcentaje Ejer/Aprob,0.0,0.0,0.0,0.0,0.0,0.0,0.0,0.0,0.0,0.0,0.0,,0.0,
2024,Poder Ejecutivo,Ramos Generales,Erogaciones para los Programas de Apoyo a Ahorradores y Deudores de la Banca,D003,Porcentaje Ejer/Modif,0.0,0.0,0.0,0.0,0.0,0.0,0.0,0.0,0.0,0.0,0.0,,0.0,
2024,Poder Ejecutivo,Ramos Generales,Erogaciones para los Programas de Apoyo a Ahorradores y Deudores de la Banca,D004,INDUSTRIA Reestructuración en UDIs,0.0,0.0,0.0,0.0,0.0,0.0,0.0,0.0,0.0,0.0,0.0,,0.0,
2024,Poder Ejecutivo,Ramos Generales,Erogaciones para los Programas de Apoyo a Ahorradores y Deudores de la Banca,D004,Aprobado,0.0,0.0,0.0,100.0,100.0,0.0,0.0,0.0,0.0,0.0,100.0,100.0,0.0,0.0
2024,Poder Ejecutivo,Ramos Generales,Erogaciones para los Programas de Apoyo a Ahorradores y Deudores de la Banca,D004,Modificado,0.0,0.0,0.0,0.0,0.0,0.0,0.0,0.0,0.0,0.0,0.0,0.0,0.0,0.0
2024,Poder Ejecutivo,Ramos Generales,Erogaciones para los Programas de Apoyo a Ahorradores y Deudores de la Banca,D004,Devengado,0.0,0.0,0.0,0.0,0.0,0.0,0.0,0.0,0.0,0.0,0.0,0.0,0.0,0.0
2024,Poder Ejecutivo,Ramos Generales,Erogaciones para los Programas de Apoyo a Ahorradores y Deudores de la Banca,D004,Ejercido,0.0,0.0,0.0,0.0,0.0,0.0,0.0,0.0,0.0,0.0,0.0,0.0,0.0,0.0
2024,Poder Ejecutivo,Ramos Generales,Erogaciones para los Programas de Apoyo a Ahorradores y Deudores de la Banca,D004,Porcentaje Ejer/Aprob,0.0,0.0,0.0,0.0,0.0,0.0,0.0,0.0,0.0,0.0,0.0,,0.0,
2024,Poder Ejecutivo,Ramos Generales,Erogaciones para los Programas de Apoyo a Ahorradores y Deudores de la Banca,D004,Porcentaje Ejer/Modif,0.0,0.0,0.0,0.0,0.0,0.0,0.0,0.0,0.0,0.0,0.0,,0.0,
2024,Poder Ejecutivo,Ramos Generales,Erogaciones para los Programas de Apoyo a Ahorradores y Deudores de la Banca,D005,HIPOTECARIO-VIVIENDA Reestructuración en UDIs,0.0,0.0,0.0,0.0,0.0,0.0,0.0,0.0,0.0,0.0,0.0,,0.0,
2024,Poder Ejecutivo,Ramos Generales,Erogaciones para los Programas de Apoyo a Ahorradores y Deudores de la Banca,D005,Aprobado,0.0,0.0,0.0,100.0,100.0,0.0,0.0,0.0,0.0,0.0,100.0,100.0,0.0,0.0
2024,Poder Ejecutivo,Ramos Generales,Erogaciones para los Programas de Apoyo a Ahorradores y Deudores de la Banca,D005,Modificado,0.0,0.0,0.0,0.0,0.0,0.0,0.0,0.0,0.0,0.0,0.0,0.0,0.0,0.0
2024,Poder Ejecutivo,Ramos Generales,Erogaciones para los Programas de Apoyo a Ahorradores y Deudores de la Banca,D005,Devengado,0.0,0.0,0.0,0.0,0.0,0.0,0.0,0.0,0.0,0.0,0.0,0.0,0.0,0.0
2024,Poder Ejecutivo,Ramos Generales,Erogaciones para los Programas de Apoyo a Ahorradores y Deudores de la Banca,D005,Ejercido,0.0,0.0,0.0,0.0,0.0,0.0,0.0,0.0,0.0,0.0,0.0,0.0,0.0,0.0
2024,Poder Ejecutivo,Ramos Generales,Erogaciones para los Programas de Apoyo a Ahorradores y Deudores de la Banca,D005,Porcentaje Ejer/Aprob,0.0,0.0,0.0,0.0,0.0,0.0,0.0,0.0,0.0,0.0,0.0,,0.0,
2024,Poder Ejecutivo,Ramos Generales,Erogaciones para los Programas de Apoyo a Ahorradores y Deudores de la Banca,D005,Porcentaje Ejer/Modif,0.0,0.0,0.0,0.0,0.0,0.0,0.0,0.0,0.0,0.0,0.0,,0.0,
2024,Poder Ejecutivo,Ramos Generales,Erogaciones para los Programas de Apoyo a Ahorradores y Deudores de la Banca,D006,AGROINDUSTRIA Reestructuración en UDIs,0.0,0.0,0.0,0.0,0.0,0.0,0.0,0.0,0.0,0.0,0.0,,0.0,
2024,Poder Ejecutivo,Ramos Generales,Erogaciones para los Programas de Apoyo a Ahorradores y Deudores de la Banca,D006,Aprobado,0.0,0.0,0.0,100.0,100.0,0.0,0.0,0.0,0.0,0.0,100.0,100.0,0.0,0.0
2024,Poder Ejecutivo,Ramos Generales,Erogaciones para los Programas de Apoyo a Ahorradores y Deudores de la Banca,D006,Modificado,0.0,0.0,0.0,0.0,0.0,0.0,0.0,0.0,0.0,0.0,0.0,0.0,0.0,0.0
2024,Poder Ejecutivo,Ramos Generales,Erogaciones para los Programas de Apoyo a Ahorradores y Deudores de la Banca,D006,Devengado,0.0,0.0,0.0,0.0,0.0,0.0,0.0,0.0,0.0,0.0,0.0,0.0,0.0,0.0
2024,Poder Ejecutivo,Ramos Generales,Erogaciones para los Programas de Apoyo a Ahorradores y Deudores de la Banca,D006,Ejercido,0.0,0.0,0.0,0.0,0.0,0.0,0.0,0.0,0.0,0.0,0.0,0.0,0.0,0.0
2024,Poder Ejecutivo,Ramos Generales,Erogaciones para los Programas de Apoyo a Ahorradores y Deudores de la Banca,D006,Porcentaje Ejer/Aprob,0.0,0.0,0.0,0.0,0.0,0.0,0.0,0.0,0.0,0.0,0.0,,0.0,
2024,Poder Ejecutivo,Ramos Generales,Erogaciones para los Programas de Apoyo a Ahorradores y Deudores de la Banca,D006,Porcentaje Ejer/Modif,0.0,0.0,0.0,0.0,0.0,0.0,0.0,0.0,0.0,0.0,0.0,,0.0,
2024,Poder Ejecutivo,Ramos Generales,Erogaciones para los Programas de Apoyo a Ahorradores y Deudores de la Banca,D007,ESTADOS Y MUNICIPIOS Reestructuración en UDIs,0.0,0.0,0.0,0.0,0.0,0.0,0.0,0.0,0.0,0.0,0.0,,0.0,
2024,Poder Ejecutivo,Ramos Generales,Erogaciones para los Programas de Apoyo a Ahorradores y Deudores de la Banca,D007,Aprobado,0.0,0.0,0.0,100.0,100.0,0.0,0.0,0.0,0.0,0.0,100.0,100.0,0.0,0.0
2024,Poder Ejecutivo,Ramos Generales,Erogaciones para los Programas de Apoyo a Ahorradores y Deudores de la Banca,D007,Modificado,0.0,0.0,0.0,0.0,0.0,0.0,0.0,0.0,0.0,0.0,0.0,0.0,0.0,0.0
2024,Poder Ejecutivo,Ramos Generales,Erogaciones para los Programas de Apoyo a Ahorradores y Deudores de la Banca,D007,Devengado,0.0,0.0,0.0,0.0,0.0,0.0,0.0,0.0,0.0,0.0,0.0,0.0,0.0,0.0
2024,Poder Ejecutivo,Ramos Generales,Erogaciones para los Programas de Apoyo a Ahorradores y Deudores de la Banca,D007,Ejercido,0.0,0.0,0.0,0.0,0.0,0.0,0.0,0.0,0.0,0.0,0.0,0.0,0.0,0.0
2024,Poder Ejecutivo,Ramos Generales,Erogaciones para los Programas de Apoyo a Ahorradores y Deudores de la Banca,D007,Porcentaje Ejer/Aprob,0.0,0.0,0.0,0.0,0.0,0.0,0.0,0.0,0.0,0.0,0.0,,0.0,
2024,Poder Ejecutivo,Ramos Generales,Erogaciones para los Programas de Apoyo a Ahorradores y Deudores de la Banca,D007,Porcentaje Ejer/Modif,0.0,0.0,0.0,0.0,0.0,0.0,0.0,0.0,0.0,0.0,0.0,,0.0,
2024,Poder Ejecutivo,Ramos Generales,Erogaciones para los Programas de Apoyo a Ahorradores y Deudores de la Banca,D008,INDUSTRIA Descuento en pago Banca de Desarrollo,0.0,0.0,0.0,0.0,0.0,0.0,0.0,0.0,0.0,0.0,0.0,,0.0,
2024,Poder Ejecutivo,Ramos Generales,Erogaciones para los Programas de Apoyo a Ahorradores y Deudores de la Banca,D008,Aprobado,0.0,0.0,0.0,100.0,100.0,0.0,0.0,0.0,0.0,0.0,100.0,100.0,0.0,0.0
2024,Poder Ejecutivo,Ramos Generales,Erogaciones para los Programas de Apoyo a Ahorradores y Deudores de la Banca,D008,Modificado,0.0,0.0,0.0,0.0,0.0,0.0,0.0,0.0,0.0,0.0,0.0,0.0,0.0,0.0
2024,Poder Ejecutivo,Ramos Generales,Erogaciones para los Programas de Apoyo a Ahorradores y Deudores de la Banca,D008,Devengado,0.0,0.0,0.0,0.0,0.0,0.0,0.0,0.0,0.0,0.0,0.0,0.0,0.0,0.0
2024,Poder Ejecutivo,Ramos Generales,Erogaciones para los Programas de Apoyo a Ahorradores y Deudores de la Banca,D008,Ejercido,0.0,0.0,0.0,0.0,0.0,0.0,0.0,0.0,0.0,0.0,0.0,0.0,0.0,0.0
2024,Poder Ejecutivo,Ramos Generales,Erogaciones para los Programas de Apoyo a Ahorradores y Deudores de la Banca,D008,Porcentaje Ejer/Aprob,0.0,0.0,0.0,0.0,0.0,0.0,0.0,0.0,0.0,0.0,0.0,,0.0,
2024,Poder Ejecutivo,Ramos Generales,Erogaciones para los Programas de Apoyo a Ahorradores y Deudores de la Banca,D008,Porcentaje Ejer/Modif,0.0,0.0,0.0,0.0,0.0,0.0,0.0,0.0,0.0,0.0,0.0,,0.0,
2024,Poder Ejecutivo,Ramos Generales,Erogaciones para los Programas de Apoyo a Ahorradores y Deudores de la Banca,D009,AGROINDUSTRIA Descuento en pago Banca de Desarrollo,0.0,0.0,0.0,0.0,0.0,0.0,0.0,0.0,0.0,0.0,0.0,,0.0,
2024,Poder Ejecutivo,Ramos Generales,Erogaciones para los Programas de Apoyo a Ahorradores y Deudores de la Banca,D009,Aprobado,0.0,0.0,0.0,100.0,100.0,0.0,0.0,0.0,0.0,0.0,100.0,100.0,0.0,0.0
2024,Poder Ejecutivo,Ramos Generales,Erogaciones para los Programas de Apoyo a Ahorradores y Deudores de la Banca,D009,Modificado,0.0,0.0,0.0,0.0,0.0,0.0,0.0,0.0,0.0,0.0,0.0,0.0,0.0,0.0
2024,Poder Ejecutivo,Ramos Generales,Erogaciones para los Programas de Apoyo a Ahorradores y Deudores de la Banca,D009,Devengado,0.0,0.0,0.0,0.0,0.0,0.0,0.0,0.0,0.0,0.0,0.0,0.0,0.0,0.0
2024,Poder Ejecutivo,Ramos Generales,Erogaciones para los Programas de Apoyo a Ahorradores y Deudores de la Banca,D009,Ejercido,0.0,0.0,0.0,0.0,0.0,0.0,0.0,0.0,0.0,0.0,0.0,0.0,0.0,0.0
2024,Poder Ejecutivo,Ramos Generales,Erogaciones para los Programas de Apoyo a Ahorradores y Deudores de la Banca,D009,Porcentaje Ejer/Aprob,0.0,0.0,0.0,0.0,0.0,0.0,0.0,0.0,0.0,0.0,0.0,,0.0,
2024,Poder Ejecutivo,Ramos Generales,Erogaciones para los Programas de Apoyo a Ahorradores y Deudores de la Banca,D009,Porcentaje Ejer/Modif,0.0,0.0,0.0,0.0,0.0,0.0,0.0,0.0,0.0,0.0,0.0,,0.0,
2024,Poder Ejecutivo,Ramos Generales,Erogaciones para los Programas de Apoyo a Ahorradores y Deudores de la Banca,D011,I P A B,0.0,0.0,0.0,0.0,0.0,0.0,0.0,0.0,0.0,0.0,0.0,,0.0,
2024,Poder Ejecutivo,Ramos Generales,Erogaciones para los Programas de Apoyo a Ahorradores y Deudores de la Banca,D011,Aprobado,0.0,0.0,0.0,62489434983.0,62489434983.0,0.0,0.0,0.0,0.0,0.0,62489434983.0,100.0,0.0,0.0
2024,Poder Ejecutivo,Ramos Generales,Erogaciones para los Programas de Apoyo a Ahorradores y Deudores de la Banca,D011,Modificado,0.0,0.0,0.0,62489434983.0,62489434983.0,0.0,0.0,0.0,0.0,0.0,62489434983.0,100.0,0.0,0.0
2024,Poder Ejecutivo,Ramos Generales,Erogaciones para los Programas de Apoyo a Ahorradores y Deudores de la Banca,D011,Devengado,0.0,0.0,0.0,62489434983.0,62489434983.0,0.0,0.0,0.0,0.0,0.0,62489434983.0,100.0,0.0,0.0
2024,Poder Ejecutivo,Ramos Generales,Erogaciones para los Programas de Apoyo a Ahorradores y Deudores de la Banca,D011,Ejercido,0.0,0.0,0.0,62489434983.0,62489434983.0,0.0,0.0,0.0,0.0,0.0,62489434983.0,100.0,0.0,0.0
2024,Poder Ejecutivo,Ramos Generales,Erogaciones para los Programas de Apoyo a Ahorradores y Deudores de la Banca,D011,Porcentaje Ejer/Aprob,0.0,0.0,0.0,100.0,100.0,0.0,0.0,0.0,0.0,0.0,100.0,,0.0,
2024,Poder Ejecutivo,Ramos Generales,Erogaciones para los Programas de Apoyo a Ahorradores y Deudores de la Banca,D011,Porcentaje Ejer/Modif,0.0,0.0,0.0,100.0,100.0,0.0,0.0,0.0,0.0,0.0,100.0,,0.0,
