CICLO,ENTE,RAMO,SUBRAMO,PROGRAMA,PRESUPUESTO,GC_SERVICIOS_PERSONALES,GC_GASTO_DE_OPERACIÓN,GC_SUBSIDIOS,GC_OTROS_DE_CORRIENTE,GC_SUMA,GI_PENSIONES_Y_JUBILACIONES,GI_INVERSIÓN_FÍSICA,GI_SUBSIDIOS,GI_OTROS_DE_INVERSIÓN,GI_SUMA,TOTAL,PORCENTAJE_CORRIENTE,PORCENTAJE_PENSIONES_Y_JUBILACIONES,PORCENTAJE_INVERSIÓN
2025,Poder Legislativo,,,TOTAL,Aprobado,11934526782.0,3288823752.0,1625923264.0,103209859.0,16952483657.0,0.0,576592845.0,0.0,0.0,576592845.0,17529076502.0,96.71064904683249,0.0,3.289350953167516
2025,Poder Legislativo,,,TOTAL,Modificado,11699951617.73,3179639477.8,2238625852.97,1015941062.7,18134158011.2,0.0,485471049.63,0.0,0.0,485471049.63,18619629060.83,97.39269215275999,0.0,2.607307847239999
2025,Poder Legislativo,,,TOTAL,Devengado,11699951617.73,3179639477.8,2238625852.97,1015941062.7,18134158011.2,0.0,485471049.63,0.0,0.0,485471049.63,18619629060.83,97.39269215275999,0.0,2.607307847239999
2025,Poder Legislativo,,,TOTAL,Ejercido,11699951617.73,3179639477.8,2238625852.97,1015941062.7,18134158011.2,0.0,485471049.63,0.0,0.0,485471049.63,18619629060.83,97.39269215275999,0.0,2.607307847239999
2025,Poder Legislativo,,,TOTAL,Porcentaje Ejer/Aprob,98.03448290363893,96.6801421288203,137.68336443275098,0.0,106.97050873552716,0.0,84.19650951964206,0.0,0.0,84.19650951964206,106.2213919752451,,0.0,
2025,Poder Legislativo,,,TOTAL,Porcentaje Ejer/Modif,100.0,100.0,100.0,100.0,100.0,0.0,100.0,0.0,0.0,100.0,100.0,,0.0,
2025,Poder Legislativo,H. Cámara de Diputados,,TOTAL,Aprobado,6263561529.0,1155579175.0,1625923264.0,21269200.0,9066333168.0,0.0,536338162.0,0.0,0.0,536338162.0,9602671330.0,94.41469833165684,0.0,5.585301668343156
2025,Poder Legislativo,H. Cámara de Diputados,,TOTAL,Modificado,5672924645.2,1789614749.46,1989269826.54,16170757.91,9467979979.11,0.0,458941417.4,0.0,0.0,458941417.4,9926921396.51,95.37680012696234,0.0,4.623199873037674
2025,Poder Legislativo,H. Cámara de Diputados,,TOTAL,Devengado,5672924645.2,1789614749.46,1989269826.54,16170757.91,9467979979.11,0.0,458941417.4,0.0,0.0,458941417.4,9926921396.51,95.37680012696234,0.0,4.623199873037674
2025,Poder Legislativo,H. Cámara de Diputados,,TOTAL,Ejercido,5672924645.2,1789614749.46,1989269826.54,16170757.91,9467979979.11,0.0,458941417.4,0.0,0.0,458941417.4,9926921396.51,95.37680012696234,0.0,4.623199873037674
2025,Poder Legislativo,H. Cámara de Diputados,,TOTAL,Porcentaje Ejer/Aprob,90.57027090633055,154.86734169123463,122.34709168537981,76.02898985387321,104.43009101549048,0.0,85.56941308979613,0.0,0.0,85.56941308979613,103.37666525664584,,0.0,
2025,Poder Legislativo,H. Cámara de Diputados,,TOTAL,Porcentaje Ejer/Modif,100.0,100.0,100.0,100.0,100.0,0.0,100.0,0.0,0.0,100.0,100.0,,0.0,
2025,Poder Legislativo,H. Cámara de Diputados,,K027,Mantenimiento de Infraestructura,0.0,0.0,0.0,0.0,0.0,0.0,0.0,0.0,0.0,0.0,0.0,,0.0,
2025,Poder Legislativo,H. Cámara de Diputados,,K027,Aprobado,0.0,0.0,0.0,0.0,0.0,0.0,326720187.0,0.0,0.0,326720187.0,326720187.0,0.0,0.0,100.0
2025,Poder Legislativo,H. Cámara de Diputados,,K027,Modificado,0.0,0.0,0.0,0.0,0.0,0.0,238701728.64,0.0,0.0,238701728.64,238701728.64,0.0,0.0,100.0
2025,Poder Legislativo,H. Cámara de Diputados,,K027,Devengado,0.0,0.0,0.0,0.0,0.0,0.0,238701728.64,0.0,0.0,238701728.64,238701728.64,0.0,0.0,100.0
2025,Poder Legislativo,H. Cámara de Diputados,,K027,Ejercido,0.0,0.0,0.0,0.0,0.0,0.0,238701728.64,0.0,0.0,238701728.64,238701728.64,0.0,0.0,100.0
2025,Poder Legislativo,H. Cámara de Diputados,,K027,Porcentaje Ejer/Aprob,0.0,0.0,0.0,0.0,0.0,0.0,73.05998776255596,0.0,0.0,73.05998776255596,73.05998776255596,,0.0,
2025,Poder Legislativo,H. Cámara de Diputados,,K027,Porcentaje Ejer/Modif,0.0,0.0,0.0,0.0,0.0,0.0,100.0,0.0,0.0,100.0,100.0,,0.0,
2025,Poder Legislativo,H. Cámara de Diputados,,R001,Actividades derivadas del trabajo legislativo,0.0,0.0,0.0,0.0,0.0,0.0,0.0,0.0,0.0,0.0,0.0,,0.0,
2025,Poder Legislativo,H. Cámara de Diputados,,R001,Aprobado,6263561529.0,1155579175.0,1625923264.0,21269200.0,9066333168.0,0.0,209617975.0,0.0,0.0,209617975.0,9275951143.0,97.74019966504258,0.0,2.259800334957413
2025,Poder Legislativo,H. Cámara de Diputados,,R001,Modificado,5672924645.2,1789614749.46,1989269826.54,16170757.91,9467979979.11,0.0,220239688.76,0.0,0.0,220239688.76,9688219667.87,97.72672692909305,0.0,2.273273070906955
2025,Poder Legislativo,H. Cámara de Diputados,,R001,Devengado,5672924645.2,1789614749.46,1989269826.54,16170757.91,9467979979.11,0.0,220239688.76,0.0,0.0,220239688.76,9688219667.87,97.72672692909305,0.0,2.273273070906955
2025,Poder Legislativo,H. Cámara de Diputados,,R001,Ejercido,5672924645.2,1789614749.46,1989269826.54,16170757.91,9467979979.11,0.0,220239688.76,0.0,0.0,220239688.76,9688219667.87,97.72672692909305,0.0,2.273273070906955
2025,Poder Legislativo,H. Cámara de Diputados,,R001,Porcentaje Ejer/Aprob,90.57027090633055,154.86734169123463,122.34709168537981,76.02898985387321,104.43009101549048,0.0,105.0671769727763,0.0,0.0,105.0671769727763,104.44448788608717,,0.0,
2025,Poder Legislativo,H. Cámara de Diputados,,R001,Porcentaje Ejer/Modif,100.0,100.0,100.0,100.0,100.0,0.0,100.0,0.0,0.0,100.0,100.0,,0.0,
2025,Poder Legislativo,Auditoría Superior de la Federación,,TOTAL,Aprobado,2609265819.0,200227882.0,0.0,11958517.0,2821452218.0,0.0,1135916.0,0.0,0.0,1135916.0,2822588134.0,99.95975622563147,0.0,0.0
2025,Poder Legislativo,Auditoría Superior de la Federación,,TOTAL,Modificado,2873830290.41,450969701.97,0.0,18429567.88,3343229560.26,0.0,13551309.24,0.0,0.0,13551309.24,3356780869.5,99.59630045073456,0.0,0.40369954926543944
2025,Poder Legislativo,Auditoría Superior de la Federación,,TOTAL,Devengado,2873830290.41,450969701.97,0.0,18429567.88,3343229560.26,0.0,13551309.24,0.0,0.0,13551309.24,3356780869.5,99.59630045073456,0.0,0.40369954926543944
2025,Poder Legislativo,Auditoría Superior de la Federación,,TOTAL,Ejercido,2873830290.41,450969701.97,0.0,18429567.88,3343229560.26,0.0,13551309.24,0.0,0.0,13551309.24,3356780869.5,99.59630045073456,0.0,0.40369954926543944
2025,Poder Legislativo,Auditoría Superior de la Federación,,TOTAL,Porcentaje Ejer/Aprob,110.13942195860267,225.2282236946401,0.0,154.11248635595868,118.49321916321038,0.0,0.0,0.0,0.0,0.0,118.9256352730065,,0.0,
2025,Poder Legislativo,Auditoría Superior de la Federación,,TOTAL,Porcentaje Ejer/Modif,100.0,100.0,0.0,100.0,100.0,0.0,100.0,0.0,0.0,100.0,100.0,,0.0,
2025,Poder Legislativo,Auditoría Superior de la Federación,,R002,"Entregar a la Cámara de Diputados del H. Congreso de la Unión, el informe sobre la revisión de la Cuenta de la Hacienda Pública Federal",0.0,0.0,0.0,0.0,0.0,0.0,0.0,0.0,0.0,0.0,0.0,,0.0,
2025,Poder Legislativo,Auditoría Superior de la Federación,,R002,Aprobado,2609265819.0,200227882.0,0.0,11958517.0,2821452218.0,0.0,1135916.0,0.0,0.0,1135916.0,2822588134.0,99.95975622563147,0.0,0.0
2025,Poder Legislativo,Auditoría Superior de la Federación,,R002,Modificado,2873830290.41,450969701.97,0.0,18429567.88,3343229560.26,0.0,13551309.24,0.0,0.0,13551309.24,3356780869.5,99.59630045073456,0.0,0.40369954926543944
2025,Poder Legislativo,Auditoría Superior de la Federación,,R002,Devengado,2873830290.41,450969701.97,0.0,18429567.88,3343229560.26,0.0,13551309.24,0.0,0.0,13551309.24,3356780869.5,99.59630045073456,0.0,0.40369954926543944
2025,Poder Legislativo,Auditoría Superior de la Federación,,R002,Ejercido,2873830290.41,450969701.97,0.0,18429567.88,3343229560.26,0.0,13551309.24,0.0,0.0,13551309.24,3356780869.5,99.59630045073456,0.0,0.40369954926543944
2025,Poder Legislativo,Auditoría Superior de la Federación,,R002,Porcentaje Ejer/Aprob,110.13942195860267,225.2282236946401,0.0,154.11248635595868,118.49321916321038,0.0,0.0,0.0,0.0,0.0,118.9256352730065,,0.0,
2025,Poder Legislativo,Auditoría Superior de la Federación,,R002,Porcentaje Ejer/Modif,100.0,100.0,0.0,100.0,100.0,0.0,100.0,0.0,0.0,100.0,100.0,,0.0,
2025,Poder Legislativo,H. Cámara de Senadores,,TOTAL,Aprobado,3061699434.0,1933016695.0,0.0,69982142.0,5064698271.0,0.0,39118767.0,0.0,0.0,39118767.0,5103817038.0,99.23353900210871,0.0,0.7664609978912806
2025,Poder Legislativo,H. Cámara de Senadores,,TOTAL,Modificado,3153196682.12,939055026.37,249356026.43,981340736.91,5322948471.83,0.0,12978322.99,0.0,0.0,12978322.99,5335926794.82,99.75677471807523,0.0,0.2432252819247646
2025,Poder Legislativo,H. Cámara de Senadores,,TOTAL,Devengado,3153196682.12,939055026.37,249356026.43,981340736.91,5322948471.83,0.0,12978322.99,0.0,0.0,12978322.99,5335926794.82,99.75677471807523,0.0,0.2432252819247646
2025,Poder Legislativo,H. Cámara de Senadores,,TOTAL,Ejercido,3153196682.12,939055026.37,249356026.43,981340736.91,5322948471.83,0.0,12978322.99,0.0,0.0,12978322.99,5335926794.82,99.75677471807523,0.0,0.2432252819247646
2025,Poder Legislativo,H. Cámara de Senadores,,TOTAL,Porcentaje Ejer/Aprob,102.9884464524482,48.5797680278183,0.0,0.0,105.09902440405419,0.0,33.176717942055795,0.0,0.0,33.176717942055795,104.5477679762391,,0.0,
2025,Poder Legislativo,H. Cámara de Senadores,,TOTAL,Porcentaje Ejer/Modif,100.0,100.0,100.0,100.0,100.0,0.0,100.0,0.0,0.0,100.0,100.0,,0.0,
2025,Poder Legislativo,H. Cámara de Senadores,,R001,Actividades derivadas del trabajo legislativo,0.0,0.0,0.0,0.0,0.0,0.0,0.0,0.0,0.0,0.0,0.0,,0.0,
2025,Poder Legislativo,H. Cámara de Senadores,,R001,Aprobado,3061699434.0,1933016695.0,0.0,69982142.0,5064698271.0,0.0,39118767.0,0.0,0.0,39118767.0,5103817038.0,99.23353900210871,0.0,0.7664609978912806
2025,Poder Legislativo,H. Cámara de Senadores,,R001,Modificado,3153196682.12,939055026.37,249356026.43,981340736.91,5322948471.83,0.0,12978322.99,0.0,0.0,12978322.99,5335926794.82,99.75677471807523,0.0,0.2432252819247646
2025,Poder Legislativo,H. Cámara de Senadores,,R001,Devengado,3153196682.12,939055026.37,249356026.43,981340736.91,5322948471.83,0.0,12978322.99,0.0,0.0,12978322.99,5335926794.82,99.75677471807523,0.0,0.2432252819247646
2025,Poder Legislativo,H. Cámara de Senadores,,R001,Ejercido,3153196682.12,939055026.37,249356026.43,981340736.91,5322948471.83,0.0,12978322.99,0.0,0.0,12978322.99,5335926794.82,99.75677471807523,0.0,0.2432252819247646
2025,Poder Legislativo,H. Cámara de Senadores,,R001,Porcentaje Ejer/Aprob,102.9884464524482,48.5797680278183,0.0,0.0,105.09902440405419,0.0,33.176717942055795,0.0,0.0,33.176717942055795,104.5477679762391,,0.0,
2025,Poder Legislativo,H. Cámara de Senadores,,R001,Porcentaje Ejer/Modif,100.0,100.0,100.0,100.0,100.0,0.0,100.0,0.0,0.0,100.0,100.0,,0.0,
2025,Poder Judicial,,,TOTAL,Aprobado,61756680169.0,8409015097.0,3450000.0,250046423.0,70419191689.0,0.0,564414613.0,0.0,0.0,564414613.0,70983606302.0,99.20486624672365,0.0,0.7951337532763496
2025,Poder Judicial,,,TOTAL,Modificado,72653359891.41,7912342271.1,1375625.97,238721421.97,80805799210.45,0.0,1490781621.56,0.0,0.0,1490781621.56,82296580832.01,98.18852544481393,0.0,1.811474555186073
2025,Poder Judicial,,,TOTAL,Devengado,72653318074.05,7902609648.1,1375625.97,238594500.83,80795897848.95,0.0,1490692466.57,0.0,0.0,1490692466.57,82286590315.52,98.18841385837706,0.0,1.8115861416229344
2025,Poder Judicial,,,TOTAL,Ejercido,72653318074.05,7902609648.1,1375625.97,238594500.83,80795897848.95,0.0,1490692466.57,0.0,0.0,1490692466.57,82286590315.52,98.18841385837706,0.0,1.8115861416229344
2025,Poder Judicial,,,TOTAL,Porcentaje Ejer/Aprob,117.6444683801507,93.97782685536306,39.87321652173913,95.4200815862101,114.73562236524637,0.0,264.11301767092976,0.0,0.0,264.11301767092976,115.9233724550869,,0.0,
2025,Poder Judicial,,,TOTAL,Porcentaje Ejer/Modif,99.99994244263436,99.87699441370795,100.0,99.94683294906984,99.98774671917518,0.0,99.99401958082186,0.0,0.0,99.99401958082186,99.9878603504678,,0.0,
2025,Poder Judicial,Suprema Corte de Justicia de la Nación,,TOTAL,Aprobado,4475993376.0,710216953.0,3450000.0,12701534.0,5202361863.0,0.0,6149301.0,0.0,0.0,6149301.0,5208511164.0,99.8819374518672,0.0,0.11806254813280458
2025,Poder Judicial,Suprema Corte de Justicia de la Nación,,TOTAL,Modificado,4467514725.43,768336287.05,1375625.97,8368604.4,5245595242.85,0.0,28189559.47,0.0,0.0,28189559.47,5273784802.32,99.46547763083548,0.0,0.534522369164534
2025,Poder Judicial,Suprema Corte de Justicia de la Nación,,TOTAL,Devengado,4467514725.43,768336287.05,1375625.97,8368604.4,5245595242.85,0.0,28189559.47,0.0,0.0,28189559.47,5273784802.32,99.46547763083548,0.0,0.534522369164534
2025,Poder Judicial,Suprema Corte de Justicia de la Nación,,TOTAL,Ejercido,4467514725.43,768336287.05,1375625.97,8368604.4,5245595242.85,0.0,28189559.47,0.0,0.0,28189559.47,5273784802.32,99.46547763083548,0.0,0.534522369164534
2025,Poder Judicial,Suprema Corte de Justicia de la Nación,,TOTAL,Porcentaje Ejer/Aprob,99.81057499737463,108.18332113933641,39.87321652173913,65.88656456771285,100.831033691783,0.0,458.4189238744371,0.0,0.0,458.4189238744371,101.25321106674699,,0.0,
2025,Poder Judicial,Suprema Corte de Justicia de la Nación,,TOTAL,Porcentaje Ejer/Modif,100.0,100.0,100.0,100.0,100.0,0.0,100.0,0.0,0.0,100.0,100.0,,0.0,
2025,Poder Judicial,Suprema Corte de Justicia de la Nación,,R001,Otras Actividades,0.0,0.0,0.0,0.0,0.0,0.0,0.0,0.0,0.0,0.0,0.0,,0.0,
2025,Poder Judicial,Suprema Corte de Justicia de la Nación,,R001,Aprobado,4475993376.0,710216953.0,3450000.0,12701534.0,5202361863.0,0.0,6149301.0,0.0,0.0,6149301.0,5208511164.0,99.8819374518672,0.0,0.11806254813280458
2025,Poder Judicial,Suprema Corte de Justicia de la Nación,,R001,Modificado,4467514725.43,768336287.05,1375625.97,8368604.4,5245595242.85,0.0,28189559.47,0.0,0.0,28189559.47,5273784802.32,99.46547763083548,0.0,0.534522369164534
2025,Poder Judicial,Suprema Corte de Justicia de la Nación,,R001,Devengado,4467514725.43,768336287.05,1375625.97,8368604.4,5245595242.85,0.0,28189559.47,0.0,0.0,28189559.47,5273784802.32,99.46547763083548,0.0,0.534522369164534
2025,Poder Judicial,Suprema Corte de Justicia de la Nación,,R001,Ejercido,4467514725.43,768336287.05,1375625.97,8368604.4,5245595242.85,0.0,28189559.47,0.0,0.0,28189559.47,5273784802.32,99.46547763083548,0.0,0.534522369164534
2025,Poder Judicial,Suprema Corte de Justicia de la Nación,,R001,Porcentaje Ejer/Aprob,99.81057499737463,108.18332113933641,39.87321652173913,65.88656456771285,100.831033691783,0.0,458.4189238744371,0.0,0.0,458.4189238744371,101.25321106674699,,0.0,
2025,Poder Judicial,Suprema Corte de Justicia de la Nación,,R001,Porcentaje Ejer/Modif,100.0,100.0,100.0,100.0,100.0,0.0,100.0,0.0,0.0,100.0,100.0,,0.0,
2025,Poder Judicial,Suprema Corte de Justicia de la Nación,,Tribunal Electoral del Poder Judicial de la Federación,Aprobado,3118575422.0,517528752.0,0.0,14623237.0,3650727411.0,0.0,98863865.0,0.0,0.0,98863865.0,3749591276.0,97.36334288932242,0.0,2.6366571106775747
2025,Poder Judicial,Suprema Corte de Justicia de la Nación,,Tribunal Electoral del Poder Judicial de la Federación,Modificado,2826032090.96,503150324.92,0.0,11439895.4,3340622311.28,0.0,52469599.03,0.0,0.0,52469599.03,3393091910.31,98.45363460769897,0.0,1.5463653923010376
2025,Poder Judicial,Suprema Corte de Justicia de la Nación,,Tribunal Electoral del Poder Judicial de la Federación,Devengado,2825990273.6,495297618.59,0.0,11312974.26,3332600866.45,0.0,52380444.04,0.0,0.0,52380444.04,3384981310.49,98.45256327183628,0.0,1.547436728163724
2025,Poder Judicial,Suprema Corte de Justicia de la Nación,,Tribunal Electoral del Poder Judicial de la Federación,Ejercido,2825990273.6,495297618.59,0.0,11312974.26,3332600866.45,0.0,52380444.04,0.0,0.0,52380444.04,3384981310.49,98.45256327183628,0.0,1.547436728163724
2025,Poder Judicial,Suprema Corte de Justicia de la Nación,,Tribunal Electoral del Poder Judicial de la Federación,Porcentaje Ejer/Aprob,90.61798709962385,95.70436747251485,0.0,77.36299603158999,91.28594088971272,0.0,52.98239558002309,0.0,0.0,52.98239558002309,90.27600773866318,,0.0,
2025,Poder Judicial,Suprema Corte de Justicia de la Nación,,Tribunal Electoral del Poder Judicial de la Federación,Porcentaje Ejer/Modif,99.99852028007275,98.43929220730433,0.0,98.89053933132989,99.75988172015391,0.0,99.8300825780105,0.0,0.0,99.8300825780105,99.7609672819249,,0.0,
2025,Poder Judicial,Suprema Corte de Justicia de la Nación,,R001,Otras Actividades,0.0,0.0,0.0,0.0,0.0,0.0,0.0,0.0,0.0,0.0,0.0,,0.0,
2025,Poder Judicial,Suprema Corte de Justicia de la Nación,,R001,Aprobado,3118575422.0,517528752.0,0.0,14623237.0,3650727411.0,0.0,98863865.0,0.0,0.0,98863865.0,3749591276.0,97.36334288932242,0.0,2.6366571106775747
2025,Poder Judicial,Suprema Corte de Justicia de la Nación,,R001,Modificado,2826032090.96,503150324.92,0.0,11439895.4,3340622311.28,0.0,52469599.03,0.0,0.0,52469599.03,3393091910.31,98.45363460769897,0.0,1.5463653923010376
2025,Poder Judicial,Suprema Corte de Justicia de la Nación,,R001,Devengado,2825990273.6,495297618.59,0.0,11312974.26,3332600866.45,0.0,52380444.04,0.0,0.0,52380444.04,3384981310.49,98.45256327183628,0.0,1.547436728163724
2025,Poder Judicial,Suprema Corte de Justicia de la Nación,,R001,Ejercido,2825990273.6,495297618.59,0.0,11312974.26,3332600866.45,0.0,52380444.04,0.0,0.0,52380444.04,3384981310.49,98.45256327183628,0.0,1.547436728163724
2025,Poder Judicial,Suprema Corte de Justicia de la Nación,,R001,Porcentaje Ejer/Aprob,90.61798709962385,95.70436747251485,0.0,77.36299603158999,91.28594088971272,0.0,52.98239558002309,0.0,0.0,52.98239558002309,90.27600773866318,,0.0,
2025,Poder Judicial,Suprema Corte de Justicia de la Nación,,R001,Porcentaje Ejer/Modif,99.99852028007275,98.43929220730433,0.0,98.89053933132989,99.75988172015391,0.0,99.8300825780105,0.0,0.0,99.8300825780105,99.7609672819249,,0.0,
2025,Poder Judicial,Consejo de la Judicatura Federal,,TOTAL,Aprobado,54162111371.0,7181269392.0,0.0,222721652.0,61566102415.0,0.0,459401447.0,0.0,0.0,459401447.0,62025503862.0,99.2593345988416,0.0,0.7406654011583981
2025,Poder Judicial,Consejo de la Judicatura Federal,,TOTAL,Modificado,34404166645.76,4145737482.06,0.0,100852884.76,38650757012.58,0.0,34175288.5,0.0,0.0,34175288.5,38684932301.08,99.91165736511049,0.0,0.1
2025,Poder Judicial,Consejo de la Judicatura Federal,,TOTAL,Devengado,34404166645.76,4145737482.06,0.0,100852884.76,38650757012.58,0.0,34175288.5,0.0,0.0,34175288.5,38684932301.08,99.91165736511049,0.0,0.1
2025,Poder Judicial,Consejo de la Judicatura Federal,,TOTAL,Ejercido,34404166645.76,4145737482.06,0.0,100852884.76,38650757012.58,0.0,34175288.5,0.0,0.0,34175288.5,38684932301.08,99.91165736511049,0.0,0.1
2025,Poder Judicial,Consejo de la Judicatura Federal,,TOTAL,Porcentaje Ejer/Aprob,63.52072652799316,57.72986996809213,0.0,45.282029768708796,62.77928193674821,0.0,7.439090303953701,0.0,0.0,7.439090303953701,62.36939628438935,,0.0,
2025,Poder Judicial,Consejo de la Judicatura Federal,,TOTAL,Porcentaje Ejer/Modif,100.0,100.0,0.0,100.0,100.0,0.0,100.0,0.0,0.0,100.0,100.0,,0.0,
2025,Poder Judicial,Consejo de la Judicatura Federal,,R001,Otras Actividades,0.0,0.0,0.0,0.0,0.0,0.0,0.0,0.0,0.0,0.0,0.0,,0.0,
2025,Poder Judicial,Consejo de la Judicatura Federal,,R001,Aprobado,54162111371.0,7181269392.0,0.0,222721652.0,61566102415.0,0.0,459401447.0,0.0,0.0,459401447.0,62025503862.0,99.2593345988416,0.0,0.7406654011583981
2025,Poder Judicial,Consejo de la Judicatura Federal,,R001,Modificado,34404166645.76,4145737482.06,0.0,100852884.76,38650757012.58,0.0,34175288.5,0.0,0.0,34175288.5,38684932301.08,99.91165736511049,0.0,0.1
2025,Poder Judicial,Consejo de la Judicatura Federal,,R001,Devengado,34404166645.76,4145737482.06,0.0,100852884.76,38650757012.58,0.0,34175288.5,0.0,0.0,34175288.5,38684932301.08,99.91165736511049,0.0,0.1
2025,Poder Judicial,Consejo de la Judicatura Federal,,R001,Ejercido,34404166645.76,4145737482.06,0.0,100852884.76,38650757012.58,0.0,34175288.5,0.0,0.0,34175288.5,38684932301.08,99.91165736511049,0.0,0.1
2025,Poder Judicial,Consejo de la Judicatura Federal,,R001,Porcentaje Ejer/Aprob,63.52072652799316,57.72986996809213,0.0,45.282029768708796,62.77928193674821,0.0,7.439090303953701,0.0,0.0,7.439090303953701,62.36939628438935,,0.0,
2025,Poder Judicial,Consejo de la Judicatura Federal,,R001,Porcentaje Ejer/Modif,100.0,100.0,0.0,100.0,100.0,0.0,100.0,0.0,0.0,100.0,100.0,,0.0,
2025,Poder Judicial,Órgano de Administración Judicial,,TOTAL,Aprobado,0.0,0.0,0.0,0.0,0.0,0.0,0.0,0.0,0.0,0.0,0.0,0.0,0.0,0.0
2025,Poder Judicial,Órgano de Administración Judicial,,TOTAL,Modificado,30723725671.89,2485870012.24,0.0,118060037.41,33327655721.54,0.0,1375947174.56,0.0,0.0,1375947174.56,34703602896.1,96.03514603748931,0.0,3.9648539625107033
2025,Poder Judicial,Órgano de Administración Judicial,,TOTAL,Devengado,30723725671.89,2483990095.57,0.0,118060037.41,33325775804.87,0.0,1375947174.56,0.0,0.0,1375947174.56,34701722979.43,96.03493124714409,0.0,3.965068752855916
2025,Poder Judicial,Órgano de Administración Judicial,,TOTAL,Ejercido,30723725671.89,2483990095.57,0.0,118060037.41,33325775804.87,0.0,1375947174.56,0.0,0.0,1375947174.56,34701722979.43,96.03493124714409,0.0,3.965068752855916
2025,Poder Judicial,Órgano de Administración Judicial,,TOTAL,Porcentaje Ejer/Aprob,0.0,0.0,0.0,0.0,0.0,0.0,0.0,0.0,0.0,0.0,0.0,,0.0,
2025,Poder Judicial,Órgano de Administración Judicial,,TOTAL,Porcentaje Ejer/Modif,100.0,99.92437590619207,0.0,100.0,99.99435928921702,0.0,100.0,0.0,0.0,100.0,99.99458293516201,,0.0,
2025,Poder Judicial,Órgano de Administración Judicial,,R001,Otras Actividades,0.0,0.0,0.0,0.0,0.0,0.0,0.0,0.0,0.0,0.0,0.0,,0.0,
2025,Poder Judicial,Órgano de Administración Judicial,,R001,Aprobado,0.0,0.0,0.0,0.0,0.0,0.0,0.0,0.0,0.0,0.0,0.0,0.0,0.0,0.0
2025,Poder Judicial,Órgano de Administración Judicial,,R001,Modificado,30723725671.89,2485870012.24,0.0,118060037.41,33327655721.54,0.0,1375947174.56,0.0,0.0,1375947174.56,34703602896.1,96.03514603748931,0.0,3.9648539625107033
2025,Poder Judicial,Órgano de Administración Judicial,,R001,Devengado,30723725671.89,2483990095.57,0.0,118060037.41,33325775804.87,0.0,1375947174.56,0.0,0.0,1375947174.56,34701722979.43,96.03493124714409,0.0,3.965068752855916
2025,Poder Judicial,Órgano de Administración Judicial,,R001,Ejercido,30723725671.89,2483990095.57,0.0,118060037.41,33325775804.87,0.0,1375947174.56,0.0,0.0,1375947174.56,34701722979.43,96.03493124714409,0.0,3.965068752855916
2025,Poder Judicial,Órgano de Administración Judicial,,R001,Porcentaje Ejer/Aprob,0.0,0.0,0.0,0.0,0.0,0.0,0.0,0.0,0.0,0.0,0.0,,0.0,
2025,Poder Judicial,Órgano de Administración Judicial,,R001,Porcentaje Ejer/Modif,100.0,99.92437590619207,0.0,100.0,99.99435928921702,0.0,100.0,0.0,0.0,100.0,99.99458293516201,,0.0,
2025,Poder Judicial,Tribunal de Disciplina Judicial,,TOTAL,Aprobado,0.0,0.0,0.0,0.0,0.0,0.0,0.0,0.0,0.0,0.0,0.0,0.0,0.0,0.0
2025,Poder Judicial,Tribunal de Disciplina Judicial,,TOTAL,Modificado,231920757.37,9248164.83,0.0,0.0,241168922.2,0.0,0.0,0.0,0.0,0.0,241168922.2,100.0,0.0,0.0
2025,Poder Judicial,Tribunal de Disciplina Judicial,,TOTAL,Devengado,231920757.37,9248164.83,0.0,0.0,241168922.2,0.0,0.0,0.0,0.0,0.0,241168922.2,100.0,0.0,0.0
2025,Poder Judicial,Tribunal de Disciplina Judicial,,TOTAL,Ejercido,231920757.37,9248164.83,0.0,0.0,241168922.2,0.0,0.0,0.0,0.0,0.0,241168922.2,100.0,0.0,0.0
2025,Poder Judicial,Tribunal de Disciplina Judicial,,TOTAL,Porcentaje Ejer/Aprob,0.0,0.0,0.0,0.0,0.0,0.0,0.0,0.0,0.0,0.0,0.0,,0.0,
2025,Poder Judicial,Tribunal de Disciplina Judicial,,TOTAL,Porcentaje Ejer/Modif,100.0,100.0,0.0,0.0,100.0,0.0,0.0,0.0,0.0,0.0,100.0,,0.0,
2025,Poder Judicial,Tribunal de Disciplina Judicial,,R001,Otras Actividades,0.0,0.0,0.0,0.0,0.0,0.0,0.0,0.0,0.0,0.0,0.0,,0.0,
2025,Poder Judicial,Tribunal de Disciplina Judicial,,R001,Aprobado,0.0,0.0,0.0,0.0,0.0,0.0,0.0,0.0,0.0,0.0,0.0,0.0,0.0,0.0
2025,Poder Judicial,Tribunal de Disciplina Judicial,,R001,Modificado,231920757.37,9248164.83,0.0,0.0,241168922.2,0.0,0.0,0.0,0.0,0.0,241168922.2,100.0,0.0,0.0
2025,Poder Judicial,Tribunal de Disciplina Judicial,,R001,Devengado,231920757.37,9248164.83,0.0,0.0,241168922.2,0.0,0.0,0.0,0.0,0.0,241168922.2,100.0,0.0,0.0
2025,Poder Judicial,Tribunal de Disciplina Judicial,,R001,Ejercido,231920757.37,9248164.83,0.0,0.0,241168922.2,0.0,0.0,0.0,0.0,0.0,241168922.2,100.0,0.0,0.0
2025,Poder Judicial,Tribunal de Disciplina Judicial,,R001,Porcentaje Ejer/Aprob,0.0,0.0,0.0,0.0,0.0,0.0,0.0,0.0,0.0,0.0,0.0,,0.0,
2025,Poder Judicial,Tribunal de Disciplina Judicial,,R001,Porcentaje Ejer/Modif,100.0,100.0,0.0,0.0,100.0,0.0,0.0,0.0,0.0,0.0,100.0,,0.0,
2025,Órganos Autónomos,,,TOTAL,Aprobado,41553506832.0,14604342840.0,0.0,8245630424.0,64403480096.0,0.0,1194619092.0,0.0,0.0,1194619092.0,65598099188.0,98.17888154262474,0.0,1.8211184573752623
2025,Órganos Autónomos,,,TOTAL,Modificado,44031349930.1,14241792560.55,0.0,9547195437.09,67820337927.74,0.0,2604256537.14,0.0,0.0,2604256537.14,70424594464.88,96.30206385009612,0.0,3.6979361499038728
2025,Órganos Autónomos,,,TOTAL,Devengado,43842173354.37,13753335383.73,0.0,9537821764.09,67133330502.19,0.0,2592275748.82,0.0,0.0,2592275748.82,69725606251.01,96.2821753897874,0.0,3.717824610212622
2025,Órganos Autónomos,,,TOTAL,Ejercido,43842173354.37,13753335383.73,0.0,9537821764.09,67133330502.19,0.0,2592275748.82,0.0,0.0,2592275748.82,69725606251.01,96.2821753897874,0.0,3.717824610212622
2025,Órganos Autónomos,,,TOTAL,Porcentaje Ejer/Aprob,105.50775782083335,94.17291510071124,0.0,115.67122552969276,104.23866909384536,0.0,216.99600870098936,0.0,0.0,216.99600870098936,106.29211381747636,,0.0,
2025,Órganos Autónomos,,,TOTAL,Porcentaje Ejer/Modif,99.57035935525413,96.57025493986596,0.0,99.90181752262465,98.9870185750446,0.0,99.53995360483353,0.0,0.0,99.53995360483353,99.00746575939662,,0.0,
2025,Órganos Autónomos,Instituto Nacional Electoral,,TOTAL,Aprobado,12421405849.0,6442759963.0,0.0,7923922273.0,26788088085.0,0.0,211968670.0,0.0,0.0,211968670.0,27000056755.0,99.21493250209281,0.0,0.7850674979071911
2025,Órganos Autónomos,Instituto Nacional Electoral,,TOTAL,Modificado,13359602023.47,6079695519.07,0.0,8971700962.6,28410998505.14,0.0,363900056.16,0.0,0.0,363900056.16,28774898561.3,98.7353559026984,0.0,1.264644097301588
2025,Órganos Autónomos,Instituto Nacional Electoral,,TOTAL,Devengado,13346745670.2,5621325454.88,0.0,8966143865.28,27934214990.36,0.0,353766364.6,0.0,0.0,353766364.6,28287981354.96,98.7494110655656,0.0,1.2505889344344143
2025,Órganos Autónomos,Instituto Nacional Electoral,,TOTAL,Ejercido,13346745670.2,5621325454.88,0.0,8966143865.28,27934214990.36,0.0,353766364.6,0.0,0.0,353766364.6,28287981354.96,98.7494110655656,0.0,1.2505889344344143
2025,Órganos Autónomos,Instituto Nacional Electoral,,TOTAL,Porcentaje Ejer/Aprob,107.4495579039026,87.25026987133775,0.0,113.15284976773776,104.27849461194573,0.0,166.89559103239174,0.0,0.0,166.89559103239174,104.77008108407585,,0.0,
2025,Órganos Autónomos,Instituto Nacional Electoral,,TOTAL,Porcentaje Ejer/Modif,99.90376694419929,92.4606411167756,0.0,99.93805971305592,98.32183471237823,0.0,97.2152541917871,0.0,0.0,97.2152541917871,98.30784040714269,,0.0,
2025,Órganos Autónomos,Instituto Nacional Electoral,,M001,Gestión Administrativa,0.0,0.0,0.0,0.0,0.0,0.0,0.0,0.0,0.0,0.0,0.0,,0.0,
2025,Órganos Autónomos,Instituto Nacional Electoral,,M001,Aprobado,1593697601.0,1393232958.0,0.0,7641293.0,2994571852.0,0.0,4087205.0,0.0,0.0,4087205.0,2998659057.0,99.86369890933553,0.0,0.13630109066447296
2025,Órganos Autónomos,Instituto Nacional Electoral,,M001,Modificado,1603162246.09,1602160792.23,0.0,873568215.44,4078891253.76,0.0,234122074.59,0.0,0.0,234122074.59,4313013328.35,94.57172846995196,0.0,5.42827153004803
2025,Órganos Autónomos,Instituto Nacional Electoral,,M001,Devengado,1590658268.92,1365355357.95,0.0,873568215.44,3829581842.31,0.0,234122074.59,0.0,0.0,234122074.59,4063703916.9,94.23870244049178,0.0,5.761297559508229
2025,Órganos Autónomos,Instituto Nacional Electoral,,M001,Ejercido,1590658268.92,1365355357.95,0.0,873568215.44,3829581842.31,0.0,234122074.59,0.0,0.0,234122074.59,4063703916.9,94.23870244049178,0.0,5.761297559508229
2025,Órganos Autónomos,Instituto Nacional Electoral,,M001,Porcentaje Ejer/Aprob,99.80929054055846,97.99907116107714,0.0,0.0,127.88411938595887,0.0,0.0,0.0,0.0,0.0,135.51737091997117,,0.0,
2025,Órganos Autónomos,Instituto Nacional Electoral,,M001,Porcentaje Ejer/Modif,99.22004293698306,85.21962118730933,0.0,100.0,93.88781421372335,0.0,100.0,0.0,0.0,100.0,94.21960025462344,,0.0,
2025,Órganos Autónomos,Instituto Nacional Electoral,,M002,Organización del servicio profesional electoral,0.0,0.0,0.0,0.0,0.0,0.0,0.0,0.0,0.0,0.0,0.0,,0.0,
2025,Órganos Autónomos,Instituto Nacional Electoral,,M002,Aprobado,114237991.0,33048346.0,0.0,410130.0,147696467.0,0.0,598426.0,0.0,0.0,598426.0,148294893.0,99.59646216542333,0.0,0.40353783457667686
2025,Órganos Autónomos,Instituto Nacional Electoral,,M002,Modificado,114960604.4,31903505.95,0.0,991691.55,147855801.9,0.0,177620.92,0.0,0.0,177620.92,148033422.82,99.88001296152156,0.0,0.11998703847845003
2025,Órganos Autónomos,Instituto Nacional Electoral,,M002,Devengado,114960604.4,31869627.4,0.0,991691.55,147821923.35,0.0,177620.92,0.0,0.0,177620.92,147999544.27,99.87998549530937,0.0,0.1200145046906096
2025,Órganos Autónomos,Instituto Nacional Electoral,,M002,Ejercido,114960604.4,31869627.4,0.0,991691.55,147821923.35,0.0,177620.92,0.0,0.0,177620.92,147999544.27,99.87998549530937,0.0,0.1200145046906096
2025,Órganos Autónomos,Instituto Nacional Electoral,,M002,Porcentaje Ejer/Aprob,100.63255086479943,96.4333507038446,0.0,241.79931972789115,100.08494201151068,0.0,29.68135074345032,0.0,0.0,29.68135074345032,99.80083688384333,,0.0,
2025,Órganos Autónomos,Instituto Nacional Electoral,,M002,Porcentaje Ejer/Modif,100.0,99.89380931972462,0.0,100.0,99.97708676320804,0.0,100.0,0.0,0.0,100.0,99.9771142561223,,0.0,
2025,Órganos Autónomos,Instituto Nacional Electoral,,O001,Apoyo a la función pública y al mejoramiento de la gestión,0.0,0.0,0.0,0.0,0.0,0.0,0.0,0.0,0.0,0.0,0.0,,0.0,
2025,Órganos Autónomos,Instituto Nacional Electoral,,O001,Aprobado,168921378.0,31216820.0,0.0,0.0,200138198.0,0.0,44159.0,0.0,0.0,44159.0,200182357.0,99.97794061341779,0.0,0.0
2025,Órganos Autónomos,Instituto Nacional Electoral,,O001,Modificado,150764512.92,30323250.21,0.0,37443.33,181125206.46,0.0,0.0,0.0,0.0,0.0,181125206.46,100.0,0.0,0.0
2025,Órganos Autónomos,Instituto Nacional Electoral,,O001,Devengado,150764512.92,30310568.07,0.0,37443.33,181112524.32,0.0,0.0,0.0,0.0,0.0,181112524.32,100.0,0.0,0.0
2025,Órganos Autónomos,Instituto Nacional Electoral,,O001,Ejercido,150764512.92,30310568.07,0.0,37443.33,181112524.32,0.0,0.0,0.0,0.0,0.0,181112524.32,100.0,0.0,0.0
2025,Órganos Autónomos,Instituto Nacional Electoral,,O001,Porcentaje Ejer/Aprob,89.25129234974627,97.09691144069127,0.0,0.0,90.49373189619703,0.0,0.0,0.0,0.0,0.0,90.4737695340454,,0.0,
2025,Órganos Autónomos,Instituto Nacional Electoral,,O001,Porcentaje Ejer/Modif,100.0,99.95817684479015,0.0,100.0,99.99299813634563,0.0,0.0,0.0,0.0,0.0,99.99299813634563,,0.0,
2025,Órganos Autónomos,Instituto Nacional Electoral,,P001,"Planeación, innovación, seguimiento y evaluación",0.0,0.0,0.0,0.0,0.0,0.0,0.0,0.0,0.0,0.0,0.0,,0.0,
2025,Órganos Autónomos,Instituto Nacional Electoral,,P001,Aprobado,13136092.0,366429.0,0.0,100000.0,13602521.0,0.0,0.0,0.0,0.0,0.0,13602521.0,100.0,0.0,0.0
2025,Órganos Autónomos,Instituto Nacional Electoral,,P001,Modificado,13582502.56,505017.97,0.0,110800.0,14198320.53,0.0,0.0,0.0,0.0,0.0,14198320.53,100.0,0.0,0.0
2025,Órganos Autónomos,Instituto Nacional Electoral,,P001,Devengado,13582502.56,505017.97,0.0,108800.0,14196320.53,0.0,0.0,0.0,0.0,0.0,14196320.53,100.0,0.0,0.0
2025,Órganos Autónomos,Instituto Nacional Electoral,,P001,Ejercido,13582502.56,505017.97,0.0,108800.0,14196320.53,0.0,0.0,0.0,0.0,0.0,14196320.53,100.0,0.0,0.0
2025,Órganos Autónomos,Instituto Nacional Electoral,,P001,Porcentaje Ejer/Aprob,103.39835135137605,137.8215070313758,0.0,108.80000000000001,104.36536381748647,0.0,0.0,0.0,0.0,0.0,104.36536381748647,,0.0,
2025,Órganos Autónomos,Instituto Nacional Electoral,,P001,Porcentaje Ejer/Modif,100.0,100.0,0.0,98.19494584837545,99.98591382695035,0.0,0.0,0.0,0.0,0.0,99.98591382695035,,0.0,
2025,Órganos Autónomos,Instituto Nacional Electoral,,R002,Organización electoral nacional,0.0,0.0,0.0,0.0,0.0,0.0,0.0,0.0,0.0,0.0,0.0,,0.0,
2025,Órganos Autónomos,Instituto Nacional Electoral,,R002,Aprobado,869271805.0,1676721336.0,0.0,615095331.0,3161088472.0,0.0,24898332.0,0.0,0.0,24898332.0,3185986804.0,99.21850486107662,0.0,0.781495138923369
2025,Órganos Autónomos,Instituto Nacional Electoral,,R002,Modificado,1051133491.91,1110716173.25,0.0,667497268.26,2829346933.42,0.0,500878.55,0.0,0.0,500878.55,2829847811.97,99.98230015946861,0.0,0.0
2025,Órganos Autónomos,Instituto Nacional Electoral,,R002,Devengado,1051133491.91,1096913439.48,0.0,664781129.45,2812828060.84,0.0,500878.55,0.0,0.0,500878.55,2813328939.39,99.98219623226467,0.0,0.0
2025,Órganos Autónomos,Instituto Nacional Electoral,,R002,Ejercido,1051133491.91,1096913439.48,0.0,664781129.45,2812828060.84,0.0,500878.55,0.0,0.0,500878.55,2813328939.39,99.98219623226467,0.0,0.0
2025,Órganos Autónomos,Instituto Nacional Electoral,,R002,Porcentaje Ejer/Aprob,120.92115329911108,65.42013964567336,0.0,108.07773948945811,88.98289578906794,0.0,2.011695201108251,0.0,0.0,2.011695201108251,88.30322008420973,,0.0,
2025,Órganos Autónomos,Instituto Nacional Electoral,,R002,Porcentaje Ejer/Modif,100.0,98.75731225470386,0.0,99.59308615343397,99.41615952484015,0.0,100.0,0.0,0.0,100.0,99.41626286367321,,0.0,
2025,Órganos Autónomos,Instituto Nacional Electoral,,R003,Capacitación y educación para el ejercicio democrático de la ciudadanía,0.0,0.0,0.0,0.0,0.0,0.0,0.0,0.0,0.0,0.0,0.0,,0.0,
2025,Órganos Autónomos,Instituto Nacional Electoral,,R003,Aprobado,2646523386.0,830604764.0,0.0,38611368.0,3515739518.0,0.0,730073.0,0.0,0.0,730073.0,3516469591.0,99.9792384668456,0.0,0.0
2025,Órganos Autónomos,Instituto Nacional Electoral,,R003,Modificado,3149718977.02,936390181.46,0.0,36595963.06,4122705121.54,0.0,441490.78,0.0,0.0,441490.78,4123146612.32,99.98929238221407,0.0,0.0
2025,Órganos Autónomos,Instituto Nacional Electoral,,R003,Devengado,3149610376.34,928227108.28,0.0,35771026.76,4113608511.38,0.0,441490.78,0.0,0.0,441490.78,4114050002.16,99.9892687065114,0.0,0.0
2025,Órganos Autónomos,Instituto Nacional Electoral,,R003,Ejercido,3149610376.34,928227108.28,0.0,35771026.76,4113608511.38,0.0,441490.78,0.0,0.0,441490.78,4114050002.16,99.9892687065114,0.0,0.0
2025,Órganos Autónomos,Instituto Nacional Electoral,,R003,Porcentaje Ejer/Aprob,119.00935366758176,111.75316450267796,0.0,92.64376947224454,117.00549743002888,0.0,60.47214182691321,0.0,0.0,60.47214182691321,116.99376023866203,,0.0,
2025,Órganos Autónomos,Instituto Nacional Electoral,,R003,Porcentaje Ejer/Modif,99.99655205176106,99.12824019926477,0.0,97.74582705024731,99.7793533640698,0.0,100.0,0.0,0.0,100.0,99.77937699006823,,0.0,
2025,Órganos Autónomos,Instituto Nacional Electoral,,R005,Actualización del padrón electoral y expedición de la credencial para votar,0.0,0.0,0.0,0.0,0.0,0.0,0.0,0.0,0.0,0.0,0.0,,0.0,
2025,Órganos Autónomos,Instituto Nacional Electoral,,R005,Aprobado,3562821749.0,1100481825.0,0.0,38246921.0,4701550495.0,0.0,27344345.0,0.0,0.0,27344345.0,4728894840.0,99.42176034940121,0.0,0.5782396505987856
2025,Órganos Autónomos,Instituto Nacional Electoral,,R005,Modificado,3714307135.23,1067511329.24,0.0,168835119.97,4950653584.44,0.0,1138623.12,0.0,0.0,1138623.12,4951792207.56,99.97700583804259,0.0,0.0
2025,Órganos Autónomos,Instituto Nacional Electoral,,R005,Devengado,3714291408.6,1049782384.87,0.0,167254713.96,4931328507.43,0.0,1138623.11,0.0,0.0,1138623.11,4932467130.54,99.97691574865345,0.0,0.0
2025,Órganos Autónomos,Instituto Nacional Electoral,,R005,Ejercido,3714291408.6,1049782384.87,0.0,167254713.96,4931328507.43,0.0,1138623.11,0.0,0.0,1138623.11,4932467130.54,99.97691574865345,0.0,0.0
2025,Órganos Autónomos,Instituto Nacional Electoral,,R005,Porcentaje Ejer/Aprob,104.25139595160813,95.39297796853664,0.0,437.30242745553295,104.88728160368296,0.0,4.164016764709486,0.0,0.0,4.164016764709486,104.30485974900638,,0.0,
2025,Órganos Autónomos,Instituto Nacional Electoral,,R005,Porcentaje Ejer/Modif,99.99957659317262,98.33922658388816,0.0,99.06393526993625,99.60964594511847,0.0,99.99999912174627,0.0,0.0,99.99999912174627,99.60973570356009,,0.0,
2025,Órganos Autónomos,Instituto Nacional Electoral,,R008,"Dirección, soporte jurídico electoral y apoyo logístico",0.0,0.0,0.0,0.0,0.0,0.0,0.0,0.0,0.0,0.0,0.0,,0.0,
2025,Órganos Autónomos,Instituto Nacional Electoral,,R008,Aprobado,2169281699.0,183524838.0,0.0,5738654.0,2358545191.0,0.0,1242990.0,0.0,0.0,1242990.0,2359788181.0,99.94732620452938,0.0,0.1
2025,Órganos Autónomos,Instituto Nacional Electoral,,R008,Modificado,2191107128.28,175890919.13,0.0,5354197.48,2372352244.89,0.0,581374.38,0.0,0.0,581374.38,2372933619.27,99.97549976218134,0.0,0.0
2025,Órganos Autónomos,Instituto Nacional Electoral,,R008,Devengado,2190950995.98,173312574.74,0.0,4920581.3,2369184152.02,0.0,581374.38,0.0,0.0,581374.38,2369765526.4,99.97546700829582,0.0,0.0
2025,Órganos Autónomos,Instituto Nacional Electoral,,R008,Ejercido,2190950995.98,173312574.74,0.0,4920581.3,2369184152.02,0.0,581374.38,0.0,0.0,581374.38,2369765526.4,99.97546700829582,0.0,0.0
2025,Órganos Autónomos,Instituto Nacional Electoral,,R008,Porcentaje Ejer/Aprob,100.9989157696757,94.4354871137388,0.0,85.74451953367462,100.45108149975661,0.0,46.77224917336423,0.0,0.0,46.77224917336423,100.42280682140598,,0.0,
2025,Órganos Autónomos,Instituto Nacional Electoral,,R008,Porcentaje Ejer/Modif,99.99287427355856,98.53412307880753,0.0,91.90137865441599,99.86645773717525,0.0,100.0,0.0,0.0,100.0,99.86649045534723,,0.0,
2025,Órganos Autónomos,Instituto Nacional Electoral,,R009,"Otorgamiento de prerrogativas a partidos políticos, fiscalización de sus recursos y administración de los tiempos del estado en radio y televisión",0.0,0.0,0.0,0.0,0.0,0.0,0.0,0.0,0.0,0.0,0.0,,0.0,
2025,Órganos Autónomos,Instituto Nacional Electoral,,R009,Aprobado,801445299.0,340210743.0,0.0,7213504956.0,8355160998.0,0.0,8711473.0,0.0,0.0,8711473.0,8363872471.0,99.89584402404262,0.0,0.10415597595737182
2025,Órganos Autónomos,Instituto Nacional Electoral,,R009,Modificado,828361197.28,292272726.62,0.0,7214325348.4,8334959272.3,0.0,6569314.9,0.0,0.0,6569314.9,8341528587.2,99.92124567060671,0.0,0.1
2025,Órganos Autónomos,Instituto Nacional Electoral,,R009,Devengado,828361197.28,173288208.19,0.0,7214325348.4,8215974753.87,0.0,6569314.9,0.0,0.0,6569314.9,8222544068.77,99.92010605422048,0.0,0.1
2025,Órganos Autónomos,Instituto Nacional Electoral,,R009,Ejercido,828361197.28,173288208.19,0.0,7214325348.4,8215974753.87,0.0,6569314.9,0.0,0.0,6569314.9,8222544068.77,99.92010605422048,0.0,0.1
2025,Órganos Autónomos,Instituto Nacional Electoral,,R009,Porcentaje Ejer/Aprob,103.35841988387531,50.935548554973174,0.0,100.01137300667295,98.3341285205238,0.0,75.40992091693333,0.0,0.0,75.40992091693333,98.31025158836381,,0.0,
2025,Órganos Autónomos,Instituto Nacional Electoral,,R009,Porcentaje Ejer/Modif,100.0,59.28990029073141,0.0,100.0,98.57246430914873,0.0,100.0,0.0,0.0,100.0,98.57358855530892,,0.0,
2025,Órganos Autónomos,Instituto Nacional Electoral,,R010,Vinculación con la sociedad,0.0,0.0,0.0,0.0,0.0,0.0,0.0,0.0,0.0,0.0,0.0,,0.0,
2025,Órganos Autónomos,Instituto Nacional Electoral,,R010,Aprobado,171291511.0,85315879.0,0.0,4573620.0,261181010.0,0.0,27074.0,0.0,0.0,27074.0,261208084.0,99.98963508342261,0.0,0.0
2025,Órganos Autónomos,Instituto Nacional Electoral,,R010,Modificado,157232680.28,71249471.33,0.0,3410872.4,231893024.01,0.0,1630933.35,0.0,0.0,1630933.35,233523957.36,99.30159912994031,0.0,0.6984008700596646
2025,Órganos Autónomos,Instituto Nacional Electoral,,R010,Devengado,157183738.53,71005486.28,0.0,3410872.38,231600097.19,0.0,1630933.35,0.0,0.0,1630933.35,233231030.54,99.30072197244772,0.0,0.699278027552294
2025,Órganos Autónomos,Instituto Nacional Electoral,,R010,Ejercido,157183738.53,71005486.28,0.0,3410872.38,231600097.19,0.0,1630933.35,0.0,0.0,1630933.35,233231030.54,99.30072197244772,0.0,0.699278027552294
2025,Órganos Autónomos,Instituto Nacional Electoral,,R010,Porcentaje Ejer/Aprob,91.76388112426658,83.22657764564553,0.0,74.57708292337361,88.6741716750387,0.0,0.0,0.0,0.0,0.0,89.28936155743173,,0.0,
2025,Órganos Autónomos,Instituto Nacional Electoral,,R010,Porcentaje Ejer/Modif,99.96887304222453,99.65756230124157,0.0,99.99999941363976,99.8736801931621,0.0,100.0,0.0,0.0,100.0,99.8745624117921,,0.0,
2025,Órganos Autónomos,Instituto Nacional Electoral,,R011,Tecnologías de información y comunicaciones,0.0,0.0,0.0,0.0,0.0,0.0,0.0,0.0,0.0,0.0,0.0,,0.0,
2025,Órganos Autónomos,Instituto Nacional Electoral,,R011,Aprobado,310777338.0,768036025.0,0.0,0.0,1078813363.0,0.0,144284593.0,0.0,0.0,144284593.0,1223097956.0,88.2033493480877,0.0,11.7966506519123
2025,Órganos Autónomos,Instituto Nacional Electoral,,R011,Modificado,385271547.5,760772151.68,0.0,974042.71,1147017741.89,0.0,118737745.57,0.0,0.0,118737745.57,1265755487.46,90.61921937164406,0.0,9.380780628355941
2025,Órganos Autónomos,Instituto Nacional Electoral,,R011,Devengado,385248572.76,700755681.65,0.0,974042.71,1086978297.12,0.0,108604054.02,0.0,0.0,108604054.02,1195582351.14,90.9162213781054,0.0,9.083778621894586
2025,Órganos Autónomos,Instituto Nacional Electoral,,R011,Ejercido,385248572.76,700755681.65,0.0,974042.71,1086978297.12,0.0,108604054.02,0.0,0.0,108604054.02,1195582351.14,90.9162213781054,0.0,9.083778621894586
2025,Órganos Autónomos,Instituto Nacional Electoral,,R011,Porcentaje Ejer/Aprob,123.96289100075887,91.23994953882534,0.0,0.0,100.75684399174428,0.0,75.27072139989333,0.0,0.0,75.27072139989333,97.75033514486555,,0.0,
2025,Órganos Autónomos,Instituto Nacional Electoral,,R011,Porcentaje Ejer/Modif,99.99403674105989,92.111111073471,0.0,100.0,94.76560452577915,0.0,91.46548428947067,0.0,0.0,91.46548428947067,94.4560274859391,,0.0,
2025,Órganos Autónomos,Tribunal Federal de Justicia Administrativa,,TOTAL,Aprobado,2517936018.0,693375633.0,0.0,44799000.0,3256110651.0,0.0,48423864.0,0.0,0.0,48423864.0,3304534515.0,98.53462374866434,0.0,1.465376251335659
2025,Órganos Autónomos,Tribunal Federal de Justicia Administrativa,,TOTAL,Modificado,2562215616.78,731348584.44,0.0,34712256.58,3328276457.8,0.0,18635562.81,0.0,0.0,18635562.81,3346912020.61,99.44320129435002,0.0,0.5567987056499778
2025,Órganos Autónomos,Tribunal Federal de Justicia Administrativa,,TOTAL,Devengado,2562215616.78,731348584.44,0.0,34712256.58,3328276457.8,0.0,18635562.81,0.0,0.0,18635562.81,3346912020.61,99.44320129435002,0.0,0.5567987056499778
2025,Órganos Autónomos,Tribunal Federal de Justicia Administrativa,,TOTAL,Ejercido,2562215616.78,731348584.44,0.0,34712256.58,3328276457.8,0.0,18635562.81,0.0,0.0,18635562.81,3346912020.61,99.44320129435002,0.0,0.5567987056499778
2025,Órganos Autónomos,Tribunal Federal de Justicia Administrativa,,TOTAL,Porcentaje Ejer/Aprob,101.7585672734914,105.47653387756128,0.0,77.4844451438648,102.21631923896189,0.0,38.48425398270571,0.0,0.0,38.48425398270571,101.28240469021097,,0.0,
2025,Órganos Autónomos,Tribunal Federal de Justicia Administrativa,,TOTAL,Porcentaje Ejer/Modif,100.0,100.0,0.0,100.0,100.0,0.0,100.0,0.0,0.0,100.0,100.0,,0.0,
2025,Órganos Autónomos,Tribunal Federal de Justicia Administrativa,,E001,Impartición de Justicia Fiscal y Administrativa,0.0,0.0,0.0,0.0,0.0,0.0,0.0,0.0,0.0,0.0,0.0,,0.0,
2025,Órganos Autónomos,Tribunal Federal de Justicia Administrativa,,E001,Aprobado,2357482651.0,690116488.0,0.0,44799000.0,3092398139.0,0.0,10423864.0,0.0,0.0,10423864.0,3102822003.0,99.66405214382516,0.0,0.3359478561748487
2025,Órganos Autónomos,Tribunal Federal de Justicia Administrativa,,E001,Modificado,2404676397.95,725918507.44,0.0,34712256.58,3165307161.97,0.0,10458846.02,0.0,0.0,10458846.02,3175766007.99,99.67066698258982,0.0,0.329333017410171
2025,Órganos Autónomos,Tribunal Federal de Justicia Administrativa,,E001,Devengado,2404676397.95,725918507.44,0.0,34712256.58,3165307161.97,0.0,10458846.02,0.0,0.0,10458846.02,3175766007.99,99.67066698258982,0.0,0.329333017410171
2025,Órganos Autónomos,Tribunal Federal de Justicia Administrativa,,E001,Ejercido,2404676397.95,725918507.44,0.0,34712256.58,3165307161.97,0.0,10458846.02,0.0,0.0,10458846.02,3175766007.99,99.67066698258982,0.0,0.329333017410171
2025,Órganos Autónomos,Tribunal Federal de Justicia Administrativa,,E001,Porcentaje Ejer/Aprob,102.0018703819509,105.18782264480544,0.0,77.4844451438648,102.35768551437484,0.0,100.33559551429296,0.0,0.0,100.33559551429296,102.35089234636962,,0.0,
2025,Órganos Autónomos,Tribunal Federal de Justicia Administrativa,,E001,Porcentaje Ejer/Modif,100.0,100.0,0.0,100.0,100.0,0.0,100.0,0.0,0.0,100.0,100.0,,0.0,
2025,Órganos Autónomos,Tribunal Federal de Justicia Administrativa,,K025,Proyectos de inmuebles (oficinas administrativas),0.0,0.0,0.0,0.0,0.0,0.0,0.0,0.0,0.0,0.0,0.0,,0.0,
2025,Órganos Autónomos,Tribunal Federal de Justicia Administrativa,,K025,Aprobado,0.0,0.0,0.0,0.0,0.0,0.0,38000000.0,0.0,0.0,38000000.0,38000000.0,0.0,0.0,100.0
2025,Órganos Autónomos,Tribunal Federal de Justicia Administrativa,,K025,Modificado,0.0,0.0,0.0,0.0,0.0,0.0,8176716.79,0.0,0.0,8176716.79,8176716.79,0.0,0.0,100.0
2025,Órganos Autónomos,Tribunal Federal de Justicia Administrativa,,K025,Devengado,0.0,0.0,0.0,0.0,0.0,0.0,8176716.79,0.0,0.0,8176716.79,8176716.79,0.0,0.0,100.0
2025,Órganos Autónomos,Tribunal Federal de Justicia Administrativa,,K025,Ejercido,0.0,0.0,0.0,0.0,0.0,0.0,8176716.79,0.0,0.0,8176716.79,8176716.79,0.0,0.0,100.0
2025,Órganos Autónomos,Tribunal Federal de Justicia Administrativa,,K025,Porcentaje Ejer/Aprob,0.0,0.0,0.0,0.0,0.0,0.0,21.517675763157897,0.0,0.0,21.517675763157897,21.517675763157897,,0.0,
2025,Órganos Autónomos,Tribunal Federal de Justicia Administrativa,,K025,Porcentaje Ejer/Modif,0.0,0.0,0.0,0.0,0.0,0.0,100.0,0.0,0.0,100.0,100.0,,0.0,
2025,Órganos Autónomos,Tribunal Federal de Justicia Administrativa,,M001,Actividades de apoyo administrativo,0.0,0.0,0.0,0.0,0.0,0.0,0.0,0.0,0.0,0.0,0.0,,0.0,
2025,Órganos Autónomos,Tribunal Federal de Justicia Administrativa,,M001,Aprobado,160453367.0,3259145.0,0.0,0.0,163712512.0,0.0,0.0,0.0,0.0,0.0,163712512.0,100.0,0.0,0.0
2025,Órganos Autónomos,Tribunal Federal de Justicia Administrativa,,M001,Modificado,157539218.83,5430077.0,0.0,0.0,162969295.83,0.0,0.0,0.0,0.0,0.0,162969295.83,100.0,0.0,0.0
2025,Órganos Autónomos,Tribunal Federal de Justicia Administrativa,,M001,Devengado,157539218.83,5430077.0,0.0,0.0,162969295.83,0.0,0.0,0.0,0.0,0.0,162969295.83,100.0,0.0,0.0
2025,Órganos Autónomos,Tribunal Federal de Justicia Administrativa,,M001,Ejercido,157539218.83,5430077.0,0.0,0.0,162969295.83,0.0,0.0,0.0,0.0,0.0,162969295.83,100.0,0.0,0.0
2025,Órganos Autónomos,Tribunal Federal de Justicia Administrativa,,M001,Porcentaje Ejer/Aprob,98.18380366552233,166.61047606043917,0.0,0.0,99.5460235989782,0.0,0.0,0.0,0.0,0.0,99.5460235989782,,0.0,
2025,Órganos Autónomos,Tribunal Federal de Justicia Administrativa,,M001,Porcentaje Ejer/Modif,100.0,100.0,0.0,0.0,100.0,0.0,0.0,0.0,0.0,0.0,100.0,,0.0,
2025,Órganos Autónomos,Comisión Nacional de los Derechos Humanos,,TOTAL,Aprobado,1411358041.0,206337296.0,0.0,104677019.0,1722372356.0,0.0,0.0,0.0,0.0,0.0,1722372356.0,100.0,0.0,0.0
2025,Órganos Autónomos,Comisión Nacional de los Derechos Humanos,,TOTAL,Modificado,1279477882.41,211432259.4,0.0,162631260.63,1653541402.44,0.0,19802394.54,0.0,0.0,19802394.54,1673343796.98,98.81659736775319,0.0,1.1834026322468079
2025,Órganos Autónomos,Comisión Nacional de los Derechos Humanos,,TOTAL,Devengado,1103157659.95,182872171.5,0.0,158814684.95,1444844516.4,0.0,17955297.78,0.0,0.0,17955297.78,1462799814.18,98.7725389622048,0.0,1.2274610377951942
2025,Órganos Autónomos,Comisión Nacional de los Derechos Humanos,,TOTAL,Ejercido,1103157659.95,182872171.5,0.0,158814684.95,1444844516.4,0.0,17955297.78,0.0,0.0,17955297.78,1462799814.18,98.7725389622048,0.0,1.2274610377951942
2025,Órganos Autónomos,Comisión Nacional de los Derechos Humanos,,TOTAL,Porcentaje Ejer/Aprob,78.16284939067421,88.62778326803313,0.0,151.7187692840202,83.88688493326003,0.0,0.0,0.0,0.0,0.0,84.92935973363939,,0.0,
2025,Órganos Autónomos,Comisión Nacional de los Derechos Humanos,,TOTAL,Porcentaje Ejer/Modif,86.2193614376603,86.49208593757287,0.0,97.65323366171093,87.37879283022231,0.0,90.67235653613032,0.0,0.0,90.67235653613032,87.41776894981274,,0.0,
2025,Órganos Autónomos,Comisión Nacional de los Derechos Humanos,,E002,"Atender al público en general en oficinas centrales y foráneas; así como, investigar expedientes de presuntas violaciones a los Derechos Humanos.",0.0,0.0,0.0,0.0,0.0,0.0,0.0,0.0,0.0,0.0,0.0,,0.0,
2025,Órganos Autónomos,Comisión Nacional de los Derechos Humanos,,E002,Aprobado,739407133.0,122644966.0,0.0,48895561.0,910947660.0,0.0,0.0,0.0,0.0,0.0,910947660.0,100.0,0.0,0.0
2025,Órganos Autónomos,Comisión Nacional de los Derechos Humanos,,E002,Modificado,653752927.44,99860953.55,0.0,48895534.43,802509415.42,0.0,1740079.28,0.0,0.0,1740079.28,804249494.7,99.78363936919237,0.0,0.21636063080761794
2025,Órganos Autónomos,Comisión Nacional de los Derechos Humanos,,E002,Devengado,579144627.68,88848732.84,0.0,47533953.8,715527314.32,0.0,1476234.38,0.0,0.0,1476234.38,717003548.7,99.79411058945573,0.0,0.20588941054428003
2025,Órganos Autónomos,Comisión Nacional de los Derechos Humanos,,E002,Ejercido,579144627.68,88848732.84,0.0,47533953.8,715527314.32,0.0,1476234.38,0.0,0.0,1476234.38,717003548.7,99.79411058945573,0.0,0.20588941054428003
2025,Órganos Autónomos,Comisión Nacional de los Derechos Humanos,,E002,Porcentaje Ejer/Aprob,78.32553972399938,72.4438480744493,0.0,97.21527440906138,78.54757696177627,0.0,0.0,0.0,0.0,0.0,78.70963175864573,,0.0,
2025,Órganos Autónomos,Comisión Nacional de los Derechos Humanos,,E002,Porcentaje Ejer/Modif,88.58769167548431,88.97244586745687,0.0,97.21532723617271,89.16123606419283,0.0,84.83719086638396,0.0,0.0,84.83719086638396,89.15188053272644,,0.0,
2025,Órganos Autónomos,Comisión Nacional de los Derechos Humanos,,E003,"Atender asuntos relacionados con las personas migrantes, así como impulsar las acciones de protección y observancia en la materia.",0.0,0.0,0.0,0.0,0.0,0.0,0.0,0.0,0.0,0.0,0.0,,0.0,
2025,Órganos Autónomos,Comisión Nacional de los Derechos Humanos,,E003,Aprobado,48107886.0,4605757.0,0.0,2398838.0,55112481.0,0.0,0.0,0.0,0.0,0.0,55112481.0,100.0,0.0,0.0
2025,Órganos Autónomos,Comisión Nacional de los Derechos Humanos,,E003,Modificado,43581675.03,4355554.62,0.0,2944488.56,50881718.21,0.0,22333.14,0.0,0.0,22333.14,50904051.35,99.95612698909476,0.0,0.0
2025,Órganos Autónomos,Comisión Nacional de los Derechos Humanos,,E003,Devengado,37826220.52,3655755.11,0.0,2944488.56,44426464.19,0.0,11166.57,0.0,0.0,11166.57,44437630.76,99.97487136508175,0.0,0.0
2025,Órganos Autónomos,Comisión Nacional de los Derechos Humanos,,E003,Ejercido,37826220.52,3655755.11,0.0,2944488.56,44426464.19,0.0,11166.57,0.0,0.0,11166.57,44437630.76,99.97487136508175,0.0,0.0
2025,Órganos Autónomos,Comisión Nacional de los Derechos Humanos,,E003,Porcentaje Ejer/Aprob,78.62790004948462,79.37359938876497,0.0,122.74645307436352,80.61053210433404,0.0,0.0,0.0,0.0,0.0,80.6307935220699,,0.0,
2025,Órganos Autónomos,Comisión Nacional de los Derechos Humanos,,E003,Porcentaje Ejer/Modif,86.7938657565636,83.93317106421684,0.0,100.0,87.31321534120025,0.0,50.0,0.0,0.0,50.0,87.2968449101645,,0.0,
2025,Órganos Autónomos,Comisión Nacional de los Derechos Humanos,,E006,Atender asuntos relacionados con víctimas de violaciones a Derechos Humanos,0.0,0.0,0.0,0.0,0.0,0.0,0.0,0.0,0.0,0.0,0.0,,0.0,
2025,Órganos Autónomos,Comisión Nacional de los Derechos Humanos,,E006,Aprobado,20118624.0,4986370.0,0.0,6854964.0,31959958.0,0.0,0.0,0.0,0.0,0.0,31959958.0,100.0,0.0,0.0
2025,Órganos Autónomos,Comisión Nacional de los Derechos Humanos,,E006,Modificado,22489982.16,3363512.61,0.0,6094358.37,31947853.14,0.0,37221.9,0.0,0.0,37221.9,31985075.04,99.88362728568418,0.0,0.11637271431582047
2025,Órganos Autónomos,Comisión Nacional de los Derechos Humanos,,E006,Devengado,11759380.2,1945087.93,0.0,5975461.84,19679929.97,0.0,18610.95,0.0,0.0,18610.95,19698540.92,99.90552117501704,0.0,0.1
2025,Órganos Autónomos,Comisión Nacional de los Derechos Humanos,,E006,Ejercido,11759380.2,1945087.93,0.0,5975461.84,19679929.97,0.0,18610.95,0.0,0.0,18610.95,19698540.92,99.90552117501704,0.0,0.1
2025,Órganos Autónomos,Comisión Nacional de los Derechos Humanos,,E006,Porcentaje Ejer/Aprob,58.45022104891468,39.00809466605968,0.0,87.16985005318773,61.57683301711473,0.0,0.0,0.0,0.0,0.0,61.63506510240096,,0.0,
2025,Órganos Autónomos,Comisión Nacional de los Derechos Humanos,,E006,Porcentaje Ejer/Modif,52.28719221002708,57.829066084577576,0.0,98.0490722274345,61.60016412921322,0.0,50.0,0.0,0.0,50.0,61.58666470335097,,0.0,
2025,Órganos Autónomos,Comisión Nacional de los Derechos Humanos,,E007,Atender asuntos relacionados con personas reportadas como desaparecidas y no localizadas,0.0,0.0,0.0,0.0,0.0,0.0,0.0,0.0,0.0,0.0,0.0,,0.0,
2025,Órganos Autónomos,Comisión Nacional de los Derechos Humanos,,E007,Aprobado,15476598.0,1601753.0,0.0,2195290.0,19273641.0,0.0,0.0,0.0,0.0,0.0,19273641.0,100.0,0.0,0.0
2025,Órganos Autónomos,Comisión Nacional de los Derechos Humanos,,E007,Modificado,14165352.13,1380217.74,0.0,1723604.17,17269174.04,0.0,37221.9,0.0,0.0,37221.9,17306395.94,99.78492402387505,0.0,0.21507597612492854
2025,Órganos Autónomos,Comisión Nacional de los Derechos Humanos,,E007,Devengado,12645736.65,1238546.35,0.0,1516958.75,15401241.75,0.0,18610.95,0.0,0.0,18610.95,15419852.7,99.87930526729352,0.0,0.12069473270649338
2025,Órganos Autónomos,Comisión Nacional de los Derechos Humanos,,E007,Ejercido,12645736.65,1238546.35,0.0,1516958.75,15401241.75,0.0,18610.95,0.0,0.0,18610.95,15419852.7,99.87930526729352,0.0,0.12069473270649338
2025,Órganos Autónomos,Comisión Nacional de los Derechos Humanos,,E007,Porcentaje Ejer/Aprob,81.70876215819524,77.32442829824573,0.0,69.10060857563238,79.9083149364461,0.0,0.0,0.0,0.0,0.0,80.0048766084208,,0.0,
2025,Órganos Autónomos,Comisión Nacional de los Derechos Humanos,,E007,Porcentaje Ejer/Modif,89.27230706265541,89.73557679384704,0.0,88.01085402340377,89.18343004897993,0.0,50.0,0.0,0.0,50.0,89.09915590432284,,0.0,
2025,Órganos Autónomos,Comisión Nacional de los Derechos Humanos,,E008,Operar el Mecanismo Nacional de Prevención de la Tortura,0.0,0.0,0.0,0.0,0.0,0.0,0.0,0.0,0.0,0.0,0.0,,0.0,
2025,Órganos Autónomos,Comisión Nacional de los Derechos Humanos,,E008,Aprobado,27149792.0,5224026.0,0.0,3124743.0,35498561.0,0.0,0.0,0.0,0.0,0.0,35498561.0,100.0,0.0,0.0
2025,Órganos Autónomos,Comisión Nacional de los Derechos Humanos,,E008,Modificado,24139620.82,4611577.92,0.0,2785938.11,31537136.85,0.0,0.0,0.0,0.0,0.0,31537136.85,100.0,0.0,0.0
2025,Órganos Autónomos,Comisión Nacional de los Derechos Humanos,,E008,Devengado,21300179.85,4264857.28,0.0,2450026.31,28015063.44,0.0,0.0,0.0,0.0,0.0,28015063.44,100.0,0.0,0.0
2025,Órganos Autónomos,Comisión Nacional de los Derechos Humanos,,E008,Ejercido,21300179.85,4264857.28,0.0,2450026.31,28015063.44,0.0,0.0,0.0,0.0,0.0,28015063.44,100.0,0.0,0.0
2025,Órganos Autónomos,Comisión Nacional de los Derechos Humanos,,E008,Porcentaje Ejer/Aprob,78.45430215450638,81.63928127463377,0.0,78.40729013554075,78.91887065506684,0.0,0.0,0.0,0.0,0.0,78.91887065506684,,0.0,
2025,Órganos Autónomos,Comisión Nacional de los Derechos Humanos,,E008,Porcentaje Ejer/Modif,88.23742513947244,92.48151834329192,0.0,87.94259647067322,88.8319810807429,0.0,0.0,0.0,0.0,0.0,88.8319810807429,,0.0,
2025,Órganos Autónomos,Comisión Nacional de los Derechos Humanos,,E011,"Atender asuntos relacionados con las niñas, niños y adolescentes y las familias.",0.0,0.0,0.0,0.0,0.0,0.0,0.0,0.0,0.0,0.0,0.0,,0.0,
2025,Órganos Autónomos,Comisión Nacional de los Derechos Humanos,,E011,Aprobado,8337812.0,1953698.0,0.0,690116.0,10981626.0,0.0,0.0,0.0,0.0,0.0,10981626.0,100.0,0.0,0.0
2025,Órganos Autónomos,Comisión Nacional de los Derechos Humanos,,E011,Modificado,9057067.05,1193803.02,0.0,715834.08,10966704.15,0.0,37221.9,0.0,0.0,37221.9,11003926.05,99.66173982057977,0.0,0.3382601794202352
2025,Órganos Autónomos,Comisión Nacional de los Derechos Humanos,,E011,Devengado,4434129.38,756344.7,0.0,608104.81,5798578.89,0.0,18610.95,0.0,0.0,18610.95,5817189.84,99.6800697499671,0.0,0.31993025003289216
2025,Órganos Autónomos,Comisión Nacional de los Derechos Humanos,,E011,Ejercido,4434129.38,756344.7,0.0,608104.81,5798578.89,0.0,18610.95,0.0,0.0,18610.95,5817189.84,99.6800697499671,0.0,0.31993025003289216
2025,Órganos Autónomos,Comisión Nacional de los Derechos Humanos,,E011,Porcentaje Ejer/Aprob,53.18097097895706,38.71349103085533,0.0,88.11631812622807,52.80255300990946,0.0,0.0,0.0,0.0,0.0,52.97202654688841,,0.0,
2025,Órganos Autónomos,Comisión Nacional de los Derechos Humanos,,E011,Porcentaje Ejer/Modif,48.9576742175051,63.35590439367459,0.0,84.95052512727531,52.874398822913435,0.0,50.0,0.0,0.0,50.0,52.864675876297795,,0.0,
2025,Órganos Autónomos,Comisión Nacional de los Derechos Humanos,,E012,"Atender asuntos relacionados con Sexualidad, Salud y VIH",0.0,0.0,0.0,0.0,0.0,0.0,0.0,0.0,0.0,0.0,0.0,,0.0,
2025,Órganos Autónomos,Comisión Nacional de los Derechos Humanos,,E012,Aprobado,6721903.0,359530.0,0.0,518735.0,7600168.0,0.0,0.0,0.0,0.0,0.0,7600168.0,100.0,0.0,0.0
2025,Órganos Autónomos,Comisión Nacional de los Derechos Humanos,,E012,Modificado,6159373.52,300451.78,0.0,646973.22,7106798.52,0.0,37221.9,0.0,0.0,37221.9,7144020.42,99.47897825297649,0.0,0.5210217470235059
2025,Órganos Autónomos,Comisión Nacional de los Derechos Humanos,,E012,Devengado,5400376.34,166956.87,0.0,570035.81,6137369.02,0.0,18610.95,0.0,0.0,18610.95,6155979.97,99.69767689156403,0.0,0.302323108435975
2025,Órganos Autónomos,Comisión Nacional de los Derechos Humanos,,E012,Ejercido,5400376.34,166956.87,0.0,570035.81,6137369.02,0.0,18610.95,0.0,0.0,18610.95,6155979.97,99.69767689156403,0.0,0.302323108435975
2025,Órganos Autónomos,Comisión Nacional de los Derechos Humanos,,E012,Porcentaje Ejer/Aprob,80.3399921123527,46.4375351152894,0.0,109.88959873538514,80.7530704584425,0.0,0.0,0.0,0.0,0.0,80.99794596645758,,0.0,
2025,Órganos Autónomos,Comisión Nacional de los Derechos Humanos,,E012,Porcentaje Ejer/Modif,87.67736397970552,55.56860738185674,0.0,88.10809974483954,86.35912503679646,0.0,50.0,0.0,0.0,50.0,86.16968608832728,,0.0,
2025,Órganos Autónomos,Comisión Nacional de los Derechos Humanos,,E013,"Realizar la promoción y observancia en el monitoreo, seguimiento y evaluación del impacto de la política nacional en materia de igualdad entre mujeres y hombres; y protección y defensa de los derechos humanos de las mujeres en razón de género.",0.0,0.0,0.0,0.0,0.0,0.0,0.0,0.0,0.0,0.0,0.0,,0.0,
2025,Órganos Autónomos,Comisión Nacional de los Derechos Humanos,,E013,Aprobado,24318659.0,7083966.0,0.0,4441739.0,35844364.0,0.0,0.0,0.0,0.0,0.0,35844364.0,100.0,0.0,0.0
2025,Órganos Autónomos,Comisión Nacional de los Derechos Humanos,,E013,Modificado,25513628.52,6297689.28,0.0,3900814.02,35712131.82,0.0,14888.76,0.0,0.0,14888.76,35727020.58,99.95832633183991,0.0,0.0
2025,Órganos Autónomos,Comisión Nacional de los Derechos Humanos,,E013,Devengado,19010392.48,5879832.91,0.0,3432890.51,28323115.9,0.0,7444.38,0.0,0.0,7444.38,28330560.28,99.97372314586642,0.0,0.0
2025,Órganos Autónomos,Comisión Nacional de los Derechos Humanos,,E013,Ejercido,19010392.48,5879832.91,0.0,3432890.51,28323115.9,0.0,7444.38,0.0,0.0,7444.38,28330560.28,99.97372314586642,0.0,0.0
2025,Órganos Autónomos,Comisión Nacional de los Derechos Humanos,,E013,Porcentaje Ejer/Aprob,78.17204262784392,83.00199224558673,0.0,77.28708305463242,79.01692969081554,0.0,0.0,0.0,0.0,0.0,79.0376983115114,,0.0,
2025,Órganos Autónomos,Comisión Nacional de los Derechos Humanos,,E013,Porcentaje Ejer/Modif,74.51073635056595,93.36492558743704,0.0,88.00446502702017,79.30950760026624,0.0,50.0,0.0,0.0,50.0,79.29729325332956,,0.0,
2025,Órganos Autónomos,Comisión Nacional de los Derechos Humanos,,E014,Proteger y defender el respeto de los Derechos Humanos de periodistas y personas defensores de Derechos Humanos.,0.0,0.0,0.0,0.0,0.0,0.0,0.0,0.0,0.0,0.0,0.0,,0.0,
2025,Órganos Autónomos,Comisión Nacional de los Derechos Humanos,,E014,Aprobado,14941643.0,1761816.0,0.0,2369776.0,19073235.0,0.0,0.0,0.0,0.0,0.0,19073235.0,100.0,0.0,0.0
2025,Órganos Autónomos,Comisión Nacional de los Derechos Humanos,,E014,Modificado,14222098.92,1179975.3,0.0,1757826.48,17159900.7,0.0,22333.14,0.0,0.0,22333.14,17182233.84,99.87002190630179,0.0,0.12997809369820565
2025,Órganos Autónomos,Comisión Nacional de los Derechos Humanos,,E014,Devengado,13170748.96,712872.71,0.0,1757826.48,15641448.15,0.0,11166.57,0.0,0.0,11166.57,15652614.72,99.92866003412367,0.0,0.1
2025,Órganos Autónomos,Comisión Nacional de los Derechos Humanos,,E014,Ejercido,13170748.96,712872.71,0.0,1757826.48,15641448.15,0.0,11166.57,0.0,0.0,11166.57,15652614.72,99.92866003412367,0.0,0.1
2025,Órganos Autónomos,Comisión Nacional de los Derechos Humanos,,E014,Porcentaje Ejer/Aprob,88.14792964870063,40.462381429161724,0.0,74.1769044837993,82.0073162733013,0.0,0.0,0.0,0.0,0.0,82.06586203127053,,0.0,
2025,Órganos Autónomos,Comisión Nacional de los Derechos Humanos,,E014,Porcentaje Ejer/Modif,92.60763150422527,60.414206127874024,0.0,100.0,91.15115771037068,0.0,50.0,0.0,0.0,50.0,91.097670220044,,0.0,
2025,Órganos Autónomos,Comisión Nacional de los Derechos Humanos,,E015,"Promover, fortalecer e impulsar los vínculos de colaboración interinstitucional; así como, diseñar y ejecutar los programas de educación y capacitación en materia de Derechos Humanos.",0.0,0.0,0.0,0.0,0.0,0.0,0.0,0.0,0.0,0.0,0.0,,0.0,
2025,Órganos Autónomos,Comisión Nacional de los Derechos Humanos,,E015,Aprobado,52926380.0,5459263.0,0.0,7680689.0,66066332.0,0.0,0.0,0.0,0.0,0.0,66066332.0,100.0,0.0,0.0
2025,Órganos Autónomos,Comisión Nacional de los Derechos Humanos,,E015,Modificado,46448222.22,4237341.79,0.0,6339068.92,57024632.93,0.0,89332.58,0.0,0.0,89332.58,57113965.51,99.84358890299019,0.0,0.15641109700981784
2025,Órganos Autónomos,Comisión Nacional de los Derechos Humanos,,E015,Devengado,37974168.54,3832068.44,0.0,6212953.41,48019190.39,0.0,44666.28,0.0,0.0,44666.28,48063856.67,99.90706888066292,0.0,0.1
2025,Órganos Autónomos,Comisión Nacional de los Derechos Humanos,,E015,Ejercido,37974168.54,3832068.44,0.0,6212953.41,48019190.39,0.0,44666.28,0.0,0.0,44666.28,48063856.67,99.90706888066292,0.0,0.1
2025,Órganos Autónomos,Comisión Nacional de los Derechos Humanos,,E015,Porcentaje Ejer/Aprob,71.74903807893152,70.19387855100587,0.0,80.89057387950483,72.68330015657597,0.0,0.0,0.0,0.0,0.0,72.75090839007076,,0.0,
2025,Órganos Autónomos,Comisión Nacional de los Derechos Humanos,,E015,Porcentaje Ejer/Modif,81.7559138434556,90.43567004775416,0.0,98.01050419877751,84.20780270334308,0.0,49.99998880587575,0.0,0.0,49.99998880587575,84.15429788636295,,0.0,
2025,Órganos Autónomos,Comisión Nacional de los Derechos Humanos,,E016,"Contribuir a la protección de los derechos humanos y mantener relaciones de cooperación internacional con organismos afines nacionales e internacionales, así como realizar estudios en la materia y administrar el archivo institucional.",0.0,0.0,0.0,0.0,0.0,0.0,0.0,0.0,0.0,0.0,0.0,,0.0,
2025,Órganos Autónomos,Comisión Nacional de los Derechos Humanos,,E016,Aprobado,47851413.0,1595433.0,0.0,855015.0,50301861.0,0.0,0.0,0.0,0.0,0.0,50301861.0,100.0,0.0,0.0
2025,Órganos Autónomos,Comisión Nacional de los Derechos Humanos,,E016,Modificado,41919086.48,3733337.14,0.0,1749853.13,47402276.75,0.0,44666.28,0.0,0.0,44666.28,47446943.03,99.90586057362692,0.0,0.1
2025,Órganos Autónomos,Comisión Nacional de los Derechos Humanos,,E016,Devengado,32434018.71,3679324.84,0.0,1689165.6,37802509.15,0.0,22333.14,0.0,0.0,22333.14,37824842.29,99.94095642268968,0.0,0.1
2025,Órganos Autónomos,Comisión Nacional de los Derechos Humanos,,E016,Ejercido,32434018.71,3679324.84,0.0,1689165.6,37802509.15,0.0,22333.14,0.0,0.0,22333.14,37824842.29,99.94095642268968,0.0,0.1
2025,Órganos Autónomos,Comisión Nacional de los Derechos Humanos,,E016,Porcentaje Ejer/Aprob,67.78069167988832,230.61606723691938,0.0,197.5597621094367,75.15131328838906,0.0,0.0,0.0,0.0,0.0,75.19571152645823,,0.0,
2025,Órganos Autónomos,Comisión Nacional de los Derechos Humanos,,E016,Porcentaje Ejer/Modif,77.37291394809995,98.5532434394607,0.0,96.53185007589752,79.74829848230866,0.0,50.0,0.0,0.0,50.0,79.72029360476166,,0.0,
2025,Órganos Autónomos,Comisión Nacional de los Derechos Humanos,,E017,Ejecutar el programa de comunicación social,0.0,0.0,0.0,0.0,0.0,0.0,0.0,0.0,0.0,0.0,0.0,,0.0,
2025,Órganos Autónomos,Comisión Nacional de los Derechos Humanos,,E017,Aprobado,28987627.0,6311411.0,0.0,2579469.0,37878507.0,0.0,0.0,0.0,0.0,0.0,37878507.0,100.0,0.0,0.0
2025,Órganos Autónomos,Comisión Nacional de los Derechos Humanos,,E017,Modificado,27501290.75,6140837.08,0.0,53284018.37,86926146.2,0.0,49035.42,0.0,0.0,49035.42,86975181.62,99.943621365214,0.0,0.1
2025,Órganos Autónomos,Comisión Nacional de los Derechos Humanos,,E017,Devengado,25025285.6,5992564.88,0.0,53284018.37,84301868.85,0.0,26702.28,0.0,0.0,26702.28,84328571.13,99.96833542933055,0.0,0.0
2025,Órganos Autónomos,Comisión Nacional de los Derechos Humanos,,E017,Ejercido,25025285.6,5992564.88,0.0,53284018.37,84301868.85,0.0,26702.28,0.0,0.0,26702.28,84328571.13,99.96833542933055,0.0,0.0
2025,Órganos Autónomos,Comisión Nacional de los Derechos Humanos,,E017,Porcentaje Ejer/Aprob,86.33092181019164,94.9481008288004,0.0,0.0,222.55858408041266,0.0,0.0,0.0,0.0,0.0,222.6290786223438,,0.0,
2025,Órganos Autónomos,Comisión Nacional de los Derechos Humanos,,E017,Porcentaje Ejer/Modif,90.996767488086,97.58547250043637,0.0,100.0,96.98102646358892,0.0,54.455085731905626,0.0,0.0,54.455085731905626,96.95705091877448,,0.0,
2025,Órganos Autónomos,Comisión Nacional de los Derechos Humanos,,E018,"Investigación, estudios formación y profesionalización en materia de derechos humanos.",0.0,0.0,0.0,0.0,0.0,0.0,0.0,0.0,0.0,0.0,0.0,,0.0,
2025,Órganos Autónomos,Comisión Nacional de los Derechos Humanos,,E018,Aprobado,41150092.0,8433402.0,0.0,3272011.0,52855505.0,0.0,0.0,0.0,0.0,0.0,52855505.0,100.0,0.0,0.0
2025,Órganos Autónomos,Comisión Nacional de los Derechos Humanos,,E018,Modificado,35355784.48,11110327.73,0.0,4631845.19,51097957.4,0.0,44666.28,0.0,0.0,44666.28,51142623.68,99.9126632996393,0.0,0.1
2025,Órganos Autónomos,Comisión Nacional de los Derechos Humanos,,E018,Devengado,30469575.36,10359535.7,0.0,4626159.99,45455271.05,0.0,22333.14,0.0,0.0,22333.14,45477604.19,99.9508920041023,0.0,0.0
2025,Órganos Autónomos,Comisión Nacional de los Derechos Humanos,,E018,Ejercido,30469575.36,10359535.7,0.0,4626159.99,45455271.05,0.0,22333.14,0.0,0.0,22333.14,45477604.19,99.9508920041023,0.0,0.0
2025,Órganos Autónomos,Comisión Nacional de los Derechos Humanos,,E018,Porcentaje Ejer/Aprob,74.04497506348224,122.83934407490594,0.0,141.38583244371733,85.9991235539231,0.0,0.0,0.0,0.0,0.0,86.04137674968766,,0.0,
2025,Órganos Autónomos,Comisión Nacional de los Derechos Humanos,,E018,Porcentaje Ejer/Modif,86.1798876991005,93.24239528981022,0.0,99.87725841933849,88.95711954623063,0.0,50.0,0.0,0.0,50.0,88.92309568346337,,0.0,
2025,Órganos Autónomos,Comisión Nacional de los Derechos Humanos,,E022,Protección y defensa de los Derechos Humanos de las personas indígenas y afrodescendientes privadas de la libertad.,0.0,0.0,0.0,0.0,0.0,0.0,0.0,0.0,0.0,0.0,0.0,,0.0,
2025,Órganos Autónomos,Comisión Nacional de los Derechos Humanos,,E022,Aprobado,11806100.0,3127296.0,0.0,2846191.0,17779587.0,0.0,0.0,0.0,0.0,0.0,17779587.0,100.0,0.0,0.0
2025,Órganos Autónomos,Comisión Nacional de los Derechos Humanos,,E022,Modificado,11818102.06,3099133.31,0.0,3135571.9,18052807.27,0.0,14888.76,0.0,0.0,14888.76,18067696.03,99.91759458441585,0.0,0.1
2025,Órganos Autónomos,Comisión Nacional de los Derechos Humanos,,E022,Devengado,7102160.62,2711189.91,0.0,2874201.29,12687551.82,0.0,7444.38,0.0,0.0,7444.38,12694996.2,99.94135973037945,0.0,0.1
2025,Órganos Autónomos,Comisión Nacional de los Derechos Humanos,,E022,Ejercido,7102160.62,2711189.91,0.0,2874201.29,12687551.82,0.0,7444.38,0.0,0.0,7444.38,12694996.2,99.94135973037945,0.0,0.1
2025,Órganos Autónomos,Comisión Nacional de los Derechos Humanos,,E022,Porcentaje Ejer/Aprob,60.15670390730216,86.69438102437378,0.0,100.98413247740577,71.36021674744188,0.0,0.0,0.0,0.0,0.0,71.40208712384602,,0.0,
2025,Órganos Autónomos,Comisión Nacional de los Derechos Humanos,,E022,Porcentaje Ejer/Modif,60.09561081756304,87.48219707915695,0.0,91.6643400841805,70.28021531634067,0.0,50.0,0.0,0.0,50.0,70.26350332062786,,0.0,
2025,Órganos Autónomos,Comisión Nacional de los Derechos Humanos,,E023,Supervisar la observancia e incidencia de los Derechos Humanos en los centros penitenciarios en la República Mexicana.,0.0,0.0,0.0,0.0,0.0,0.0,0.0,0.0,0.0,0.0,0.0,,0.0,
2025,Órganos Autónomos,Comisión Nacional de los Derechos Humanos,,E023,Aprobado,18412710.0,4202647.0,0.0,3253711.0,25869068.0,0.0,0.0,0.0,0.0,0.0,25869068.0,100.0,0.0,0.0
2025,Órganos Autónomos,Comisión Nacional de los Derechos Humanos,,E023,Modificado,16828372.27,4666706.33,0.0,2983938.49,24479017.09,0.0,22333.14,0.0,0.0,22333.14,24501350.23,99.90884934997315,0.0,0.1
2025,Órganos Autónomos,Comisión Nacional de los Derechos Humanos,,E023,Devengado,15192093.04,4518716.94,0.0,2983938.49,22694748.47,0.0,11166.57,0.0,0.0,11166.57,22705915.04,99.95082087649703,0.0,0.0
2025,Órganos Autónomos,Comisión Nacional de los Derechos Humanos,,E023,Ejercido,15192093.04,4518716.94,0.0,2983938.49,22694748.47,0.0,11166.57,0.0,0.0,11166.57,22705915.04,99.95082087649703,0.0,0.0
2025,Órganos Autónomos,Comisión Nacional de los Derechos Humanos,,E023,Porcentaje Ejer/Aprob,82.50872924192039,107.52073490826139,0.0,91.70877468834817,87.72928529933895,0.0,0.0,0.0,0.0,0.0,87.77245102142837,,0.0,
2025,Órganos Autónomos,Comisión Nacional de los Derechos Humanos,,E023,Porcentaje Ejer/Modif,90.2766636977897,96.8288257384304,0.0,100.0,92.71102833320501,0.0,50.0,0.0,0.0,50.0,92.67209695324615,,0.0,
2025,Órganos Autónomos,Comisión Nacional de los Derechos Humanos,,E024,Atender asuntos relativos a la aplicación del Mecanismo Independiente de Monitoreo Nacional de la Convención sobre los Derechos de las Personas con Discapacidad,0.0,0.0,0.0,0.0,0.0,0.0,0.0,0.0,0.0,0.0,0.0,,0.0,
2025,Órganos Autónomos,Comisión Nacional de los Derechos Humanos,,E024,Aprobado,9208686.0,3057928.0,0.0,1505912.0,13772526.0,0.0,0.0,0.0,0.0,0.0,13772526.0,100.0,0.0,0.0
2025,Órganos Autónomos,Comisión Nacional de los Derechos Humanos,,E024,Modificado,9388070.13,3505159.11,0.0,1624601.0,14517830.24,0.0,0.0,0.0,0.0,0.0,14517830.24,100.0,0.0,0.0
2025,Órganos Autónomos,Comisión Nacional de los Derechos Humanos,,E024,Devengado,8922672.52,2456139.86,0.0,1376905.72,12755718.1,0.0,0.0,0.0,0.0,0.0,12755718.1,100.0,0.0,0.0
2025,Órganos Autónomos,Comisión Nacional de los Derechos Humanos,,E024,Ejercido,8922672.52,2456139.86,0.0,1376905.72,12755718.1,0.0,0.0,0.0,0.0,0.0,12755718.1,100.0,0.0,0.0
2025,Órganos Autónomos,Comisión Nacional de los Derechos Humanos,,E024,Porcentaje Ejer/Aprob,96.89409021004734,80.32039537883168,0.0,91.43334537476294,92.6171284773759,0.0,0.0,0.0,0.0,0.0,92.6171284773759,,0.0,
2025,Órganos Autónomos,Comisión Nacional de los Derechos Humanos,,E024,Porcentaje Ejer/Modif,95.04267007430204,70.07213604063753,0.0,84.75346992892409,87.86242771220061,0.0,0.0,0.0,0.0,0.0,87.86242771220061,,0.0,
2025,Órganos Autónomos,Comisión Nacional de los Derechos Humanos,,E026,"Atender asuntos relacionados con los Derechos Humanos Económicos, Sociales, Culturales y Ambientales",0.0,0.0,0.0,0.0,0.0,0.0,0.0,0.0,0.0,0.0,0.0,,0.0,
2025,Órganos Autónomos,Comisión Nacional de los Derechos Humanos,,E026,Aprobado,8120121.0,799392.0,0.0,260366.0,9179879.0,0.0,0.0,0.0,0.0,0.0,9179879.0,100.0,0.0,0.0
2025,Órganos Autónomos,Comisión Nacional de los Derechos Humanos,,E026,Modificado,7601211.09,1168705.72,0.0,479948.78,9249865.59,0.0,66999.42,0.0,0.0,66999.42,9316865.01,99.28088021101425,0.0,0.7191197889857589
2025,Órganos Autónomos,Comisión Nacional de los Derechos Humanos,,E026,Devengado,7288688.51,995309.47,0.0,446097.45,8730095.43,0.0,33499.71,0.0,0.0,33499.71,8763595.14,99.61774010021188,0.0,0.38225989978811364
2025,Órganos Autónomos,Comisión Nacional de los Derechos Humanos,,E026,Ejercido,7288688.51,995309.47,0.0,446097.45,8730095.43,0.0,33499.71,0.0,0.0,33499.71,8763595.14,99.61774010021188,0.0,0.38225989978811364
2025,Órganos Autónomos,Comisión Nacional de los Derechos Humanos,,E026,Porcentaje Ejer/Aprob,89.76083619936205,124.50831006564988,0.0,171.33475569006706,95.1003322592814,0.0,0.0,0.0,0.0,0.0,95.46525765753559,,0.0,
2025,Órganos Autónomos,Comisión Nacional de los Derechos Humanos,,E026,Porcentaje Ejer/Modif,95.8885159706833,85.16339511027635,0.0,92.94688695739575,94.38078148333396,0.0,50.0,0.0,0.0,50.0,94.06163050118079,,0.0,
2025,Órganos Autónomos,Comisión Nacional de los Derechos Humanos,,E032,Atender asuntos relacionados con las personas jóvenes y mayores.,0.0,0.0,0.0,0.0,0.0,0.0,0.0,0.0,0.0,0.0,0.0,,0.0,
2025,Órganos Autónomos,Comisión Nacional de los Derechos Humanos,,E032,Aprobado,5303119.0,543020.0,0.0,698028.0,6544167.0,0.0,0.0,0.0,0.0,0.0,6544167.0,100.0,0.0,0.0
2025,Órganos Autónomos,Comisión Nacional de los Derechos Humanos,,E032,Modificado,4734469.0,378526.17,0.0,766533.13,5879528.3,0.0,37221.9,0.0,0.0,37221.9,5916750.2,99.37090634652786,0.0,0.6290936534721374
2025,Órganos Autónomos,Comisión Nacional de los Derechos Humanos,,E032,Devengado,4247975.47,226431.1,0.0,657142.75,5131549.32,0.0,18610.95,0.0,0.0,18610.95,5150160.27,99.63863357596055,0.0,0.36136642403946007
2025,Órganos Autónomos,Comisión Nacional de los Derechos Humanos,,E032,Ejercido,4247975.47,226431.1,0.0,657142.75,5131549.32,0.0,18610.95,0.0,0.0,18610.95,5150160.27,99.63863357596055,0.0,0.36136642403946007
2025,Órganos Autónomos,Comisión Nacional de los Derechos Humanos,,E032,Porcentaje Ejer/Aprob,80.10334050584194,41.69848256049501,0.0,94.14274928799418,78.4140948725789,0.0,0.0,0.0,0.0,0.0,78.6984847727755,,0.0,
2025,Órganos Autónomos,Comisión Nacional de los Derechos Humanos,,E032,Porcentaje Ejer/Modif,89.72443308848362,59.81914011387906,0.0,85.72920390277196,87.2782484948665,0.0,50.0,0.0,0.0,50.0,87.04373339945971,,0.0,
2025,Órganos Autónomos,Comisión Nacional de los Derechos Humanos,,E033,Proteger y defender el respeto de los Derechos Humanos de víctimas y posibles víctimas de la trata de personas.,0.0,0.0,0.0,0.0,0.0,0.0,0.0,0.0,0.0,0.0,0.0,,0.0,
2025,Órganos Autónomos,Comisión Nacional de los Derechos Humanos,,E033,Aprobado,13703754.0,1153640.0,0.0,772257.0,15629651.0,0.0,0.0,0.0,0.0,0.0,15629651.0,100.0,0.0,0.0
2025,Órganos Autónomos,Comisión Nacional de los Derechos Humanos,,E033,Modificado,12988412.64,809521.82,0.0,905055.66,14702990.12,0.0,22333.14,0.0,0.0,22333.14,14725323.26,99.84833514615828,0.0,0.15166485384172135
2025,Órganos Autónomos,Comisión Nacional de los Derechos Humanos,,E033,Devengado,11770438.74,532687.4,0.0,807798.45,13110924.59,0.0,11166.57,0.0,0.0,11166.57,13122091.16,99.91490251162072,0.0,0.1
2025,Órganos Autónomos,Comisión Nacional de los Derechos Humanos,,E033,Ejercido,11770438.74,532687.4,0.0,807798.45,13110924.59,0.0,11166.57,0.0,0.0,11166.57,13122091.16,99.91490251162072,0.0,0.1
2025,Órganos Autónomos,Comisión Nacional de los Derechos Humanos,,E033,Porcentaje Ejer/Aprob,85.89207555827404,46.174491175756735,0.0,104.60228265978813,83.8849478468841,0.0,0.0,0.0,0.0,0.0,83.95639262834467,,0.0,
2025,Órganos Autónomos,Comisión Nacional de los Derechos Humanos,,E033,Porcentaje Ejer/Modif,90.62261160190549,65.80272289633898,0.0,89.25400786952704,89.17182479885936,0.0,50.0,0.0,0.0,50.0,89.11241490803103,,0.0,
2025,Órganos Autónomos,Comisión Nacional de los Derechos Humanos,,E035,"Proteger y observar la defensa, respeto y remedio de los derechos humanos de las personas o grupos de personas con mayores riesgos de vulnerabilidad ante abusos de las empresas públicas y privadas.",0.0,0.0,0.0,0.0,0.0,0.0,0.0,0.0,0.0,0.0,0.0,,0.0,
2025,Órganos Autónomos,Comisión Nacional de los Derechos Humanos,,E035,Aprobado,2723090.0,493038.0,0.0,171013.0,3387141.0,0.0,0.0,0.0,0.0,0.0,3387141.0,100.0,0.0,0.0
2025,Órganos Autónomos,Comisión Nacional de los Derechos Humanos,,E035,Modificado,3487050.0,538873.07,0.0,235092.75,4261015.82,0.0,89332.58,0.0,0.0,89332.58,4350348.4,97.94654193673315,0.0,2.0534580632668407
2025,Órganos Autónomos,Comisión Nacional de los Derechos Humanos,,E035,Devengado,3470580.35,283514.24,0.0,214375.08,3968469.67,0.0,44666.29,0.0,0.0,44666.29,4013135.96,98.88699783797009,0.0,1.1130021620299155
2025,Órganos Autónomos,Comisión Nacional de los Derechos Humanos,,E035,Ejercido,3470580.35,283514.24,0.0,214375.08,3968469.67,0.0,44666.29,0.0,0.0,44666.29,4013135.96,98.88699783797009,0.0,1.1130021620299155
2025,Órganos Autónomos,Comisión Nacional de los Derechos Humanos,,E035,Porcentaje Ejer/Aprob,127.45007877080816,57.50352711150053,0.0,125.35601387029057,117.16281282651062,0.0,0.0,0.0,0.0,0.0,118.48151464612782,,0.0,
2025,Órganos Autónomos,Comisión Nacional de los Derechos Humanos,,E035,Porcentaje Ejer/Modif,99.52769102823304,52.6124343159327,0.0,91.187448358148,93.13435663329689,0.0,50.0,0.0,0.0,50.0,92.24861070897218,,0.0,
2025,Órganos Autónomos,Comisión Nacional de los Derechos Humanos,,E036,"Promover, fortalecer e impulsar los vínculos de colaboración interinstitucional; así como, diseñar y ejecutar los programas de educación y capacitación en materia de Derechos Humanos, considerando los Tratados y Convenciones Internacionales que obligan al Estado mexicano.",0.0,0.0,0.0,0.0,0.0,0.0,0.0,0.0,0.0,0.0,0.0,,0.0,
2025,Órganos Autónomos,Comisión Nacional de los Derechos Humanos,,E036,Aprobado,4897903.0,1061285.0,0.0,439512.0,6398700.0,0.0,0.0,0.0,0.0,0.0,6398700.0,100.0,0.0,0.0
2025,Órganos Autónomos,Comisión Nacional de los Derechos Humanos,,E036,Modificado,3811484.63,2353177.22,0.0,458702.21,6623364.06,0.0,44666.28,0.0,0.0,44666.28,6668030.34,99.33014281995604,0.0,0.6698571800439648
2025,Órganos Autónomos,Comisión Nacional de los Derechos Humanos,,E036,Devengado,3181545.43,2026223.91,0.0,397229.84,5604999.18,0.0,22333.14,0.0,0.0,22333.14,5627332.32,99.6031309556639,0.0,0.3968690443360913
2025,Órganos Autónomos,Comisión Nacional de los Derechos Humanos,,E036,Ejercido,3181545.43,2026223.91,0.0,397229.84,5604999.18,0.0,22333.14,0.0,0.0,22333.14,5627332.32,99.6031309556639,0.0,0.3968690443360913
2025,Órganos Autónomos,Comisión Nacional de los Derechos Humanos,,E036,Porcentaje Ejer/Aprob,64.95729764350172,190.92175146167145,0.0,90.379748448279,87.5959051057246,0.0,0.0,0.0,0.0,0.0,87.94493131417319,,0.0,
2025,Órganos Autónomos,Comisión Nacional de los Derechos Humanos,,E036,Porcentaje Ejer/Modif,83.47260290539333,86.10587816246155,0.0,86.5986322586063,84.62465794157177,0.0,50.0,0.0,0.0,50.0,84.39272218428448,,0.0,
2025,Órganos Autónomos,Comisión Nacional de los Derechos Humanos,,M001,Actividades de apoyo administrativo,0.0,0.0,0.0,0.0,0.0,0.0,0.0,0.0,0.0,0.0,0.0,,0.0,
2025,Órganos Autónomos,Comisión Nacional de los Derechos Humanos,,M001,Aprobado,170694901.0,13288735.0,0.0,3574901.0,187558537.0,0.0,0.0,0.0,0.0,0.0,187558537.0,100.0,0.0,0.0
2025,Órganos Autónomos,Comisión Nacional de los Derechos Humanos,,M001,Modificado,155983369.5,40175653.3,0.0,7013185.6,203172208.4,0.0,17239064.26,0.0,0.0,17239064.26,220411272.66,92.17868303560296,0.0,7.8213169643970435
2025,Órganos Autónomos,Comisión Nacional de los Derechos Humanos,,M001,Devengado,131934863.07,31999039.11,0.0,7466833.81,171400735.99,0.0,16065253.34,0.0,0.0,16065253.34,187465989.33,91.43031042728501,0.0,8.569689572714987
2025,Órganos Autónomos,Comisión Nacional de los Derechos Humanos,,M001,Ejercido,131934863.07,31999039.11,0.0,7466833.81,171400735.99,0.0,16065253.34,0.0,0.0,16065253.34,187465989.33,91.43031042728501,0.0,8.569689572714987
2025,Órganos Autónomos,Comisión Nacional de los Derechos Humanos,,M001,Porcentaje Ejer/Aprob,77.2927968539611,240.7982333156617,0.0,208.86826824015543,91.38519564694622,0.0,0.0,0.0,0.0,0.0,99.95065664752974,,0.0,
2025,Órganos Autónomos,Comisión Nacional de los Derechos Humanos,,M001,Porcentaje Ejer/Modif,84.58264717124219,79.6478376370298,0.0,106.46850427001391,84.36229410498449,0.0,93.19098239732415,0.0,0.0,93.19098239732415,85.052813800127,,0.0,
2025,Órganos Autónomos,Comisión Nacional de los Derechos Humanos,,M002,Actividades relacionadas a la Igualdad de Género Institucional.,0.0,0.0,0.0,0.0,0.0,0.0,0.0,0.0,0.0,0.0,0.0,,0.0,
2025,Órganos Autónomos,Comisión Nacional de los Derechos Humanos,,M002,Aprobado,3408845.0,566645.0,0.0,938616.0,4914106.0,0.0,0.0,0.0,0.0,0.0,4914106.0,100.0,0.0,0.0
2025,Órganos Autónomos,Comisión Nacional de los Derechos Humanos,,M002,Modificado,2915478.1,442664.0,0.0,972610.23,4330752.33,0.0,0.0,0.0,0.0,0.0,4330752.33,100.0,0.0,0.0
2025,Órganos Autónomos,Comisión Nacional de los Derechos Humanos,,M002,Devengado,2477502.88,349079.19,0.0,811315.44,3637897.51,0.0,0.0,0.0,0.0,0.0,3637897.51,100.0,0.0,0.0
2025,Órganos Autónomos,Comisión Nacional de los Derechos Humanos,,M002,Ejercido,2477502.88,349079.19,0.0,811315.44,3637897.51,0.0,0.0,0.0,0.0,0.0,3637897.51,100.0,0.0,0.0
2025,Órganos Autónomos,Comisión Nacional de los Derechos Humanos,,M002,Porcentaje Ejer/Aprob,72.67866036736783,61.60456546867968,0.0,86.43741849702113,74.0296914637169,0.0,0.0,0.0,0.0,0.0,74.0296914637169,,0.0,
2025,Órganos Autónomos,Comisión Nacional de los Derechos Humanos,,M002,Porcentaje Ejer/Modif,84.97758497997292,78.85872580557715,0.0,83.41629719440643,84.00151365848252,0.0,0.0,0.0,0.0,0.0,84.00151365848252,,0.0,
2025,Órganos Autónomos,Comisión Nacional de los Derechos Humanos,,O001,Apoyo a la función pública y buen gobierno,0.0,0.0,0.0,0.0,0.0,0.0,0.0,0.0,0.0,0.0,0.0,,0.0,
2025,Órganos Autónomos,Comisión Nacional de los Derechos Humanos,,O001,Aprobado,40315939.0,2831524.0,0.0,2046641.0,45194104.0,0.0,0.0,0.0,0.0,0.0,45194104.0,100.0,0.0,0.0
2025,Órganos Autónomos,Comisión Nacional de los Derechos Humanos,,O001,Modificado,44316065.39,3125573.37,0.0,2397420.69,49839059.45,0.0,89332.58,0.0,0.0,89332.58,49928392.03,99.82107859602945,0.0,0.17892140397055764
2025,Órganos Autónomos,Comisión Nacional de los Derechos Humanos,,O001,Devengado,43633134.39,2240085.42,0.0,2256609.82,48129829.63,0.0,44666.29,0.0,0.0,44666.29,48174495.92,99.90728228879826,0.0,0.1
2025,Órganos Autónomos,Comisión Nacional de los Derechos Humanos,,O001,Ejercido,43633134.39,2240085.42,0.0,2256609.82,48129829.63,0.0,44666.29,0.0,0.0,44666.29,48174495.92,99.90728228879826,0.0,0.1
2025,Órganos Autónomos,Comisión Nacional de los Derechos Humanos,,O001,Porcentaje Ejer/Aprob,108.22799982408941,79.11235857439316,0.0,110.25919152406307,106.49581553823924,0.0,0.0,0.0,0.0,0.0,106.59464765580925,,0.0,
2025,Órganos Autónomos,Comisión Nacional de los Derechos Humanos,,O001,Porcentaje Ejer/Modif,98.45895389405644,71.66958361946882,0.0,94.12656816605683,96.57050145235034,0.0,50.0,0.0,0.0,50.0,96.48717685731567,,0.0,
2025,Órganos Autónomos,Comisión Nacional de los Derechos Humanos,,P019,Establecer y dirigir la estrategia institucional de la Comisión Nacional de los Derechos Humanos,0.0,0.0,0.0,0.0,0.0,0.0,0.0,0.0,0.0,0.0,0.0,,0.0,
2025,Órganos Autónomos,Comisión Nacional de los Derechos Humanos,,P019,Aprobado,47267311.0,3190755.0,0.0,2292925.0,52750991.0,0.0,0.0,0.0,0.0,0.0,52750991.0,100.0,0.0,0.0
2025,Órganos Autónomos,Comisión Nacional de los Derechos Humanos,,P019,Modificado,41299688.08,3402986.42,0.0,6188443.14,50891117.64,0.0,0.0,0.0,0.0,0.0,50891117.64,100.0,0.0,0.0
2025,Órganos Autónomos,Comisión Nacional de los Derechos Humanos,,P019,Devengado,33341164.66,3201274.39,0.0,5920192.57,42462631.62,0.0,0.0,0.0,0.0,0.0,42462631.62,100.0,0.0,0.0
2025,Órganos Autónomos,Comisión Nacional de los Derechos Humanos,,P019,Ejercido,33341164.66,3201274.39,0.0,5920192.57,42462631.62,0.0,0.0,0.0,0.0,0.0,42462631.62,100.0,0.0,0.0
2025,Órganos Autónomos,Comisión Nacional de los Derechos Humanos,,P019,Porcentaje Ejer/Aprob,70.53746861123537,100.32968341348678,0.0,258.19390385642794,80.49636758482887,0.0,0.0,0.0,0.0,0.0,80.49636758482887,,0.0,
2025,Órganos Autónomos,Comisión Nacional de los Derechos Humanos,,P019,Porcentaje Ejer/Modif,80.72982196721715,94.07249970747753,0.0,95.66529797670566,83.43819823407595,0.0,0.0,0.0,0.0,0.0,83.43819823407595,,0.0,
2025,Órganos Autónomos,Información Nacional Estadística y Geográfica,,TOTAL,Aprobado,9654767095.0,2228608678.0,0.0,2843000.0,11886218773.0,0.0,359080000.0,0.0,0.0,359080000.0,12245298773.0,97.0676093196538,0.0,2.932390680346203
2025,Órganos Autónomos,Información Nacional Estadística y Geográfica,,TOTAL,Modificado,11496059348.63,2653418890.44,0.0,14295871.62,14163774110.69,0.0,783509127.86,0.0,0.0,783509127.86,14947283238.55,94.75818370900151,0.0,5.241816290998487
2025,Órganos Autónomos,Información Nacional Estadística y Geográfica,,TOTAL,Devengado,11496059348.63,2653418890.44,0.0,14295871.62,14163774110.69,0.0,783509127.86,0.0,0.0,783509127.86,14947283238.55,94.75818370900151,0.0,5.241816290998487
2025,Órganos Autónomos,Información Nacional Estadística y Geográfica,,TOTAL,Ejercido,11496059348.63,2653418890.44,0.0,14295871.62,14163774110.69,0.0,783509127.86,0.0,0.0,783509127.86,14947283238.55,94.75818370900151,0.0,5.241816290998487
2025,Órganos Autónomos,Información Nacional Estadística y Geográfica,,TOTAL,Porcentaje Ejer/Aprob,119.07132751636821,119.06167810587695,0.0,0.0,119.16131093652385,0.0,218.1990441851398,0.0,0.0,218.1990441851398,122.06548419633239,,0.0,
2025,Órganos Autónomos,Información Nacional Estadística y Geográfica,,TOTAL,Porcentaje Ejer/Modif,100.0,100.0,0.0,100.0,100.0,0.0,100.0,0.0,0.0,100.0,100.0,,0.0,
2025,Órganos Autónomos,Información Nacional Estadística y Geográfica,,M001,Actividades de apoyo administrativo,0.0,0.0,0.0,0.0,0.0,0.0,0.0,0.0,0.0,0.0,0.0,,0.0,
2025,Órganos Autónomos,Información Nacional Estadística y Geográfica,,M001,Aprobado,589187313.0,96891436.0,0.0,0.0,686078749.0,0.0,0.0,0.0,0.0,0.0,686078749.0,100.0,0.0,0.0
2025,Órganos Autónomos,Información Nacional Estadística y Geográfica,,M001,Modificado,447864193.68,101486461.35,0.0,115658.0,549466313.03,0.0,0.0,0.0,0.0,0.0,549466313.03,100.0,0.0,0.0
2025,Órganos Autónomos,Información Nacional Estadística y Geográfica,,M001,Devengado,447864193.68,101486461.35,0.0,115658.0,549466313.03,0.0,0.0,0.0,0.0,0.0,549466313.03,100.0,0.0,0.0
2025,Órganos Autónomos,Información Nacional Estadística y Geográfica,,M001,Ejercido,447864193.68,101486461.35,0.0,115658.0,549466313.03,0.0,0.0,0.0,0.0,0.0,549466313.03,100.0,0.0,0.0
2025,Órganos Autónomos,Información Nacional Estadística y Geográfica,,M001,Porcentaje Ejer/Aprob,76.01388960661481,104.74244736139528,0.0,0.0,80.08793652782269,0.0,0.0,0.0,0.0,0.0,80.08793652782269,,0.0,
2025,Órganos Autónomos,Información Nacional Estadística y Geográfica,,M001,Porcentaje Ejer/Modif,100.0,100.0,0.0,100.0,100.0,0.0,0.0,0.0,0.0,0.0,100.0,,0.0,
2025,Órganos Autónomos,Información Nacional Estadística y Geográfica,,O001,Actividades de apoyo a la función pública y buen Gobierno,0.0,0.0,0.0,0.0,0.0,0.0,0.0,0.0,0.0,0.0,0.0,,0.0,
2025,Órganos Autónomos,Información Nacional Estadística y Geográfica,,O001,Aprobado,80626020.0,14488685.0,0.0,0.0,95114705.0,0.0,0.0,0.0,0.0,0.0,95114705.0,100.0,0.0,0.0
2025,Órganos Autónomos,Información Nacional Estadística y Geográfica,,O001,Modificado,83814350.42,13973458.66,0.0,72129.72,97859938.8,0.0,118506.01,0.0,0.0,118506.01,97978444.81,99.87904889669375,0.0,0.12095110330624975
2025,Órganos Autónomos,Información Nacional Estadística y Geográfica,,O001,Devengado,83814350.42,13973458.66,0.0,72129.72,97859938.8,0.0,118506.01,0.0,0.0,118506.01,97978444.81,99.87904889669375,0.0,0.12095110330624975
2025,Órganos Autónomos,Información Nacional Estadística y Geográfica,,O001,Ejercido,83814350.42,13973458.66,0.0,72129.72,97859938.8,0.0,118506.01,0.0,0.0,118506.01,97978444.81,99.87904889669375,0.0,0.12095110330624975
2025,Órganos Autónomos,Información Nacional Estadística y Geográfica,,O001,Porcentaje Ejer/Aprob,103.95446832176512,96.44393994348005,0.0,0.0,102.88623488870621,0.0,0.0,0.0,0.0,0.0,103.010827621239,,0.0,
2025,Órganos Autónomos,Información Nacional Estadística y Geográfica,,O001,Porcentaje Ejer/Modif,100.0,100.0,0.0,100.0,100.0,0.0,100.0,0.0,0.0,100.0,100.0,,0.0,
2025,Órganos Autónomos,Información Nacional Estadística y Geográfica,,P001,"Planeación, Coordinación, Seguimiento y Evaluación del Sistema Nacional de Información Estadística y Geográfica",0.0,0.0,0.0,0.0,0.0,0.0,0.0,0.0,0.0,0.0,0.0,,0.0,
2025,Órganos Autónomos,Información Nacional Estadística y Geográfica,,P001,Aprobado,269624851.0,42616066.0,0.0,550000.0,312790917.0,0.0,0.0,0.0,0.0,0.0,312790917.0,100.0,0.0,0.0
2025,Órganos Autónomos,Información Nacional Estadística y Geográfica,,P001,Modificado,273088709.96,44202160.5,0.0,11896113.06,329186983.52,0.0,47292.04,0.0,0.0,47292.04,329234275.56,99.98563574830732,0.0,0.0
2025,Órganos Autónomos,Información Nacional Estadística y Geográfica,,P001,Devengado,273088709.96,44202160.5,0.0,11896113.06,329186983.52,0.0,47292.04,0.0,0.0,47292.04,329234275.56,99.98563574830732,0.0,0.0
2025,Órganos Autónomos,Información Nacional Estadística y Geográfica,,P001,Ejercido,273088709.96,44202160.5,0.0,11896113.06,329186983.52,0.0,47292.04,0.0,0.0,47292.04,329234275.56,99.98563574830732,0.0,0.0
2025,Órganos Autónomos,Información Nacional Estadística y Geográfica,,P001,Porcentaje Ejer/Aprob,101.2846957345189,103.7218228918643,0.0,0.0,105.24186145724941,0.0,0.0,0.0,0.0,0.0,105.25698083490065,,0.0,
2025,Órganos Autónomos,Información Nacional Estadística y Geográfica,,P001,Porcentaje Ejer/Modif,100.0,100.0,0.0,100.0,100.0,0.0,100.0,0.0,0.0,100.0,100.0,,0.0,
2025,Órganos Autónomos,Información Nacional Estadística y Geográfica,,P002,Producción y difusión de información estadística y geográfica,0.0,0.0,0.0,0.0,0.0,0.0,0.0,0.0,0.0,0.0,0.0,,0.0,
2025,Órganos Autónomos,Información Nacional Estadística y Geográfica,,P002,Aprobado,7385446766.0,1711866636.0,0.0,2293000.0,9099606402.0,0.0,359080000.0,0.0,0.0,359080000.0,9458686402.0,96.20370118281886,0.0,3.796298817181147
2025,Órganos Autónomos,Información Nacional Estadística y Geográfica,,P002,Modificado,6703549016.59,1676658548.18,0.0,2087514.88,8382295079.65,0.0,651223059.22,0.0,0.0,651223059.22,9033518138.87,92.79103612558349,0.0,7.208963874416499
2025,Órganos Autónomos,Información Nacional Estadística y Geográfica,,P002,Devengado,6703549016.59,1676658548.18,0.0,2087514.88,8382295079.65,0.0,651223059.22,0.0,0.0,651223059.22,9033518138.87,92.79103612558349,0.0,7.208963874416499
2025,Órganos Autónomos,Información Nacional Estadística y Geográfica,,P002,Ejercido,6703549016.59,1676658548.18,0.0,2087514.88,8382295079.65,0.0,651223059.22,0.0,0.0,651223059.22,9033518138.87,92.79103612558349,0.0,7.208963874416499
2025,Órganos Autónomos,Información Nacional Estadística y Geográfica,,P002,Porcentaje Ejer/Aprob,90.76700745377765,97.94329259770677,0.0,91.03859049280419,92.11711704154212,0.0,181.35876663139135,0.0,0.0,181.35876663139135,95.50499672935452,,0.0,
2025,Órganos Autónomos,Información Nacional Estadística y Geográfica,,P002,Porcentaje Ejer/Modif,100.0,100.0,0.0,100.0,100.0,0.0,100.0,0.0,0.0,100.0,100.0,,0.0,
2025,Órganos Autónomos,Información Nacional Estadística y Geográfica,,P003,Censo Agropecuario,0.0,0.0,0.0,0.0,0.0,0.0,0.0,0.0,0.0,0.0,0.0,,0.0,
2025,Órganos Autónomos,Información Nacional Estadística y Geográfica,,P003,Aprobado,1145677119.0,336950881.0,0.0,0.0,1482628000.0,0.0,0.0,0.0,0.0,0.0,1482628000.0,100.0,0.0,0.0
2025,Órganos Autónomos,Información Nacional Estadística y Geográfica,,P003,Modificado,91406866.44,41059389.11,0.0,0.0,132466255.55,0.0,0.0,0.0,0.0,0.0,132466255.55,100.0,0.0,0.0
2025,Órganos Autónomos,Información Nacional Estadística y Geográfica,,P003,Devengado,91406866.44,41059389.11,0.0,0.0,132466255.55,0.0,0.0,0.0,0.0,0.0,132466255.55,100.0,0.0,0.0
2025,Órganos Autónomos,Información Nacional Estadística y Geográfica,,P003,Ejercido,91406866.44,41059389.11,0.0,0.0,132466255.55,0.0,0.0,0.0,0.0,0.0,132466255.55,100.0,0.0,0.0
2025,Órganos Autónomos,Información Nacional Estadística y Geográfica,,P003,Porcentaje Ejer/Aprob,7.978414242905028,12.185571080314226,0.0,0.0,8.934557795347182,0.0,0.0,0.0,0.0,0.0,8.934557795347182,,0.0,
2025,Órganos Autónomos,Información Nacional Estadística y Geográfica,,P003,Porcentaje Ejer/Modif,100.0,100.0,0.0,0.0,100.0,0.0,0.0,0.0,0.0,0.0,100.0,,0.0,
2025,Órganos Autónomos,Información Nacional Estadística y Geográfica,,P004,Censo de Población y Vivienda,0.0,0.0,0.0,0.0,0.0,0.0,0.0,0.0,0.0,0.0,0.0,,0.0,
2025,Órganos Autónomos,Información Nacional Estadística y Geográfica,,P004,Aprobado,0.0,0.0,0.0,0.0,0.0,0.0,0.0,0.0,0.0,0.0,0.0,0.0,0.0,0.0
2025,Órganos Autónomos,Información Nacional Estadística y Geográfica,,P004,Modificado,3707068376.57,760148955.32,0.0,72255.96,4467289587.85,0.0,132120270.59,0.0,0.0,132120270.59,4599409858.44,97.12745168062037,0.0,2.872548319379647
2025,Órganos Autónomos,Información Nacional Estadística y Geográfica,,P004,Devengado,3707068376.57,760148955.32,0.0,72255.96,4467289587.85,0.0,132120270.59,0.0,0.0,132120270.59,4599409858.44,97.12745168062037,0.0,2.872548319379647
2025,Órganos Autónomos,Información Nacional Estadística y Geográfica,,P004,Ejercido,3707068376.57,760148955.32,0.0,72255.96,4467289587.85,0.0,132120270.59,0.0,0.0,132120270.59,4599409858.44,97.12745168062037,0.0,2.872548319379647
2025,Órganos Autónomos,Información Nacional Estadística y Geográfica,,P004,Porcentaje Ejer/Aprob,0.0,0.0,0.0,0.0,0.0,0.0,0.0,0.0,0.0,0.0,0.0,,0.0,
2025,Órganos Autónomos,Información Nacional Estadística y Geográfica,,P004,Porcentaje Ejer/Modif,100.0,100.0,0.0,100.0,100.0,0.0,100.0,0.0,0.0,100.0,100.0,,0.0,
2025,Órganos Autónomos,Información Nacional Estadística y Geográfica,,P005,Censos Económicos,0.0,0.0,0.0,0.0,0.0,0.0,0.0,0.0,0.0,0.0,0.0,,0.0,
2025,Órganos Autónomos,Información Nacional Estadística y Geográfica,,P005,Aprobado,184205026.0,25794974.0,0.0,0.0,210000000.0,0.0,0.0,0.0,0.0,0.0,210000000.0,100.0,0.0,0.0
2025,Órganos Autónomos,Información Nacional Estadística y Geográfica,,P005,Modificado,178187592.26,14094607.62,0.0,52200.0,192334399.88,0.0,0.0,0.0,0.0,0.0,192334399.88,100.0,0.0,0.0
2025,Órganos Autónomos,Información Nacional Estadística y Geográfica,,P005,Devengado,178187592.26,14094607.62,0.0,52200.0,192334399.88,0.0,0.0,0.0,0.0,0.0,192334399.88,100.0,0.0,0.0
2025,Órganos Autónomos,Información Nacional Estadística y Geográfica,,P005,Ejercido,178187592.26,14094607.62,0.0,52200.0,192334399.88,0.0,0.0,0.0,0.0,0.0,192334399.88,100.0,0.0,0.0
2025,Órganos Autónomos,Información Nacional Estadística y Geográfica,,P005,Porcentaje Ejer/Aprob,96.73329557251058,54.64090648046398,0.0,0.0,91.58780946666667,0.0,0.0,0.0,0.0,0.0,91.58780946666667,,0.0,
2025,Órganos Autónomos,Información Nacional Estadística y Geográfica,,P005,Porcentaje Ejer/Modif,100.0,100.0,0.0,100.0,100.0,0.0,0.0,0.0,0.0,0.0,100.0,,0.0,
2025,Órganos Autónomos,Información Nacional Estadística y Geográfica,,P006,Medición de la pobreza y Evaluación de la política de desarrollo social,0.0,0.0,0.0,0.0,0.0,0.0,0.0,0.0,0.0,0.0,0.0,,0.0,
2025,Órganos Autónomos,Información Nacional Estadística y Geográfica,,P006,Aprobado,0.0,0.0,0.0,0.0,0.0,0.0,0.0,0.0,0.0,0.0,0.0,0.0,0.0,0.0
2025,Órganos Autónomos,Información Nacional Estadística y Geográfica,,P006,Modificado,11080242.71,1795309.7,0.0,0.0,12875552.41,0.0,0.0,0.0,0.0,0.0,12875552.41,100.0,0.0,0.0
2025,Órganos Autónomos,Información Nacional Estadística y Geográfica,,P006,Devengado,11080242.71,1795309.7,0.0,0.0,12875552.41,0.0,0.0,0.0,0.0,0.0,12875552.41,100.0,0.0,0.0
2025,Órganos Autónomos,Información Nacional Estadística y Geográfica,,P006,Ejercido,11080242.71,1795309.7,0.0,0.0,12875552.41,0.0,0.0,0.0,0.0,0.0,12875552.41,100.0,0.0,0.0
2025,Órganos Autónomos,Información Nacional Estadística y Geográfica,,P006,Porcentaje Ejer/Aprob,0.0,0.0,0.0,0.0,0.0,0.0,0.0,0.0,0.0,0.0,0.0,,0.0,
2025,Órganos Autónomos,Información Nacional Estadística y Geográfica,,P006,Porcentaje Ejer/Modif,100.0,100.0,0.0,0.0,100.0,0.0,0.0,0.0,0.0,0.0,100.0,,0.0,
2025,Órganos Autónomos,Comisión Federal de Competencia Económica,,TOTAL,Aprobado,190210708.0,7644944.0,0.0,2010374.0,199866026.0,0.0,0.0,0.0,0.0,0.0,199866026.0,100.0,0.0,0.0
2025,Órganos Autónomos,Comisión Federal de Competencia Económica,,TOTAL,Modificado,288965211.97,13070257.13,0.0,5479285.52,307514754.62,0.0,0.0,0.0,0.0,0.0,307514754.62,100.0,0.0,0.0
2025,Órganos Autónomos,Comisión Federal de Competencia Económica,,TOTAL,Devengado,288965211.97,13070257.13,0.0,5479285.52,307514754.62,0.0,0.0,0.0,0.0,0.0,307514754.62,100.0,0.0,0.0
2025,Órganos Autónomos,Comisión Federal de Competencia Económica,,TOTAL,Ejercido,288965211.97,13070257.13,0.0,5479285.52,307514754.62,0.0,0.0,0.0,0.0,0.0,307514754.62,100.0,0.0,0.0
2025,Órganos Autónomos,Comisión Federal de Competencia Económica,,TOTAL,Porcentaje Ejer/Aprob,151.91847767582044,170.96602839733032,0.0,272.5505562646552,153.860443805492,0.0,0.0,0.0,0.0,0.0,153.860443805492,,0.0,
2025,Órganos Autónomos,Comisión Federal de Competencia Económica,,TOTAL,Porcentaje Ejer/Modif,100.0,100.0,0.0,100.0,100.0,0.0,0.0,0.0,0.0,0.0,100.0,,0.0,
2025,Órganos Autónomos,Comisión Federal de Competencia Económica,,G006,Prevención y eliminación de prácticas y concentraciones monopólicas y demás restricciones a la competencia y libre concurrencia,0.0,0.0,0.0,0.0,0.0,0.0,0.0,0.0,0.0,0.0,0.0,,0.0,
2025,Órganos Autónomos,Comisión Federal de Competencia Económica,,G006,Aprobado,139160390.0,4323052.0,0.0,1769388.0,145252830.0,0.0,0.0,0.0,0.0,0.0,145252830.0,100.0,0.0,0.0
2025,Órganos Autónomos,Comisión Federal de Competencia Económica,,G006,Modificado,214725201.86,9108406.76,0.0,5124093.66,228957702.28,0.0,0.0,0.0,0.0,0.0,228957702.28,100.0,0.0,0.0
2025,Órganos Autónomos,Comisión Federal de Competencia Económica,,G006,Devengado,214725201.86,9108406.76,0.0,5124093.66,228957702.28,0.0,0.0,0.0,0.0,0.0,228957702.28,100.0,0.0,0.0
2025,Órganos Autónomos,Comisión Federal de Competencia Económica,,G006,Ejercido,214725201.86,9108406.76,0.0,5124093.66,228957702.28,0.0,0.0,0.0,0.0,0.0,228957702.28,100.0,0.0,0.0
2025,Órganos Autónomos,Comisión Federal de Competencia Económica,,G006,Porcentaje Ejer/Aprob,154.3005174532782,210.6938977370617,0.0,289.59694877550885,157.62701647878393,0.0,0.0,0.0,0.0,0.0,157.62701647878393,,0.0,
2025,Órganos Autónomos,Comisión Federal de Competencia Económica,,G006,Porcentaje Ejer/Modif,100.0,100.0,0.0,100.0,100.0,0.0,0.0,0.0,0.0,0.0,100.0,,0.0,
2025,Órganos Autónomos,Comisión Federal de Competencia Económica,,G007,Posicionar a la competencia económica en la agenda pública,0.0,0.0,0.0,0.0,0.0,0.0,0.0,0.0,0.0,0.0,0.0,,0.0,
2025,Órganos Autónomos,Comisión Federal de Competencia Económica,,G007,Aprobado,19620225.0,1643585.0,0.0,240926.0,21504736.0,0.0,0.0,0.0,0.0,0.0,21504736.0,100.0,0.0,0.0
2025,Órganos Autónomos,Comisión Federal de Competencia Económica,,G007,Modificado,27945588.9,1248673.94,0.0,355191.86,29549454.7,0.0,0.0,0.0,0.0,0.0,29549454.7,100.0,0.0,0.0
2025,Órganos Autónomos,Comisión Federal de Competencia Económica,,G007,Devengado,27945588.9,1248673.94,0.0,355191.86,29549454.7,0.0,0.0,0.0,0.0,0.0,29549454.7,100.0,0.0,0.0
2025,Órganos Autónomos,Comisión Federal de Competencia Económica,,G007,Ejercido,27945588.9,1248673.94,0.0,355191.86,29549454.7,0.0,0.0,0.0,0.0,0.0,29549454.7,100.0,0.0,0.0
2025,Órganos Autónomos,Comisión Federal de Competencia Económica,,G007,Porcentaje Ejer/Aprob,142.43256078867597,75.9725806696946,0.0,147.4277828046786,137.40905584704691,0.0,0.0,0.0,0.0,0.0,137.40905584704691,,0.0,
2025,Órganos Autónomos,Comisión Federal de Competencia Económica,,G007,Porcentaje Ejer/Modif,100.0,100.0,0.0,100.0,100.0,0.0,0.0,0.0,0.0,0.0,100.0,,0.0,
2025,Órganos Autónomos,Comisión Federal de Competencia Económica,,M001,Actividades de Apoyo Administrativo,0.0,0.0,0.0,0.0,0.0,0.0,0.0,0.0,0.0,0.0,0.0,,0.0,
2025,Órganos Autónomos,Comisión Federal de Competencia Económica,,M001,Aprobado,24037939.0,1458206.0,0.0,40.0,25496185.0,0.0,0.0,0.0,0.0,0.0,25496185.0,100.0,0.0,0.0
2025,Órganos Autónomos,Comisión Federal de Competencia Económica,,M001,Modificado,37265079.21,2354661.69,0.0,0.0,39619740.9,0.0,0.0,0.0,0.0,0.0,39619740.9,100.0,0.0,0.0
2025,Órganos Autónomos,Comisión Federal de Competencia Económica,,M001,Devengado,37265079.21,2354661.69,0.0,0.0,39619740.9,0.0,0.0,0.0,0.0,0.0,39619740.9,100.0,0.0,0.0
2025,Órganos Autónomos,Comisión Federal de Competencia Económica,,M001,Ejercido,37265079.21,2354661.69,0.0,0.0,39619740.9,0.0,0.0,0.0,0.0,0.0,39619740.9,100.0,0.0,0.0
2025,Órganos Autónomos,Comisión Federal de Competencia Económica,,M001,Porcentaje Ejer/Aprob,155.02609940893853,161.4766151010214,0.0,0.0,155.39478121922946,0.0,0.0,0.0,0.0,0.0,155.39478121922946,,0.0,
2025,Órganos Autónomos,Comisión Federal de Competencia Económica,,M001,Porcentaje Ejer/Modif,100.0,100.0,0.0,0.0,100.0,0.0,0.0,0.0,0.0,0.0,100.0,,0.0,
2025,Órganos Autónomos,Comisión Federal de Competencia Económica,,O001,Actividades de Apoyo a la Función Pública y Buen Gobierno,0.0,0.0,0.0,0.0,0.0,0.0,0.0,0.0,0.0,0.0,0.0,,0.0,
2025,Órganos Autónomos,Comisión Federal de Competencia Económica,,O001,Aprobado,7392154.0,220101.0,0.0,20.0,7612275.0,0.0,0.0,0.0,0.0,0.0,7612275.0,100.0,0.0,0.0
2025,Órganos Autónomos,Comisión Federal de Competencia Económica,,O001,Modificado,9029342.0,358514.74,0.0,0.0,9387856.74,0.0,0.0,0.0,0.0,0.0,9387856.74,100.0,0.0,0.0
2025,Órganos Autónomos,Comisión Federal de Competencia Económica,,O001,Devengado,9029342.0,358514.74,0.0,0.0,9387856.74,0.0,0.0,0.0,0.0,0.0,9387856.74,100.0,0.0,0.0
2025,Órganos Autónomos,Comisión Federal de Competencia Económica,,O001,Ejercido,9029342.0,358514.74,0.0,0.0,9387856.74,0.0,0.0,0.0,0.0,0.0,9387856.74,100.0,0.0,0.0
2025,Órganos Autónomos,Comisión Federal de Competencia Económica,,O001,Porcentaje Ejer/Aprob,122.14764465134249,162.8864657589016,0.0,0.0,123.32524429293477,0.0,0.0,0.0,0.0,0.0,123.32524429293477,,0.0,
2025,Órganos Autónomos,Comisión Federal de Competencia Económica,,O001,Porcentaje Ejer/Modif,100.0,100.0,0.0,0.0,100.0,0.0,0.0,0.0,0.0,0.0,100.0,,0.0,
2025,Órganos Autónomos,Instituto Federal de Telecomunicaciones,,TOTAL,Aprobado,472536346.0,27463654.0,0.0,0.0,500000000.0,0.0,0.0,0.0,0.0,0.0,500000000.0,100.0,0.0,0.0
2025,Órganos Autónomos,Instituto Federal de Telecomunicaciones,,TOTAL,Modificado,624597426.55,45318989.42,0.0,6753142.28,676669558.25,0.0,10695.2,0.0,0.0,10695.2,676680253.45,99.99841946030706,0.0,0.0
2025,Órganos Autónomos,Instituto Federal de Telecomunicaciones,,TOTAL,Devengado,624597426.55,43791964.69,0.0,6753142.28,675142533.52,0.0,10695.2,0.0,0.0,10695.2,675153228.72,99.99841588552863,0.0,0.0
2025,Órganos Autónomos,Instituto Federal de Telecomunicaciones,,TOTAL,Ejercido,624597426.55,43791964.69,0.0,6753142.28,675142533.52,0.0,10695.2,0.0,0.0,10695.2,675153228.72,99.99841588552863,0.0,0.0
2025,Órganos Autónomos,Instituto Federal de Telecomunicaciones,,TOTAL,Porcentaje Ejer/Aprob,132.17976391386406,159.45425430279596,0.0,0.0,135.028506704,0.0,0.0,0.0,0.0,0.0,135.030645744,,0.0,
2025,Órganos Autónomos,Instituto Federal de Telecomunicaciones,,TOTAL,Porcentaje Ejer/Modif,100.0,96.6304969516242,0.0,100.0,99.77433228503006,0.0,100.0,0.0,0.0,100.0,99.77433585179786,,0.0,
2025,Órganos Autónomos,Instituto Federal de Telecomunicaciones,,E001,Fortalecimiento e innovación institucional para el desarrollo de los sectores de Telecomunicaciones y Radiodifusión,0.0,0.0,0.0,0.0,0.0,0.0,0.0,0.0,0.0,0.0,0.0,,0.0,
2025,Órganos Autónomos,Instituto Federal de Telecomunicaciones,,E001,Aprobado,130524334.0,5918778.0,0.0,0.0,136443112.0,0.0,0.0,0.0,0.0,0.0,136443112.0,100.0,0.0,0.0
2025,Órganos Autónomos,Instituto Federal de Telecomunicaciones,,E001,Modificado,169259758.46,6460874.78,0.0,2479679.82,178200313.06,0.0,0.0,0.0,0.0,0.0,178200313.06,100.0,0.0,0.0
2025,Órganos Autónomos,Instituto Federal de Telecomunicaciones,,E001,Devengado,169259758.46,6460874.78,0.0,2479679.82,178200313.06,0.0,0.0,0.0,0.0,0.0,178200313.06,100.0,0.0,0.0
2025,Órganos Autónomos,Instituto Federal de Telecomunicaciones,,E001,Ejercido,169259758.46,6460874.78,0.0,2479679.82,178200313.06,0.0,0.0,0.0,0.0,0.0,178200313.06,100.0,0.0,0.0
2025,Órganos Autónomos,Instituto Federal de Telecomunicaciones,,E001,Porcentaje Ejer/Aprob,129.67678384016887,109.15893077929262,0.0,0.0,130.60411071538738,0.0,0.0,0.0,0.0,0.0,130.60411071538738,,0.0,
2025,Órganos Autónomos,Instituto Federal de Telecomunicaciones,,E001,Porcentaje Ejer/Modif,100.0,100.0,0.0,100.0,100.0,0.0,0.0,0.0,0.0,0.0,100.0,,0.0,
2025,Órganos Autónomos,Instituto Federal de Telecomunicaciones,,G004,Regulación y supervisión de redes e infraestructura de telecomunicaciones y radiodifusión,0.0,0.0,0.0,0.0,0.0,0.0,0.0,0.0,0.0,0.0,0.0,,0.0,
2025,Órganos Autónomos,Instituto Federal de Telecomunicaciones,,G004,Aprobado,177614721.0,13157690.0,0.0,0.0,190772411.0,0.0,0.0,0.0,0.0,0.0,190772411.0,100.0,0.0,0.0
2025,Órganos Autónomos,Instituto Federal de Telecomunicaciones,,G004,Modificado,235318089.26,14860423.87,0.0,497410.65,250675923.78,0.0,0.0,0.0,0.0,0.0,250675923.78,100.0,0.0,0.0
2025,Órganos Autónomos,Instituto Federal de Telecomunicaciones,,G004,Devengado,235318089.26,14860423.87,0.0,497410.65,250675923.78,0.0,0.0,0.0,0.0,0.0,250675923.78,100.0,0.0,0.0
2025,Órganos Autónomos,Instituto Federal de Telecomunicaciones,,G004,Ejercido,235318089.26,14860423.87,0.0,497410.65,250675923.78,0.0,0.0,0.0,0.0,0.0,250675923.78,100.0,0.0,0.0
2025,Órganos Autónomos,Instituto Federal de Telecomunicaciones,,G004,Porcentaje Ejer/Aprob,132.48794240427853,112.94097877362972,0.0,0.0,131.40051146074785,0.0,0.0,0.0,0.0,0.0,131.40051146074785,,0.0,
2025,Órganos Autónomos,Instituto Federal de Telecomunicaciones,,G004,Porcentaje Ejer/Modif,100.0,100.0,0.0,100.0,100.0,0.0,0.0,0.0,0.0,0.0,100.0,,0.0,
2025,Órganos Autónomos,Instituto Federal de Telecomunicaciones,,G008,Promoción de la competencia económica en los sectores de telecomunicaciones y radiodifusión,0.0,0.0,0.0,0.0,0.0,0.0,0.0,0.0,0.0,0.0,0.0,,0.0,
2025,Órganos Autónomos,Instituto Federal de Telecomunicaciones,,G008,Aprobado,53305097.0,2297694.0,0.0,0.0,55602791.0,0.0,0.0,0.0,0.0,0.0,55602791.0,100.0,0.0,0.0
2025,Órganos Autónomos,Instituto Federal de Telecomunicaciones,,G008,Modificado,69550784.48,2606130.61,0.0,139204.14,72296119.23,0.0,0.0,0.0,0.0,0.0,72296119.23,100.0,0.0,0.0
2025,Órganos Autónomos,Instituto Federal de Telecomunicaciones,,G008,Devengado,69550784.48,2606130.61,0.0,139204.14,72296119.23,0.0,0.0,0.0,0.0,0.0,72296119.23,100.0,0.0,0.0
2025,Órganos Autónomos,Instituto Federal de Telecomunicaciones,,G008,Ejercido,69550784.48,2606130.61,0.0,139204.14,72296119.23,0.0,0.0,0.0,0.0,0.0,72296119.23,100.0,0.0,0.0
2025,Órganos Autónomos,Instituto Federal de Telecomunicaciones,,G008,Porcentaje Ejer/Aprob,130.4767993949997,113.4237461559285,0.0,0.0,130.02246457376575,0.0,0.0,0.0,0.0,0.0,130.02246457376575,,0.0,
2025,Órganos Autónomos,Instituto Federal de Telecomunicaciones,,G008,Porcentaje Ejer/Modif,100.0,100.0,0.0,100.0,100.0,0.0,0.0,0.0,0.0,0.0,100.0,,0.0,
2025,Órganos Autónomos,Instituto Federal de Telecomunicaciones,,G010,Regulación de los servicios de Telecomunicaciones y Radiodifusión y fortalecimiento de los derechos de sus usuarios y audiencias,0.0,0.0,0.0,0.0,0.0,0.0,0.0,0.0,0.0,0.0,0.0,,0.0,
2025,Órganos Autónomos,Instituto Federal de Telecomunicaciones,,G010,Aprobado,32657387.0,1568644.0,0.0,0.0,34226031.0,0.0,0.0,0.0,0.0,0.0,34226031.0,100.0,0.0,0.0
2025,Órganos Autónomos,Instituto Federal de Telecomunicaciones,,G010,Modificado,44667005.19,1676191.32,0.0,0.0,46343196.51,0.0,0.0,0.0,0.0,0.0,46343196.51,100.0,0.0,0.0
2025,Órganos Autónomos,Instituto Federal de Telecomunicaciones,,G010,Devengado,44667005.19,1676191.32,0.0,0.0,46343196.51,0.0,0.0,0.0,0.0,0.0,46343196.51,100.0,0.0,0.0
2025,Órganos Autónomos,Instituto Federal de Telecomunicaciones,,G010,Ejercido,44667005.19,1676191.32,0.0,0.0,46343196.51,0.0,0.0,0.0,0.0,0.0,46343196.51,100.0,0.0,0.0
2025,Órganos Autónomos,Instituto Federal de Telecomunicaciones,,G010,Porcentaje Ejer/Aprob,136.77458392491718,106.8560693184687,0.0,0.0,135.4033615817154,0.0,0.0,0.0,0.0,0.0,135.4033615817154,,0.0,
2025,Órganos Autónomos,Instituto Federal de Telecomunicaciones,,G010,Porcentaje Ejer/Modif,100.0,100.0,0.0,0.0,100.0,0.0,0.0,0.0,0.0,0.0,100.0,,0.0,
2025,Órganos Autónomos,Instituto Federal de Telecomunicaciones,,M001,Actividades de apoyo administrativo,0.0,0.0,0.0,0.0,0.0,0.0,0.0,0.0,0.0,0.0,0.0,,0.0,
2025,Órganos Autónomos,Instituto Federal de Telecomunicaciones,,M001,Aprobado,59404297.0,3538691.0,0.0,0.0,62942988.0,0.0,0.0,0.0,0.0,0.0,62942988.0,100.0,0.0,0.0
2025,Órganos Autónomos,Instituto Federal de Telecomunicaciones,,M001,Modificado,79167306.86,18656976.22,0.0,2693992.63,100518275.71,0.0,10695.2,0.0,0.0,10695.2,100528970.91,99.98936107680882,0.0,0.0
2025,Órganos Autónomos,Instituto Federal de Telecomunicaciones,,M001,Devengado,79167306.86,17129951.49,0.0,2693992.63,98991250.98,0.0,10695.2,0.0,0.0,10695.2,99001946.18,99.98919698004669,0.0,0.0
2025,Órganos Autónomos,Instituto Federal de Telecomunicaciones,,M001,Ejercido,79167306.86,17129951.49,0.0,2693992.63,98991250.98,0.0,10695.2,0.0,0.0,10695.2,99001946.18,99.98919698004669,0.0,0.0
2025,Órganos Autónomos,Instituto Federal de Telecomunicaciones,,M001,Porcentaje Ejer/Aprob,133.2686537137204,484.07593344544637,0.0,0.0,157.27129284043522,0.0,0.0,0.0,0.0,0.0,157.28828472521835,,0.0,
2025,Órganos Autónomos,Instituto Federal de Telecomunicaciones,,M001,Porcentaje Ejer/Modif,100.0,91.8152614228931,0.0,100.0,98.48084866238102,0.0,100.0,0.0,0.0,100.0,98.481010283725,,0.0,
2025,Órganos Autónomos,Instituto Federal de Telecomunicaciones,,O001,Actividades de apoyo a la función pública y buen gobierno,0.0,0.0,0.0,0.0,0.0,0.0,0.0,0.0,0.0,0.0,0.0,,0.0,
2025,Órganos Autónomos,Instituto Federal de Telecomunicaciones,,O001,Aprobado,19030510.0,982157.0,0.0,0.0,20012667.0,0.0,0.0,0.0,0.0,0.0,20012667.0,100.0,0.0,0.0
2025,Órganos Autónomos,Instituto Federal de Telecomunicaciones,,O001,Modificado,26634482.3,1058392.62,0.0,942855.04,28635729.96,0.0,0.0,0.0,0.0,0.0,28635729.96,100.0,0.0,0.0
2025,Órganos Autónomos,Instituto Federal de Telecomunicaciones,,O001,Devengado,26634482.3,1058392.62,0.0,942855.04,28635729.96,0.0,0.0,0.0,0.0,0.0,28635729.96,100.0,0.0,0.0
2025,Órganos Autónomos,Instituto Federal de Telecomunicaciones,,O001,Ejercido,26634482.3,1058392.62,0.0,942855.04,28635729.96,0.0,0.0,0.0,0.0,0.0,28635729.96,100.0,0.0,0.0
2025,Órganos Autónomos,Instituto Federal de Telecomunicaciones,,O001,Porcentaje Ejer/Aprob,139.95674472202793,107.76206044451142,0.0,0.0,143.08802499936667,0.0,0.0,0.0,0.0,0.0,143.08802499936667,,0.0,
2025,Órganos Autónomos,Instituto Federal de Telecomunicaciones,,O001,Porcentaje Ejer/Modif,100.0,100.0,0.0,100.0,100.0,0.0,0.0,0.0,0.0,0.0,100.0,,0.0,
2025,Órganos Autónomos,"Instituto Nacional de Transparencia, Acceso a la Información y Protección de Datos Personales",,TOTAL,Aprobado,443852775.0,29633428.0,0.0,1654379.0,475140582.0,0.0,24850000.0,0.0,0.0,24850000.0,499990582.0,95.02990638331663,0.0,4.970093616683364
2025,Órganos Autónomos,"Instituto Nacional de Transparencia, Acceso a la Información y Protección de Datos Personales",,TOTAL,Modificado,303332787.94,25898137.62,0.0,1270404.6,330501330.16,0.0,21875738.7,0.0,0.0,21875738.7,352377068.86,93.79195168097296,0.0,6.208048319027044
2025,Órganos Autónomos,"Instituto Nacional de Transparencia, Acceso a la Información y Protección de Datos Personales",,TOTAL,Devengado,303332787.94,25898137.62,0.0,1270404.6,330501330.16,0.0,21875738.7,0.0,0.0,21875738.7,352377068.86,93.79195168097296,0.0,6.208048319027044
2025,Órganos Autónomos,"Instituto Nacional de Transparencia, Acceso a la Información y Protección de Datos Personales",,TOTAL,Ejercido,303332787.94,25898137.62,0.0,1270404.6,330501330.16,0.0,21875738.7,0.0,0.0,21875738.7,352377068.86,93.79195168097296,0.0,6.208048319027044
2025,Órganos Autónomos,"Instituto Nacional de Transparencia, Acceso a la Información y Protección de Datos Personales",,TOTAL,Porcentaje Ejer/Aprob,68.34085647881778,87.39501086408228,0.0,76.79042105829438,69.55864068037026,0.0,88.0311416498994,0.0,0.0,88.0311416498994,70.4767412718986,,0.0,
2025,Órganos Autónomos,"Instituto Nacional de Transparencia, Acceso a la Información y Protección de Datos Personales",,TOTAL,Porcentaje Ejer/Modif,100.0,100.0,0.0,100.0,100.0,0.0,100.0,0.0,0.0,100.0,100.0,,0.0,
2025,Órganos Autónomos,"Instituto Nacional de Transparencia, Acceso a la Información y Protección de Datos Personales",,E001,Garantizar el óptimo cumplimiento de los derechos de acceso a la información pública y la protección de datos personales,0.0,0.0,0.0,0.0,0.0,0.0,0.0,0.0,0.0,0.0,0.0,,0.0,
2025,Órganos Autónomos,"Instituto Nacional de Transparencia, Acceso a la Información y Protección de Datos Personales",,E001,Aprobado,130162729.0,7064775.0,0.0,0.0,137227504.0,0.0,0.0,0.0,0.0,0.0,137227504.0,100.0,0.0,0.0
2025,Órganos Autónomos,"Instituto Nacional de Transparencia, Acceso a la Información y Protección de Datos Personales",,E001,Modificado,166070085.51,3339762.39,0.0,666978.64,170076826.54,0.0,0.0,0.0,0.0,0.0,170076826.54,100.0,0.0,0.0
2025,Órganos Autónomos,"Instituto Nacional de Transparencia, Acceso a la Información y Protección de Datos Personales",,E001,Devengado,166070085.51,3339762.39,0.0,666978.64,170076826.54,0.0,0.0,0.0,0.0,0.0,170076826.54,100.0,0.0,0.0
2025,Órganos Autónomos,"Instituto Nacional de Transparencia, Acceso a la Información y Protección de Datos Personales",,E001,Ejercido,166070085.51,3339762.39,0.0,666978.64,170076826.54,0.0,0.0,0.0,0.0,0.0,170076826.54,100.0,0.0,0.0
2025,Órganos Autónomos,"Instituto Nacional de Transparencia, Acceso a la Información y Protección de Datos Personales",,E001,Porcentaje Ejer/Aprob,127.58651173486075,47.27344310328355,0.0,0.0,123.93785617495455,0.0,0.0,0.0,0.0,0.0,123.93785617495455,,0.0,
2025,Órganos Autónomos,"Instituto Nacional de Transparencia, Acceso a la Información y Protección de Datos Personales",,E001,Porcentaje Ejer/Modif,100.0,100.0,0.0,100.0,100.0,0.0,0.0,0.0,0.0,0.0,100.0,,0.0,
2025,Órganos Autónomos,"Instituto Nacional de Transparencia, Acceso a la Información y Protección de Datos Personales",,E002,Promover el pleno ejercicio de los derechos de acceso a la información pública y de protección de datos personales,0.0,0.0,0.0,0.0,0.0,0.0,0.0,0.0,0.0,0.0,0.0,,0.0,
2025,Órganos Autónomos,"Instituto Nacional de Transparencia, Acceso a la Información y Protección de Datos Personales",,E002,Aprobado,152780046.0,1034943.0,0.0,0.0,153814989.0,0.0,0.0,0.0,0.0,0.0,153814989.0,100.0,0.0,0.0
2025,Órganos Autónomos,"Instituto Nacional de Transparencia, Acceso a la Información y Protección de Datos Personales",,E002,Modificado,58002859.39,1207165.3,0.0,50694.47,59260719.16,0.0,0.0,0.0,0.0,0.0,59260719.16,100.0,0.0,0.0
2025,Órganos Autónomos,"Instituto Nacional de Transparencia, Acceso a la Información y Protección de Datos Personales",,E002,Devengado,58002859.39,1207165.3,0.0,50694.47,59260719.16,0.0,0.0,0.0,0.0,0.0,59260719.16,100.0,0.0,0.0
2025,Órganos Autónomos,"Instituto Nacional de Transparencia, Acceso a la Información y Protección de Datos Personales",,E002,Ejercido,58002859.39,1207165.3,0.0,50694.47,59260719.16,0.0,0.0,0.0,0.0,0.0,59260719.16,100.0,0.0,0.0
2025,Órganos Autónomos,"Instituto Nacional de Transparencia, Acceso a la Información y Protección de Datos Personales",,E002,Porcentaje Ejer/Aprob,37.96494431609217,116.64075219601466,0.0,0.0,38.52727198127615,0.0,0.0,0.0,0.0,0.0,38.52727198127615,,0.0,
2025,Órganos Autónomos,"Instituto Nacional de Transparencia, Acceso a la Información y Protección de Datos Personales",,E002,Porcentaje Ejer/Modif,100.0,100.0,0.0,100.0,100.0,0.0,0.0,0.0,0.0,0.0,100.0,,0.0,
2025,Órganos Autónomos,"Instituto Nacional de Transparencia, Acceso a la Información y Protección de Datos Personales",,E003,"Coordinar el Sistema Nacional de Transparencia y Protección de Datos personales, así como ser miembro del Sistema Nacional Anticorrupción, del Sistema Nacional de Archivos y demás colegiados que establezcan las normas vigentes",0.0,0.0,0.0,0.0,0.0,0.0,0.0,0.0,0.0,0.0,0.0,,0.0,
2025,Órganos Autónomos,"Instituto Nacional de Transparencia, Acceso a la Información y Protección de Datos Personales",,E003,Aprobado,47046438.0,4079947.0,0.0,0.0,51126385.0,0.0,0.0,0.0,0.0,0.0,51126385.0,100.0,0.0,0.0
2025,Órganos Autónomos,"Instituto Nacional de Transparencia, Acceso a la Información y Protección de Datos Personales",,E003,Modificado,24982048.86,12985484.68,0.0,0.0,37967533.54,0.0,0.0,0.0,0.0,0.0,37967533.54,100.0,0.0,0.0
2025,Órganos Autónomos,"Instituto Nacional de Transparencia, Acceso a la Información y Protección de Datos Personales",,E003,Devengado,24982048.86,12985484.68,0.0,0.0,37967533.54,0.0,0.0,0.0,0.0,0.0,37967533.54,100.0,0.0,0.0
2025,Órganos Autónomos,"Instituto Nacional de Transparencia, Acceso a la Información y Protección de Datos Personales",,E003,Ejercido,24982048.86,12985484.68,0.0,0.0,37967533.54,0.0,0.0,0.0,0.0,0.0,37967533.54,100.0,0.0,0.0
2025,Órganos Autónomos,"Instituto Nacional de Transparencia, Acceso a la Información y Protección de Datos Personales",,E003,Porcentaje Ejer/Aprob,53.10082956758596,318.27581779861356,0.0,0.0,74.26211248849297,0.0,0.0,0.0,0.0,0.0,74.26211248849297,,0.0,
2025,Órganos Autónomos,"Instituto Nacional de Transparencia, Acceso a la Información y Protección de Datos Personales",,E003,Porcentaje Ejer/Modif,100.0,100.0,0.0,0.0,100.0,0.0,0.0,0.0,0.0,0.0,100.0,,0.0,
2025,Órganos Autónomos,"Instituto Nacional de Transparencia, Acceso a la Información y Protección de Datos Personales",,E004,Desempeño organizacional y modelo institucional orientado a resultados con enfoque de derechos humanos y perspectiva de género,0.0,0.0,0.0,0.0,0.0,0.0,0.0,0.0,0.0,0.0,0.0,,0.0,
2025,Órganos Autónomos,"Instituto Nacional de Transparencia, Acceso a la Información y Protección de Datos Personales",,E004,Aprobado,44290513.0,1071645.0,0.0,0.0,45362158.0,0.0,0.0,0.0,0.0,0.0,45362158.0,100.0,0.0,0.0
2025,Órganos Autónomos,"Instituto Nacional de Transparencia, Acceso a la Información y Protección de Datos Personales",,E004,Modificado,28488400.41,792629.6,0.0,348177.18,29629207.19,0.0,0.0,0.0,0.0,0.0,29629207.19,100.0,0.0,0.0
2025,Órganos Autónomos,"Instituto Nacional de Transparencia, Acceso a la Información y Protección de Datos Personales",,E004,Devengado,28488400.41,792629.6,0.0,348177.18,29629207.19,0.0,0.0,0.0,0.0,0.0,29629207.19,100.0,0.0,0.0
2025,Órganos Autónomos,"Instituto Nacional de Transparencia, Acceso a la Información y Protección de Datos Personales",,E004,Ejercido,28488400.41,792629.6,0.0,348177.18,29629207.19,0.0,0.0,0.0,0.0,0.0,29629207.19,100.0,0.0,0.0
2025,Órganos Autónomos,"Instituto Nacional de Transparencia, Acceso a la Información y Protección de Datos Personales",,E004,Porcentaje Ejer/Aprob,64.32167631474488,73.96382197462779,0.0,0.0,65.31701421700441,0.0,0.0,0.0,0.0,0.0,65.31701421700441,,0.0,
2025,Órganos Autónomos,"Instituto Nacional de Transparencia, Acceso a la Información y Protección de Datos Personales",,E004,Porcentaje Ejer/Modif,100.0,100.0,0.0,100.0,100.0,0.0,0.0,0.0,0.0,0.0,100.0,,0.0,
2025,Órganos Autónomos,"Instituto Nacional de Transparencia, Acceso a la Información y Protección de Datos Personales",,K025,Proyectos de inmuebles (oficinas administrativas),0.0,0.0,0.0,0.0,0.0,0.0,0.0,0.0,0.0,0.0,0.0,,0.0,
2025,Órganos Autónomos,"Instituto Nacional de Transparencia, Acceso a la Información y Protección de Datos Personales",,K025,Aprobado,0.0,0.0,0.0,0.0,0.0,0.0,24850000.0,0.0,0.0,24850000.0,24850000.0,0.0,0.0,100.0
2025,Órganos Autónomos,"Instituto Nacional de Transparencia, Acceso a la Información y Protección de Datos Personales",,K025,Modificado,0.0,0.0,0.0,0.0,0.0,0.0,21875738.7,0.0,0.0,21875738.7,21875738.7,0.0,0.0,100.0
2025,Órganos Autónomos,"Instituto Nacional de Transparencia, Acceso a la Información y Protección de Datos Personales",,K025,Devengado,0.0,0.0,0.0,0.0,0.0,0.0,21875738.7,0.0,0.0,21875738.7,21875738.7,0.0,0.0,100.0
2025,Órganos Autónomos,"Instituto Nacional de Transparencia, Acceso a la Información y Protección de Datos Personales",,K025,Ejercido,0.0,0.0,0.0,0.0,0.0,0.0,21875738.7,0.0,0.0,21875738.7,21875738.7,0.0,0.0,100.0
2025,Órganos Autónomos,"Instituto Nacional de Transparencia, Acceso a la Información y Protección de Datos Personales",,K025,Porcentaje Ejer/Aprob,0.0,0.0,0.0,0.0,0.0,0.0,88.0311416498994,0.0,0.0,88.0311416498994,88.0311416498994,,0.0,
2025,Órganos Autónomos,"Instituto Nacional de Transparencia, Acceso a la Información y Protección de Datos Personales",,K025,Porcentaje Ejer/Modif,0.0,0.0,0.0,0.0,0.0,0.0,100.0,0.0,0.0,100.0,100.0,,0.0,
2025,Órganos Autónomos,"Instituto Nacional de Transparencia, Acceso a la Información y Protección de Datos Personales",,M001,Actividades de apoyo administrativo,0.0,0.0,0.0,0.0,0.0,0.0,0.0,0.0,0.0,0.0,0.0,,0.0,
2025,Órganos Autónomos,"Instituto Nacional de Transparencia, Acceso a la Información y Protección de Datos Personales",,M001,Aprobado,36601744.0,16231302.0,0.0,1654379.0,54487425.0,0.0,0.0,0.0,0.0,0.0,54487425.0,100.0,0.0,0.0
2025,Órganos Autónomos,"Instituto Nacional de Transparencia, Acceso a la Información y Protección de Datos Personales",,M001,Modificado,16499619.55,7402526.35,0.0,204554.31,24106700.21,0.0,0.0,0.0,0.0,0.0,24106700.21,100.0,0.0,0.0
2025,Órganos Autónomos,"Instituto Nacional de Transparencia, Acceso a la Información y Protección de Datos Personales",,M001,Devengado,16499619.55,7402526.35,0.0,204554.31,24106700.21,0.0,0.0,0.0,0.0,0.0,24106700.21,100.0,0.0,0.0
2025,Órganos Autónomos,"Instituto Nacional de Transparencia, Acceso a la Información y Protección de Datos Personales",,M001,Ejercido,16499619.55,7402526.35,0.0,204554.31,24106700.21,0.0,0.0,0.0,0.0,0.0,24106700.21,100.0,0.0,0.0
2025,Órganos Autónomos,"Instituto Nacional de Transparencia, Acceso a la Información y Protección de Datos Personales",,M001,Porcentaje Ejer/Aprob,45.07877971607036,45.60648523451785,0.0,12.364416497066271,44.2426857389572,0.0,0.0,0.0,0.0,0.0,44.2426857389572,,0.0,
2025,Órganos Autónomos,"Instituto Nacional de Transparencia, Acceso a la Información y Protección de Datos Personales",,M001,Porcentaje Ejer/Modif,100.0,100.0,0.0,100.0,100.0,0.0,0.0,0.0,0.0,0.0,100.0,,0.0,
2025,Órganos Autónomos,"Instituto Nacional de Transparencia, Acceso a la Información y Protección de Datos Personales",,O001,Actividades de apoyo a la función pública y buen gobierno,0.0,0.0,0.0,0.0,0.0,0.0,0.0,0.0,0.0,0.0,0.0,,0.0,
2025,Órganos Autónomos,"Instituto Nacional de Transparencia, Acceso a la Información y Protección de Datos Personales",,O001,Aprobado,32971305.0,150816.0,0.0,0.0,33122121.0,0.0,0.0,0.0,0.0,0.0,33122121.0,100.0,0.0,0.0
2025,Órganos Autónomos,"Instituto Nacional de Transparencia, Acceso a la Información y Protección de Datos Personales",,O001,Modificado,9289774.22,170569.3,0.0,0.0,9460343.52,0.0,0.0,0.0,0.0,0.0,9460343.52,100.0,0.0,0.0
2025,Órganos Autónomos,"Instituto Nacional de Transparencia, Acceso a la Información y Protección de Datos Personales",,O001,Devengado,9289774.22,170569.3,0.0,0.0,9460343.52,0.0,0.0,0.0,0.0,0.0,9460343.52,100.0,0.0,0.0
2025,Órganos Autónomos,"Instituto Nacional de Transparencia, Acceso a la Información y Protección de Datos Personales",,O001,Ejercido,9289774.22,170569.3,0.0,0.0,9460343.52,0.0,0.0,0.0,0.0,0.0,9460343.52,100.0,0.0,0.0
2025,Órganos Autónomos,"Instituto Nacional de Transparencia, Acceso a la Información y Protección de Datos Personales",,O001,Porcentaje Ejer/Aprob,28.17533070043785,113.09761563759812,0.0,0.0,28.5620100234523,0.0,0.0,0.0,0.0,0.0,28.5620100234523,,0.0,
2025,Órganos Autónomos,"Instituto Nacional de Transparencia, Acceso a la Información y Protección de Datos Personales",,O001,Porcentaje Ejer/Modif,100.0,100.0,0.0,0.0,100.0,0.0,0.0,0.0,0.0,0.0,100.0,,0.0,
2025,Órganos Autónomos,Fiscalía General de la República,,TOTAL,Aprobado,14441440000.0,4968519244.0,0.0,165724379.0,19575683623.0,0.0,550296558.0,0.0,0.0,550296558.0,20125980181.0,97.26574033636628,0.0,2.734259663633721
2025,Órganos Autónomos,Fiscalía General de la República,,TOTAL,Modificado,14117099632.35,4481609923.03,0.0,350352253.26,18949061808.64,0.0,1396522961.87,0.0,0.0,1396522961.87,20345584770.51,93.13599005571864,0.0,6.864009944281359
2025,Órganos Autónomos,Fiscalía General de la República,,TOTAL,Devengado,14117099632.35,4481609923.03,0.0,350352253.26,18949061808.64,0.0,1396522961.87,0.0,0.0,1396522961.87,20345584770.51,93.13599005571864,0.0,6.864009944281359
2025,Órganos Autónomos,Fiscalía General de la República,,TOTAL,Ejercido,14117099632.35,4481609923.03,0.0,350352253.26,18949061808.64,0.0,1396522961.87,0.0,0.0,1396522961.87,20345584770.51,93.13599005571864,0.0,6.864009944281359
2025,Órganos Autónomos,Fiscalía General de la República,,TOTAL,Porcentaje Ejer/Aprob,97.75409953820396,90.20011200403432,0.0,211.40658687277386,96.79897863886723,0.0,253.7764304660615,0.0,0.0,253.7764304660615,101.09114978517826,,0.0,
2025,Órganos Autónomos,Fiscalía General de la República,,TOTAL,Porcentaje Ejer/Modif,100.0,100.0,0.0,100.0,100.0,0.0,100.0,0.0,0.0,100.0,100.0,,0.0,
2025,Órganos Autónomos,Fiscalía General de la República,,E002,Investigar y perseguir los delitos del orden federal,0.0,0.0,0.0,0.0,0.0,0.0,0.0,0.0,0.0,0.0,0.0,,0.0,
2025,Órganos Autónomos,Fiscalía General de la República,,E002,Aprobado,8703326733.0,4307790604.0,0.0,119445868.0,13130563205.0,0.0,550296558.0,0.0,0.0,550296558.0,13680859763.0,95.97761714151707,0.0,4.022382858482927
2025,Órganos Autónomos,Fiscalía General de la República,,E002,Modificado,9234433931.76,3793070738.62,0.0,139154632.12,13166659302.5,0.0,797528711.34,0.0,0.0,797528711.34,13964188013.84,94.28875699360705,0.0,5.711243006392953
2025,Órganos Autónomos,Fiscalía General de la República,,E002,Devengado,9234433931.76,3793070738.62,0.0,139154632.12,13166659302.5,0.0,797528711.34,0.0,0.0,797528711.34,13964188013.84,94.28875699360705,0.0,5.711243006392953
2025,Órganos Autónomos,Fiscalía General de la República,,E002,Ejercido,9234433931.76,3793070738.62,0.0,139154632.12,13166659302.5,0.0,797528711.34,0.0,0.0,797528711.34,13964188013.84,94.28875699360705,0.0,5.711243006392953
2025,Órganos Autónomos,Fiscalía General de la República,,E002,Porcentaje Ejer/Aprob,106.10234701112881,88.05141863436778,0.0,116.50016400734766,100.27490136513151,0.0,144.92707609121553,0.0,0.0,144.92707609121553,102.07098278725336,,0.0,
2025,Órganos Autónomos,Fiscalía General de la República,,E002,Porcentaje Ejer/Modif,100.0,100.0,0.0,100.0,100.0,0.0,100.0,0.0,0.0,100.0,100.0,,0.0,
2025,Órganos Autónomos,Fiscalía General de la República,,E003,Investigar y perseguir los delitos relativos a la Delincuencia Organizada,0.0,0.0,0.0,0.0,0.0,0.0,0.0,0.0,0.0,0.0,0.0,,0.0,
2025,Órganos Autónomos,Fiscalía General de la República,,E003,Aprobado,1194325088.0,226640799.0,0.0,40020.0,1421005907.0,0.0,0.0,0.0,0.0,0.0,1421005907.0,100.0,0.0,0.0
2025,Órganos Autónomos,Fiscalía General de la República,,E003,Modificado,1165573222.13,217431510.76,0.0,13889282.5,1396894015.39,0.0,73944247.46,0.0,0.0,73944247.46,1470838262.85,94.97264591711667,0.0,5.027354082883349
2025,Órganos Autónomos,Fiscalía General de la República,,E003,Devengado,1165573222.13,217431510.76,0.0,13889282.5,1396894015.39,0.0,73944247.46,0.0,0.0,73944247.46,1470838262.85,94.97264591711667,0.0,5.027354082883349
2025,Órganos Autónomos,Fiscalía General de la República,,E003,Ejercido,1165573222.13,217431510.76,0.0,13889282.5,1396894015.39,0.0,73944247.46,0.0,0.0,73944247.46,1470838262.85,94.97264591711667,0.0,5.027354082883349
2025,Órganos Autónomos,Fiscalía General de la República,,E003,Porcentaje Ejer/Aprob,97.59262648345207,95.93661499578458,0.0,0.0,98.30318146524074,0.0,0.0,0.0,0.0,0.0,103.50683664329058,,0.0,
2025,Órganos Autónomos,Fiscalía General de la República,,E003,Porcentaje Ejer/Modif,100.0,100.0,0.0,100.0,100.0,0.0,100.0,0.0,0.0,100.0,100.0,,0.0,
2025,Órganos Autónomos,Fiscalía General de la República,,E004,Promover la solución de controversias en materia penal federal mediante la aplicación de mecanismos alternativos,0.0,0.0,0.0,0.0,0.0,0.0,0.0,0.0,0.0,0.0,0.0,,0.0,
2025,Órganos Autónomos,Fiscalía General de la República,,E004,Aprobado,125590500.0,401177.0,0.0,0.0,125991677.0,0.0,0.0,0.0,0.0,0.0,125991677.0,100.0,0.0,0.0
2025,Órganos Autónomos,Fiscalía General de la República,,E004,Modificado,137533578.11,430484.27,0.0,0.0,137964062.38,0.0,0.0,0.0,0.0,0.0,137964062.38,100.0,0.0,0.0
2025,Órganos Autónomos,Fiscalía General de la República,,E004,Devengado,137533578.11,430484.27,0.0,0.0,137964062.38,0.0,0.0,0.0,0.0,0.0,137964062.38,100.0,0.0,0.0
2025,Órganos Autónomos,Fiscalía General de la República,,E004,Ejercido,137533578.11,430484.27,0.0,0.0,137964062.38,0.0,0.0,0.0,0.0,0.0,137964062.38,100.0,0.0,0.0
2025,Órganos Autónomos,Fiscalía General de la República,,E004,Porcentaje Ejer/Aprob,109.50953942376216,107.30532159121783,0.0,0.0,109.50252085302428,0.0,0.0,0.0,0.0,0.0,109.50252085302428,,0.0,
2025,Órganos Autónomos,Fiscalía General de la República,,E004,Porcentaje Ejer/Modif,100.0,100.0,0.0,0.0,100.0,0.0,0.0,0.0,0.0,0.0,100.0,,0.0,
2025,Órganos Autónomos,Fiscalía General de la República,,E006,Investigar y perseguir los delitos federales de carácter especial,0.0,0.0,0.0,0.0,0.0,0.0,0.0,0.0,0.0,0.0,0.0,,0.0,
2025,Órganos Autónomos,Fiscalía General de la República,,E006,Aprobado,745156785.0,73428869.0,0.0,398000.0,818983654.0,0.0,0.0,0.0,0.0,0.0,818983654.0,100.0,0.0,0.0
2025,Órganos Autónomos,Fiscalía General de la República,,E006,Modificado,622061493.11,5345552.71,0.0,122202.03,627529247.85,0.0,0.0,0.0,0.0,0.0,627529247.85,100.0,0.0,0.0
2025,Órganos Autónomos,Fiscalía General de la República,,E006,Devengado,622061493.11,5345552.71,0.0,122202.03,627529247.85,0.0,0.0,0.0,0.0,0.0,627529247.85,100.0,0.0,0.0
2025,Órganos Autónomos,Fiscalía General de la República,,E006,Ejercido,622061493.11,5345552.71,0.0,122202.03,627529247.85,0.0,0.0,0.0,0.0,0.0,627529247.85,100.0,0.0,0.0
2025,Órganos Autónomos,Fiscalía General de la República,,E006,Porcentaje Ejer/Aprob,83.48061852647561,7.279906095244365,0.0,30.704027638190958,76.62292706149664,0.0,0.0,0.0,0.0,0.0,76.62292706149664,,0.0,
2025,Órganos Autónomos,Fiscalía General de la República,,E006,Porcentaje Ejer/Modif,100.0,100.0,0.0,100.0,100.0,0.0,0.0,0.0,0.0,0.0,100.0,,0.0,
2025,Órganos Autónomos,Fiscalía General de la República,,E008,Representar jurídicamente a la Fiscalía General de la República,0.0,0.0,0.0,0.0,0.0,0.0,0.0,0.0,0.0,0.0,0.0,,0.0,
2025,Órganos Autónomos,Fiscalía General de la República,,E008,Aprobado,288133765.0,25154681.0,0.0,35901928.0,349190374.0,0.0,0.0,0.0,0.0,0.0,349190374.0,100.0,0.0,0.0
2025,Órganos Autónomos,Fiscalía General de la República,,E008,Modificado,206762532.02,19252085.13,0.0,39312590.01,265327207.16,0.0,0.0,0.0,0.0,0.0,265327207.16,100.0,0.0,0.0
2025,Órganos Autónomos,Fiscalía General de la República,,E008,Devengado,206762532.02,19252085.13,0.0,39312590.01,265327207.16,0.0,0.0,0.0,0.0,0.0,265327207.16,100.0,0.0,0.0
2025,Órganos Autónomos,Fiscalía General de la República,,E008,Ejercido,206762532.02,19252085.13,0.0,39312590.01,265327207.16,0.0,0.0,0.0,0.0,0.0,265327207.16,100.0,0.0,0.0
2025,Órganos Autónomos,Fiscalía General de la República,,E008,Porcentaje Ejer/Aprob,71.75921642505175,76.53480133578319,0.0,109.49994108951475,75.9835399013605,0.0,0.0,0.0,0.0,0.0,75.9835399013605,,0.0,
2025,Órganos Autónomos,Fiscalía General de la República,,E008,Porcentaje Ejer/Modif,100.0,100.0,0.0,100.0,100.0,0.0,0.0,0.0,0.0,0.0,100.0,,0.0,
2025,Órganos Autónomos,Fiscalía General de la República,,E009,Investigar y perseguir los delitos cometidos en materia de derechos humanos,0.0,0.0,0.0,0.0,0.0,0.0,0.0,0.0,0.0,0.0,0.0,,0.0,
2025,Órganos Autónomos,Fiscalía General de la República,,E009,Aprobado,563509455.0,32701324.0,0.0,1150000.0,597360779.0,0.0,0.0,0.0,0.0,0.0,597360779.0,100.0,0.0,0.0
2025,Órganos Autónomos,Fiscalía General de la República,,E009,Modificado,730076155.07,36483705.57,0.0,46469.0,766606329.64,0.0,0.0,0.0,0.0,0.0,766606329.64,100.0,0.0,0.0
2025,Órganos Autónomos,Fiscalía General de la República,,E009,Devengado,730076155.07,36483705.57,0.0,46469.0,766606329.64,0.0,0.0,0.0,0.0,0.0,766606329.64,100.0,0.0,0.0
2025,Órganos Autónomos,Fiscalía General de la República,,E009,Ejercido,730076155.07,36483705.57,0.0,46469.0,766606329.64,0.0,0.0,0.0,0.0,0.0,766606329.64,100.0,0.0,0.0
2025,Órganos Autónomos,Fiscalía General de la República,,E009,Porcentaje Ejer/Aprob,129.5588119404314,111.56644779887199,0.0,4.040782608695652,128.3322167423382,0.0,0.0,0.0,0.0,0.0,128.3322167423382,,0.0,
2025,Órganos Autónomos,Fiscalía General de la República,,E009,Porcentaje Ejer/Modif,100.0,100.0,0.0,100.0,100.0,0.0,0.0,0.0,0.0,0.0,100.0,,0.0,
2025,Órganos Autónomos,Fiscalía General de la República,,E010,Realizar investigación académica en el marco de las ciencias penales,0.0,0.0,0.0,0.0,0.0,0.0,0.0,0.0,0.0,0.0,0.0,,0.0,
2025,Órganos Autónomos,Fiscalía General de la República,,E010,Aprobado,80596837.0,43937894.0,0.0,0.0,124534731.0,0.0,0.0,0.0,0.0,0.0,124534731.0,100.0,0.0,0.0
2025,Órganos Autónomos,Fiscalía General de la República,,E010,Modificado,122075759.56,8005017.44,0.0,0.0,130080777.0,0.0,0.0,0.0,0.0,0.0,130080777.0,100.0,0.0,0.0
2025,Órganos Autónomos,Fiscalía General de la República,,E010,Devengado,122075759.56,8005017.44,0.0,0.0,130080777.0,0.0,0.0,0.0,0.0,0.0,130080777.0,100.0,0.0,0.0
2025,Órganos Autónomos,Fiscalía General de la República,,E010,Ejercido,122075759.56,8005017.44,0.0,0.0,130080777.0,0.0,0.0,0.0,0.0,0.0,130080777.0,100.0,0.0,0.0
2025,Órganos Autónomos,Fiscalía General de la República,,E010,Porcentaje Ejer/Aprob,151.4647027153187,18.21893748480526,0.0,0.0,104.45341308040406,0.0,0.0,0.0,0.0,0.0,104.45341308040406,,0.0,
2025,Órganos Autónomos,Fiscalía General de la República,,E010,Porcentaje Ejer/Modif,100.0,100.0,0.0,0.0,100.0,0.0,0.0,0.0,0.0,0.0,100.0,,0.0,
2025,Órganos Autónomos,Fiscalía General de la República,,E011,"Investigar, perseguir y prevenir delitos del orden electoral",0.0,0.0,0.0,0.0,0.0,0.0,0.0,0.0,0.0,0.0,0.0,,0.0,
2025,Órganos Autónomos,Fiscalía General de la República,,E011,Aprobado,191026920.0,14542871.0,0.0,0.0,205569791.0,0.0,0.0,0.0,0.0,0.0,205569791.0,100.0,0.0,0.0
2025,Órganos Autónomos,Fiscalía General de la República,,E011,Modificado,134033351.86,2157447.41,0.0,0.0,136190799.27,0.0,0.0,0.0,0.0,0.0,136190799.27,100.0,0.0,0.0
2025,Órganos Autónomos,Fiscalía General de la República,,E011,Devengado,134033351.86,2157447.41,0.0,0.0,136190799.27,0.0,0.0,0.0,0.0,0.0,136190799.27,100.0,0.0,0.0
2025,Órganos Autónomos,Fiscalía General de la República,,E011,Ejercido,134033351.86,2157447.41,0.0,0.0,136190799.27,0.0,0.0,0.0,0.0,0.0,136190799.27,100.0,0.0,0.0
2025,Órganos Autónomos,Fiscalía General de la República,,E011,Porcentaje Ejer/Aprob,70.16464059620498,14.835085933169593,0.0,0.0,66.25039535599859,0.0,0.0,0.0,0.0,0.0,66.25039535599859,,0.0,
2025,Órganos Autónomos,Fiscalía General de la República,,E011,Porcentaje Ejer/Modif,100.0,100.0,0.0,0.0,100.0,0.0,0.0,0.0,0.0,0.0,100.0,,0.0,
2025,Órganos Autónomos,Fiscalía General de la República,,E012,Supervisar y vigilar la aplicación del marco legal en la investigación y persecución del delito del orden federal,0.0,0.0,0.0,0.0,0.0,0.0,0.0,0.0,0.0,0.0,0.0,,0.0,
2025,Órganos Autónomos,Fiscalía General de la República,,E012,Aprobado,278858744.0,7864055.0,0.0,0.0,286722799.0,0.0,0.0,0.0,0.0,0.0,286722799.0,100.0,0.0,0.0
2025,Órganos Autónomos,Fiscalía General de la República,,E012,Modificado,303449518.24,5999061.73,0.0,37120.0,309485699.97,0.0,0.0,0.0,0.0,0.0,309485699.97,100.0,0.0,0.0
2025,Órganos Autónomos,Fiscalía General de la República,,E012,Devengado,303449518.24,5999061.73,0.0,37120.0,309485699.97,0.0,0.0,0.0,0.0,0.0,309485699.97,100.0,0.0,0.0
2025,Órganos Autónomos,Fiscalía General de la República,,E012,Ejercido,303449518.24,5999061.73,0.0,37120.0,309485699.97,0.0,0.0,0.0,0.0,0.0,309485699.97,100.0,0.0,0.0
2025,Órganos Autónomos,Fiscalía General de la República,,E012,Porcentaje Ejer/Aprob,108.8183622601413,76.28458511543982,0.0,0.0,107.9389923122228,0.0,0.0,0.0,0.0,0.0,107.9389923122228,,0.0,
2025,Órganos Autónomos,Fiscalía General de la República,,E012,Porcentaje Ejer/Modif,100.0,100.0,0.0,100.0,100.0,0.0,0.0,0.0,0.0,0.0,100.0,,0.0,
2025,Órganos Autónomos,Fiscalía General de la República,,E013,Promover la formación profesional y capacitación del capital humano,0.0,0.0,0.0,0.0,0.0,0.0,0.0,0.0,0.0,0.0,0.0,,0.0,
2025,Órganos Autónomos,Fiscalía General de la República,,E013,Aprobado,372722294.0,19854797.0,0.0,3829706.0,396406797.0,0.0,0.0,0.0,0.0,0.0,396406797.0,100.0,0.0,0.0
2025,Órganos Autónomos,Fiscalía General de la República,,E013,Modificado,237034381.04,7481995.47,0.0,0.0,244516376.51,0.0,0.0,0.0,0.0,0.0,244516376.51,100.0,0.0,0.0
2025,Órganos Autónomos,Fiscalía General de la República,,E013,Devengado,237034381.04,7481995.47,0.0,0.0,244516376.51,0.0,0.0,0.0,0.0,0.0,244516376.51,100.0,0.0,0.0
2025,Órganos Autónomos,Fiscalía General de la República,,E013,Ejercido,237034381.04,7481995.47,0.0,0.0,244516376.51,0.0,0.0,0.0,0.0,0.0,244516376.51,100.0,0.0,0.0
2025,Órganos Autónomos,Fiscalía General de la República,,E013,Porcentaje Ejer/Aprob,63.595439515083044,37.683565689440194,0.0,0.0,61.683194728368896,0.0,0.0,0.0,0.0,0.0,61.683194728368896,,0.0,
2025,Órganos Autónomos,Fiscalía General de la República,,E013,Porcentaje Ejer/Modif,100.0,100.0,0.0,0.0,100.0,0.0,0.0,0.0,0.0,0.0,100.0,,0.0,
2025,Órganos Autónomos,Fiscalía General de la República,,K022,Proyectos de infraestructura gubernamental de procuración de justicia,0.0,0.0,0.0,0.0,0.0,0.0,0.0,0.0,0.0,0.0,0.0,,0.0,
2025,Órganos Autónomos,Fiscalía General de la República,,K022,Aprobado,0.0,0.0,0.0,0.0,0.0,0.0,0.0,0.0,0.0,0.0,0.0,0.0,0.0,0.0
2025,Órganos Autónomos,Fiscalía General de la República,,K022,Modificado,0.0,0.0,0.0,0.0,0.0,0.0,365735564.14,0.0,0.0,365735564.14,365735564.14,0.0,0.0,100.0
2025,Órganos Autónomos,Fiscalía General de la República,,K022,Devengado,0.0,0.0,0.0,0.0,0.0,0.0,365735564.14,0.0,0.0,365735564.14,365735564.14,0.0,0.0,100.0
2025,Órganos Autónomos,Fiscalía General de la República,,K022,Ejercido,0.0,0.0,0.0,0.0,0.0,0.0,365735564.14,0.0,0.0,365735564.14,365735564.14,0.0,0.0,100.0
2025,Órganos Autónomos,Fiscalía General de la República,,K022,Porcentaje Ejer/Aprob,0.0,0.0,0.0,0.0,0.0,0.0,0.0,0.0,0.0,0.0,0.0,,0.0,
2025,Órganos Autónomos,Fiscalía General de la República,,K022,Porcentaje Ejer/Modif,0.0,0.0,0.0,0.0,0.0,0.0,100.0,0.0,0.0,100.0,100.0,,0.0,
2025,Órganos Autónomos,Fiscalía General de la República,,M001,Actividades de apoyo administrativo,0.0,0.0,0.0,0.0,0.0,0.0,0.0,0.0,0.0,0.0,0.0,,0.0,
2025,Órganos Autónomos,Fiscalía General de la República,,M001,Aprobado,1789726060.0,208700943.0,0.0,4958857.0,2003385860.0,0.0,0.0,0.0,0.0,0.0,2003385860.0,100.0,0.0,0.0
2025,Órganos Autónomos,Fiscalía General de la República,,M001,Modificado,1107154716.41,378525887.11,0.0,2509948.8,1488190552.32,0.0,4057630.12,0.0,0.0,4057630.12,1492248182.44,99.72808610740839,0.0,0.2719138925915997
2025,Órganos Autónomos,Fiscalía General de la República,,M001,Devengado,1107154716.41,378525887.11,0.0,2509948.8,1488190552.32,0.0,4057630.12,0.0,0.0,4057630.12,1492248182.44,99.72808610740839,0.0,0.2719138925915997
2025,Órganos Autónomos,Fiscalía General de la República,,M001,Ejercido,1107154716.41,378525887.11,0.0,2509948.8,1488190552.32,0.0,4057630.12,0.0,0.0,4057630.12,1492248182.44,99.72808610740839,0.0,0.2719138925915997
2025,Órganos Autónomos,Fiscalía General de la República,,M001,Porcentaje Ejer/Aprob,61.86168605099264,181.37238944339603,0.0,50.61547046022904,74.28377039258926,0.0,0.0,0.0,0.0,0.0,74.48630901487945,,0.0,
2025,Órganos Autónomos,Fiscalía General de la República,,M001,Porcentaje Ejer/Modif,100.0,100.0,0.0,100.0,100.0,0.0,100.0,0.0,0.0,100.0,100.0,,0.0,
2025,Órganos Autónomos,Fiscalía General de la República,,O001,Actividades de apoyo a la función pública y buen gobierno,0.0,0.0,0.0,0.0,0.0,0.0,0.0,0.0,0.0,0.0,0.0,,0.0,
2025,Órganos Autónomos,Fiscalía General de la República,,O001,Aprobado,108466819.0,7501230.0,0.0,0.0,115968049.0,0.0,0.0,0.0,0.0,0.0,115968049.0,100.0,0.0,0.0
2025,Órganos Autónomos,Fiscalía General de la República,,O001,Modificado,116910993.04,7426436.81,0.0,23200.0,124360629.85,0.0,0.0,0.0,0.0,0.0,124360629.85,100.0,0.0,0.0
2025,Órganos Autónomos,Fiscalía General de la República,,O001,Devengado,116910993.04,7426436.81,0.0,23200.0,124360629.85,0.0,0.0,0.0,0.0,0.0,124360629.85,100.0,0.0,0.0
2025,Órganos Autónomos,Fiscalía General de la República,,O001,Ejercido,116910993.04,7426436.81,0.0,23200.0,124360629.85,0.0,0.0,0.0,0.0,0.0,124360629.85,100.0,0.0,0.0
2025,Órganos Autónomos,Fiscalía General de la República,,O001,Porcentaje Ejer/Aprob,107.78502966884278,99.00292098762469,0.0,0.0,107.23697684178511,0.0,0.0,0.0,0.0,0.0,107.23697684178511,,0.0,
2025,Órganos Autónomos,Fiscalía General de la República,,O001,Porcentaje Ejer/Modif,100.0,100.0,0.0,100.0,100.0,0.0,0.0,0.0,0.0,0.0,100.0,,0.0,
2025,Órganos Autónomos,Fiscalía General de la República,,R001,Fortalecimiento de las Capacidades Institucionales para la Investigación de Delitos,0.0,0.0,0.0,0.0,0.0,0.0,0.0,0.0,0.0,0.0,0.0,,0.0,
2025,Órganos Autónomos,Fiscalía General de la República,,R001,Aprobado,0.0,0.0,0.0,0.0,0.0,0.0,0.0,0.0,0.0,0.0,0.0,0.0,0.0,0.0
2025,Órganos Autónomos,Fiscalía General de la República,,R001,Modificado,0.0,0.0,0.0,155256808.8,155256808.8,0.0,155256808.81,0.0,0.0,155256808.81,310513617.61,49.99999999838977,0.0,50.00000000161023
2025,Órganos Autónomos,Fiscalía General de la República,,R001,Devengado,0.0,0.0,0.0,155256808.8,155256808.8,0.0,155256808.81,0.0,0.0,155256808.81,310513617.61,49.99999999838977,0.0,50.00000000161023
2025,Órganos Autónomos,Fiscalía General de la República,,R001,Ejercido,0.0,0.0,0.0,155256808.8,155256808.8,0.0,155256808.81,0.0,0.0,155256808.81,310513617.61,49.99999999838977,0.0,50.00000000161023
2025,Órganos Autónomos,Fiscalía General de la República,,R001,Porcentaje Ejer/Aprob,0.0,0.0,0.0,0.0,0.0,0.0,0.0,0.0,0.0,0.0,0.0,,0.0,
2025,Órganos Autónomos,Fiscalía General de la República,,R001,Porcentaje Ejer/Modif,0.0,0.0,0.0,100.0,100.0,0.0,100.0,0.0,0.0,100.0,100.0,,0.0,
2025,Poder Ejecutivo,Ramos Administrativos,Oficina de la Presidencia de la República,TOTAL,Aprobado,456392369.0,365929430.0,0.0,1204871.0,823526670.0,0.0,0.0,0.0,0.0,0.0,823526670.0,100.0,0.0,0.0
2025,Poder Ejecutivo,Ramos Administrativos,Oficina de la Presidencia de la República,TOTAL,Modificado,341716243.78,188666410.5,0.0,396214.77,530778869.05,0.0,0.0,0.0,0.0,0.0,530778869.05,100.0,0.0,0.0
2025,Poder Ejecutivo,Ramos Administrativos,Oficina de la Presidencia de la República,TOTAL,Devengado,341716243.78,188666410.5,0.0,396214.77,530778869.05,0.0,0.0,0.0,0.0,0.0,530778869.05,100.0,0.0,0.0
2025,Poder Ejecutivo,Ramos Administrativos,Oficina de la Presidencia de la República,TOTAL,Ejercido,341716243.78,188666410.5,0.0,396214.77,530778869.05,0.0,0.0,0.0,0.0,0.0,530778869.05,100.0,0.0,0.0
2025,Poder Ejecutivo,Ramos Administrativos,Oficina de la Presidencia de la República,TOTAL,Porcentaje Ejer/Aprob,74.8733473630888,51.55814073221714,0.0,32.884414182099164,64.45193439211872,0.0,0.0,0.0,0.0,0.0,64.45193439211872,,0.0,
2025,Poder Ejecutivo,Ramos Administrativos,Oficina de la Presidencia de la República,TOTAL,Porcentaje Ejer/Modif,100.0,100.0,0.0,100.0,100.0,0.0,0.0,0.0,0.0,0.0,100.0,,0.0,
2025,Poder Ejecutivo,Ramos Administrativos,Oficina de la Presidencia de la República,M001,Actividades de apoyo administrativo,0.0,0.0,0.0,0.0,0.0,0.0,0.0,0.0,0.0,0.0,0.0,,0.0,
2025,Poder Ejecutivo,Ramos Administrativos,Oficina de la Presidencia de la República,M001,Aprobado,38651134.0,6211776.0,0.0,0.0,44862910.0,0.0,0.0,0.0,0.0,0.0,44862910.0,100.0,0.0,0.0
2025,Poder Ejecutivo,Ramos Administrativos,Oficina de la Presidencia de la República,M001,Modificado,79716478.35,6332856.0,0.0,0.0,86049334.35,0.0,0.0,0.0,0.0,0.0,86049334.35,100.0,0.0,0.0
2025,Poder Ejecutivo,Ramos Administrativos,Oficina de la Presidencia de la República,M001,Devengado,79716478.35,6332856.0,0.0,0.0,86049334.35,0.0,0.0,0.0,0.0,0.0,86049334.35,100.0,0.0,0.0
2025,Poder Ejecutivo,Ramos Administrativos,Oficina de la Presidencia de la República,M001,Ejercido,79716478.35,6332856.0,0.0,0.0,86049334.35,0.0,0.0,0.0,0.0,0.0,86049334.35,100.0,0.0,0.0
2025,Poder Ejecutivo,Ramos Administrativos,Oficina de la Presidencia de la República,M001,Porcentaje Ejer/Aprob,206.24615658107209,101.94920100145272,0.0,0.0,191.80506647919182,0.0,0.0,0.0,0.0,0.0,191.80506647919182,,0.0,
2025,Poder Ejecutivo,Ramos Administrativos,Oficina de la Presidencia de la República,M001,Porcentaje Ejer/Modif,100.0,100.0,0.0,0.0,100.0,0.0,0.0,0.0,0.0,0.0,100.0,,0.0,
2025,Poder Ejecutivo,Ramos Administrativos,Oficina de la Presidencia de la República,P002,"Asesoría, coordinación, difusión y apoyo técnico de las actividades del Presidente de la República",0.0,0.0,0.0,0.0,0.0,0.0,0.0,0.0,0.0,0.0,0.0,,0.0,
2025,Poder Ejecutivo,Ramos Administrativos,Oficina de la Presidencia de la República,P002,Aprobado,380243936.0,353627989.0,0.0,1204871.0,735076796.0,0.0,0.0,0.0,0.0,0.0,735076796.0,100.0,0.0,0.0
2025,Poder Ejecutivo,Ramos Administrativos,Oficina de la Presidencia de la República,P002,Modificado,237081585.45,149147317.5,0.0,396214.77,386625117.72,0.0,0.0,0.0,0.0,0.0,386625117.72,100.0,0.0,0.0
2025,Poder Ejecutivo,Ramos Administrativos,Oficina de la Presidencia de la República,P002,Devengado,237081585.45,149147317.5,0.0,396214.77,386625117.72,0.0,0.0,0.0,0.0,0.0,386625117.72,100.0,0.0,0.0
2025,Poder Ejecutivo,Ramos Administrativos,Oficina de la Presidencia de la República,P002,Ejercido,237081585.45,149147317.5,0.0,396214.77,386625117.72,0.0,0.0,0.0,0.0,0.0,386625117.72,100.0,0.0,0.0
2025,Poder Ejecutivo,Ramos Administrativos,Oficina de la Presidencia de la República,P002,Porcentaje Ejer/Aprob,62.3498662316603,42.176332795874934,0.0,32.884414182099164,52.59656131493505,0.0,0.0,0.0,0.0,0.0,52.59656131493505,,0.0,
2025,Poder Ejecutivo,Ramos Administrativos,Oficina de la Presidencia de la República,P002,Porcentaje Ejer/Modif,100.0,100.0,0.0,100.0,100.0,0.0,0.0,0.0,0.0,0.0,100.0,,0.0,
2025,Poder Ejecutivo,Ramos Administrativos,Oficina de la Presidencia de la República,P003,Atención y seguimiento a las solicitudes y demandas de la ciudadanía,0.0,0.0,0.0,0.0,0.0,0.0,0.0,0.0,0.0,0.0,0.0,,0.0,
2025,Poder Ejecutivo,Ramos Administrativos,Oficina de la Presidencia de la República,P003,Aprobado,37497299.0,3790588.0,0.0,0.0,41287887.0,0.0,0.0,0.0,0.0,0.0,41287887.0,100.0,0.0,0.0
2025,Poder Ejecutivo,Ramos Administrativos,Oficina de la Presidencia de la República,P003,Modificado,24918179.98,6404579.14,0.0,0.0,31322759.12,0.0,0.0,0.0,0.0,0.0,31322759.12,100.0,0.0,0.0
2025,Poder Ejecutivo,Ramos Administrativos,Oficina de la Presidencia de la República,P003,Devengado,24918179.98,6404579.14,0.0,0.0,31322759.12,0.0,0.0,0.0,0.0,0.0,31322759.12,100.0,0.0,0.0
2025,Poder Ejecutivo,Ramos Administrativos,Oficina de la Presidencia de la República,P003,Ejercido,24918179.98,6404579.14,0.0,0.0,31322759.12,0.0,0.0,0.0,0.0,0.0,31322759.12,100.0,0.0,0.0
2025,Poder Ejecutivo,Ramos Administrativos,Oficina de la Presidencia de la República,P003,Porcentaje Ejer/Aprob,66.45326635393126,168.96004366604865,0.0,0.0,75.86428222882901,0.0,0.0,0.0,0.0,0.0,75.86428222882901,,0.0,
2025,Poder Ejecutivo,Ramos Administrativos,Oficina de la Presidencia de la República,P003,Porcentaje Ejer/Modif,100.0,100.0,0.0,0.0,100.0,0.0,0.0,0.0,0.0,0.0,100.0,,0.0,
2025,Poder Ejecutivo,Ramos Administrativos,Oficina de la Presidencia de la República,P005,Apoyo a las actividades de Ayudantía y Logística de la Oficina de la Presidencia de la República,0.0,0.0,0.0,0.0,0.0,0.0,0.0,0.0,0.0,0.0,0.0,,0.0,
2025,Poder Ejecutivo,Ramos Administrativos,Oficina de la Presidencia de la República,P005,Aprobado,0.0,2299077.0,0.0,0.0,2299077.0,0.0,0.0,0.0,0.0,0.0,2299077.0,100.0,0.0,0.0
2025,Poder Ejecutivo,Ramos Administrativos,Oficina de la Presidencia de la República,P005,Modificado,0.0,26781657.86,0.0,0.0,26781657.86,0.0,0.0,0.0,0.0,0.0,26781657.86,100.0,0.0,0.0
2025,Poder Ejecutivo,Ramos Administrativos,Oficina de la Presidencia de la República,P005,Devengado,0.0,26781657.86,0.0,0.0,26781657.86,0.0,0.0,0.0,0.0,0.0,26781657.86,100.0,0.0,0.0
2025,Poder Ejecutivo,Ramos Administrativos,Oficina de la Presidencia de la República,P005,Ejercido,0.0,26781657.86,0.0,0.0,26781657.86,0.0,0.0,0.0,0.0,0.0,26781657.86,100.0,0.0,0.0
2025,Poder Ejecutivo,Ramos Administrativos,Oficina de la Presidencia de la República,P005,Porcentaje Ejer/Aprob,0.0,0.0,0.0,0.0,0.0,0.0,0.0,0.0,0.0,0.0,0.0,,0.0,
2025,Poder Ejecutivo,Ramos Administrativos,Oficina de la Presidencia de la República,P005,Porcentaje Ejer/Modif,0.0,100.0,0.0,0.0,100.0,0.0,0.0,0.0,0.0,0.0,100.0,,0.0,
2025,Poder Ejecutivo,Ramos Administrativos,Gobernación,TOTAL,Aprobado,4022169566.0,1688349358.0,898578191.0,2568768506.0,9177865621.0,0.0,0.0,0.0,0.0,0.0,9177865621.0,100.0,0.0,0.0
2025,Poder Ejecutivo,Ramos Administrativos,Gobernación,TOTAL,Modificado,4788590128.07,6642832051.08,566464946.19,2667816701.13,14665703826.47,0.0,0.0,0.0,0.0,0.0,14665703826.47,100.0,0.0,0.0
2025,Poder Ejecutivo,Ramos Administrativos,Gobernación,TOTAL,Devengado,4788590128.07,6642832051.08,566464946.19,2667816701.13,14665703826.47,0.0,0.0,0.0,0.0,0.0,14665703826.47,100.0,0.0,0.0
2025,Poder Ejecutivo,Ramos Administrativos,Gobernación,TOTAL,Ejercido,4788590128.07,6642832051.08,566464946.19,2667816701.13,14665703826.47,0.0,0.0,0.0,0.0,0.0,14665703826.47,100.0,0.0,0.0
2025,Poder Ejecutivo,Ramos Administrativos,Gobernación,TOTAL,Porcentaje Ejer/Aprob,119.05490431205754,393.4512735533021,63.04013961874577,103.855863029255,159.79427496642796,0.0,0.0,0.0,0.0,0.0,159.79427496642796,,0.0,
2025,Poder Ejecutivo,Ramos Administrativos,Gobernación,TOTAL,Porcentaje Ejer/Modif,100.0,100.0,100.0,100.0,100.0,0.0,0.0,0.0,0.0,0.0,100.0,,0.0,
2025,Poder Ejecutivo,Ramos Administrativos,Gobernación,E004,Producción de programas informativos de radio y televisión del Ejecutivo Federal,0.0,0.0,0.0,0.0,0.0,0.0,0.0,0.0,0.0,0.0,0.0,,0.0,
2025,Poder Ejecutivo,Ramos Administrativos,Gobernación,E004,Aprobado,26241301.0,6013266.0,0.0,0.0,32254567.0,0.0,0.0,0.0,0.0,0.0,32254567.0,100.0,0.0,0.0
2025,Poder Ejecutivo,Ramos Administrativos,Gobernación,E004,Modificado,40444845.4,18847662.45,0.0,0.0,59292507.85,0.0,0.0,0.0,0.0,0.0,59292507.85,100.0,0.0,0.0
2025,Poder Ejecutivo,Ramos Administrativos,Gobernación,E004,Devengado,40444845.4,18847662.45,0.0,0.0,59292507.85,0.0,0.0,0.0,0.0,0.0,59292507.85,100.0,0.0,0.0
2025,Poder Ejecutivo,Ramos Administrativos,Gobernación,E004,Ejercido,40444845.4,18847662.45,0.0,0.0,59292507.85,0.0,0.0,0.0,0.0,0.0,59292507.85,100.0,0.0,0.0
2025,Poder Ejecutivo,Ramos Administrativos,Gobernación,E004,Porcentaje Ejer/Aprob,154.12667763690527,313.43470337084705,0.0,0.0,183.8267053778772,0.0,0.0,0.0,0.0,0.0,183.8267053778772,,0.0,
2025,Poder Ejecutivo,Ramos Administrativos,Gobernación,E004,Porcentaje Ejer/Modif,100.0,100.0,0.0,0.0,100.0,0.0,0.0,0.0,0.0,0.0,100.0,,0.0,
2025,Poder Ejecutivo,Ramos Administrativos,Gobernación,E006,Atención a refugiados en el país,0.0,0.0,0.0,0.0,0.0,0.0,0.0,0.0,0.0,0.0,0.0,,0.0,
2025,Poder Ejecutivo,Ramos Administrativos,Gobernación,E006,Aprobado,28329356.0,19422620.0,0.0,114846.0,47866822.0,0.0,0.0,0.0,0.0,0.0,47866822.0,100.0,0.0,0.0
2025,Poder Ejecutivo,Ramos Administrativos,Gobernación,E006,Modificado,89822369.33,11348865.22,0.0,0.0,101171234.55,0.0,0.0,0.0,0.0,0.0,101171234.55,100.0,0.0,0.0
2025,Poder Ejecutivo,Ramos Administrativos,Gobernación,E006,Devengado,89822369.33,11348865.22,0.0,0.0,101171234.55,0.0,0.0,0.0,0.0,0.0,101171234.55,100.0,0.0,0.0
2025,Poder Ejecutivo,Ramos Administrativos,Gobernación,E006,Ejercido,89822369.33,11348865.22,0.0,0.0,101171234.55,0.0,0.0,0.0,0.0,0.0,101171234.55,100.0,0.0,0.0
2025,Poder Ejecutivo,Ramos Administrativos,Gobernación,E006,Porcentaje Ejer/Aprob,317.06463546153327,58.43117571161872,0.0,0.0,211.3598319729687,0.0,0.0,0.0,0.0,0.0,211.3598319729687,,0.0,
2025,Poder Ejecutivo,Ramos Administrativos,Gobernación,E006,Porcentaje Ejer/Modif,100.0,100.0,0.0,0.0,100.0,0.0,0.0,0.0,0.0,0.0,100.0,,0.0,
2025,Poder Ejecutivo,Ramos Administrativos,Gobernación,E008,Política y servicios migratorios,0.0,0.0,0.0,0.0,0.0,0.0,0.0,0.0,0.0,0.0,0.0,,0.0,
2025,Poder Ejecutivo,Ramos Administrativos,Gobernación,E008,Aprobado,1783486680.0,1305473.0,0.0,18872305.0,1803664458.0,0.0,0.0,0.0,0.0,0.0,1803664458.0,100.0,0.0,0.0
2025,Poder Ejecutivo,Ramos Administrativos,Gobernación,E008,Modificado,2181661441.32,4127511623.13,0.0,599375632.57,6908548697.02,0.0,0.0,0.0,0.0,0.0,6908548697.02,100.0,0.0,0.0
2025,Poder Ejecutivo,Ramos Administrativos,Gobernación,E008,Devengado,2181661441.32,4127511623.13,0.0,599375632.57,6908548697.02,0.0,0.0,0.0,0.0,0.0,6908548697.02,100.0,0.0,0.0
2025,Poder Ejecutivo,Ramos Administrativos,Gobernación,E008,Ejercido,2181661441.32,4127511623.13,0.0,599375632.57,6908548697.02,0.0,0.0,0.0,0.0,0.0,6908548697.02,100.0,0.0,0.0
2025,Poder Ejecutivo,Ramos Administrativos,Gobernación,E008,Porcentaje Ejer/Aprob,122.32563695513556,0.0,0.0,0.0,383.02848771997037,0.0,0.0,0.0,0.0,0.0,383.02848771997037,,0.0,
2025,Poder Ejecutivo,Ramos Administrativos,Gobernación,E008,Porcentaje Ejer/Modif,100.0,100.0,0.0,100.0,100.0,0.0,0.0,0.0,0.0,0.0,100.0,,0.0,
2025,Poder Ejecutivo,Ramos Administrativos,Gobernación,E010,Impartición de justicia laboral para los trabajadores al servicio del Estado,0.0,0.0,0.0,0.0,0.0,0.0,0.0,0.0,0.0,0.0,0.0,,0.0,
2025,Poder Ejecutivo,Ramos Administrativos,Gobernación,E010,Aprobado,352842052.0,12691267.0,0.0,0.0,365533319.0,0.0,0.0,0.0,0.0,0.0,365533319.0,100.0,0.0,0.0
2025,Poder Ejecutivo,Ramos Administrativos,Gobernación,E010,Modificado,417155691.29,52628614.16,0.0,547999.33,470332304.78,0.0,0.0,0.0,0.0,0.0,470332304.78,100.0,0.0,0.0
2025,Poder Ejecutivo,Ramos Administrativos,Gobernación,E010,Devengado,417155691.29,52628614.16,0.0,547999.33,470332304.78,0.0,0.0,0.0,0.0,0.0,470332304.78,100.0,0.0,0.0
2025,Poder Ejecutivo,Ramos Administrativos,Gobernación,E010,Ejercido,417155691.29,52628614.16,0.0,547999.33,470332304.78,0.0,0.0,0.0,0.0,0.0,470332304.78,100.0,0.0,0.0
2025,Poder Ejecutivo,Ramos Administrativos,Gobernación,E010,Porcentaje Ejer/Aprob,118.227316989416,414.683688870465,0.0,0.0,128.6701595539092,0.0,0.0,0.0,0.0,0.0,128.6701595539092,,0.0,
2025,Poder Ejecutivo,Ramos Administrativos,Gobernación,E010,Porcentaje Ejer/Modif,100.0,100.0,0.0,100.0,100.0,0.0,0.0,0.0,0.0,0.0,100.0,,0.0,
2025,Poder Ejecutivo,Ramos Administrativos,Gobernación,E012,Registro e Identificación de Población,0.0,0.0,0.0,0.0,0.0,0.0,0.0,0.0,0.0,0.0,0.0,,0.0,
2025,Poder Ejecutivo,Ramos Administrativos,Gobernación,E012,Aprobado,66511369.0,170885728.0,43933067.0,3445394.0,284775558.0,0.0,0.0,0.0,0.0,0.0,284775558.0,100.0,0.0,0.0
2025,Poder Ejecutivo,Ramos Administrativos,Gobernación,E012,Modificado,92336807.88,126089654.66,41462376.23,0.0,259888838.77,0.0,0.0,0.0,0.0,0.0,259888838.77,100.0,0.0,0.0
2025,Poder Ejecutivo,Ramos Administrativos,Gobernación,E012,Devengado,92336807.88,126089654.66,41462376.23,0.0,259888838.77,0.0,0.0,0.0,0.0,0.0,259888838.77,100.0,0.0,0.0
2025,Poder Ejecutivo,Ramos Administrativos,Gobernación,E012,Ejercido,92336807.88,126089654.66,41462376.23,0.0,259888838.77,0.0,0.0,0.0,0.0,0.0,259888838.77,100.0,0.0,0.0
2025,Poder Ejecutivo,Ramos Administrativos,Gobernación,E012,Porcentaje Ejer/Aprob,138.8286082038095,73.78594815126984,94.37623881346595,0.0,91.26093566288439,0.0,0.0,0.0,0.0,0.0,91.26093566288439,,0.0,
2025,Poder Ejecutivo,Ramos Administrativos,Gobernación,E012,Porcentaje Ejer/Modif,100.0,100.0,100.0,0.0,100.0,0.0,0.0,0.0,0.0,0.0,100.0,,0.0,
2025,Poder Ejecutivo,Ramos Administrativos,Gobernación,M001,Actividades de apoyo administrativo,0.0,0.0,0.0,0.0,0.0,0.0,0.0,0.0,0.0,0.0,0.0,,0.0,
2025,Poder Ejecutivo,Ramos Administrativos,Gobernación,M001,Aprobado,548474044.0,158076454.0,0.0,1532966.0,708083464.0,0.0,0.0,0.0,0.0,0.0,708083464.0,100.0,0.0,0.0
2025,Poder Ejecutivo,Ramos Administrativos,Gobernación,M001,Modificado,373543186.47,382534923.35,0.0,13581429.86,769659539.68,0.0,0.0,0.0,0.0,0.0,769659539.68,100.0,0.0,0.0
2025,Poder Ejecutivo,Ramos Administrativos,Gobernación,M001,Devengado,373543186.47,382534923.35,0.0,13581429.86,769659539.68,0.0,0.0,0.0,0.0,0.0,769659539.68,100.0,0.0,0.0
2025,Poder Ejecutivo,Ramos Administrativos,Gobernación,M001,Ejercido,373543186.47,382534923.35,0.0,13581429.86,769659539.68,0.0,0.0,0.0,0.0,0.0,769659539.68,100.0,0.0,0.0
2025,Poder Ejecutivo,Ramos Administrativos,Gobernación,M001,Porcentaje Ejer/Aprob,68.10590046262975,241.99361364090316,0.0,0.0,108.69616066616688,0.0,0.0,0.0,0.0,0.0,108.69616066616688,,0.0,
2025,Poder Ejecutivo,Ramos Administrativos,Gobernación,M001,Porcentaje Ejer/Modif,100.0,100.0,0.0,100.0,100.0,0.0,0.0,0.0,0.0,0.0,100.0,,0.0,
2025,Poder Ejecutivo,Ramos Administrativos,Gobernación,O001,Actividades de apoyo a la función pública y buen gobierno,0.0,0.0,0.0,0.0,0.0,0.0,0.0,0.0,0.0,0.0,0.0,,0.0,
2025,Poder Ejecutivo,Ramos Administrativos,Gobernación,O001,Aprobado,0.0,1072967.0,0.0,0.0,1072967.0,0.0,0.0,0.0,0.0,0.0,1072967.0,100.0,0.0,0.0
2025,Poder Ejecutivo,Ramos Administrativos,Gobernación,O001,Modificado,0.0,1056245.6,0.0,0.0,1056245.6,0.0,0.0,0.0,0.0,0.0,1056245.6,100.0,0.0,0.0
2025,Poder Ejecutivo,Ramos Administrativos,Gobernación,O001,Devengado,0.0,1056245.6,0.0,0.0,1056245.6,0.0,0.0,0.0,0.0,0.0,1056245.6,100.0,0.0,0.0
2025,Poder Ejecutivo,Ramos Administrativos,Gobernación,O001,Ejercido,0.0,1056245.6,0.0,0.0,1056245.6,0.0,0.0,0.0,0.0,0.0,1056245.6,100.0,0.0,0.0
2025,Poder Ejecutivo,Ramos Administrativos,Gobernación,O001,Porcentaje Ejer/Aprob,0.0,98.44157369238756,0.0,0.0,98.44157369238756,0.0,0.0,0.0,0.0,0.0,98.44157369238756,,0.0,
2025,Poder Ejecutivo,Ramos Administrativos,Gobernación,O001,Porcentaje Ejer/Modif,0.0,100.0,0.0,0.0,100.0,0.0,0.0,0.0,0.0,0.0,100.0,,0.0,
2025,Poder Ejecutivo,Ramos Administrativos,Gobernación,P001,Conducción de la política interior,0.0,0.0,0.0,0.0,0.0,0.0,0.0,0.0,0.0,0.0,0.0,,0.0,
2025,Poder Ejecutivo,Ramos Administrativos,Gobernación,P001,Aprobado,459750447.0,25511986.0,0.0,2516015929.0,3001278362.0,0.0,0.0,0.0,0.0,0.0,3001278362.0,100.0,0.0,0.0
2025,Poder Ejecutivo,Ramos Administrativos,Gobernación,P001,Modificado,575797592.58,212867762.93,0.0,1962542089.17,2751207444.68,0.0,0.0,0.0,0.0,0.0,2751207444.68,100.0,0.0,0.0
2025,Poder Ejecutivo,Ramos Administrativos,Gobernación,P001,Devengado,575797592.58,212867762.93,0.0,1962542089.17,2751207444.68,0.0,0.0,0.0,0.0,0.0,2751207444.68,100.0,0.0,0.0
2025,Poder Ejecutivo,Ramos Administrativos,Gobernación,P001,Ejercido,575797592.58,212867762.93,0.0,1962542089.17,2751207444.68,0.0,0.0,0.0,0.0,0.0,2751207444.68,100.0,0.0,0.0
2025,Poder Ejecutivo,Ramos Administrativos,Gobernación,P001,Porcentaje Ejer/Aprob,125.24133393175364,0.0,0.0,78.001973936231,91.66785325592535,0.0,0.0,0.0,0.0,0.0,91.66785325592535,,0.0,
2025,Poder Ejecutivo,Ramos Administrativos,Gobernación,P001,Porcentaje Ejer/Modif,100.0,100.0,0.0,100.0,100.0,0.0,0.0,0.0,0.0,0.0,100.0,,0.0,
2025,Poder Ejecutivo,Ramos Administrativos,Gobernación,P005,Instrumentar la normatividad en materia de comunicación social y coordinar la relación con los medios de comunicación del Gobierno Federal,0.0,0.0,0.0,0.0,0.0,0.0,0.0,0.0,0.0,0.0,0.0,,0.0,
2025,Poder Ejecutivo,Ramos Administrativos,Gobernación,P005,Aprobado,154325874.0,293329435.0,0.0,0.0,447655309.0,0.0,0.0,0.0,0.0,0.0,447655309.0,100.0,0.0,0.0
2025,Poder Ejecutivo,Ramos Administrativos,Gobernación,P005,Modificado,163818055.5,520627019.05,0.0,52161.62,684497236.17,0.0,0.0,0.0,0.0,0.0,684497236.17,100.0,0.0,0.0
2025,Poder Ejecutivo,Ramos Administrativos,Gobernación,P005,Devengado,163818055.5,520627019.05,0.0,52161.62,684497236.17,0.0,0.0,0.0,0.0,0.0,684497236.17,100.0,0.0,0.0
2025,Poder Ejecutivo,Ramos Administrativos,Gobernación,P005,Ejercido,163818055.5,520627019.05,0.0,52161.62,684497236.17,0.0,0.0,0.0,0.0,0.0,684497236.17,100.0,0.0,0.0
2025,Poder Ejecutivo,Ramos Administrativos,Gobernación,P005,Porcentaje Ejer/Aprob,106.15073885795717,177.48884255342463,0.0,0.0,152.90720838295698,0.0,0.0,0.0,0.0,0.0,152.90720838295698,,0.0,
2025,Poder Ejecutivo,Ramos Administrativos,Gobernación,P005,Porcentaje Ejer/Modif,100.0,100.0,0.0,100.0,100.0,0.0,0.0,0.0,0.0,0.0,100.0,,0.0,
2025,Poder Ejecutivo,Ramos Administrativos,Gobernación,P006,Planeación demográfica del país,0.0,0.0,0.0,0.0,0.0,0.0,0.0,0.0,0.0,0.0,0.0,,0.0,
2025,Poder Ejecutivo,Ramos Administrativos,Gobernación,P006,Aprobado,48588385.0,19503205.0,0.0,1844374.0,69935964.0,0.0,0.0,0.0,0.0,0.0,69935964.0,100.0,0.0,0.0
2025,Poder Ejecutivo,Ramos Administrativos,Gobernación,P006,Modificado,53198811.14,36547660.88,0.0,1844374.0,91590846.02,0.0,0.0,0.0,0.0,0.0,91590846.02,100.0,0.0,0.0
2025,Poder Ejecutivo,Ramos Administrativos,Gobernación,P006,Devengado,53198811.14,36547660.88,0.0,1844374.0,91590846.02,0.0,0.0,0.0,0.0,0.0,91590846.02,100.0,0.0,0.0
2025,Poder Ejecutivo,Ramos Administrativos,Gobernación,P006,Ejercido,53198811.14,36547660.88,0.0,1844374.0,91590846.02,0.0,0.0,0.0,0.0,0.0,91590846.02,100.0,0.0,0.0
2025,Poder Ejecutivo,Ramos Administrativos,Gobernación,P006,Porcentaje Ejer/Aprob,109.4887412701616,187.39310221063667,0.0,100.0,130.9638714924985,0.0,0.0,0.0,0.0,0.0,130.9638714924985,,0.0,
2025,Poder Ejecutivo,Ramos Administrativos,Gobernación,P006,Porcentaje Ejer/Modif,100.0,100.0,0.0,100.0,100.0,0.0,0.0,0.0,0.0,0.0,100.0,,0.0,
2025,Poder Ejecutivo,Ramos Administrativos,Gobernación,P009,Defensa jurídica de la Secretaría de Gobernación y compilación jurídica nacional y testamentaria ciudadana,0.0,0.0,0.0,0.0,0.0,0.0,0.0,0.0,0.0,0.0,0.0,,0.0,
2025,Poder Ejecutivo,Ramos Administrativos,Gobernación,P009,Aprobado,86730043.0,3883892.0,0.0,0.0,90613935.0,0.0,0.0,0.0,0.0,0.0,90613935.0,100.0,0.0,0.0
2025,Poder Ejecutivo,Ramos Administrativos,Gobernación,P009,Modificado,95899852.29,36171772.22,0.0,20082545.32,152154169.83,0.0,0.0,0.0,0.0,0.0,152154169.83,100.0,0.0,0.0
2025,Poder Ejecutivo,Ramos Administrativos,Gobernación,P009,Devengado,95899852.29,36171772.22,0.0,20082545.32,152154169.83,0.0,0.0,0.0,0.0,0.0,152154169.83,100.0,0.0,0.0
2025,Poder Ejecutivo,Ramos Administrativos,Gobernación,P009,Ejercido,95899852.29,36171772.22,0.0,20082545.32,152154169.83,0.0,0.0,0.0,0.0,0.0,152154169.83,100.0,0.0,0.0
2025,Poder Ejecutivo,Ramos Administrativos,Gobernación,P009,Porcentaje Ejer/Aprob,110.57281764520745,0.0,0.0,0.0,167.91475817709497,0.0,0.0,0.0,0.0,0.0,167.91475817709497,,0.0,
2025,Poder Ejecutivo,Ramos Administrativos,Gobernación,P009,Porcentaje Ejer/Modif,100.0,100.0,0.0,100.0,100.0,0.0,0.0,0.0,0.0,0.0,100.0,,0.0,
2025,Poder Ejecutivo,Ramos Administrativos,Gobernación,P016,Fortalecimiento de las instituciones democráticas a fin de lograr las reformas legislativas que transformen el orden jurídico nacional,0.0,0.0,0.0,0.0,0.0,0.0,0.0,0.0,0.0,0.0,0.0,,0.0,
2025,Poder Ejecutivo,Ramos Administrativos,Gobernación,P016,Aprobado,53738697.0,2681563.0,0.0,0.0,56420260.0,0.0,0.0,0.0,0.0,0.0,56420260.0,100.0,0.0,0.0
2025,Poder Ejecutivo,Ramos Administrativos,Gobernación,P016,Modificado,72796602.66,28029976.09,0.0,750120.68,101576699.43,0.0,0.0,0.0,0.0,0.0,101576699.43,100.0,0.0,0.0
2025,Poder Ejecutivo,Ramos Administrativos,Gobernación,P016,Devengado,72796602.66,28029976.09,0.0,750120.68,101576699.43,0.0,0.0,0.0,0.0,0.0,101576699.43,100.0,0.0,0.0
2025,Poder Ejecutivo,Ramos Administrativos,Gobernación,P016,Ejercido,72796602.66,28029976.09,0.0,750120.68,101576699.43,0.0,0.0,0.0,0.0,0.0,101576699.43,100.0,0.0,0.0
2025,Poder Ejecutivo,Ramos Administrativos,Gobernación,P016,Porcentaje Ejer/Aprob,135.4640263421348,0.0,0.0,0.0,180.03585844872038,0.0,0.0,0.0,0.0,0.0,180.03585844872038,,0.0,
2025,Poder Ejecutivo,Ramos Administrativos,Gobernación,P016,Porcentaje Ejer/Modif,100.0,100.0,0.0,100.0,100.0,0.0,0.0,0.0,0.0,0.0,100.0,,0.0,
2025,Poder Ejecutivo,Ramos Administrativos,Gobernación,P018,Conducción de la política del Gobierno Federal en materia religiosa,0.0,0.0,0.0,0.0,0.0,0.0,0.0,0.0,0.0,0.0,0.0,,0.0,
2025,Poder Ejecutivo,Ramos Administrativos,Gobernación,P018,Aprobado,16189654.0,1483699.0,0.0,0.0,17673353.0,0.0,0.0,0.0,0.0,0.0,17673353.0,100.0,0.0,0.0
2025,Poder Ejecutivo,Ramos Administrativos,Gobernación,P018,Modificado,24180741.21,818387.67,0.0,0.0,24999128.88,0.0,0.0,0.0,0.0,0.0,24999128.88,100.0,0.0,0.0
2025,Poder Ejecutivo,Ramos Administrativos,Gobernación,P018,Devengado,24180741.21,818387.67,0.0,0.0,24999128.88,0.0,0.0,0.0,0.0,0.0,24999128.88,100.0,0.0,0.0
2025,Poder Ejecutivo,Ramos Administrativos,Gobernación,P018,Ejercido,24180741.21,818387.67,0.0,0.0,24999128.88,0.0,0.0,0.0,0.0,0.0,24999128.88,100.0,0.0,0.0
2025,Poder Ejecutivo,Ramos Administrativos,Gobernación,P018,Porcentaje Ejer/Aprob,149.35922169800543,55.15860494615148,0.0,0.0,141.45096790631635,0.0,0.0,0.0,0.0,0.0,141.45096790631635,,0.0,
2025,Poder Ejecutivo,Ramos Administrativos,Gobernación,P018,Porcentaje Ejer/Modif,100.0,100.0,0.0,0.0,100.0,0.0,0.0,0.0,0.0,0.0,100.0,,0.0,
2025,Poder Ejecutivo,Ramos Administrativos,Gobernación,P022,Protección y defensa de los derechos humanos,0.0,0.0,0.0,0.0,0.0,0.0,0.0,0.0,0.0,0.0,0.0,,0.0,
2025,Poder Ejecutivo,Ramos Administrativos,Gobernación,P022,Aprobado,125054392.0,687997147.0,0.0,25804441.0,838855980.0,0.0,0.0,0.0,0.0,0.0,838855980.0,100.0,0.0,0.0
2025,Poder Ejecutivo,Ramos Administrativos,Gobernación,P022,Modificado,187152790.08,808941879.75,0.0,45199356.74,1041294026.57,0.0,0.0,0.0,0.0,0.0,1041294026.57,100.0,0.0,0.0
2025,Poder Ejecutivo,Ramos Administrativos,Gobernación,P022,Devengado,187152790.08,808941879.75,0.0,45199356.74,1041294026.57,0.0,0.0,0.0,0.0,0.0,1041294026.57,100.0,0.0,0.0
2025,Poder Ejecutivo,Ramos Administrativos,Gobernación,P022,Ejercido,187152790.08,808941879.75,0.0,45199356.74,1041294026.57,0.0,0.0,0.0,0.0,0.0,1041294026.57,100.0,0.0,0.0
2025,Poder Ejecutivo,Ramos Administrativos,Gobernación,P022,Porcentaje Ejer/Aprob,149.6571108674056,117.57924916947367,0.0,175.16115439199012,124.13263437306605,0.0,0.0,0.0,0.0,0.0,124.13263437306605,,0.0,
2025,Poder Ejecutivo,Ramos Administrativos,Gobernación,P022,Porcentaje Ejer/Modif,100.0,100.0,0.0,100.0,100.0,0.0,0.0,0.0,0.0,0.0,100.0,,0.0,
2025,Poder Ejecutivo,Ramos Administrativos,Gobernación,P023,Impulso a la democracia participativa y fomento a la construcción de paz en México,0.0,0.0,0.0,0.0,0.0,0.0,0.0,0.0,0.0,0.0,0.0,,0.0,
2025,Poder Ejecutivo,Ramos Administrativos,Gobernación,P023,Aprobado,53957828.0,8998293.0,0.0,23009.0,62979130.0,0.0,0.0,0.0,0.0,0.0,62979130.0,100.0,0.0,0.0
2025,Poder Ejecutivo,Ramos Administrativos,Gobernación,P023,Modificado,129706425.55,83820288.53,0.0,14025526.99,227552241.07,0.0,0.0,0.0,0.0,0.0,227552241.07,100.0,0.0,0.0
2025,Poder Ejecutivo,Ramos Administrativos,Gobernación,P023,Devengado,129706425.55,83820288.53,0.0,14025526.99,227552241.07,0.0,0.0,0.0,0.0,0.0,227552241.07,100.0,0.0,0.0
2025,Poder Ejecutivo,Ramos Administrativos,Gobernación,P023,Ejercido,129706425.55,83820288.53,0.0,14025526.99,227552241.07,0.0,0.0,0.0,0.0,0.0,227552241.07,100.0,0.0,0.0
2025,Poder Ejecutivo,Ramos Administrativos,Gobernación,P023,Porcentaje Ejer/Aprob,240.3848159899987,0.0,0.0,0.0,361.31372578503385,0.0,0.0,0.0,0.0,0.0,361.31372578503385,,0.0,
2025,Poder Ejecutivo,Ramos Administrativos,Gobernación,P023,Porcentaje Ejer/Modif,100.0,100.0,0.0,100.0,100.0,0.0,0.0,0.0,0.0,0.0,100.0,,0.0,
2025,Poder Ejecutivo,Ramos Administrativos,Gobernación,P024,Promover la Protección de los Derechos Humanos y Prevenir la Discriminación,0.0,0.0,0.0,0.0,0.0,0.0,0.0,0.0,0.0,0.0,0.0,,0.0,
2025,Poder Ejecutivo,Ramos Administrativos,Gobernación,P024,Aprobado,79590208.0,66929316.0,0.0,541010.0,147060534.0,0.0,0.0,0.0,0.0,0.0,147060534.0,100.0,0.0,0.0
2025,Poder Ejecutivo,Ramos Administrativos,Gobernación,P024,Modificado,82962385.85,55711540.03,0.0,9781824.85,148455750.73,0.0,0.0,0.0,0.0,0.0,148455750.73,100.0,0.0,0.0
2025,Poder Ejecutivo,Ramos Administrativos,Gobernación,P024,Devengado,82962385.85,55711540.03,0.0,9781824.85,148455750.73,0.0,0.0,0.0,0.0,0.0,148455750.73,100.0,0.0,0.0
2025,Poder Ejecutivo,Ramos Administrativos,Gobernación,P024,Ejercido,82962385.85,55711540.03,0.0,9781824.85,148455750.73,0.0,0.0,0.0,0.0,0.0,148455750.73,100.0,0.0,0.0
2025,Poder Ejecutivo,Ramos Administrativos,Gobernación,P024,Porcentaje Ejer/Aprob,104.2369255398855,83.23936857505014,0.0,0.0,100.94873634145787,0.0,0.0,0.0,0.0,0.0,100.94873634145787,,0.0,
2025,Poder Ejecutivo,Ramos Administrativos,Gobernación,P024,Porcentaje Ejer/Modif,100.0,100.0,0.0,100.0,100.0,0.0,0.0,0.0,0.0,0.0,100.0,,0.0,
2025,Poder Ejecutivo,Ramos Administrativos,Gobernación,P025,"Coordinación con las instancias que integran el Sistema Nacional de Protección Integral de Niñas, Niños y Adolescentes",0.0,0.0,0.0,0.0,0.0,0.0,0.0,0.0,0.0,0.0,0.0,,0.0,
2025,Poder Ejecutivo,Ramos Administrativos,Gobernación,P025,Aprobado,34842090.0,37503502.0,0.0,574232.0,72919824.0,0.0,0.0,0.0,0.0,0.0,72919824.0,100.0,0.0,0.0
2025,Poder Ejecutivo,Ramos Administrativos,Gobernación,P025,Modificado,36760660.05,1756809.59,0.0,0.0,38517469.64,0.0,0.0,0.0,0.0,0.0,38517469.64,100.0,0.0,0.0
2025,Poder Ejecutivo,Ramos Administrativos,Gobernación,P025,Devengado,36760660.05,1756809.59,0.0,0.0,38517469.64,0.0,0.0,0.0,0.0,0.0,38517469.64,100.0,0.0,0.0
2025,Poder Ejecutivo,Ramos Administrativos,Gobernación,P025,Ejercido,36760660.05,1756809.59,0.0,0.0,38517469.64,0.0,0.0,0.0,0.0,0.0,38517469.64,100.0,0.0,0.0
2025,Poder Ejecutivo,Ramos Administrativos,Gobernación,P025,Porcentaje Ejer/Aprob,105.50647234422503,4.684388113941999,0.0,0.0,52.82167115488375,0.0,0.0,0.0,0.0,0.0,52.82167115488375,,0.0,
2025,Poder Ejecutivo,Ramos Administrativos,Gobernación,P025,Porcentaje Ejer/Modif,100.0,100.0,0.0,0.0,100.0,0.0,0.0,0.0,0.0,0.0,100.0,,0.0,
2025,Poder Ejecutivo,Ramos Administrativos,Gobernación,P026,"Determinación, ejecución y seguimiento a las acciones de búsqueda de Personas Desaparecidas y No Localizadas",0.0,0.0,0.0,0.0,0.0,0.0,0.0,0.0,0.0,0.0,0.0,,0.0,
2025,Poder Ejecutivo,Ramos Administrativos,Gobernación,P026,Aprobado,76943236.0,170447649.0,0.0,0.0,247390885.0,0.0,0.0,0.0,0.0,0.0,247390885.0,100.0,0.0,0.0
2025,Poder Ejecutivo,Ramos Administrativos,Gobernación,P026,Modificado,70816555.69,136368912.76,0.0,33640.0,207219108.45,0.0,0.0,0.0,0.0,0.0,207219108.45,100.0,0.0,0.0
2025,Poder Ejecutivo,Ramos Administrativos,Gobernación,P026,Devengado,70816555.69,136368912.76,0.0,33640.0,207219108.45,0.0,0.0,0.0,0.0,0.0,207219108.45,100.0,0.0,0.0
2025,Poder Ejecutivo,Ramos Administrativos,Gobernación,P026,Ejercido,70816555.69,136368912.76,0.0,33640.0,207219108.45,0.0,0.0,0.0,0.0,0.0,207219108.45,100.0,0.0,0.0
2025,Poder Ejecutivo,Ramos Administrativos,Gobernación,P026,Porcentaje Ejer/Aprob,92.03740233904381,80.00633247807366,0.0,0.0,83.76182026674103,0.0,0.0,0.0,0.0,0.0,83.76182026674103,,0.0,
2025,Poder Ejecutivo,Ramos Administrativos,Gobernación,P026,Porcentaje Ejer/Modif,100.0,100.0,0.0,100.0,100.0,0.0,0.0,0.0,0.0,0.0,100.0,,0.0,
2025,Poder Ejecutivo,Ramos Administrativos,Gobernación,P027,Coordinar la relación entre autoridades locales y federales para la consolidación del sistema de justicia penal y la reconciliación social,0.0,0.0,0.0,0.0,0.0,0.0,0.0,0.0,0.0,0.0,0.0,,0.0,
2025,Poder Ejecutivo,Ramos Administrativos,Gobernación,P027,Aprobado,26573910.0,611896.0,0.0,0.0,27185806.0,0.0,0.0,0.0,0.0,0.0,27185806.0,100.0,0.0,0.0
2025,Poder Ejecutivo,Ramos Administrativos,Gobernación,P027,Modificado,27355397.7,1152453.01,0.0,0.0,28507850.71,0.0,0.0,0.0,0.0,0.0,28507850.71,100.0,0.0,0.0
2025,Poder Ejecutivo,Ramos Administrativos,Gobernación,P027,Devengado,27355397.7,1152453.01,0.0,0.0,28507850.71,0.0,0.0,0.0,0.0,0.0,28507850.71,100.0,0.0,0.0
2025,Poder Ejecutivo,Ramos Administrativos,Gobernación,P027,Ejercido,27355397.7,1152453.01,0.0,0.0,28507850.71,0.0,0.0,0.0,0.0,0.0,28507850.71,100.0,0.0,0.0
2025,Poder Ejecutivo,Ramos Administrativos,Gobernación,P027,Porcentaje Ejer/Aprob,102.94080810840407,188.34132107416949,0.0,0.0,104.86299618999708,0.0,0.0,0.0,0.0,0.0,104.86299618999708,,0.0,
2025,Poder Ejecutivo,Ramos Administrativos,Gobernación,P027,Porcentaje Ejer/Modif,100.0,100.0,0.0,0.0,100.0,0.0,0.0,0.0,0.0,0.0,100.0,,0.0,
2025,Poder Ejecutivo,Ramos Administrativos,Gobernación,U008,Subsidios para las acciones de búsqueda de Personas Desaparecidas y No Localizadas,0.0,0.0,0.0,0.0,0.0,0.0,0.0,0.0,0.0,0.0,0.0,,0.0,
2025,Poder Ejecutivo,Ramos Administrativos,Gobernación,U008,Aprobado,0.0,0.0,854645124.0,0.0,854645124.0,0.0,0.0,0.0,0.0,0.0,854645124.0,100.0,0.0,0.0
2025,Poder Ejecutivo,Ramos Administrativos,Gobernación,U008,Modificado,73179916.08,0.0,525002569.96,0.0,598182486.04,0.0,0.0,0.0,0.0,0.0,598182486.04,100.0,0.0,0.0
2025,Poder Ejecutivo,Ramos Administrativos,Gobernación,U008,Devengado,73179916.08,0.0,525002569.96,0.0,598182486.04,0.0,0.0,0.0,0.0,0.0,598182486.04,100.0,0.0,0.0
2025,Poder Ejecutivo,Ramos Administrativos,Gobernación,U008,Ejercido,73179916.08,0.0,525002569.96,0.0,598182486.04,0.0,0.0,0.0,0.0,0.0,598182486.04,100.0,0.0,0.0
2025,Poder Ejecutivo,Ramos Administrativos,Gobernación,U008,Porcentaje Ejer/Aprob,0.0,0.0,61.42930617831502,0.0,69.99191468387761,0.0,0.0,0.0,0.0,0.0,69.99191468387761,,0.0,
2025,Poder Ejecutivo,Ramos Administrativos,Gobernación,U008,Porcentaje Ejer/Modif,100.0,0.0,100.0,0.0,100.0,0.0,0.0,0.0,0.0,0.0,100.0,,0.0,
2025,Poder Ejecutivo,Ramos Administrativos,Relaciones Exteriores,TOTAL,Aprobado,4901146491.0,2222411572.0,0.0,2170612646.0,9294170709.0,0.0,0.0,0.0,0.0,0.0,9294170709.0,100.0,0.0,0.0
2025,Poder Ejecutivo,Ramos Administrativos,Relaciones Exteriores,TOTAL,Modificado,5106973213.93,7252994357.41,0.0,1385316903.48,13745284474.82,0.0,183694697.86,0.0,0.0,183694697.86,13928979172.68,98.68120487809836,0.0,1.3187951219016454
2025,Poder Ejecutivo,Ramos Administrativos,Relaciones Exteriores,TOTAL,Devengado,5106973213.93,7238599100.12,0.0,1385136466.76,13730708780.81,0.0,181715563.86,0.0,0.0,181715563.86,13912424344.67,98.69386126128609,0.0,1.3061387387139123
2025,Poder Ejecutivo,Ramos Administrativos,Relaciones Exteriores,TOTAL,Ejercido,5106973203.16,7238599063.42,0.0,1385136466.76,13730708733.34,0.0,181715563.86,0.0,0.0,181715563.86,13912424297.2,98.69386125682946,0.0,1.3061387431705336
2025,Poder Ejecutivo,Ramos Administrativos,Relaciones Exteriores,TOTAL,Porcentaje Ejer/Aprob,104.19956254190647,325.7092050193842,0.0,63.81315751166042,147.7346302671618,0.0,0.0,0.0,0.0,0.0,149.68978656404406,,0.0,
2025,Poder Ejecutivo,Ramos Administrativos,Relaciones Exteriores,TOTAL,Porcentaje Ejer/Modif,99.99999978911187,99.80152619345012,0.0,99.98697505823058,99.89395824068464,0.0,98.92259601226576,0.0,0.0,98.92259601226576,99.88114796300026,,0.0,
2025,Poder Ejecutivo,Ramos Administrativos,Relaciones Exteriores,E002,"Atención, protección, servicios y asistencia consulares",0.0,0.0,0.0,0.0,0.0,0.0,0.0,0.0,0.0,0.0,0.0,,0.0,
2025,Poder Ejecutivo,Ramos Administrativos,Relaciones Exteriores,E002,Aprobado,350455675.0,19280486.0,0.0,154456097.0,524192258.0,0.0,0.0,0.0,0.0,0.0,524192258.0,100.0,0.0,0.0
2025,Poder Ejecutivo,Ramos Administrativos,Relaciones Exteriores,E002,Modificado,369465507.15,4172933190.81,0.0,451780463.8,4994179161.76,0.0,7451338.58,0.0,0.0,7451338.58,5001630500.34,99.85102181019782,0.0,0.148978189802175
2025,Poder Ejecutivo,Ramos Administrativos,Relaciones Exteriores,E002,Devengado,369465507.15,4162494504.4,0.0,451722406.4,4983682417.95,0.0,7451338.58,0.0,0.0,7451338.58,4991133756.53,99.85070849743806,0.0,0.1492915025619433
2025,Poder Ejecutivo,Ramos Administrativos,Relaciones Exteriores,E002,Ejercido,369465507.15,4162494468.07,0.0,451722406.4,4983682381.62,0.0,7451338.58,0.0,0.0,7451338.58,4991133720.2,99.85070849635139,0.0,0.1492915036486223
2025,Poder Ejecutivo,Ramos Administrativos,Relaciones Exteriores,E002,Porcentaje Ejer/Aprob,105.42431853899924,0.0,0.0,292.4600680541604,0.0,0.0,0.0,0.0,0.0,0.0,0.0,,0.0,
2025,Poder Ejecutivo,Ramos Administrativos,Relaciones Exteriores,E002,Porcentaje Ejer/Modif,100.0,99.7498468759819,0.0,99.98714920085041,99.78981971210858,0.0,100.0,0.0,0.0,100.0,99.79013283489681,,0.0,
2025,Poder Ejecutivo,Ramos Administrativos,Relaciones Exteriores,E006,Fortalecimiento de las capacidades del Servicio Exterior Mexicano y de la Cancillería,0.0,0.0,0.0,0.0,0.0,0.0,0.0,0.0,0.0,0.0,0.0,,0.0,
2025,Poder Ejecutivo,Ramos Administrativos,Relaciones Exteriores,E006,Aprobado,13501071.0,6941405.0,0.0,1038500.0,21480976.0,0.0,0.0,0.0,0.0,0.0,21480976.0,100.0,0.0,0.0
2025,Poder Ejecutivo,Ramos Administrativos,Relaciones Exteriores,E006,Modificado,14482483.23,4097551.1,0.0,278603.92,18858638.25,0.0,0.0,0.0,0.0,0.0,18858638.25,100.0,0.0,0.0
2025,Poder Ejecutivo,Ramos Administrativos,Relaciones Exteriores,E006,Devengado,14482483.23,4097551.1,0.0,277916.96,18857951.29,0.0,0.0,0.0,0.0,0.0,18857951.29,100.0,0.0,0.0
2025,Poder Ejecutivo,Ramos Administrativos,Relaciones Exteriores,E006,Ejercido,14482483.23,4097551.1,0.0,277916.96,18857951.29,0.0,0.0,0.0,0.0,0.0,18857951.29,100.0,0.0,0.0
2025,Poder Ejecutivo,Ramos Administrativos,Relaciones Exteriores,E006,Porcentaje Ejer/Aprob,107.26914353683496,59.03057234090217,0.0,26.76138276360135,87.78908039374002,0.0,0.0,0.0,0.0,0.0,87.78908039374002,,0.0,
2025,Poder Ejecutivo,Ramos Administrativos,Relaciones Exteriores,E006,Porcentaje Ejer/Modif,100.0,100.0,0.0,99.75342773353657,99.99635731917176,0.0,0.0,0.0,0.0,0.0,99.99635731917176,,0.0,
2025,Poder Ejecutivo,Ramos Administrativos,Relaciones Exteriores,K025,Proyectos de inmuebles (oficinas administrativas),0.0,0.0,0.0,0.0,0.0,0.0,0.0,0.0,0.0,0.0,0.0,,0.0,
2025,Poder Ejecutivo,Ramos Administrativos,Relaciones Exteriores,K025,Aprobado,0.0,0.0,0.0,0.0,0.0,0.0,0.0,0.0,0.0,0.0,0.0,0.0,0.0,0.0
2025,Poder Ejecutivo,Ramos Administrativos,Relaciones Exteriores,K025,Modificado,0.0,0.0,0.0,0.0,0.0,0.0,143645566.17,0.0,0.0,143645566.17,143645566.17,0.0,0.0,100.0
2025,Poder Ejecutivo,Ramos Administrativos,Relaciones Exteriores,K025,Devengado,0.0,0.0,0.0,0.0,0.0,0.0,141666432.17,0.0,0.0,141666432.17,141666432.17,0.0,0.0,100.0
2025,Poder Ejecutivo,Ramos Administrativos,Relaciones Exteriores,K025,Ejercido,0.0,0.0,0.0,0.0,0.0,0.0,141666432.17,0.0,0.0,141666432.17,141666432.17,0.0,0.0,100.0
2025,Poder Ejecutivo,Ramos Administrativos,Relaciones Exteriores,K025,Porcentaje Ejer/Aprob,0.0,0.0,0.0,0.0,0.0,0.0,0.0,0.0,0.0,0.0,0.0,,0.0,
2025,Poder Ejecutivo,Ramos Administrativos,Relaciones Exteriores,K025,Porcentaje Ejer/Modif,0.0,0.0,0.0,0.0,0.0,0.0,98.62221017134789,0.0,0.0,98.62221017134789,98.62221017134789,,0.0,
2025,Poder Ejecutivo,Ramos Administrativos,Relaciones Exteriores,M001,Actividades de apoyo administrativo,0.0,0.0,0.0,0.0,0.0,0.0,0.0,0.0,0.0,0.0,0.0,,0.0,
2025,Poder Ejecutivo,Ramos Administrativos,Relaciones Exteriores,M001,Aprobado,472786513.0,595864322.0,0.0,7352580.0,1076003415.0,0.0,0.0,0.0,0.0,0.0,1076003415.0,100.0,0.0,0.0
2025,Poder Ejecutivo,Ramos Administrativos,Relaciones Exteriores,M001,Modificado,553203959.96,1017755820.94,0.0,20392335.11,1591352116.01,0.0,23195745.12,0.0,0.0,23195745.12,1614547861.13,98.56332873874884,0.0,1.43667126125116
2025,Poder Ejecutivo,Ramos Administrativos,Relaciones Exteriores,M001,Devengado,553203959.96,1017683166.93,0.0,20349727.06,1591236853.95,0.0,23195745.12,0.0,0.0,23195745.12,1614432599.07,98.56322616792042,0.0,1.4367738320795802
2025,Poder Ejecutivo,Ramos Administrativos,Relaciones Exteriores,M001,Ejercido,553203949.19,1017683166.56,0.0,20349727.06,1591236842.81,0.0,23195745.12,0.0,0.0,23195745.12,1614432587.93,98.5632261580063,0.0,1.4367738419936888
2025,Poder Ejecutivo,Ramos Administrativos,Relaciones Exteriores,M001,Porcentaje Ejer/Aprob,117.00924920208121,170.7910893446646,0.0,276.7698829526506,147.88399559215154,0.0,0.0,0.0,0.0,0.0,150.03972714436043,,0.0,
2025,Poder Ejecutivo,Ramos Administrativos,Relaciones Exteriores,M001,Porcentaje Ejer/Modif,99.99999805315927,99.9928613152089,0.0,99.79105850423619,99.99275627318175,0.0,100.0,0.0,0.0,100.0,99.9928603417232,,0.0,
2025,Poder Ejecutivo,Ramos Administrativos,Relaciones Exteriores,P001,"Coordinación, promoción y ejecución de la Cooperación internacional para el desarrollo",0.0,0.0,0.0,0.0,0.0,0.0,0.0,0.0,0.0,0.0,0.0,,0.0,
2025,Poder Ejecutivo,Ramos Administrativos,Relaciones Exteriores,P001,Aprobado,86371615.0,6340306.0,0.0,29360866.0,122072787.0,0.0,0.0,0.0,0.0,0.0,122072787.0,100.0,0.0,0.0
2025,Poder Ejecutivo,Ramos Administrativos,Relaciones Exteriores,P001,Modificado,89765321.0,3192812.64,0.0,17846909.05,110805042.69,0.0,0.0,0.0,0.0,0.0,110805042.69,100.0,0.0,0.0
2025,Poder Ejecutivo,Ramos Administrativos,Relaciones Exteriores,P001,Devengado,89765321.0,3190498.57,0.0,17846909.05,110802728.62,0.0,0.0,0.0,0.0,0.0,110802728.62,100.0,0.0,0.0
2025,Poder Ejecutivo,Ramos Administrativos,Relaciones Exteriores,P001,Ejercido,89765321.0,3190498.57,0.0,17846909.05,110802728.62,0.0,0.0,0.0,0.0,0.0,110802728.62,100.0,0.0,0.0
2025,Poder Ejecutivo,Ramos Administrativos,Relaciones Exteriores,P001,Porcentaje Ejer/Aprob,103.92919132055131,50.32089255628986,0.0,60.78468206625786,90.76775532289601,0.0,0.0,0.0,0.0,0.0,90.76775532289601,,0.0,
2025,Poder Ejecutivo,Ramos Administrativos,Relaciones Exteriores,P001,Porcentaje Ejer/Modif,100.0,99.92752252446607,0.0,100.0,99.99791158421691,0.0,0.0,0.0,0.0,0.0,99.99791158421691,,0.0,
2025,Poder Ejecutivo,Ramos Administrativos,Relaciones Exteriores,P002,"Diseño, conducción y ejecución de la política exterior",0.0,0.0,0.0,0.0,0.0,0.0,0.0,0.0,0.0,0.0,0.0,,0.0,
2025,Poder Ejecutivo,Ramos Administrativos,Relaciones Exteriores,P002,Aprobado,3472304243.0,1576379331.0,0.0,15048905.0,5063732479.0,0.0,0.0,0.0,0.0,0.0,5063732479.0,100.0,0.0,0.0
2025,Poder Ejecutivo,Ramos Administrativos,Relaciones Exteriores,P002,Modificado,3878056853.94,2049626333.97,0.0,14068922.14,5941752110.05,0.0,9402047.99,0.0,0.0,9402047.99,5951154158.04,99.84201303242502,0.0,0.15798696757498457
2025,Poder Ejecutivo,Ramos Administrativos,Relaciones Exteriores,P002,Devengado,3878056853.94,2045799185.02,0.0,14068873.53,5937924912.49,0.0,9402047.99,0.0,0.0,9402047.99,5947326960.48,99.84191136534992,0.0,0.15808863465009793
2025,Poder Ejecutivo,Ramos Administrativos,Relaciones Exteriores,P002,Ejercido,3878056853.94,2045799185.02,0.0,14068873.53,5937924912.49,0.0,9402047.99,0.0,0.0,9402047.99,5947326960.48,99.84191136534992,0.0,0.15808863465009793
2025,Poder Ejecutivo,Ramos Administrativos,Relaciones Exteriores,P002,Porcentaje Ejer/Aprob,111.68539916275995,129.77835631238685,0.0,93.48768917074032,117.26379576953161,0.0,0.0,0.0,0.0,0.0,117.44947003311073,,0.0,
2025,Poder Ejecutivo,Ramos Administrativos,Relaciones Exteriores,P002,Porcentaje Ejer/Modif,100.0,99.81327577195073,0.0,99.99965448667982,99.93558806410778,0.0,100.0,0.0,0.0,100.0,99.93568982657204,,0.0,
2025,Poder Ejecutivo,Ramos Administrativos,Relaciones Exteriores,P005,Promoción y defensa de los intereses de México en el ámbito multilateral,0.0,0.0,0.0,0.0,0.0,0.0,0.0,0.0,0.0,0.0,0.0,,0.0,
2025,Poder Ejecutivo,Ramos Administrativos,Relaciones Exteriores,P005,Aprobado,505727374.0,17605722.0,0.0,1963355698.0,2486688794.0,0.0,0.0,0.0,0.0,0.0,2486688794.0,100.0,0.0,0.0
2025,Poder Ejecutivo,Ramos Administrativos,Relaciones Exteriores,P005,Modificado,201999088.65,5388647.95,0.0,880949669.46,1088337406.06,0.0,0.0,0.0,0.0,0.0,1088337406.06,100.0,0.0,0.0
2025,Poder Ejecutivo,Ramos Administrativos,Relaciones Exteriores,P005,Devengado,201999088.65,5334194.1,0.0,880870633.76,1088203916.51,0.0,0.0,0.0,0.0,0.0,1088203916.51,100.0,0.0,0.0
2025,Poder Ejecutivo,Ramos Administrativos,Relaciones Exteriores,P005,Ejercido,201999088.65,5334194.1,0.0,880870633.76,1088203916.51,0.0,0.0,0.0,0.0,0.0,1088203916.51,100.0,0.0,0.0
2025,Poder Ejecutivo,Ramos Administrativos,Relaciones Exteriores,P005,Porcentaje Ejer/Aprob,39.94228887637789,30.298070706784983,0.0,44.865565351062536,43.76116219832855,0.0,0.0,0.0,0.0,0.0,43.76116219832855,,0.0,
2025,Poder Ejecutivo,Ramos Administrativos,Relaciones Exteriores,P005,Porcentaje Ejer/Modif,100.0,98.98947100450307,0.0,99.99102835238607,99.98773454360231,0.0,0.0,0.0,0.0,0.0,99.98773454360231,,0.0,
2025,Poder Ejecutivo,Ramos Administrativos,Hacienda y Crédito Público,TOTAL,Aprobado,18001677999.0,5705141290.0,0.0,3025886952.0,26732706241.0,0.0,0.0,0.0,0.0,0.0,26732706241.0,100.0,0.0,0.0
2025,Poder Ejecutivo,Ramos Administrativos,Hacienda y Crédito Público,TOTAL,Modificado,22645584076.27,10349958494.92,0.0,66585717081.73,99581259652.92,0.0,133919820.07,0.0,31182200382.59,31316120202.66,130897379855.58,76.07582349072892,0.0,23.924176509271074
2025,Poder Ejecutivo,Ramos Administrativos,Hacienda y Crédito Público,TOTAL,Devengado,22645584076.27,10349958494.92,0.0,66585717081.73,99581259652.92,0.0,133919820.07,0.0,31182200382.59,31316120202.66,130897379855.58,76.07582349072892,0.0,23.924176509271074
2025,Poder Ejecutivo,Ramos Administrativos,Hacienda y Crédito Público,TOTAL,Ejercido,22645584076.27,10349958494.92,0.0,66585717081.73,99581259652.92,0.0,133919820.07,0.0,31182200382.59,31316120202.66,130897379855.58,76.07582349072892,0.0,23.924176509271074
2025,Poder Ejecutivo,Ramos Administrativos,Hacienda y Crédito Público,TOTAL,Porcentaje Ejer/Aprob,125.7970733479844,181.41458675285497,0.0,0.0,372.5072155253479,0.0,0.0,0.0,0.0,0.0,489.652557715322,,0.0,
2025,Poder Ejecutivo,Ramos Administrativos,Hacienda y Crédito Público,TOTAL,Porcentaje Ejer/Modif,100.0,100.0,0.0,100.0,100.0,0.0,100.0,0.0,100.0,100.0,100.0,,0.0,
2025,Poder Ejecutivo,Ramos Administrativos,Hacienda y Crédito Público,B001,"Producción de impresos valorados, no valorados, numerados y de seguridad",0.0,0.0,0.0,0.0,0.0,0.0,0.0,0.0,0.0,0.0,0.0,,0.0,
2025,Poder Ejecutivo,Ramos Administrativos,Hacienda y Crédito Público,B001,Aprobado,63143814.0,129781752.0,0.0,0.0,192925566.0,0.0,0.0,0.0,0.0,0.0,192925566.0,100.0,0.0,0.0
2025,Poder Ejecutivo,Ramos Administrativos,Hacienda y Crédito Público,B001,Modificado,77782802.12,1271179809.95,0.0,0.0,1348962612.07,0.0,119804800.0,0.0,0.0,119804800.0,1468767412.07,91.8431741461942,0.0,8.15682585380579
2025,Poder Ejecutivo,Ramos Administrativos,Hacienda y Crédito Público,B001,Devengado,77782802.12,1271179809.95,0.0,0.0,1348962612.07,0.0,119804800.0,0.0,0.0,119804800.0,1468767412.07,91.8431741461942,0.0,8.15682585380579
2025,Poder Ejecutivo,Ramos Administrativos,Hacienda y Crédito Público,B001,Ejercido,77782802.12,1271179809.95,0.0,0.0,1348962612.07,0.0,119804800.0,0.0,0.0,119804800.0,1468767412.07,91.8431741461942,0.0,8.15682585380579
2025,Poder Ejecutivo,Ramos Administrativos,Hacienda y Crédito Público,B001,Porcentaje Ejer/Aprob,123.18356651690378,0.0,0.0,0.0,0.0,0.0,0.0,0.0,0.0,0.0,0.0,,0.0,
2025,Poder Ejecutivo,Ramos Administrativos,Hacienda y Crédito Público,B001,Porcentaje Ejer/Modif,100.0,100.0,0.0,0.0,100.0,0.0,100.0,0.0,0.0,100.0,100.0,,0.0,
2025,Poder Ejecutivo,Ramos Administrativos,Hacienda y Crédito Público,E003,Administración de los recursos y valores federales,0.0,0.0,0.0,0.0,0.0,0.0,0.0,0.0,0.0,0.0,0.0,,0.0,
2025,Poder Ejecutivo,Ramos Administrativos,Hacienda y Crédito Público,E003,Aprobado,187821782.0,578710711.0,0.0,0.0,766532493.0,0.0,0.0,0.0,0.0,0.0,766532493.0,100.0,0.0,0.0
2025,Poder Ejecutivo,Ramos Administrativos,Hacienda y Crédito Público,E003,Modificado,213832194.52,282773936.49,0.0,46498774.26,543104905.27,0.0,0.0,0.0,0.0,0.0,543104905.27,100.0,0.0,0.0
2025,Poder Ejecutivo,Ramos Administrativos,Hacienda y Crédito Público,E003,Devengado,213832194.52,282773936.49,0.0,46498774.26,543104905.27,0.0,0.0,0.0,0.0,0.0,543104905.27,100.0,0.0,0.0
2025,Poder Ejecutivo,Ramos Administrativos,Hacienda y Crédito Público,E003,Ejercido,213832194.52,282773936.49,0.0,46498774.26,543104905.27,0.0,0.0,0.0,0.0,0.0,543104905.27,100.0,0.0,0.0
2025,Poder Ejecutivo,Ramos Administrativos,Hacienda y Crédito Público,E003,Porcentaje Ejer/Aprob,113.84845370064693,48.86274456565225,0.0,0.0,70.85217002927493,0.0,0.0,0.0,0.0,0.0,70.85217002927493,,0.0,
2025,Poder Ejecutivo,Ramos Administrativos,Hacienda y Crédito Público,E003,Porcentaje Ejer/Modif,100.0,100.0,0.0,100.0,100.0,0.0,0.0,0.0,0.0,0.0,100.0,,0.0,
2025,Poder Ejecutivo,Ramos Administrativos,Hacienda y Crédito Público,E008,"Administración, restauración y difusión del acervo patrimonial y documental de la SHCP",0.0,0.0,0.0,0.0,0.0,0.0,0.0,0.0,0.0,0.0,0.0,,0.0,
2025,Poder Ejecutivo,Ramos Administrativos,Hacienda y Crédito Público,E008,Aprobado,80515888.0,22372321.0,0.0,1460240.0,104348449.0,0.0,0.0,0.0,0.0,0.0,104348449.0,100.0,0.0,0.0
2025,Poder Ejecutivo,Ramos Administrativos,Hacienda y Crédito Público,E008,Modificado,109350099.08,35803050.22,0.0,1015391.07,146168540.37,0.0,0.0,0.0,0.0,0.0,146168540.37,100.0,0.0,0.0
2025,Poder Ejecutivo,Ramos Administrativos,Hacienda y Crédito Público,E008,Devengado,109350099.08,35803050.22,0.0,1015391.07,146168540.37,0.0,0.0,0.0,0.0,0.0,146168540.37,100.0,0.0,0.0
2025,Poder Ejecutivo,Ramos Administrativos,Hacienda y Crédito Público,E008,Ejercido,109350099.08,35803050.22,0.0,1015391.07,146168540.37,0.0,0.0,0.0,0.0,0.0,146168540.37,100.0,0.0,0.0
2025,Poder Ejecutivo,Ramos Administrativos,Hacienda y Crédito Público,E008,Porcentaje Ejer/Aprob,135.81182769790726,160.0327932895295,0.0,69.5359030022462,140.07734831784612,0.0,0.0,0.0,0.0,0.0,140.07734831784612,,0.0,
2025,Poder Ejecutivo,Ramos Administrativos,Hacienda y Crédito Público,E008,Porcentaje Ejer/Modif,100.0,100.0,0.0,100.0,100.0,0.0,0.0,0.0,0.0,0.0,100.0,,0.0,
2025,Poder Ejecutivo,Ramos Administrativos,Hacienda y Crédito Público,E011,Protección y Defensa de los Usuarios de Servicios Financieros,0.0,0.0,0.0,0.0,0.0,0.0,0.0,0.0,0.0,0.0,0.0,,0.0,
2025,Poder Ejecutivo,Ramos Administrativos,Hacienda y Crédito Público,E011,Aprobado,415759004.0,123615597.0,0.0,3480994.0,542855595.0,0.0,0.0,0.0,0.0,0.0,542855595.0,100.0,0.0,0.0
2025,Poder Ejecutivo,Ramos Administrativos,Hacienda y Crédito Público,E011,Modificado,424730362.33,114495212.13,0.0,3218209.0,542443783.46,0.0,0.0,0.0,0.0,0.0,542443783.46,100.0,0.0,0.0
2025,Poder Ejecutivo,Ramos Administrativos,Hacienda y Crédito Público,E011,Devengado,424730362.33,114495212.13,0.0,3218209.0,542443783.46,0.0,0.0,0.0,0.0,0.0,542443783.46,100.0,0.0,0.0
2025,Poder Ejecutivo,Ramos Administrativos,Hacienda y Crédito Público,E011,Ejercido,424730362.33,114495212.13,0.0,3218209.0,542443783.46,0.0,0.0,0.0,0.0,0.0,542443783.46,100.0,0.0,0.0
2025,Poder Ejecutivo,Ramos Administrativos,Hacienda y Crédito Público,E011,Porcentaje Ejer/Aprob,102.15782658792398,92.62197886727836,0.0,92.45086317299024,99.9241397631722,0.0,0.0,0.0,0.0,0.0,99.9241397631722,,0.0,
2025,Poder Ejecutivo,Ramos Administrativos,Hacienda y Crédito Público,E011,Porcentaje Ejer/Modif,100.0,100.0,0.0,100.0,100.0,0.0,0.0,0.0,0.0,0.0,100.0,,0.0,
2025,Poder Ejecutivo,Ramos Administrativos,Hacienda y Crédito Público,E016,Funciones de otorgamiento de crédito a estados y municipios,0.0,0.0,0.0,0.0,0.0,0.0,0.0,0.0,0.0,0.0,0.0,,0.0,
2025,Poder Ejecutivo,Ramos Administrativos,Hacienda y Crédito Público,E016,Aprobado,0.0,0.0,0.0,0.0,0.0,0.0,0.0,0.0,0.0,0.0,0.0,0.0,0.0,0.0
2025,Poder Ejecutivo,Ramos Administrativos,Hacienda y Crédito Público,E016,Modificado,0.0,0.0,0.0,0.0,0.0,0.0,0.0,0.0,8064000000.0,8064000000.0,8064000000.0,0.0,0.0,100.0
2025,Poder Ejecutivo,Ramos Administrativos,Hacienda y Crédito Público,E016,Devengado,0.0,0.0,0.0,0.0,0.0,0.0,0.0,0.0,8064000000.0,8064000000.0,8064000000.0,0.0,0.0,100.0
2025,Poder Ejecutivo,Ramos Administrativos,Hacienda y Crédito Público,E016,Ejercido,0.0,0.0,0.0,0.0,0.0,0.0,0.0,0.0,8064000000.0,8064000000.0,8064000000.0,0.0,0.0,100.0
2025,Poder Ejecutivo,Ramos Administrativos,Hacienda y Crédito Público,E016,Porcentaje Ejer/Aprob,0.0,0.0,0.0,0.0,0.0,0.0,0.0,0.0,0.0,0.0,0.0,,0.0,
2025,Poder Ejecutivo,Ramos Administrativos,Hacienda y Crédito Público,E016,Porcentaje Ejer/Modif,0.0,0.0,0.0,0.0,0.0,0.0,0.0,0.0,100.0,100.0,100.0,,0.0,
2025,Poder Ejecutivo,Ramos Administrativos,Hacienda y Crédito Público,E021,Operación de financiamiento para el personal de las fuerzas armadas,0.0,0.0,0.0,0.0,0.0,0.0,0.0,0.0,0.0,0.0,0.0,,0.0,
2025,Poder Ejecutivo,Ramos Administrativos,Hacienda y Crédito Público,E021,Aprobado,0.0,0.0,0.0,0.0,0.0,0.0,0.0,0.0,0.0,0.0,0.0,0.0,0.0,0.0
2025,Poder Ejecutivo,Ramos Administrativos,Hacienda y Crédito Público,E021,Modificado,0.0,0.0,0.0,0.0,0.0,0.0,0.0,0.0,3208000000.0,3208000000.0,3208000000.0,0.0,0.0,100.0
2025,Poder Ejecutivo,Ramos Administrativos,Hacienda y Crédito Público,E021,Devengado,0.0,0.0,0.0,0.0,0.0,0.0,0.0,0.0,3208000000.0,3208000000.0,3208000000.0,0.0,0.0,100.0
2025,Poder Ejecutivo,Ramos Administrativos,Hacienda y Crédito Público,E021,Ejercido,0.0,0.0,0.0,0.0,0.0,0.0,0.0,0.0,3208000000.0,3208000000.0,3208000000.0,0.0,0.0,100.0
2025,Poder Ejecutivo,Ramos Administrativos,Hacienda y Crédito Público,E021,Porcentaje Ejer/Aprob,0.0,0.0,0.0,0.0,0.0,0.0,0.0,0.0,0.0,0.0,0.0,,0.0,
2025,Poder Ejecutivo,Ramos Administrativos,Hacienda y Crédito Público,E021,Porcentaje Ejer/Modif,0.0,0.0,0.0,0.0,0.0,0.0,0.0,0.0,100.0,100.0,100.0,,0.0,
2025,Poder Ejecutivo,Ramos Administrativos,Hacienda y Crédito Público,E025,Control de la operación aduanera,0.0,0.0,0.0,0.0,0.0,0.0,0.0,0.0,0.0,0.0,0.0,,0.0,
2025,Poder Ejecutivo,Ramos Administrativos,Hacienda y Crédito Público,E025,Aprobado,1812885344.0,120276933.0,0.0,4390573.0,1937552850.0,0.0,0.0,0.0,0.0,0.0,1937552850.0,100.0,0.0,0.0
2025,Poder Ejecutivo,Ramos Administrativos,Hacienda y Crédito Público,E025,Modificado,3724340562.23,1142780523.0,0.0,17334571.94,4884455657.17,0.0,0.0,0.0,0.0,0.0,4884455657.17,100.0,0.0,0.0
2025,Poder Ejecutivo,Ramos Administrativos,Hacienda y Crédito Público,E025,Devengado,3724340562.23,1142780523.0,0.0,17334571.94,4884455657.17,0.0,0.0,0.0,0.0,0.0,4884455657.17,100.0,0.0,0.0
2025,Poder Ejecutivo,Ramos Administrativos,Hacienda y Crédito Público,E025,Ejercido,3724340562.23,1142780523.0,0.0,17334571.94,4884455657.17,0.0,0.0,0.0,0.0,0.0,4884455657.17,100.0,0.0,0.0
2025,Poder Ejecutivo,Ramos Administrativos,Hacienda y Crédito Público,E025,Porcentaje Ejer/Aprob,205.43718192417577,0.0,0.0,394.81343186868776,252.09406066884833,0.0,0.0,0.0,0.0,0.0,252.09406066884833,,0.0,
2025,Poder Ejecutivo,Ramos Administrativos,Hacienda y Crédito Público,E025,Porcentaje Ejer/Modif,100.0,100.0,0.0,100.0,100.0,0.0,0.0,0.0,0.0,0.0,100.0,,0.0,
2025,Poder Ejecutivo,Ramos Administrativos,Hacienda y Crédito Público,E026,Recaudación de las contribuciones federales,0.0,0.0,0.0,0.0,0.0,0.0,0.0,0.0,0.0,0.0,0.0,,0.0,
2025,Poder Ejecutivo,Ramos Administrativos,Hacienda y Crédito Público,E026,Aprobado,8467175982.0,865833878.0,0.0,82056305.0,9415066165.0,0.0,0.0,0.0,0.0,0.0,9415066165.0,100.0,0.0,0.0
2025,Poder Ejecutivo,Ramos Administrativos,Hacienda y Crédito Público,E026,Modificado,9417621932.38,1268411979.59,0.0,270292093.87,10956326005.84,0.0,1812829.44,0.0,0.0,1812829.44,10958138835.28,99.9834567761255,0.0,0.0
2025,Poder Ejecutivo,Ramos Administrativos,Hacienda y Crédito Público,E026,Devengado,9417621932.38,1268411979.59,0.0,270292093.87,10956326005.84,0.0,1812829.44,0.0,0.0,1812829.44,10958138835.28,99.9834567761255,0.0,0.0
2025,Poder Ejecutivo,Ramos Administrativos,Hacienda y Crédito Público,E026,Ejercido,9417621932.38,1268411979.59,0.0,270292093.87,10956326005.84,0.0,1812829.44,0.0,0.0,1812829.44,10958138835.28,99.9834567761255,0.0,0.0
2025,Poder Ejecutivo,Ramos Administrativos,Hacienda y Crédito Público,E026,Porcentaje Ejer/Aprob,111.22506432369555,146.49599788355704,0.0,329.3983245650654,116.3701434894802,0.0,0.0,0.0,0.0,0.0,116.3893980481655,,0.0,
2025,Poder Ejecutivo,Ramos Administrativos,Hacienda y Crédito Público,E026,Porcentaje Ejer/Modif,100.0,100.0,0.0,100.0,100.0,0.0,100.0,0.0,0.0,100.0,100.0,,0.0,
2025,Poder Ejecutivo,Ramos Administrativos,Hacienda y Crédito Público,E032,Administración y enajenación de activos,0.0,0.0,0.0,0.0,0.0,0.0,0.0,0.0,0.0,0.0,0.0,,0.0,
2025,Poder Ejecutivo,Ramos Administrativos,Hacienda y Crédito Público,E032,Aprobado,511501834.0,286975345.0,0.0,2450855577.0,3249332756.0,0.0,0.0,0.0,0.0,0.0,3249332756.0,100.0,0.0,0.0
2025,Poder Ejecutivo,Ramos Administrativos,Hacienda y Crédito Público,E032,Modificado,485083379.15,212984394.49,0.0,3945021920.6,4643089694.24,0.0,0.0,0.0,0.0,0.0,4643089694.24,100.0,0.0,0.0
2025,Poder Ejecutivo,Ramos Administrativos,Hacienda y Crédito Público,E032,Devengado,485083379.15,212984394.49,0.0,3945021920.6,4643089694.24,0.0,0.0,0.0,0.0,0.0,4643089694.24,100.0,0.0,0.0
2025,Poder Ejecutivo,Ramos Administrativos,Hacienda y Crédito Público,E032,Ejercido,485083379.15,212984394.49,0.0,3945021920.6,4643089694.24,0.0,0.0,0.0,0.0,0.0,4643089694.24,100.0,0.0,0.0
2025,Poder Ejecutivo,Ramos Administrativos,Hacienda y Crédito Público,E032,Porcentaje Ejer/Aprob,94.8351202099502,74.2169660916341,0.0,160.96509144080014,142.89363518298893,0.0,0.0,0.0,0.0,0.0,142.89363518298893,,0.0,
2025,Poder Ejecutivo,Ramos Administrativos,Hacienda y Crédito Público,E032,Porcentaje Ejer/Modif,100.0,100.0,0.0,100.0,100.0,0.0,0.0,0.0,0.0,0.0,100.0,,0.0,
2025,Poder Ejecutivo,Ramos Administrativos,Hacienda y Crédito Público,F007,Operación de financiamiento para la exportación,0.0,0.0,0.0,0.0,0.0,0.0,0.0,0.0,0.0,0.0,0.0,,0.0,
2025,Poder Ejecutivo,Ramos Administrativos,Hacienda y Crédito Público,F007,Aprobado,0.0,0.0,0.0,0.0,0.0,0.0,0.0,0.0,0.0,0.0,0.0,0.0,0.0,0.0
2025,Poder Ejecutivo,Ramos Administrativos,Hacienda y Crédito Público,F007,Modificado,0.0,0.0,0.0,0.0,0.0,0.0,0.0,0.0,6466000000.0,6466000000.0,6466000000.0,0.0,0.0,100.0
2025,Poder Ejecutivo,Ramos Administrativos,Hacienda y Crédito Público,F007,Devengado,0.0,0.0,0.0,0.0,0.0,0.0,0.0,0.0,6466000000.0,6466000000.0,6466000000.0,0.0,0.0,100.0
2025,Poder Ejecutivo,Ramos Administrativos,Hacienda y Crédito Público,F007,Ejercido,0.0,0.0,0.0,0.0,0.0,0.0,0.0,0.0,6466000000.0,6466000000.0,6466000000.0,0.0,0.0,100.0
2025,Poder Ejecutivo,Ramos Administrativos,Hacienda y Crédito Público,F007,Porcentaje Ejer/Aprob,0.0,0.0,0.0,0.0,0.0,0.0,0.0,0.0,0.0,0.0,0.0,,0.0,
2025,Poder Ejecutivo,Ramos Administrativos,Hacienda y Crédito Público,F007,Porcentaje Ejer/Modif,0.0,0.0,0.0,0.0,0.0,0.0,0.0,0.0,100.0,100.0,100.0,,0.0,
2025,Poder Ejecutivo,Ramos Administrativos,Hacienda y Crédito Público,F009,Promoción y acercamiento a los servicios financieros,0.0,0.0,0.0,0.0,0.0,0.0,0.0,0.0,0.0,0.0,0.0,,0.0,
2025,Poder Ejecutivo,Ramos Administrativos,Hacienda y Crédito Público,F009,Aprobado,749566644.0,356797728.0,0.0,0.0,1106364372.0,0.0,0.0,0.0,0.0,0.0,1106364372.0,100.0,0.0,0.0
2025,Poder Ejecutivo,Ramos Administrativos,Hacienda y Crédito Público,F009,Modificado,1503933256.09,474469263.79,0.0,897498.0,1979300017.88,0.0,0.0,0.0,22800000.0,22800000.0,2002100017.88,98.86119575463854,0.0,1.1388042453614604
2025,Poder Ejecutivo,Ramos Administrativos,Hacienda y Crédito Público,F009,Devengado,1503933256.09,474469263.79,0.0,897498.0,1979300017.88,0.0,0.0,0.0,22800000.0,22800000.0,2002100017.88,98.86119575463854,0.0,1.1388042453614604
2025,Poder Ejecutivo,Ramos Administrativos,Hacienda y Crédito Público,F009,Ejercido,1503933256.09,474469263.79,0.0,897498.0,1979300017.88,0.0,0.0,0.0,22800000.0,22800000.0,2002100017.88,98.86119575463854,0.0,1.1388042453614604
2025,Poder Ejecutivo,Ramos Administrativos,Hacienda y Crédito Público,F009,Porcentaje Ejer/Aprob,200.64036575378879,132.97990053064464,0.0,0.0,178.90127953975727,0.0,0.0,0.0,0.0,0.0,180.9620834283337,,0.0,
2025,Poder Ejecutivo,Ramos Administrativos,Hacienda y Crédito Público,F009,Porcentaje Ejer/Modif,100.0,100.0,0.0,100.0,100.0,0.0,0.0,0.0,100.0,100.0,100.0,,0.0,
2025,Poder Ejecutivo,Ramos Administrativos,Hacienda y Crédito Público,F026,Operación de financiamiento y asistencia técnica,0.0,0.0,0.0,0.0,0.0,0.0,0.0,0.0,0.0,0.0,0.0,,0.0,
2025,Poder Ejecutivo,Ramos Administrativos,Hacienda y Crédito Público,F026,Aprobado,0.0,0.0,0.0,0.0,0.0,0.0,0.0,0.0,0.0,0.0,0.0,0.0,0.0,0.0
2025,Poder Ejecutivo,Ramos Administrativos,Hacienda y Crédito Público,F026,Modificado,0.0,0.0,0.0,0.0,0.0,0.0,0.0,0.0,6456000000.0,6456000000.0,6456000000.0,0.0,0.0,100.0
2025,Poder Ejecutivo,Ramos Administrativos,Hacienda y Crédito Público,F026,Devengado,0.0,0.0,0.0,0.0,0.0,0.0,0.0,0.0,6456000000.0,6456000000.0,6456000000.0,0.0,0.0,100.0
2025,Poder Ejecutivo,Ramos Administrativos,Hacienda y Crédito Público,F026,Ejercido,0.0,0.0,0.0,0.0,0.0,0.0,0.0,0.0,6456000000.0,6456000000.0,6456000000.0,0.0,0.0,100.0
2025,Poder Ejecutivo,Ramos Administrativos,Hacienda y Crédito Público,F026,Porcentaje Ejer/Aprob,0.0,0.0,0.0,0.0,0.0,0.0,0.0,0.0,0.0,0.0,0.0,,0.0,
2025,Poder Ejecutivo,Ramos Administrativos,Hacienda y Crédito Público,F026,Porcentaje Ejer/Modif,0.0,0.0,0.0,0.0,0.0,0.0,0.0,0.0,100.0,100.0,100.0,,0.0,
2025,Poder Ejecutivo,Ramos Administrativos,Hacienda y Crédito Público,F035,Programa de Inclusión Financiera,0.0,0.0,0.0,0.0,0.0,0.0,0.0,0.0,0.0,0.0,0.0,,0.0,
2025,Poder Ejecutivo,Ramos Administrativos,Hacienda y Crédito Público,F035,Aprobado,0.0,2356963207.0,0.0,0.0,2356963207.0,0.0,0.0,0.0,0.0,0.0,2356963207.0,100.0,0.0,0.0
2025,Poder Ejecutivo,Ramos Administrativos,Hacienda y Crédito Público,F035,Modificado,0.0,139285209.22,0.0,0.0,139285209.22,0.0,0.0,0.0,2380000000.0,2380000000.0,2519285209.22,5.528759058730167,0.0,94.47124094126984
2025,Poder Ejecutivo,Ramos Administrativos,Hacienda y Crédito Público,F035,Devengado,0.0,139285209.22,0.0,0.0,139285209.22,0.0,0.0,0.0,2380000000.0,2380000000.0,2519285209.22,5.528759058730167,0.0,94.47124094126984
2025,Poder Ejecutivo,Ramos Administrativos,Hacienda y Crédito Público,F035,Ejercido,0.0,139285209.22,0.0,0.0,139285209.22,0.0,0.0,0.0,2380000000.0,2380000000.0,2519285209.22,5.528759058730167,0.0,94.47124094126984
2025,Poder Ejecutivo,Ramos Administrativos,Hacienda y Crédito Público,F035,Porcentaje Ejer/Aprob,0.0,5.9095198773715945,0.0,0.0,5.9095198773715945,0.0,0.0,0.0,0.0,0.0,106.8869128604942,,0.0,
2025,Poder Ejecutivo,Ramos Administrativos,Hacienda y Crédito Público,F035,Porcentaje Ejer/Modif,0.0,100.0,0.0,0.0,100.0,0.0,0.0,0.0,100.0,100.0,100.0,,0.0,
2025,Poder Ejecutivo,Ramos Administrativos,Hacienda y Crédito Público,G001,Regulación del sector financiero,0.0,0.0,0.0,0.0,0.0,0.0,0.0,0.0,0.0,0.0,0.0,,0.0,
2025,Poder Ejecutivo,Ramos Administrativos,Hacienda y Crédito Público,G001,Aprobado,113547063.0,41635009.0,0.0,0.0,155182072.0,0.0,0.0,0.0,0.0,0.0,155182072.0,100.0,0.0,0.0
2025,Poder Ejecutivo,Ramos Administrativos,Hacienda y Crédito Público,G001,Modificado,137250432.66,3056812947.96,0.0,104085.74,3194167466.36,0.0,0.0,0.0,0.0,0.0,3194167466.36,100.0,0.0,0.0
2025,Poder Ejecutivo,Ramos Administrativos,Hacienda y Crédito Público,G001,Devengado,137250432.66,3056812947.96,0.0,104085.74,3194167466.36,0.0,0.0,0.0,0.0,0.0,3194167466.36,100.0,0.0,0.0
2025,Poder Ejecutivo,Ramos Administrativos,Hacienda y Crédito Público,G001,Ejercido,137250432.66,3056812947.96,0.0,104085.74,3194167466.36,0.0,0.0,0.0,0.0,0.0,3194167466.36,100.0,0.0,0.0
2025,Poder Ejecutivo,Ramos Administrativos,Hacienda y Crédito Público,G001,Porcentaje Ejer/Aprob,120.87537011855602,0.0,0.0,0.0,0.0,0.0,0.0,0.0,0.0,0.0,0.0,,0.0,
2025,Poder Ejecutivo,Ramos Administrativos,Hacienda y Crédito Público,G001,Porcentaje Ejer/Modif,100.0,100.0,0.0,100.0,100.0,0.0,0.0,0.0,0.0,0.0,100.0,,0.0,
2025,Poder Ejecutivo,Ramos Administrativos,Hacienda y Crédito Público,G002,Detección y prevención de ilícitos financieros,0.0,0.0,0.0,0.0,0.0,0.0,0.0,0.0,0.0,0.0,0.0,,0.0,
2025,Poder Ejecutivo,Ramos Administrativos,Hacienda y Crédito Público,G002,Aprobado,127026389.0,31906600.0,0.0,4593859.0,163526848.0,0.0,0.0,0.0,0.0,0.0,163526848.0,100.0,0.0,0.0
2025,Poder Ejecutivo,Ramos Administrativos,Hacienda y Crédito Público,G002,Modificado,159581553.34,48617412.77,0.0,6722679.53,214921645.64,0.0,0.0,0.0,0.0,0.0,214921645.64,100.0,0.0,0.0
2025,Poder Ejecutivo,Ramos Administrativos,Hacienda y Crédito Público,G002,Devengado,159581553.34,48617412.77,0.0,6722679.53,214921645.64,0.0,0.0,0.0,0.0,0.0,214921645.64,100.0,0.0,0.0
2025,Poder Ejecutivo,Ramos Administrativos,Hacienda y Crédito Público,G002,Ejercido,159581553.34,48617412.77,0.0,6722679.53,214921645.64,0.0,0.0,0.0,0.0,0.0,214921645.64,100.0,0.0,0.0
2025,Poder Ejecutivo,Ramos Administrativos,Hacienda y Crédito Público,G002,Porcentaje Ejer/Aprob,125.62866235613453,152.37415697692643,0.0,146.34057183731585,131.42896611081255,0.0,0.0,0.0,0.0,0.0,131.42896611081255,,0.0,
2025,Poder Ejecutivo,Ramos Administrativos,Hacienda y Crédito Público,G002,Porcentaje Ejer/Modif,100.0,100.0,0.0,100.0,100.0,0.0,0.0,0.0,0.0,0.0,100.0,,0.0,
2025,Poder Ejecutivo,Ramos Administrativos,Hacienda y Crédito Público,G003,Regulación y supervisión del Sistema de Ahorro para el Retiro,0.0,0.0,0.0,0.0,0.0,0.0,0.0,0.0,0.0,0.0,0.0,,0.0,
2025,Poder Ejecutivo,Ramos Administrativos,Hacienda y Crédito Público,G003,Aprobado,137048608.0,26827401.0,0.0,339266.0,164215275.0,0.0,0.0,0.0,0.0,0.0,164215275.0,100.0,0.0,0.0
2025,Poder Ejecutivo,Ramos Administrativos,Hacienda y Crédito Público,G003,Modificado,195980290.12,135264712.68,0.0,3461445.34,334706448.14,0.0,0.0,0.0,0.0,0.0,334706448.14,100.0,0.0,0.0
2025,Poder Ejecutivo,Ramos Administrativos,Hacienda y Crédito Público,G003,Devengado,195980290.12,135264712.68,0.0,3461445.34,334706448.14,0.0,0.0,0.0,0.0,0.0,334706448.14,100.0,0.0,0.0
2025,Poder Ejecutivo,Ramos Administrativos,Hacienda y Crédito Público,G003,Ejercido,195980290.12,135264712.68,0.0,3461445.34,334706448.14,0.0,0.0,0.0,0.0,0.0,334706448.14,100.0,0.0,0.0
2025,Poder Ejecutivo,Ramos Administrativos,Hacienda y Crédito Público,G003,Porcentaje Ejer/Aprob,143.00056963730708,0.0,0.0,0.0,203.82175052838414,0.0,0.0,0.0,0.0,0.0,203.82175052838414,,0.0,
2025,Poder Ejecutivo,Ramos Administrativos,Hacienda y Crédito Público,G003,Porcentaje Ejer/Modif,100.0,100.0,0.0,100.0,100.0,0.0,0.0,0.0,0.0,0.0,100.0,,0.0,
2025,Poder Ejecutivo,Ramos Administrativos,Hacienda y Crédito Público,G004,Regulación y supervisión del sector asegurador y afianzador,0.0,0.0,0.0,0.0,0.0,0.0,0.0,0.0,0.0,0.0,0.0,,0.0,
2025,Poder Ejecutivo,Ramos Administrativos,Hacienda y Crédito Público,G004,Aprobado,179098256.0,11813892.0,0.0,923124.0,191835272.0,0.0,0.0,0.0,0.0,0.0,191835272.0,100.0,0.0,0.0
2025,Poder Ejecutivo,Ramos Administrativos,Hacienda y Crédito Público,G004,Modificado,236658874.56,166286207.58,0.0,1511887.38,404456969.52,0.0,0.0,0.0,0.0,0.0,404456969.52,100.0,0.0,0.0
2025,Poder Ejecutivo,Ramos Administrativos,Hacienda y Crédito Público,G004,Devengado,236658874.56,166286207.58,0.0,1511887.38,404456969.52,0.0,0.0,0.0,0.0,0.0,404456969.52,100.0,0.0,0.0
2025,Poder Ejecutivo,Ramos Administrativos,Hacienda y Crédito Público,G004,Ejercido,236658874.56,166286207.58,0.0,1511887.38,404456969.52,0.0,0.0,0.0,0.0,0.0,404456969.52,100.0,0.0,0.0
2025,Poder Ejecutivo,Ramos Administrativos,Hacienda y Crédito Público,G004,Porcentaje Ejer/Aprob,132.1391284569516,0.0,0.0,163.77944674821583,210.8355597504509,0.0,0.0,0.0,0.0,0.0,210.8355597504509,,0.0,
2025,Poder Ejecutivo,Ramos Administrativos,Hacienda y Crédito Público,G004,Porcentaje Ejer/Modif,100.0,100.0,0.0,100.0,100.0,0.0,0.0,0.0,0.0,0.0,100.0,,0.0,
2025,Poder Ejecutivo,Ramos Administrativos,Hacienda y Crédito Público,G005,Regulación y supervisión de las entidades del sistema financiero mexicano,0.0,0.0,0.0,0.0,0.0,0.0,0.0,0.0,0.0,0.0,0.0,,0.0,
2025,Poder Ejecutivo,Ramos Administrativos,Hacienda y Crédito Público,G005,Aprobado,1184750144.0,41826472.0,0.0,613989.0,1227190605.0,0.0,0.0,0.0,0.0,0.0,1227190605.0,100.0,0.0,0.0
2025,Poder Ejecutivo,Ramos Administrativos,Hacienda y Crédito Público,G005,Modificado,1113143438.15,614895222.75,0.0,5865368.67,1733904029.57,0.0,0.0,0.0,0.0,0.0,1733904029.57,100.0,0.0,0.0
2025,Poder Ejecutivo,Ramos Administrativos,Hacienda y Crédito Público,G005,Devengado,1113143438.15,614895222.75,0.0,5865368.67,1733904029.57,0.0,0.0,0.0,0.0,0.0,1733904029.57,100.0,0.0,0.0
2025,Poder Ejecutivo,Ramos Administrativos,Hacienda y Crédito Público,G005,Ejercido,1113143438.15,614895222.75,0.0,5865368.67,1733904029.57,0.0,0.0,0.0,0.0,0.0,1733904029.57,100.0,0.0,0.0
2025,Poder Ejecutivo,Ramos Administrativos,Hacienda y Crédito Público,G005,Porcentaje Ejer/Aprob,93.95596563438781,0.0,0.0,0.0,141.2905234529562,0.0,0.0,0.0,0.0,0.0,141.2905234529562,,0.0,
2025,Poder Ejecutivo,Ramos Administrativos,Hacienda y Crédito Público,G005,Porcentaje Ejer/Modif,100.0,100.0,0.0,100.0,100.0,0.0,0.0,0.0,0.0,0.0,100.0,,0.0,
2025,Poder Ejecutivo,Ramos Administrativos,Hacienda y Crédito Público,K024,Otros proyectos de infraestructura gubernamental,0.0,0.0,0.0,0.0,0.0,0.0,0.0,0.0,0.0,0.0,0.0,,0.0,
2025,Poder Ejecutivo,Ramos Administrativos,Hacienda y Crédito Público,K024,Aprobado,0.0,0.0,0.0,0.0,0.0,0.0,0.0,0.0,0.0,0.0,0.0,0.0,0.0,0.0
2025,Poder Ejecutivo,Ramos Administrativos,Hacienda y Crédito Público,K024,Modificado,0.0,0.0,0.0,0.0,0.0,0.0,10215118.63,0.0,0.0,10215118.63,10215118.63,0.0,0.0,100.0
2025,Poder Ejecutivo,Ramos Administrativos,Hacienda y Crédito Público,K024,Devengado,0.0,0.0,0.0,0.0,0.0,0.0,10215118.63,0.0,0.0,10215118.63,10215118.63,0.0,0.0,100.0
2025,Poder Ejecutivo,Ramos Administrativos,Hacienda y Crédito Público,K024,Ejercido,0.0,0.0,0.0,0.0,0.0,0.0,10215118.63,0.0,0.0,10215118.63,10215118.63,0.0,0.0,100.0
2025,Poder Ejecutivo,Ramos Administrativos,Hacienda y Crédito Público,K024,Porcentaje Ejer/Aprob,0.0,0.0,0.0,0.0,0.0,0.0,0.0,0.0,0.0,0.0,0.0,,0.0,
2025,Poder Ejecutivo,Ramos Administrativos,Hacienda y Crédito Público,K024,Porcentaje Ejer/Modif,0.0,0.0,0.0,0.0,0.0,0.0,100.0,0.0,0.0,100.0,100.0,,0.0,
2025,Poder Ejecutivo,Ramos Administrativos,Hacienda y Crédito Público,M001,Actividades de apoyo administrativo,0.0,0.0,0.0,0.0,0.0,0.0,0.0,0.0,0.0,0.0,0.0,,0.0,
2025,Poder Ejecutivo,Ramos Administrativos,Hacienda y Crédito Público,M001,Aprobado,2365009285.0,258064275.0,0.0,47232080.0,2670305640.0,0.0,0.0,0.0,0.0,0.0,2670305640.0,100.0,0.0,0.0
2025,Poder Ejecutivo,Ramos Administrativos,Hacienda y Crédito Público,M001,Modificado,2763782125.81,700711456.85,0.0,23533004.4,3488026587.06,0.0,2087072.0,0.0,0.0,2087072.0,3490113659.06,99.9402004575243,0.0,0.1
2025,Poder Ejecutivo,Ramos Administrativos,Hacienda y Crédito Público,M001,Devengado,2763782125.81,700711456.85,0.0,23533004.4,3488026587.06,0.0,2087072.0,0.0,0.0,2087072.0,3490113659.06,99.9402004575243,0.0,0.1
2025,Poder Ejecutivo,Ramos Administrativos,Hacienda y Crédito Público,M001,Ejercido,2763782125.81,700711456.85,0.0,23533004.4,3488026587.06,0.0,2087072.0,0.0,0.0,2087072.0,3490113659.06,99.9402004575243,0.0,0.1
2025,Poder Ejecutivo,Ramos Administrativos,Hacienda y Crédito Público,M001,Porcentaje Ejer/Aprob,116.86136470326795,271.52594323642825,0.0,49.824196605358054,130.6227472545053,0.0,0.0,0.0,0.0,0.0,130.7009057981842,,0.0,
2025,Poder Ejecutivo,Ramos Administrativos,Hacienda y Crédito Público,M001,Porcentaje Ejer/Modif,100.0,100.0,0.0,100.0,100.0,0.0,100.0,0.0,0.0,100.0,100.0,,0.0,
2025,Poder Ejecutivo,Ramos Administrativos,Hacienda y Crédito Público,O001,Actividades de apoyo a la función pública y buen gobierno,0.0,0.0,0.0,0.0,0.0,0.0,0.0,0.0,0.0,0.0,0.0,,0.0,
2025,Poder Ejecutivo,Ramos Administrativos,Hacienda y Crédito Público,O001,Aprobado,219367931.0,8321018.0,0.0,50182.0,227739131.0,0.0,0.0,0.0,0.0,0.0,227739131.0,100.0,0.0,0.0
2025,Poder Ejecutivo,Ramos Administrativos,Hacienda y Crédito Público,O001,Modificado,188275592.31,23701768.66,0.0,166447.71,212143808.68,0.0,0.0,0.0,0.0,0.0,212143808.68,100.0,0.0,0.0
2025,Poder Ejecutivo,Ramos Administrativos,Hacienda y Crédito Público,O001,Devengado,188275592.31,23701768.66,0.0,166447.71,212143808.68,0.0,0.0,0.0,0.0,0.0,212143808.68,100.0,0.0,0.0
2025,Poder Ejecutivo,Ramos Administrativos,Hacienda y Crédito Público,O001,Ejercido,188275592.31,23701768.66,0.0,166447.71,212143808.68,0.0,0.0,0.0,0.0,0.0,212143808.68,100.0,0.0,0.0
2025,Poder Ejecutivo,Ramos Administrativos,Hacienda y Crédito Público,O001,Porcentaje Ejer/Aprob,85.82639743728085,284.84217508002024,0.0,331.6880754055239,93.15211125487258,0.0,0.0,0.0,0.0,0.0,93.15211125487258,,0.0,
2025,Poder Ejecutivo,Ramos Administrativos,Hacienda y Crédito Público,O001,Porcentaje Ejer/Modif,100.0,100.0,0.0,100.0,100.0,0.0,0.0,0.0,0.0,0.0,100.0,,0.0,
2025,Poder Ejecutivo,Ramos Administrativos,Hacienda y Crédito Público,O007,Optimización de los inmuebles federales y valuación de los bienes nacionales,0.0,0.0,0.0,0.0,0.0,0.0,0.0,0.0,0.0,0.0,0.0,,0.0,
2025,Poder Ejecutivo,Ramos Administrativos,Hacienda y Crédito Público,O007,Aprobado,113363041.0,2261230.0,0.0,0.0,115624271.0,0.0,0.0,0.0,0.0,0.0,115624271.0,100.0,0.0,0.0
2025,Poder Ejecutivo,Ramos Administrativos,Hacienda y Crédito Público,O007,Modificado,230828738.54,222376424.39,0.0,280636.57,453485799.5,0.0,0.0,0.0,0.0,0.0,453485799.5,100.0,0.0,0.0
2025,Poder Ejecutivo,Ramos Administrativos,Hacienda y Crédito Público,O007,Devengado,230828738.54,222376424.39,0.0,280636.57,453485799.5,0.0,0.0,0.0,0.0,0.0,453485799.5,100.0,0.0,0.0
2025,Poder Ejecutivo,Ramos Administrativos,Hacienda y Crédito Público,O007,Ejercido,230828738.54,222376424.39,0.0,280636.57,453485799.5,0.0,0.0,0.0,0.0,0.0,453485799.5,100.0,0.0,0.0
2025,Poder Ejecutivo,Ramos Administrativos,Hacienda y Crédito Público,O007,Porcentaje Ejer/Aprob,203.61904241788994,0.0,0.0,0.0,392.2064075111012,0.0,0.0,0.0,0.0,0.0,392.2064075111012,,0.0,
2025,Poder Ejecutivo,Ramos Administrativos,Hacienda y Crédito Público,O007,Porcentaje Ejer/Modif,100.0,100.0,0.0,100.0,100.0,0.0,0.0,0.0,0.0,0.0,100.0,,0.0,
2025,Poder Ejecutivo,Ramos Administrativos,Hacienda y Crédito Público,P001,Diseño de la política de ingresos,0.0,0.0,0.0,0.0,0.0,0.0,0.0,0.0,0.0,0.0,0.0,,0.0,
2025,Poder Ejecutivo,Ramos Administrativos,Hacienda y Crédito Público,P001,Aprobado,272806302.0,156960598.0,0.0,18486548.0,448253448.0,0.0,0.0,0.0,0.0,0.0,448253448.0,100.0,0.0,0.0
2025,Poder Ejecutivo,Ramos Administrativos,Hacienda y Crédito Público,P001,Modificado,320494398.93,151935708.25,0.0,21464259.11,493894366.29,0.0,0.0,0.0,0.0,0.0,493894366.29,100.0,0.0,0.0
2025,Poder Ejecutivo,Ramos Administrativos,Hacienda y Crédito Público,P001,Devengado,320494398.93,151935708.25,0.0,21464259.11,493894366.29,0.0,0.0,0.0,0.0,0.0,493894366.29,100.0,0.0,0.0
2025,Poder Ejecutivo,Ramos Administrativos,Hacienda y Crédito Público,P001,Ejercido,320494398.93,151935708.25,0.0,21464259.11,493894366.29,0.0,0.0,0.0,0.0,0.0,493894366.29,100.0,0.0,0.0
2025,Poder Ejecutivo,Ramos Administrativos,Hacienda y Crédito Público,P001,Porcentaje Ejer/Aprob,117.48057012627223,96.79862983829865,0.0,116.10744802112325,110.18194472204037,0.0,0.0,0.0,0.0,0.0,110.18194472204037,,0.0,
2025,Poder Ejecutivo,Ramos Administrativos,Hacienda y Crédito Público,P001,Porcentaje Ejer/Modif,100.0,100.0,0.0,100.0,100.0,0.0,0.0,0.0,0.0,0.0,100.0,,0.0,
2025,Poder Ejecutivo,Ramos Administrativos,Hacienda y Crédito Público,P002,Diseño y conducción de la política de gasto público,0.0,0.0,0.0,0.0,0.0,0.0,0.0,0.0,0.0,0.0,0.0,,0.0,
2025,Poder Ejecutivo,Ramos Administrativos,Hacienda y Crédito Público,P002,Aprobado,457615006.0,101696108.0,0.0,0.0,559311114.0,0.0,0.0,0.0,0.0,0.0,559311114.0,100.0,0.0,0.0
2025,Poder Ejecutivo,Ramos Administrativos,Hacienda y Crédito Público,P002,Modificado,655063923.35,105715065.35,0.0,434554.84,761213543.54,0.0,0.0,0.0,0.0,0.0,761213543.54,100.0,0.0,0.0
2025,Poder Ejecutivo,Ramos Administrativos,Hacienda y Crédito Público,P002,Devengado,655063923.35,105715065.35,0.0,434554.84,761213543.54,0.0,0.0,0.0,0.0,0.0,761213543.54,100.0,0.0,0.0
2025,Poder Ejecutivo,Ramos Administrativos,Hacienda y Crédito Público,P002,Ejercido,655063923.35,105715065.35,0.0,434554.84,761213543.54,0.0,0.0,0.0,0.0,0.0,761213543.54,100.0,0.0,0.0
2025,Poder Ejecutivo,Ramos Administrativos,Hacienda y Crédito Público,P002,Porcentaje Ejer/Aprob,143.14738694342554,103.95192837664938,0.0,0.0,136.09841186527896,0.0,0.0,0.0,0.0,0.0,136.09841186527896,,0.0,
2025,Poder Ejecutivo,Ramos Administrativos,Hacienda y Crédito Público,P002,Porcentaje Ejer/Modif,100.0,100.0,0.0,100.0,100.0,0.0,0.0,0.0,0.0,0.0,100.0,,0.0,
2025,Poder Ejecutivo,Ramos Administrativos,Hacienda y Crédito Público,P003,Diseño y aplicación de la política económica,0.0,0.0,0.0,0.0,0.0,0.0,0.0,0.0,0.0,0.0,0.0,,0.0,
2025,Poder Ejecutivo,Ramos Administrativos,Hacienda y Crédito Público,P003,Aprobado,279532815.0,98572014.0,0.0,31404215.0,409509044.0,0.0,0.0,0.0,0.0,0.0,409509044.0,100.0,0.0,0.0
2025,Poder Ejecutivo,Ramos Administrativos,Hacienda y Crédito Público,P003,Modificado,344869767.23,99685504.07,0.0,61783944121.66,62228499392.96,0.0,0.0,0.0,4585400382.59,4585400382.59,66813899775.55,93.13705621435977,0.0,6.86294378564023
2025,Poder Ejecutivo,Ramos Administrativos,Hacienda y Crédito Público,P003,Devengado,344869767.23,99685504.07,0.0,61783944121.66,62228499392.96,0.0,0.0,0.0,4585400382.59,4585400382.59,66813899775.55,93.13705621435977,0.0,6.86294378564023
2025,Poder Ejecutivo,Ramos Administrativos,Hacienda y Crédito Público,P003,Ejercido,344869767.23,99685504.07,0.0,61783944121.66,62228499392.96,0.0,0.0,0.0,4585400382.59,4585400382.59,66813899775.55,93.13705621435977,0.0,6.86294378564023
2025,Poder Ejecutivo,Ramos Administrativos,Hacienda y Crédito Público,P003,Porcentaje Ejer/Aprob,123.37362510730627,101.1296208982805,0.0,0.0,0.0,0.0,0.0,0.0,0.0,0.0,0.0,,0.0,
2025,Poder Ejecutivo,Ramos Administrativos,Hacienda y Crédito Público,P003,Porcentaje Ejer/Modif,100.0,100.0,0.0,100.0,100.0,0.0,0.0,0.0,100.0,100.0,100.0,,0.0,
2025,Poder Ejecutivo,Ramos Administrativos,Hacienda y Crédito Público,P004,Asesoría jurídica y representación judicial y administrativa de la SHCP,0.0,0.0,0.0,0.0,0.0,0.0,0.0,0.0,0.0,0.0,0.0,,0.0,
2025,Poder Ejecutivo,Ramos Administrativos,Hacienda y Crédito Público,P004,Aprobado,264142867.0,83929201.0,0.0,0.0,348072068.0,0.0,0.0,0.0,0.0,0.0,348072068.0,100.0,0.0,0.0
2025,Poder Ejecutivo,Ramos Administrativos,Hacienda y Crédito Público,P004,Modificado,342980353.37,81772684.73,0.0,44751.04,424797789.14,0.0,0.0,0.0,0.0,0.0,424797789.14,100.0,0.0,0.0
2025,Poder Ejecutivo,Ramos Administrativos,Hacienda y Crédito Público,P004,Devengado,342980353.37,81772684.73,0.0,44751.04,424797789.14,0.0,0.0,0.0,0.0,0.0,424797789.14,100.0,0.0,0.0
2025,Poder Ejecutivo,Ramos Administrativos,Hacienda y Crédito Público,P004,Ejercido,342980353.37,81772684.73,0.0,44751.04,424797789.14,0.0,0.0,0.0,0.0,0.0,424797789.14,100.0,0.0,0.0
2025,Poder Ejecutivo,Ramos Administrativos,Hacienda y Crédito Público,P004,Porcentaje Ejer/Aprob,129.84653239566754,97.4305530800895,0.0,0.0,122.04305607768562,0.0,0.0,0.0,0.0,0.0,122.04305607768562,,0.0,
2025,Poder Ejecutivo,Ramos Administrativos,Hacienda y Crédito Público,P004,Porcentaje Ejer/Modif,100.0,100.0,0.0,100.0,100.0,0.0,0.0,0.0,0.0,0.0,100.0,,0.0,
2025,Poder Ejecutivo,Ramos Administrativos,Hacienda y Crédito Público,R021,Administración del Fondo de Pensiones,0.0,0.0,0.0,0.0,0.0,0.0,0.0,0.0,0.0,0.0,0.0,,0.0,
2025,Poder Ejecutivo,Ramos Administrativos,Hacienda y Crédito Público,R021,Aprobado,0.0,0.0,0.0,380000000.0,380000000.0,0.0,0.0,0.0,0.0,0.0,380000000.0,100.0,0.0,0.0
2025,Poder Ejecutivo,Ramos Administrativos,Hacienda y Crédito Público,R021,Modificado,0.0,0.0,0.0,380000000.0,380000000.0,0.0,0.0,0.0,0.0,0.0,380000000.0,100.0,0.0,0.0
2025,Poder Ejecutivo,Ramos Administrativos,Hacienda y Crédito Público,R021,Devengado,0.0,0.0,0.0,380000000.0,380000000.0,0.0,0.0,0.0,0.0,0.0,380000000.0,100.0,0.0,0.0
2025,Poder Ejecutivo,Ramos Administrativos,Hacienda y Crédito Público,R021,Ejercido,0.0,0.0,0.0,380000000.0,380000000.0,0.0,0.0,0.0,0.0,0.0,380000000.0,100.0,0.0,0.0
2025,Poder Ejecutivo,Ramos Administrativos,Hacienda y Crédito Público,R021,Porcentaje Ejer/Aprob,0.0,0.0,0.0,100.0,100.0,0.0,0.0,0.0,0.0,0.0,100.0,,0.0,
2025,Poder Ejecutivo,Ramos Administrativos,Hacienda y Crédito Público,R021,Porcentaje Ejer/Modif,0.0,0.0,0.0,100.0,100.0,0.0,0.0,0.0,0.0,0.0,100.0,,0.0,
2025,Poder Ejecutivo,Ramos Administrativos,Hacienda y Crédito Público,Z001,Aportaciones al Fondo de Pensiones para el Bienestar,0.0,0.0,0.0,0.0,0.0,0.0,0.0,0.0,0.0,0.0,0.0,,0.0,
2025,Poder Ejecutivo,Ramos Administrativos,Hacienda y Crédito Público,Z001,Aprobado,0.0,0.0,0.0,0.0,0.0,0.0,0.0,0.0,0.0,0.0,0.0,0.0,0.0,0.0
2025,Poder Ejecutivo,Ramos Administrativos,Hacienda y Crédito Público,Z001,Modificado,0.0,0.0,0.0,73905381.0,73905381.0,0.0,0.0,0.0,0.0,0.0,73905381.0,100.0,0.0,0.0
2025,Poder Ejecutivo,Ramos Administrativos,Hacienda y Crédito Público,Z001,Devengado,0.0,0.0,0.0,73905381.0,73905381.0,0.0,0.0,0.0,0.0,0.0,73905381.0,100.0,0.0,0.0
2025,Poder Ejecutivo,Ramos Administrativos,Hacienda y Crédito Público,Z001,Ejercido,0.0,0.0,0.0,73905381.0,73905381.0,0.0,0.0,0.0,0.0,0.0,73905381.0,100.0,0.0,0.0
2025,Poder Ejecutivo,Ramos Administrativos,Hacienda y Crédito Público,Z001,Porcentaje Ejer/Aprob,0.0,0.0,0.0,0.0,0.0,0.0,0.0,0.0,0.0,0.0,0.0,,0.0,
2025,Poder Ejecutivo,Ramos Administrativos,Hacienda y Crédito Público,Z001,Porcentaje Ejer/Modif,0.0,0.0,0.0,100.0,100.0,0.0,0.0,0.0,0.0,0.0,100.0,,0.0,
2025,Poder Ejecutivo,Ramos Administrativos,Defensa Nacional,TOTAL,Aprobado,88822824335.0,20748734482.0,58349753.0,1234626218.0,110864534788.0,0.0,47423215862.0,0.0,0.0,47423215862.0,158287750650.0,70.03987000430598,0.0,29.960129995694018
2025,Poder Ejecutivo,Ramos Administrativos,Defensa Nacional,TOTAL,Modificado,101993295590.92,24148293172.44,34741423.28,2999948120.22,129176278306.86,0.0,31584172312.11,0.0,0.0,31584172312.11,160760450618.97,80.35326960673311,0.0,19.6467303932669
2025,Poder Ejecutivo,Ramos Administrativos,Defensa Nacional,TOTAL,Devengado,101993287190.92,24148293172.44,34741423.28,2999948120.22,129176269906.86,0.0,31584172312.11,0.0,0.0,31584172312.11,160760442218.97,80.35326858015883,0.0,19.646731419841178
2025,Poder Ejecutivo,Ramos Administrativos,Defensa Nacional,TOTAL,Ejercido,101993287190.92,24148293172.44,34741423.28,2999948120.22,129176269906.86,0.0,31584172312.11,0.0,0.0,31584172312.11,160760442218.97,80.35326858015883,0.0,19.646731419841178
2025,Poder Ejecutivo,Ramos Administrativos,Defensa Nacional,TOTAL,Porcentaje Ejer/Aprob,114.82779111621906,116.38441464171801,59.539966313139324,242.98431998955004,116.51721639735962,0.0,66.6006548438615,0.0,0.0,66.6006548438615,101.56214966655097,,0.0,
2025,Poder Ejecutivo,Ramos Administrativos,Defensa Nacional,TOTAL,Porcentaje Ejer/Modif,99.99999176416455,100.0,100.0,100.0,99.99999349725807,0.0,100.0,0.0,0.0,100.0,99.99999477483425,,0.0,
2025,Poder Ejecutivo,Ramos Administrativos,Defensa Nacional,A001,"Investigación y desarrollo tecnológico, producción y mantenimiento de armamento, municiones, explosivos, vehículos y equipos militares y sus accesorios",0.0,0.0,0.0,0.0,0.0,0.0,0.0,0.0,0.0,0.0,0.0,,0.0,
2025,Poder Ejecutivo,Ramos Administrativos,Defensa Nacional,A001,Aprobado,1513546147.0,629672066.0,0.0,0.0,2143218213.0,0.0,0.0,0.0,0.0,0.0,2143218213.0,100.0,0.0,0.0
2025,Poder Ejecutivo,Ramos Administrativos,Defensa Nacional,A001,Modificado,863762944.92,564217105.54,0.0,0.0,1427980050.46,0.0,0.0,0.0,0.0,0.0,1427980050.46,100.0,0.0,0.0
2025,Poder Ejecutivo,Ramos Administrativos,Defensa Nacional,A001,Devengado,863762944.92,564217105.54,0.0,0.0,1427980050.46,0.0,0.0,0.0,0.0,0.0,1427980050.46,100.0,0.0,0.0
2025,Poder Ejecutivo,Ramos Administrativos,Defensa Nacional,A001,Ejercido,863762944.92,564217105.54,0.0,0.0,1427980050.46,0.0,0.0,0.0,0.0,0.0,1427980050.46,100.0,0.0,0.0
2025,Poder Ejecutivo,Ramos Administrativos,Defensa Nacional,A001,Porcentaje Ejer/Aprob,57.06882123363497,89.60491278010736,0.0,0.0,66.62784227002088,0.0,0.0,0.0,0.0,0.0,66.62784227002088,,0.0,
2025,Poder Ejecutivo,Ramos Administrativos,Defensa Nacional,A001,Porcentaje Ejer/Modif,100.0,100.0,0.0,0.0,100.0,0.0,0.0,0.0,0.0,0.0,100.0,,0.0,
2025,Poder Ejecutivo,Ramos Administrativos,Defensa Nacional,A002,"Defensa de la Integridad, la Independencia, la Soberanía del Territorio Nacional",0.0,0.0,0.0,0.0,0.0,0.0,0.0,0.0,0.0,0.0,0.0,,0.0,
2025,Poder Ejecutivo,Ramos Administrativos,Defensa Nacional,A002,Aprobado,36075745225.0,9362189631.0,0.0,73242600.0,45511177456.0,0.0,0.0,0.0,0.0,0.0,45511177456.0,100.0,0.0,0.0
2025,Poder Ejecutivo,Ramos Administrativos,Defensa Nacional,A002,Modificado,38284177851.7,9387778518.55,0.0,278385649.86,47950342020.11,0.0,126240670.2,0.0,0.0,126240670.2,48076582690.31,99.73741754688933,0.0,0.2625824531106789
2025,Poder Ejecutivo,Ramos Administrativos,Defensa Nacional,A002,Devengado,38284177851.7,9387778518.55,0.0,278385649.86,47950342020.11,0.0,126240670.2,0.0,0.0,126240670.2,48076582690.31,99.73741754688933,0.0,0.2625824531106789
2025,Poder Ejecutivo,Ramos Administrativos,Defensa Nacional,A002,Ejercido,38284177851.7,9387778518.55,0.0,278385649.86,47950342020.11,0.0,126240670.2,0.0,0.0,126240670.2,48076582690.31,99.73741754688933,0.0,0.2625824531106789
2025,Poder Ejecutivo,Ramos Administrativos,Defensa Nacional,A002,Porcentaje Ejer/Aprob,106.12165490394246,100.27332161127424,0.0,380.0870666251608,105.35948463752267,0.0,0.0,0.0,0.0,0.0,105.63686851826724,,0.0,
2025,Poder Ejecutivo,Ramos Administrativos,Defensa Nacional,A002,Porcentaje Ejer/Modif,100.0,100.0,0.0,100.0,100.0,0.0,100.0,0.0,0.0,100.0,100.0,,0.0,
2025,Poder Ejecutivo,Ramos Administrativos,Defensa Nacional,A003,Operación y desarrollo de la Fuerza Aérea Mexicana,0.0,0.0,0.0,0.0,0.0,0.0,0.0,0.0,0.0,0.0,0.0,,0.0,
2025,Poder Ejecutivo,Ramos Administrativos,Defensa Nacional,A003,Aprobado,3822228483.0,3048098642.0,0.0,0.0,6870327125.0,0.0,0.0,0.0,0.0,0.0,6870327125.0,100.0,0.0,0.0
2025,Poder Ejecutivo,Ramos Administrativos,Defensa Nacional,A003,Modificado,3652650028.51,2684877376.81,0.0,0.0,6337527405.32,0.0,1569877514.71,0.0,0.0,1569877514.71,7907404920.03,80.14674181243213,0.0,19.853258187567864
2025,Poder Ejecutivo,Ramos Administrativos,Defensa Nacional,A003,Devengado,3652650028.51,2684877376.81,0.0,0.0,6337527405.32,0.0,1569877514.71,0.0,0.0,1569877514.71,7907404920.03,80.14674181243213,0.0,19.853258187567864
2025,Poder Ejecutivo,Ramos Administrativos,Defensa Nacional,A003,Ejercido,3652650028.51,2684877376.81,0.0,0.0,6337527405.32,0.0,1569877514.71,0.0,0.0,1569877514.71,7907404920.03,80.14674181243213,0.0,19.853258187567864
2025,Poder Ejecutivo,Ramos Administrativos,Defensa Nacional,A003,Porcentaje Ejer/Aprob,95.56336165553084,88.08367747076342,0.0,0.0,92.24491483467754,0.0,0.0,0.0,0.0,0.0,115.09502788093222,,0.0,
2025,Poder Ejecutivo,Ramos Administrativos,Defensa Nacional,A003,Porcentaje Ejer/Modif,100.0,100.0,0.0,0.0,100.0,0.0,100.0,0.0,0.0,100.0,100.0,,0.0,
2025,Poder Ejecutivo,Ramos Administrativos,Defensa Nacional,A004,Programa de la Secretaría de la Defensa Nacional en Apoyo a la Seguridad Pública,0.0,0.0,0.0,0.0,0.0,0.0,0.0,0.0,0.0,0.0,0.0,,0.0,
2025,Poder Ejecutivo,Ramos Administrativos,Defensa Nacional,A004,Aprobado,4846949243.0,4905861.0,0.0,0.0,4851855104.0,0.0,0.0,0.0,0.0,0.0,4851855104.0,100.0,0.0,0.0
2025,Poder Ejecutivo,Ramos Administrativos,Defensa Nacional,A004,Modificado,3670694065.6,264029480.08,0.0,0.0,3934723545.68,0.0,0.0,0.0,0.0,0.0,3934723545.68,100.0,0.0,0.0
2025,Poder Ejecutivo,Ramos Administrativos,Defensa Nacional,A004,Devengado,3670694065.6,264029480.08,0.0,0.0,3934723545.68,0.0,0.0,0.0,0.0,0.0,3934723545.68,100.0,0.0,0.0
2025,Poder Ejecutivo,Ramos Administrativos,Defensa Nacional,A004,Ejercido,3670694065.6,264029480.08,0.0,0.0,3934723545.68,0.0,0.0,0.0,0.0,0.0,3934723545.68,100.0,0.0,0.0
2025,Poder Ejecutivo,Ramos Administrativos,Defensa Nacional,A004,Porcentaje Ejer/Aprob,75.73205085448839,0.0,0.0,0.0,81.09730116293267,0.0,0.0,0.0,0.0,0.0,81.09730116293267,,0.0,
2025,Poder Ejecutivo,Ramos Administrativos,Defensa Nacional,A004,Porcentaje Ejer/Modif,100.0,100.0,0.0,0.0,100.0,0.0,0.0,0.0,0.0,0.0,100.0,,0.0,
2025,Poder Ejecutivo,Ramos Administrativos,Defensa Nacional,A009,Programa de sanidad militar,0.0,0.0,0.0,0.0,0.0,0.0,0.0,0.0,0.0,0.0,0.0,,0.0,
2025,Poder Ejecutivo,Ramos Administrativos,Defensa Nacional,A009,Aprobado,5211961680.0,1774690959.0,58349753.0,2332960.0,7047335352.0,0.0,0.0,0.0,0.0,0.0,7047335352.0,100.0,0.0,0.0
2025,Poder Ejecutivo,Ramos Administrativos,Defensa Nacional,A009,Modificado,6241895012.67,3160579807.59,34741423.28,20220.0,9437236463.54,0.0,0.0,0.0,0.0,0.0,9437236463.54,100.0,0.0,0.0
2025,Poder Ejecutivo,Ramos Administrativos,Defensa Nacional,A009,Devengado,6241895012.67,3160579807.59,34741423.28,20220.0,9437236463.54,0.0,0.0,0.0,0.0,0.0,9437236463.54,100.0,0.0,0.0
2025,Poder Ejecutivo,Ramos Administrativos,Defensa Nacional,A009,Ejercido,6241895012.67,3160579807.59,34741423.28,20220.0,9437236463.54,0.0,0.0,0.0,0.0,0.0,9437236463.54,100.0,0.0,0.0
2025,Poder Ejecutivo,Ramos Administrativos,Defensa Nacional,A009,Porcentaje Ejer/Aprob,119.76095366591413,178.09184137450717,59.539966313139324,0.8667101021877786,133.912124117405,0.0,0.0,0.0,0.0,0.0,133.912124117405,,0.0,
2025,Poder Ejecutivo,Ramos Administrativos,Defensa Nacional,A009,Porcentaje Ejer/Modif,100.0,100.0,100.0,100.0,100.0,0.0,0.0,0.0,0.0,0.0,100.0,,0.0,
2025,Poder Ejecutivo,Ramos Administrativos,Defensa Nacional,A015,Producción de árboles en viveros forestales militares,0.0,0.0,0.0,0.0,0.0,0.0,0.0,0.0,0.0,0.0,0.0,,0.0,
2025,Poder Ejecutivo,Ramos Administrativos,Defensa Nacional,A015,Aprobado,0.0,0.0,0.0,0.0,0.0,0.0,0.0,0.0,0.0,0.0,0.0,0.0,0.0,0.0
2025,Poder Ejecutivo,Ramos Administrativos,Defensa Nacional,A015,Modificado,0.0,2072862.0,0.0,0.0,2072862.0,0.0,0.0,0.0,0.0,0.0,2072862.0,100.0,0.0,0.0
2025,Poder Ejecutivo,Ramos Administrativos,Defensa Nacional,A015,Devengado,0.0,2072862.0,0.0,0.0,2072862.0,0.0,0.0,0.0,0.0,0.0,2072862.0,100.0,0.0,0.0
2025,Poder Ejecutivo,Ramos Administrativos,Defensa Nacional,A015,Ejercido,0.0,2072862.0,0.0,0.0,2072862.0,0.0,0.0,0.0,0.0,0.0,2072862.0,100.0,0.0,0.0
2025,Poder Ejecutivo,Ramos Administrativos,Defensa Nacional,A015,Porcentaje Ejer/Aprob,0.0,0.0,0.0,0.0,0.0,0.0,0.0,0.0,0.0,0.0,0.0,,0.0,
2025,Poder Ejecutivo,Ramos Administrativos,Defensa Nacional,A015,Porcentaje Ejer/Modif,0.0,100.0,0.0,0.0,100.0,0.0,0.0,0.0,0.0,0.0,100.0,,0.0,
2025,Poder Ejecutivo,Ramos Administrativos,Defensa Nacional,A017,Derechos humanos,0.0,0.0,0.0,0.0,0.0,0.0,0.0,0.0,0.0,0.0,0.0,,0.0,
2025,Poder Ejecutivo,Ramos Administrativos,Defensa Nacional,A017,Aprobado,75162348.0,2286722.0,0.0,0.0,77449070.0,0.0,0.0,0.0,0.0,0.0,77449070.0,100.0,0.0,0.0
2025,Poder Ejecutivo,Ramos Administrativos,Defensa Nacional,A017,Modificado,94282526.58,2313599.0,0.0,0.0,96596125.58,0.0,0.0,0.0,0.0,0.0,96596125.58,100.0,0.0,0.0
2025,Poder Ejecutivo,Ramos Administrativos,Defensa Nacional,A017,Devengado,94282526.58,2313599.0,0.0,0.0,96596125.58,0.0,0.0,0.0,0.0,0.0,96596125.58,100.0,0.0,0.0
2025,Poder Ejecutivo,Ramos Administrativos,Defensa Nacional,A017,Ejercido,94282526.58,2313599.0,0.0,0.0,96596125.58,0.0,0.0,0.0,0.0,0.0,96596125.58,100.0,0.0,0.0
2025,Poder Ejecutivo,Ramos Administrativos,Defensa Nacional,A017,Porcentaje Ejer/Aprob,125.43850623187025,101.17535056731863,0.0,0.0,124.72212459103768,0.0,0.0,0.0,0.0,0.0,124.72212459103768,,0.0,
2025,Poder Ejecutivo,Ramos Administrativos,Defensa Nacional,A017,Porcentaje Ejer/Modif,100.0,100.0,0.0,0.0,100.0,0.0,0.0,0.0,0.0,0.0,100.0,,0.0,
2025,Poder Ejecutivo,Ramos Administrativos,Defensa Nacional,A018,"Investigación, desarrollo y producción de vestuario y equipo militar y mantenimiento de infraestructura",0.0,0.0,0.0,0.0,0.0,0.0,0.0,0.0,0.0,0.0,0.0,,0.0,
2025,Poder Ejecutivo,Ramos Administrativos,Defensa Nacional,A018,Aprobado,697302450.0,366956531.0,0.0,0.0,1064258981.0,0.0,0.0,0.0,0.0,0.0,1064258981.0,100.0,0.0,0.0
2025,Poder Ejecutivo,Ramos Administrativos,Defensa Nacional,A018,Modificado,805641389.19,1084154282.73,0.0,0.0,1889795671.92,0.0,0.0,0.0,0.0,0.0,1889795671.92,100.0,0.0,0.0
2025,Poder Ejecutivo,Ramos Administrativos,Defensa Nacional,A018,Devengado,805641389.19,1084154282.73,0.0,0.0,1889795671.92,0.0,0.0,0.0,0.0,0.0,1889795671.92,100.0,0.0,0.0
2025,Poder Ejecutivo,Ramos Administrativos,Defensa Nacional,A018,Ejercido,805641389.19,1084154282.73,0.0,0.0,1889795671.92,0.0,0.0,0.0,0.0,0.0,1889795671.92,100.0,0.0,0.0
2025,Poder Ejecutivo,Ramos Administrativos,Defensa Nacional,A018,Porcentaje Ejer/Aprob,115.53686484107435,295.4448800176825,0.0,0.0,177.56915428087893,0.0,0.0,0.0,0.0,0.0,177.56915428087893,,0.0,
2025,Poder Ejecutivo,Ramos Administrativos,Defensa Nacional,A018,Porcentaje Ejer/Modif,100.0,100.0,0.0,0.0,100.0,0.0,0.0,0.0,0.0,0.0,100.0,,0.0,
2025,Poder Ejecutivo,Ramos Administrativos,Defensa Nacional,A019,Mantenimiento y conservación de la infraestructura militar y maquinaria pesada y administración inmobiliaria,0.0,0.0,0.0,0.0,0.0,0.0,0.0,0.0,0.0,0.0,0.0,,0.0,
2025,Poder Ejecutivo,Ramos Administrativos,Defensa Nacional,A019,Aprobado,3623069987.0,249749414.0,0.0,0.0,3872819401.0,0.0,0.0,0.0,0.0,0.0,3872819401.0,100.0,0.0,0.0
2025,Poder Ejecutivo,Ramos Administrativos,Defensa Nacional,A019,Modificado,2746309484.11,524518602.9,0.0,468654.75,3271296741.76,0.0,1342147630.19,0.0,0.0,1342147630.19,4613444371.95,70.9079047674156,0.0,29.09209523258442
2025,Poder Ejecutivo,Ramos Administrativos,Defensa Nacional,A019,Devengado,2746309484.11,524518602.9,0.0,468654.75,3271296741.76,0.0,1342147630.19,0.0,0.0,1342147630.19,4613444371.95,70.9079047674156,0.0,29.09209523258442
2025,Poder Ejecutivo,Ramos Administrativos,Defensa Nacional,A019,Ejercido,2746309484.11,524518602.9,0.0,468654.75,3271296741.76,0.0,1342147630.19,0.0,0.0,1342147630.19,4613444371.95,70.9079047674156,0.0,29.09209523258442
2025,Poder Ejecutivo,Ramos Administrativos,Defensa Nacional,A019,Porcentaje Ejer/Aprob,75.80061919764401,210.01795139347155,0.0,0.0,84.46809424976851,0.0,0.0,0.0,0.0,0.0,119.1236640355283,,0.0,
2025,Poder Ejecutivo,Ramos Administrativos,Defensa Nacional,A019,Porcentaje Ejer/Modif,100.0,100.0,0.0,100.0,100.0,0.0,100.0,0.0,0.0,100.0,100.0,,0.0,
2025,Poder Ejecutivo,Ramos Administrativos,Defensa Nacional,A020,Programa de justicia militar,0.0,0.0,0.0,0.0,0.0,0.0,0.0,0.0,0.0,0.0,0.0,,0.0,
2025,Poder Ejecutivo,Ramos Administrativos,Defensa Nacional,A020,Aprobado,1133126140.0,40307432.0,0.0,0.0,1173433572.0,0.0,0.0,0.0,0.0,0.0,1173433572.0,100.0,0.0,0.0
2025,Poder Ejecutivo,Ramos Administrativos,Defensa Nacional,A020,Modificado,791019102.27,51128730.38,0.0,0.0,842147832.65,0.0,0.0,0.0,0.0,0.0,842147832.65,100.0,0.0,0.0
2025,Poder Ejecutivo,Ramos Administrativos,Defensa Nacional,A020,Devengado,791019102.27,51128730.38,0.0,0.0,842147832.65,0.0,0.0,0.0,0.0,0.0,842147832.65,100.0,0.0,0.0
2025,Poder Ejecutivo,Ramos Administrativos,Defensa Nacional,A020,Ejercido,791019102.27,51128730.38,0.0,0.0,842147832.65,0.0,0.0,0.0,0.0,0.0,842147832.65,100.0,0.0,0.0
2025,Poder Ejecutivo,Ramos Administrativos,Defensa Nacional,A020,Porcentaje Ejer/Aprob,69.80856537913776,126.84690599986624,0.0,0.0,71.76783183513689,0.0,0.0,0.0,0.0,0.0,71.76783183513689,,0.0,
2025,Poder Ejecutivo,Ramos Administrativos,Defensa Nacional,A020,Porcentaje Ejer/Modif,100.0,100.0,0.0,0.0,100.0,0.0,0.0,0.0,0.0,0.0,100.0,,0.0,
2025,Poder Ejecutivo,Ramos Administrativos,Defensa Nacional,A021,Sistema educativo militar,0.0,0.0,0.0,0.0,0.0,0.0,0.0,0.0,0.0,0.0,0.0,,0.0,
2025,Poder Ejecutivo,Ramos Administrativos,Defensa Nacional,A021,Aprobado,2260139033.0,441893101.0,0.0,55174773.0,2757206907.0,0.0,0.0,0.0,0.0,0.0,2757206907.0,100.0,0.0,0.0
2025,Poder Ejecutivo,Ramos Administrativos,Defensa Nacional,A021,Modificado,1757023244.16,695544000.22,0.0,318572582.12,2771139826.5,0.0,0.0,0.0,0.0,0.0,2771139826.5,100.0,0.0,0.0
2025,Poder Ejecutivo,Ramos Administrativos,Defensa Nacional,A021,Devengado,1757023244.16,695544000.22,0.0,318572582.12,2771139826.5,0.0,0.0,0.0,0.0,0.0,2771139826.5,100.0,0.0,0.0
2025,Poder Ejecutivo,Ramos Administrativos,Defensa Nacional,A021,Ejercido,1757023244.16,695544000.22,0.0,318572582.12,2771139826.5,0.0,0.0,0.0,0.0,0.0,2771139826.5,100.0,0.0,0.0
2025,Poder Ejecutivo,Ramos Administrativos,Defensa Nacional,A021,Porcentaje Ejer/Aprob,77.73960886945136,157.40096386342995,0.0,0.0,100.50532731020756,0.0,0.0,0.0,0.0,0.0,100.50532731020756,,0.0,
2025,Poder Ejecutivo,Ramos Administrativos,Defensa Nacional,A021,Porcentaje Ejer/Modif,100.0,100.0,0.0,100.0,100.0,0.0,0.0,0.0,0.0,0.0,100.0,,0.0,
2025,Poder Ejecutivo,Ramos Administrativos,Defensa Nacional,A022,"Investigación y desarrollo militar en coordinación con universidades públicas, instituciones públicas de educación superior y/o demás centros públicos de investigación superior",0.0,0.0,0.0,0.0,0.0,0.0,0.0,0.0,0.0,0.0,0.0,,0.0,
2025,Poder Ejecutivo,Ramos Administrativos,Defensa Nacional,A022,Aprobado,0.0,140583633.0,0.0,0.0,140583633.0,0.0,0.0,0.0,0.0,0.0,140583633.0,100.0,0.0,0.0
2025,Poder Ejecutivo,Ramos Administrativos,Defensa Nacional,A022,Modificado,0.0,93766668.07,0.0,0.0,93766668.07,0.0,21850555.24,0.0,0.0,21850555.24,115617223.31,81.1009513855795,0.0,18.899048614420487
2025,Poder Ejecutivo,Ramos Administrativos,Defensa Nacional,A022,Devengado,0.0,93766668.07,0.0,0.0,93766668.07,0.0,21850555.24,0.0,0.0,21850555.24,115617223.31,81.1009513855795,0.0,18.899048614420487
2025,Poder Ejecutivo,Ramos Administrativos,Defensa Nacional,A022,Ejercido,0.0,93766668.07,0.0,0.0,93766668.07,0.0,21850555.24,0.0,0.0,21850555.24,115617223.31,81.1009513855795,0.0,18.899048614420487
2025,Poder Ejecutivo,Ramos Administrativos,Defensa Nacional,A022,Porcentaje Ejer/Aprob,0.0,66.69813979697052,0.0,0.0,66.69813979697052,0.0,0.0,0.0,0.0,0.0,82.24088454877247,,0.0,
2025,Poder Ejecutivo,Ramos Administrativos,Defensa Nacional,A022,Porcentaje Ejer/Modif,0.0,100.0,0.0,0.0,100.0,0.0,100.0,0.0,0.0,100.0,100.0,,0.0,
2025,Poder Ejecutivo,Ramos Administrativos,Defensa Nacional,A023,Salud y producción animal,0.0,0.0,0.0,0.0,0.0,0.0,0.0,0.0,0.0,0.0,0.0,,0.0,
2025,Poder Ejecutivo,Ramos Administrativos,Defensa Nacional,A023,Aprobado,0.0,117779945.0,0.0,0.0,117779945.0,0.0,0.0,0.0,0.0,0.0,117779945.0,100.0,0.0,0.0
2025,Poder Ejecutivo,Ramos Administrativos,Defensa Nacional,A023,Modificado,85777173.83,87634154.72,0.0,0.0,173411328.55,0.0,0.0,0.0,0.0,0.0,173411328.55,100.0,0.0,0.0
2025,Poder Ejecutivo,Ramos Administrativos,Defensa Nacional,A023,Devengado,85777173.83,87634154.72,0.0,0.0,173411328.55,0.0,0.0,0.0,0.0,0.0,173411328.55,100.0,0.0,0.0
2025,Poder Ejecutivo,Ramos Administrativos,Defensa Nacional,A023,Ejercido,85777173.83,87634154.72,0.0,0.0,173411328.55,0.0,0.0,0.0,0.0,0.0,173411328.55,100.0,0.0,0.0
2025,Poder Ejecutivo,Ramos Administrativos,Defensa Nacional,A023,Porcentaje Ejer/Aprob,0.0,74.40498865914736,0.0,0.0,147.2333244424592,0.0,0.0,0.0,0.0,0.0,147.2333244424592,,0.0,
2025,Poder Ejecutivo,Ramos Administrativos,Defensa Nacional,A023,Porcentaje Ejer/Modif,100.0,100.0,0.0,0.0,100.0,0.0,0.0,0.0,0.0,0.0,100.0,,0.0,
2025,Poder Ejecutivo,Ramos Administrativos,Defensa Nacional,A024,Fortalecimiento de las capacidades de auxilio a la población civil mediante el Plan DN-III-E,0.0,0.0,0.0,0.0,0.0,0.0,0.0,0.0,0.0,0.0,0.0,,0.0,
2025,Poder Ejecutivo,Ramos Administrativos,Defensa Nacional,A024,Aprobado,61863008.0,2048611.0,0.0,0.0,63911619.0,0.0,0.0,0.0,0.0,0.0,63911619.0,100.0,0.0,0.0
2025,Poder Ejecutivo,Ramos Administrativos,Defensa Nacional,A024,Modificado,0.0,10141595.3,0.0,271159694.0,281301289.3,0.0,0.0,0.0,0.0,0.0,281301289.3,100.0,0.0,0.0
2025,Poder Ejecutivo,Ramos Administrativos,Defensa Nacional,A024,Devengado,0.0,10141595.3,0.0,271159694.0,281301289.3,0.0,0.0,0.0,0.0,0.0,281301289.3,100.0,0.0,0.0
2025,Poder Ejecutivo,Ramos Administrativos,Defensa Nacional,A024,Ejercido,0.0,10141595.3,0.0,271159694.0,281301289.3,0.0,0.0,0.0,0.0,0.0,281301289.3,100.0,0.0,0.0
2025,Poder Ejecutivo,Ramos Administrativos,Defensa Nacional,A024,Porcentaje Ejer/Aprob,0.0,495.0473906466382,0.0,0.0,440.14107872936216,0.0,0.0,0.0,0.0,0.0,440.14107872936216,,0.0,
2025,Poder Ejecutivo,Ramos Administrativos,Defensa Nacional,A024,Porcentaje Ejer/Modif,0.0,100.0,0.0,100.0,100.0,0.0,0.0,0.0,0.0,0.0,100.0,,0.0,
2025,Poder Ejecutivo,Ramos Administrativos,Defensa Nacional,A026,Operación y desarrollo de los cuerpos de seguridad de las Fuerzas Armadas,0.0,0.0,0.0,0.0,0.0,0.0,0.0,0.0,0.0,0.0,0.0,,0.0,
2025,Poder Ejecutivo,Ramos Administrativos,Defensa Nacional,A026,Aprobado,15909489864.0,2529425993.0,0.0,0.0,18438915857.0,0.0,0.0,0.0,0.0,0.0,18438915857.0,100.0,0.0,0.0
2025,Poder Ejecutivo,Ramos Administrativos,Defensa Nacional,A026,Modificado,32189557961.72,3836777601.28,0.0,22310455.74,36048646018.74,0.0,0.0,0.0,0.0,0.0,36048646018.74,100.0,0.0,0.0
2025,Poder Ejecutivo,Ramos Administrativos,Defensa Nacional,A026,Devengado,32189557961.72,3836777601.28,0.0,22310455.74,36048646018.74,0.0,0.0,0.0,0.0,0.0,36048646018.74,100.0,0.0,0.0
2025,Poder Ejecutivo,Ramos Administrativos,Defensa Nacional,A026,Ejercido,32189557961.72,3836777601.28,0.0,22310455.74,36048646018.74,0.0,0.0,0.0,0.0,0.0,36048646018.74,100.0,0.0,0.0
2025,Poder Ejecutivo,Ramos Administrativos,Defensa Nacional,A026,Porcentaje Ejer/Aprob,202.32929048566507,151.68570307642918,0.0,0.0,195.50306698240496,0.0,0.0,0.0,0.0,0.0,195.50306698240496,,0.0,
2025,Poder Ejecutivo,Ramos Administrativos,Defensa Nacional,A026,Porcentaje Ejer/Modif,100.0,100.0,0.0,100.0,100.0,0.0,0.0,0.0,0.0,0.0,100.0,,0.0,
2025,Poder Ejecutivo,Ramos Administrativos,Defensa Nacional,A900,Programa de igualdad entre mujeres y hombres SDN,0.0,0.0,0.0,0.0,0.0,0.0,0.0,0.0,0.0,0.0,0.0,,0.0,
2025,Poder Ejecutivo,Ramos Administrativos,Defensa Nacional,A900,Aprobado,0.0,153413633.0,0.0,0.0,153413633.0,0.0,0.0,0.0,0.0,0.0,153413633.0,100.0,0.0,0.0
2025,Poder Ejecutivo,Ramos Administrativos,Defensa Nacional,A900,Modificado,0.0,40758777.74,0.0,0.0,40758777.74,0.0,0.0,0.0,0.0,0.0,40758777.74,100.0,0.0,0.0
2025,Poder Ejecutivo,Ramos Administrativos,Defensa Nacional,A900,Devengado,0.0,40758777.74,0.0,0.0,40758777.74,0.0,0.0,0.0,0.0,0.0,40758777.74,100.0,0.0,0.0
2025,Poder Ejecutivo,Ramos Administrativos,Defensa Nacional,A900,Ejercido,0.0,40758777.74,0.0,0.0,40758777.74,0.0,0.0,0.0,0.0,0.0,40758777.74,100.0,0.0,0.0
2025,Poder Ejecutivo,Ramos Administrativos,Defensa Nacional,A900,Porcentaje Ejer/Aprob,0.0,26.567898134581043,0.0,0.0,26.567898134581043,0.0,0.0,0.0,0.0,0.0,26.567898134581043,,0.0,
2025,Poder Ejecutivo,Ramos Administrativos,Defensa Nacional,A900,Porcentaje Ejer/Modif,0.0,100.0,0.0,0.0,100.0,0.0,0.0,0.0,0.0,0.0,100.0,,0.0,
2025,Poder Ejecutivo,Ramos Administrativos,Defensa Nacional,E001,"Administración de la Infraestructura Aeroportuaria en Santa Lucía, Edo. Méx.",0.0,0.0,0.0,0.0,0.0,0.0,0.0,0.0,0.0,0.0,0.0,,0.0,
2025,Poder Ejecutivo,Ramos Administrativos,Defensa Nacional,E001,Aprobado,408257368.0,516352730.0,0.0,0.0,924610098.0,0.0,0.0,0.0,0.0,0.0,924610098.0,100.0,0.0,0.0
2025,Poder Ejecutivo,Ramos Administrativos,Defensa Nacional,E001,Modificado,483758705.89,516351312.37,0.0,0.0,1000110018.26,0.0,0.0,0.0,0.0,0.0,1000110018.26,100.0,0.0,0.0
2025,Poder Ejecutivo,Ramos Administrativos,Defensa Nacional,E001,Devengado,483758705.89,516351312.37,0.0,0.0,1000110018.26,0.0,0.0,0.0,0.0,0.0,1000110018.26,100.0,0.0,0.0
2025,Poder Ejecutivo,Ramos Administrativos,Defensa Nacional,E001,Ejercido,483758705.89,516351312.37,0.0,0.0,1000110018.26,0.0,0.0,0.0,0.0,0.0,1000110018.26,100.0,0.0,0.0
2025,Poder Ejecutivo,Ramos Administrativos,Defensa Nacional,E001,Porcentaje Ejer/Aprob,118.49356406226575,99.99972545318005,0.0,0.0,108.16559546811266,0.0,0.0,0.0,0.0,0.0,108.16559546811266,,0.0,
2025,Poder Ejecutivo,Ramos Administrativos,Defensa Nacional,E001,Porcentaje Ejer/Modif,100.0,100.0,0.0,0.0,100.0,0.0,0.0,0.0,0.0,0.0,100.0,,0.0,
2025,Poder Ejecutivo,Ramos Administrativos,Defensa Nacional,E002,Prestación de Servicios Públicos de Transporte Masivo de Personas y Carga Tren Maya,0.0,0.0,0.0,0.0,0.0,0.0,0.0,0.0,0.0,0.0,0.0,,0.0,
2025,Poder Ejecutivo,Ramos Administrativos,Defensa Nacional,E002,Aprobado,827762373.0,0.0,0.0,0.0,827762373.0,0.0,0.0,0.0,0.0,0.0,827762373.0,100.0,0.0,0.0
2025,Poder Ejecutivo,Ramos Administrativos,Defensa Nacional,E002,Modificado,852766081.17,0.0,0.0,0.0,852766081.17,0.0,0.0,0.0,0.0,0.0,852766081.17,100.0,0.0,0.0
2025,Poder Ejecutivo,Ramos Administrativos,Defensa Nacional,E002,Devengado,852766081.17,0.0,0.0,0.0,852766081.17,0.0,0.0,0.0,0.0,0.0,852766081.17,100.0,0.0,0.0
2025,Poder Ejecutivo,Ramos Administrativos,Defensa Nacional,E002,Ejercido,852766081.17,0.0,0.0,0.0,852766081.17,0.0,0.0,0.0,0.0,0.0,852766081.17,100.0,0.0,0.0
2025,Poder Ejecutivo,Ramos Administrativos,Defensa Nacional,E002,Porcentaje Ejer/Aprob,103.02063840850614,0.0,0.0,0.0,103.02063840850614,0.0,0.0,0.0,0.0,0.0,103.02063840850614,,0.0,
2025,Poder Ejecutivo,Ramos Administrativos,Defensa Nacional,E002,Porcentaje Ejer/Modif,100.0,0.0,0.0,0.0,100.0,0.0,0.0,0.0,0.0,0.0,100.0,,0.0,
2025,Poder Ejecutivo,Ramos Administrativos,Defensa Nacional,E003,Dirigir la Aerolínea del Estado Mexicano,0.0,0.0,0.0,0.0,0.0,0.0,0.0,0.0,0.0,0.0,0.0,,0.0,
2025,Poder Ejecutivo,Ramos Administrativos,Defensa Nacional,E003,Aprobado,19685179.0,0.0,0.0,0.0,19685179.0,0.0,0.0,0.0,0.0,0.0,19685179.0,100.0,0.0,0.0
2025,Poder Ejecutivo,Ramos Administrativos,Defensa Nacional,E003,Modificado,66860233.59,0.0,0.0,0.0,66860233.59,0.0,0.0,0.0,0.0,0.0,66860233.59,100.0,0.0,0.0
2025,Poder Ejecutivo,Ramos Administrativos,Defensa Nacional,E003,Devengado,66860233.59,0.0,0.0,0.0,66860233.59,0.0,0.0,0.0,0.0,0.0,66860233.59,100.0,0.0,0.0
2025,Poder Ejecutivo,Ramos Administrativos,Defensa Nacional,E003,Ejercido,66860233.59,0.0,0.0,0.0,66860233.59,0.0,0.0,0.0,0.0,0.0,66860233.59,100.0,0.0,0.0
2025,Poder Ejecutivo,Ramos Administrativos,Defensa Nacional,E003,Porcentaje Ejer/Aprob,339.6475774490037,0.0,0.0,0.0,339.6475774490037,0.0,0.0,0.0,0.0,0.0,339.6475774490037,,0.0,
2025,Poder Ejecutivo,Ramos Administrativos,Defensa Nacional,E003,Porcentaje Ejer/Modif,100.0,0.0,0.0,0.0,100.0,0.0,0.0,0.0,0.0,0.0,100.0,,0.0,
2025,Poder Ejecutivo,Ramos Administrativos,Defensa Nacional,E004,"Dirigir la infraestructura aeroportuaria, ferroviaria y de servicios auxiliares",0.0,0.0,0.0,0.0,0.0,0.0,0.0,0.0,0.0,0.0,0.0,,0.0,
2025,Poder Ejecutivo,Ramos Administrativos,Defensa Nacional,E004,Aprobado,2255827987.0,0.0,0.0,0.0,2255827987.0,0.0,0.0,0.0,0.0,0.0,2255827987.0,100.0,0.0,0.0
2025,Poder Ejecutivo,Ramos Administrativos,Defensa Nacional,E004,Modificado,1758416514.69,0.0,0.0,0.0,1758416514.69,0.0,0.0,0.0,0.0,0.0,1758416514.69,100.0,0.0,0.0
2025,Poder Ejecutivo,Ramos Administrativos,Defensa Nacional,E004,Devengado,1758408114.69,0.0,0.0,0.0,1758408114.69,0.0,0.0,0.0,0.0,0.0,1758408114.69,100.0,0.0,0.0
2025,Poder Ejecutivo,Ramos Administrativos,Defensa Nacional,E004,Ejercido,1758408114.69,0.0,0.0,0.0,1758408114.69,0.0,0.0,0.0,0.0,0.0,1758408114.69,100.0,0.0,0.0
2025,Poder Ejecutivo,Ramos Administrativos,Defensa Nacional,E004,Porcentaje Ejer/Aprob,77.94956551755912,0.0,0.0,0.0,77.94956551755912,0.0,0.0,0.0,0.0,0.0,77.94956551755912,,0.0,
2025,Poder Ejecutivo,Ramos Administrativos,Defensa Nacional,E004,Porcentaje Ejer/Modif,99.99952229748015,0.0,0.0,0.0,99.99952229748015,0.0,0.0,0.0,0.0,0.0,99.99952229748015,,0.0,
2025,Poder Ejecutivo,Ramos Administrativos,Defensa Nacional,K014,Otros proyectos de infraestructura social,0.0,0.0,0.0,0.0,0.0,0.0,0.0,0.0,0.0,0.0,0.0,,0.0,
2025,Poder Ejecutivo,Ramos Administrativos,Defensa Nacional,K014,Aprobado,0.0,0.0,0.0,0.0,0.0,0.0,0.0,0.0,0.0,0.0,0.0,0.0,0.0,0.0
2025,Poder Ejecutivo,Ramos Administrativos,Defensa Nacional,K014,Modificado,0.0,0.0,0.0,0.0,0.0,0.0,74583555.2,0.0,0.0,74583555.2,74583555.2,0.0,0.0,100.0
2025,Poder Ejecutivo,Ramos Administrativos,Defensa Nacional,K014,Devengado,0.0,0.0,0.0,0.0,0.0,0.0,74583555.2,0.0,0.0,74583555.2,74583555.2,0.0,0.0,100.0
2025,Poder Ejecutivo,Ramos Administrativos,Defensa Nacional,K014,Ejercido,0.0,0.0,0.0,0.0,0.0,0.0,74583555.2,0.0,0.0,74583555.2,74583555.2,0.0,0.0,100.0
2025,Poder Ejecutivo,Ramos Administrativos,Defensa Nacional,K014,Porcentaje Ejer/Aprob,0.0,0.0,0.0,0.0,0.0,0.0,0.0,0.0,0.0,0.0,0.0,,0.0,
2025,Poder Ejecutivo,Ramos Administrativos,Defensa Nacional,K014,Porcentaje Ejer/Modif,0.0,0.0,0.0,0.0,0.0,0.0,100.0,0.0,0.0,100.0,100.0,,0.0,
2025,Poder Ejecutivo,Ramos Administrativos,Defensa Nacional,K019,Proyectos de infraestructura gubernamental de seguridad nacional,0.0,0.0,0.0,0.0,0.0,0.0,0.0,0.0,0.0,0.0,0.0,,0.0,
2025,Poder Ejecutivo,Ramos Administrativos,Defensa Nacional,K019,Aprobado,0.0,0.0,0.0,0.0,0.0,0.0,6437479688.0,0.0,0.0,6437479688.0,6437479688.0,0.0,0.0,100.0
2025,Poder Ejecutivo,Ramos Administrativos,Defensa Nacional,K019,Modificado,0.0,0.0,0.0,0.0,0.0,0.0,1615498726.78,0.0,0.0,1615498726.78,1615498726.78,0.0,0.0,100.0
2025,Poder Ejecutivo,Ramos Administrativos,Defensa Nacional,K019,Devengado,0.0,0.0,0.0,0.0,0.0,0.0,1615498726.78,0.0,0.0,1615498726.78,1615498726.78,0.0,0.0,100.0
2025,Poder Ejecutivo,Ramos Administrativos,Defensa Nacional,K019,Ejercido,0.0,0.0,0.0,0.0,0.0,0.0,1615498726.78,0.0,0.0,1615498726.78,1615498726.78,0.0,0.0,100.0
2025,Poder Ejecutivo,Ramos Administrativos,Defensa Nacional,K019,Porcentaje Ejer/Aprob,0.0,0.0,0.0,0.0,0.0,0.0,25.095205034843442,0.0,0.0,25.095205034843442,25.095205034843442,,0.0,
2025,Poder Ejecutivo,Ramos Administrativos,Defensa Nacional,K019,Porcentaje Ejer/Modif,0.0,0.0,0.0,0.0,0.0,0.0,100.0,0.0,0.0,100.0,100.0,,0.0,
2025,Poder Ejecutivo,Ramos Administrativos,Defensa Nacional,K041,Proyectos de Transporte Masivo de Pasajeros,0.0,0.0,0.0,0.0,0.0,0.0,0.0,0.0,0.0,0.0,0.0,,0.0,
2025,Poder Ejecutivo,Ramos Administrativos,Defensa Nacional,K041,Aprobado,0.0,0.0,0.0,0.0,0.0,0.0,0.0,0.0,0.0,0.0,0.0,0.0,0.0,0.0
2025,Poder Ejecutivo,Ramos Administrativos,Defensa Nacional,K041,Modificado,0.0,0.0,0.0,0.0,0.0,0.0,26813662998.7,0.0,0.0,26813662998.7,26813662998.7,0.0,0.0,100.0
2025,Poder Ejecutivo,Ramos Administrativos,Defensa Nacional,K041,Devengado,0.0,0.0,0.0,0.0,0.0,0.0,26813662998.7,0.0,0.0,26813662998.7,26813662998.7,0.0,0.0,100.0
2025,Poder Ejecutivo,Ramos Administrativos,Defensa Nacional,K041,Ejercido,0.0,0.0,0.0,0.0,0.0,0.0,26813662998.7,0.0,0.0,26813662998.7,26813662998.7,0.0,0.0,100.0
2025,Poder Ejecutivo,Ramos Administrativos,Defensa Nacional,K041,Porcentaje Ejer/Aprob,0.0,0.0,0.0,0.0,0.0,0.0,0.0,0.0,0.0,0.0,0.0,,0.0,
2025,Poder Ejecutivo,Ramos Administrativos,Defensa Nacional,K041,Porcentaje Ejer/Modif,0.0,0.0,0.0,0.0,0.0,0.0,100.0,0.0,0.0,100.0,100.0,,0.0,
2025,Poder Ejecutivo,Ramos Administrativos,Defensa Nacional,M001,Actividades de apoyo administrativo,0.0,0.0,0.0,0.0,0.0,0.0,0.0,0.0,0.0,0.0,0.0,,0.0,
2025,Poder Ejecutivo,Ramos Administrativos,Defensa Nacional,M001,Aprobado,10080707820.0,1368379578.0,0.0,0.0,11449087398.0,0.0,0.0,0.0,0.0,0.0,11449087398.0,100.0,0.0,0.0
2025,Poder Ejecutivo,Ramos Administrativos,Defensa Nacional,M001,Modificado,7648703270.32,1141648697.16,0.0,0.0,8790351967.48,0.0,20310661.09,0.0,0.0,20310661.09,8810662628.57,99.76947634989291,0.0,0.23052365010708042
2025,Poder Ejecutivo,Ramos Administrativos,Defensa Nacional,M001,Devengado,7648703270.32,1141648697.16,0.0,0.0,8790351967.48,0.0,20310661.09,0.0,0.0,20310661.09,8810662628.57,99.76947634989291,0.0,0.23052365010708042
2025,Poder Ejecutivo,Ramos Administrativos,Defensa Nacional,M001,Ejercido,7648703270.32,1141648697.16,0.0,0.0,8790351967.48,0.0,20310661.09,0.0,0.0,20310661.09,8810662628.57,99.76947634989291,0.0,0.23052365010708042
2025,Poder Ejecutivo,Ramos Administrativos,Defensa Nacional,M001,Porcentaje Ejer/Aprob,75.87466482408176,83.43070267305612,0.0,0.0,76.77775233871962,0.0,0.0,0.0,0.0,0.0,76.95515216443455,,0.0,
2025,Poder Ejecutivo,Ramos Administrativos,Defensa Nacional,M001,Porcentaje Ejer/Modif,100.0,100.0,0.0,0.0,100.0,0.0,100.0,0.0,0.0,100.0,100.0,,0.0,
2025,Poder Ejecutivo,Ramos Administrativos,Defensa Nacional,R016,Programa de Becas para los hijos del Personal de las Fuerzas Armadas en activo,0.0,0.0,0.0,0.0,0.0,0.0,0.0,0.0,0.0,0.0,0.0,,0.0,
2025,Poder Ejecutivo,Ramos Administrativos,Defensa Nacional,R016,Aprobado,0.0,0.0,0.0,1082190703.0,1082190703.0,0.0,0.0,0.0,0.0,0.0,1082190703.0,100.0,0.0,0.0
2025,Poder Ejecutivo,Ramos Administrativos,Defensa Nacional,R016,Modificado,0.0,0.0,0.0,2087345681.75,2087345681.75,0.0,0.0,0.0,0.0,0.0,2087345681.75,100.0,0.0,0.0
2025,Poder Ejecutivo,Ramos Administrativos,Defensa Nacional,R016,Devengado,0.0,0.0,0.0,2087345681.75,2087345681.75,0.0,0.0,0.0,0.0,0.0,2087345681.75,100.0,0.0,0.0
2025,Poder Ejecutivo,Ramos Administrativos,Defensa Nacional,R016,Ejercido,0.0,0.0,0.0,2087345681.75,2087345681.75,0.0,0.0,0.0,0.0,0.0,2087345681.75,100.0,0.0,0.0
2025,Poder Ejecutivo,Ramos Administrativos,Defensa Nacional,R016,Porcentaje Ejer/Aprob,0.0,0.0,0.0,192.88150193524623,192.88150193524623,0.0,0.0,0.0,0.0,0.0,192.88150193524623,,0.0,
2025,Poder Ejecutivo,Ramos Administrativos,Defensa Nacional,R016,Porcentaje Ejer/Modif,0.0,0.0,0.0,100.0,100.0,0.0,0.0,0.0,0.0,0.0,100.0,,0.0,
2025,Poder Ejecutivo,Ramos Administrativos,Defensa Nacional,R018,Fideicomiso de apoyo a deudos de militares fallecidos o a militares que hayan adquirido una incapacidad en 1/a. categoría en actos del servicio considerados de alto riesgo,0.0,0.0,0.0,0.0,0.0,0.0,0.0,0.0,0.0,0.0,0.0,,0.0,
2025,Poder Ejecutivo,Ramos Administrativos,Defensa Nacional,R018,Aprobado,0.0,0.0,0.0,21685182.0,21685182.0,0.0,0.0,0.0,0.0,0.0,21685182.0,100.0,0.0,0.0
2025,Poder Ejecutivo,Ramos Administrativos,Defensa Nacional,R018,Modificado,0.0,0.0,0.0,21685182.0,21685182.0,0.0,0.0,0.0,0.0,0.0,21685182.0,100.0,0.0,0.0
2025,Poder Ejecutivo,Ramos Administrativos,Defensa Nacional,R018,Devengado,0.0,0.0,0.0,21685182.0,21685182.0,0.0,0.0,0.0,0.0,0.0,21685182.0,100.0,0.0,0.0
2025,Poder Ejecutivo,Ramos Administrativos,Defensa Nacional,R018,Ejercido,0.0,0.0,0.0,21685182.0,21685182.0,0.0,0.0,0.0,0.0,0.0,21685182.0,100.0,0.0,0.0
2025,Poder Ejecutivo,Ramos Administrativos,Defensa Nacional,R018,Porcentaje Ejer/Aprob,0.0,0.0,0.0,100.0,100.0,0.0,0.0,0.0,0.0,0.0,100.0,,0.0,
2025,Poder Ejecutivo,Ramos Administrativos,Defensa Nacional,R018,Porcentaje Ejer/Modif,0.0,0.0,0.0,100.0,100.0,0.0,0.0,0.0,0.0,0.0,100.0,,0.0,
2025,Poder Ejecutivo,Ramos Administrativos,Defensa Nacional,R027,Provisiones para la construcción y fortalecimiento de infraestructura,0.0,0.0,0.0,0.0,0.0,0.0,0.0,0.0,0.0,0.0,0.0,,0.0,
2025,Poder Ejecutivo,Ramos Administrativos,Defensa Nacional,R027,Aprobado,0.0,0.0,0.0,0.0,0.0,0.0,40985736174.0,0.0,0.0,40985736174.0,40985736174.0,0.0,0.0,100.0
2025,Poder Ejecutivo,Ramos Administrativos,Defensa Nacional,R027,Modificado,0.0,0.0,0.0,0.0,0.0,0.0,0.0,0.0,0.0,0.0,0.0,0.0,0.0,0.0
2025,Poder Ejecutivo,Ramos Administrativos,Defensa Nacional,R027,Devengado,0.0,0.0,0.0,0.0,0.0,0.0,0.0,0.0,0.0,0.0,0.0,0.0,0.0,0.0
2025,Poder Ejecutivo,Ramos Administrativos,Defensa Nacional,R027,Ejercido,0.0,0.0,0.0,0.0,0.0,0.0,0.0,0.0,0.0,0.0,0.0,0.0,0.0,0.0
2025,Poder Ejecutivo,Ramos Administrativos,Defensa Nacional,R027,Porcentaje Ejer/Aprob,0.0,0.0,0.0,0.0,0.0,0.0,0.0,0.0,0.0,0.0,0.0,,0.0,
2025,Poder Ejecutivo,Ramos Administrativos,Defensa Nacional,R027,Porcentaje Ejer/Modif,0.0,0.0,0.0,0.0,0.0,0.0,0.0,0.0,0.0,0.0,0.0,,0.0,
2025,Poder Ejecutivo,Ramos Administrativos,Agricultura y Desarrollo Rural,TOTAL,Aprobado,9040869239.0,9211556795.0,56083971297.0,178793210.0,74515190541.0,0.0,0.0,0.0,0.0,0.0,74515190541.0,100.0,0.0,0.0
2025,Poder Ejecutivo,Ramos Administrativos,Agricultura y Desarrollo Rural,TOTAL,Modificado,10779451966.63,9565397487.75,53479006451.22,180133106.19,74003989011.79,0.0,0.0,0.0,0.0,0.0,74003989011.79,100.0,0.0,0.0
2025,Poder Ejecutivo,Ramos Administrativos,Agricultura y Desarrollo Rural,TOTAL,Devengado,10779451966.63,9565397487.75,53479006451.22,180133106.19,74003989011.79,0.0,0.0,0.0,0.0,0.0,74003989011.79,100.0,0.0,0.0
2025,Poder Ejecutivo,Ramos Administrativos,Agricultura y Desarrollo Rural,TOTAL,Ejercido,10779451966.63,9565397487.75,53479006451.22,180133106.19,74003989011.79,0.0,0.0,0.0,0.0,0.0,74003989011.79,100.0,0.0,0.0
2025,Poder Ejecutivo,Ramos Administrativos,Agricultura y Desarrollo Rural,TOTAL,Porcentaje Ejer/Aprob,119.23026073787459,103.84126918635582,95.35524181769321,100.74941111578006,99.31396333351825,0.0,0.0,0.0,0.0,0.0,99.31396333351825,,0.0,
2025,Poder Ejecutivo,Ramos Administrativos,Agricultura y Desarrollo Rural,TOTAL,Porcentaje Ejer/Modif,100.0,100.0,100.0,100.0,100.0,0.0,0.0,0.0,0.0,0.0,100.0,,0.0,
2025,Poder Ejecutivo,Ramos Administrativos,Agricultura y Desarrollo Rural,B004,Adquisición de leche nacional,0.0,0.0,0.0,0.0,0.0,0.0,0.0,0.0,0.0,0.0,0.0,,0.0,
2025,Poder Ejecutivo,Ramos Administrativos,Agricultura y Desarrollo Rural,B004,Aprobado,0.0,3757932242.0,0.0,0.0,3757932242.0,0.0,0.0,0.0,0.0,0.0,3757932242.0,100.0,0.0,0.0
2025,Poder Ejecutivo,Ramos Administrativos,Agricultura y Desarrollo Rural,B004,Modificado,0.0,3757932242.0,0.0,0.0,3757932242.0,0.0,0.0,0.0,0.0,0.0,3757932242.0,100.0,0.0,0.0
2025,Poder Ejecutivo,Ramos Administrativos,Agricultura y Desarrollo Rural,B004,Devengado,0.0,3757932242.0,0.0,0.0,3757932242.0,0.0,0.0,0.0,0.0,0.0,3757932242.0,100.0,0.0,0.0
2025,Poder Ejecutivo,Ramos Administrativos,Agricultura y Desarrollo Rural,B004,Ejercido,0.0,3757932242.0,0.0,0.0,3757932242.0,0.0,0.0,0.0,0.0,0.0,3757932242.0,100.0,0.0,0.0
2025,Poder Ejecutivo,Ramos Administrativos,Agricultura y Desarrollo Rural,B004,Porcentaje Ejer/Aprob,0.0,100.0,0.0,0.0,100.0,0.0,0.0,0.0,0.0,0.0,100.0,,0.0,
2025,Poder Ejecutivo,Ramos Administrativos,Agricultura y Desarrollo Rural,B004,Porcentaje Ejer/Modif,0.0,100.0,0.0,0.0,100.0,0.0,0.0,0.0,0.0,0.0,100.0,,0.0,
2025,Poder Ejecutivo,Ramos Administrativos,Agricultura y Desarrollo Rural,E001,"Desarrollo, aplicación de programas educativos e investigación en materia agroalimentaria",0.0,0.0,0.0,0.0,0.0,0.0,0.0,0.0,0.0,0.0,0.0,,0.0,
2025,Poder Ejecutivo,Ramos Administrativos,Agricultura y Desarrollo Rural,E001,Aprobado,2792844945.0,2277272897.0,2861368.0,125262007.0,5198241217.0,0.0,0.0,0.0,0.0,0.0,5198241217.0,100.0,0.0,0.0
2025,Poder Ejecutivo,Ramos Administrativos,Agricultura y Desarrollo Rural,E001,Modificado,3304866226.65,1913230901.45,3584500.0,67834453.39,5289516081.49,0.0,0.0,0.0,0.0,0.0,5289516081.49,100.0,0.0,0.0
2025,Poder Ejecutivo,Ramos Administrativos,Agricultura y Desarrollo Rural,E001,Devengado,3304866226.65,1913230901.45,3584500.0,67834453.39,5289516081.49,0.0,0.0,0.0,0.0,0.0,5289516081.49,100.0,0.0,0.0
2025,Poder Ejecutivo,Ramos Administrativos,Agricultura y Desarrollo Rural,E001,Ejercido,3304866226.65,1913230901.45,3584500.0,67834453.39,5289516081.49,0.0,0.0,0.0,0.0,0.0,5289516081.49,100.0,0.0,0.0
2025,Poder Ejecutivo,Ramos Administrativos,Agricultura y Desarrollo Rural,E001,Porcentaje Ejer/Aprob,118.33332289236702,84.01412513934645,125.27224740054407,54.15405278473624,101.75587974239248,0.0,0.0,0.0,0.0,0.0,101.75587974239248,,0.0,
2025,Poder Ejecutivo,Ramos Administrativos,Agricultura y Desarrollo Rural,E001,Porcentaje Ejer/Modif,100.0,100.0,100.0,100.0,100.0,0.0,0.0,0.0,0.0,0.0,100.0,,0.0,
2025,Poder Ejecutivo,Ramos Administrativos,Agricultura y Desarrollo Rural,E006,Generación de Proyectos de Investigación,0.0,0.0,0.0,0.0,0.0,0.0,0.0,0.0,0.0,0.0,0.0,,0.0,
2025,Poder Ejecutivo,Ramos Administrativos,Agricultura y Desarrollo Rural,E006,Aprobado,975705106.0,671382890.0,0.0,0.0,1647087996.0,0.0,0.0,0.0,0.0,0.0,1647087996.0,100.0,0.0,0.0
2025,Poder Ejecutivo,Ramos Administrativos,Agricultura y Desarrollo Rural,E006,Modificado,1090591634.76,892855635.92,350000.0,15013597.55,1998810868.23,0.0,0.0,0.0,0.0,0.0,1998810868.23,100.0,0.0,0.0
2025,Poder Ejecutivo,Ramos Administrativos,Agricultura y Desarrollo Rural,E006,Devengado,1090591634.76,892855635.92,350000.0,15013597.55,1998810868.23,0.0,0.0,0.0,0.0,0.0,1998810868.23,100.0,0.0,0.0
2025,Poder Ejecutivo,Ramos Administrativos,Agricultura y Desarrollo Rural,E006,Ejercido,1090591634.76,892855635.92,350000.0,15013597.55,1998810868.23,0.0,0.0,0.0,0.0,0.0,1998810868.23,100.0,0.0,0.0
2025,Poder Ejecutivo,Ramos Administrativos,Agricultura y Desarrollo Rural,E006,Porcentaje Ejer/Aprob,111.77471841169191,132.98754693018762,0.0,0.0,121.35422473384354,0.0,0.0,0.0,0.0,0.0,121.35422473384354,,0.0,
2025,Poder Ejecutivo,Ramos Administrativos,Agricultura y Desarrollo Rural,E006,Porcentaje Ejer/Modif,100.0,100.0,100.0,100.0,100.0,0.0,0.0,0.0,0.0,0.0,100.0,,0.0,
2025,Poder Ejecutivo,Ramos Administrativos,Agricultura y Desarrollo Rural,G001,"Regulación, supervisión y aplicación de las políticas públicas en materia agropecuaria, acuícola y pesquera",0.0,0.0,0.0,0.0,0.0,0.0,0.0,0.0,0.0,0.0,0.0,,0.0,
2025,Poder Ejecutivo,Ramos Administrativos,Agricultura y Desarrollo Rural,G001,Aprobado,491252889.0,1356037120.0,0.0,26280000.0,1873570009.0,0.0,0.0,0.0,0.0,0.0,1873570009.0,100.0,0.0,0.0
2025,Poder Ejecutivo,Ramos Administrativos,Agricultura y Desarrollo Rural,G001,Modificado,597910050.07,1533387004.96,1937305.0,36782457.32,2170016817.35,0.0,0.0,0.0,0.0,0.0,2170016817.35,100.0,0.0,0.0
2025,Poder Ejecutivo,Ramos Administrativos,Agricultura y Desarrollo Rural,G001,Devengado,597910050.07,1533387004.96,1937305.0,36782457.32,2170016817.35,0.0,0.0,0.0,0.0,0.0,2170016817.35,100.0,0.0,0.0
2025,Poder Ejecutivo,Ramos Administrativos,Agricultura y Desarrollo Rural,G001,Ejercido,597910050.07,1533387004.96,1937305.0,36782457.32,2170016817.35,0.0,0.0,0.0,0.0,0.0,2170016817.35,100.0,0.0,0.0
2025,Poder Ejecutivo,Ramos Administrativos,Agricultura y Desarrollo Rural,G001,Porcentaje Ejer/Aprob,121.71125370623521,113.0785420505303,0.0,139.9636884322679,115.82256371130886,0.0,0.0,0.0,0.0,0.0,115.82256371130886,,0.0,
2025,Poder Ejecutivo,Ramos Administrativos,Agricultura y Desarrollo Rural,G001,Porcentaje Ejer/Modif,100.0,100.0,100.0,100.0,100.0,0.0,0.0,0.0,0.0,0.0,100.0,,0.0,
2025,Poder Ejecutivo,Ramos Administrativos,Agricultura y Desarrollo Rural,M001,Actividades de apoyo administrativo,0.0,0.0,0.0,0.0,0.0,0.0,0.0,0.0,0.0,0.0,0.0,,0.0,
2025,Poder Ejecutivo,Ramos Administrativos,Agricultura y Desarrollo Rural,M001,Aprobado,1791264891.0,535209902.0,0.0,22280543.0,2348755336.0,0.0,0.0,0.0,0.0,0.0,2348755336.0,100.0,0.0,0.0
2025,Poder Ejecutivo,Ramos Administrativos,Agricultura y Desarrollo Rural,M001,Modificado,1810396021.9,419439691.26,0.0,21611215.6,2251446928.76,0.0,0.0,0.0,0.0,0.0,2251446928.76,100.0,0.0,0.0
2025,Poder Ejecutivo,Ramos Administrativos,Agricultura y Desarrollo Rural,M001,Devengado,1810396021.9,419439691.26,0.0,21611215.6,2251446928.76,0.0,0.0,0.0,0.0,0.0,2251446928.76,100.0,0.0,0.0
2025,Poder Ejecutivo,Ramos Administrativos,Agricultura y Desarrollo Rural,M001,Ejercido,1810396021.9,419439691.26,0.0,21611215.6,2251446928.76,0.0,0.0,0.0,0.0,0.0,2251446928.76,100.0,0.0,0.0
2025,Poder Ejecutivo,Ramos Administrativos,Agricultura y Desarrollo Rural,M001,Porcentaje Ejer/Aprob,101.06802355118565,78.36919490701052,0.0,96.99591073700493,95.85702240891047,0.0,0.0,0.0,0.0,0.0,95.85702240891047,,0.0,
2025,Poder Ejecutivo,Ramos Administrativos,Agricultura y Desarrollo Rural,M001,Porcentaje Ejer/Modif,100.0,100.0,0.0,100.0,100.0,0.0,0.0,0.0,0.0,0.0,100.0,,0.0,
2025,Poder Ejecutivo,Ramos Administrativos,Agricultura y Desarrollo Rural,O001,Actividades de apoyo a la función pública y buen gobierno,0.0,0.0,0.0,0.0,0.0,0.0,0.0,0.0,0.0,0.0,0.0,,0.0,
2025,Poder Ejecutivo,Ramos Administrativos,Agricultura y Desarrollo Rural,O001,Aprobado,30604540.0,4440946.0,0.0,0.0,35045486.0,0.0,0.0,0.0,0.0,0.0,35045486.0,100.0,0.0,0.0
2025,Poder Ejecutivo,Ramos Administrativos,Agricultura y Desarrollo Rural,O001,Modificado,39419776.96,3348058.38,0.0,0.0,42767835.34,0.0,0.0,0.0,0.0,0.0,42767835.34,100.0,0.0,0.0
2025,Poder Ejecutivo,Ramos Administrativos,Agricultura y Desarrollo Rural,O001,Devengado,39419776.96,3348058.38,0.0,0.0,42767835.34,0.0,0.0,0.0,0.0,0.0,42767835.34,100.0,0.0,0.0
2025,Poder Ejecutivo,Ramos Administrativos,Agricultura y Desarrollo Rural,O001,Ejercido,39419776.96,3348058.38,0.0,0.0,42767835.34,0.0,0.0,0.0,0.0,0.0,42767835.34,100.0,0.0,0.0
2025,Poder Ejecutivo,Ramos Administrativos,Agricultura y Desarrollo Rural,O001,Porcentaje Ejer/Aprob,128.80369043285737,75.39065730589833,0.0,0.0,122.03521828745649,0.0,0.0,0.0,0.0,0.0,122.03521828745649,,0.0,
2025,Poder Ejecutivo,Ramos Administrativos,Agricultura y Desarrollo Rural,O001,Porcentaje Ejer/Modif,100.0,100.0,0.0,0.0,100.0,0.0,0.0,0.0,0.0,0.0,100.0,,0.0,
2025,Poder Ejecutivo,Ramos Administrativos,Agricultura y Desarrollo Rural,P001,Diseño y Aplicación de la Política Agropecuaria,0.0,0.0,0.0,0.0,0.0,0.0,0.0,0.0,0.0,0.0,0.0,,0.0,
2025,Poder Ejecutivo,Ramos Administrativos,Agricultura y Desarrollo Rural,P001,Aprobado,2959196868.0,609280798.0,0.0,4970660.0,3573448326.0,0.0,0.0,0.0,0.0,0.0,3573448326.0,100.0,0.0,0.0
2025,Poder Ejecutivo,Ramos Administrativos,Agricultura y Desarrollo Rural,P001,Modificado,3251892506.5,539567164.92,0.0,37922782.33,3829382453.75,0.0,0.0,0.0,0.0,0.0,3829382453.75,100.0,0.0,0.0
2025,Poder Ejecutivo,Ramos Administrativos,Agricultura y Desarrollo Rural,P001,Devengado,3251892506.5,539567164.92,0.0,37922782.33,3829382453.75,0.0,0.0,0.0,0.0,0.0,3829382453.75,100.0,0.0,0.0
2025,Poder Ejecutivo,Ramos Administrativos,Agricultura y Desarrollo Rural,P001,Ejercido,3251892506.5,539567164.92,0.0,37922782.33,3829382453.75,0.0,0.0,0.0,0.0,0.0,3829382453.75,100.0,0.0,0.0
2025,Poder Ejecutivo,Ramos Administrativos,Agricultura y Desarrollo Rural,P001,Porcentaje Ejer/Aprob,109.89104988806713,88.55804527094254,0.0,0.0,107.16210518248866,0.0,0.0,0.0,0.0,0.0,107.16210518248866,,0.0,
2025,Poder Ejecutivo,Ramos Administrativos,Agricultura y Desarrollo Rural,P001,Porcentaje Ejer/Modif,100.0,100.0,0.0,100.0,100.0,0.0,0.0,0.0,0.0,0.0,100.0,,0.0,
2025,Poder Ejecutivo,Ramos Administrativos,Agricultura y Desarrollo Rural,S052,"Programa de Abasto Social de Leche a cargo de Liconsa, S.A. de C.V.",0.0,0.0,0.0,0.0,0.0,0.0,0.0,0.0,0.0,0.0,0.0,,0.0,
2025,Poder Ejecutivo,Ramos Administrativos,Agricultura y Desarrollo Rural,S052,Aprobado,0.0,0.0,1479819581.0,0.0,1479819581.0,0.0,0.0,0.0,0.0,0.0,1479819581.0,100.0,0.0,0.0
2025,Poder Ejecutivo,Ramos Administrativos,Agricultura y Desarrollo Rural,S052,Modificado,0.0,0.0,1479819581.0,0.0,1479819581.0,0.0,0.0,0.0,0.0,0.0,1479819581.0,100.0,0.0,0.0
2025,Poder Ejecutivo,Ramos Administrativos,Agricultura y Desarrollo Rural,S052,Devengado,0.0,0.0,1479819581.0,0.0,1479819581.0,0.0,0.0,0.0,0.0,0.0,1479819581.0,100.0,0.0,0.0
2025,Poder Ejecutivo,Ramos Administrativos,Agricultura y Desarrollo Rural,S052,Ejercido,0.0,0.0,1479819581.0,0.0,1479819581.0,0.0,0.0,0.0,0.0,0.0,1479819581.0,100.0,0.0,0.0
2025,Poder Ejecutivo,Ramos Administrativos,Agricultura y Desarrollo Rural,S052,Porcentaje Ejer/Aprob,0.0,0.0,100.0,0.0,100.0,0.0,0.0,0.0,0.0,0.0,100.0,,0.0,
2025,Poder Ejecutivo,Ramos Administrativos,Agricultura y Desarrollo Rural,S052,Porcentaje Ejer/Modif,0.0,0.0,100.0,0.0,100.0,0.0,0.0,0.0,0.0,0.0,100.0,,0.0,
2025,Poder Ejecutivo,Ramos Administrativos,Agricultura y Desarrollo Rural,S053,"Programa de Abasto Rural a cargo de Diconsa, S.A. de C.V. (DICONSA)",0.0,0.0,0.0,0.0,0.0,0.0,0.0,0.0,0.0,0.0,0.0,,0.0,
2025,Poder Ejecutivo,Ramos Administrativos,Agricultura y Desarrollo Rural,S053,Aprobado,0.0,0.0,2560846196.0,0.0,2560846196.0,0.0,0.0,0.0,0.0,0.0,2560846196.0,100.0,0.0,0.0
2025,Poder Ejecutivo,Ramos Administrativos,Agricultura y Desarrollo Rural,S053,Modificado,0.0,0.0,2560821777.68,0.0,2560821777.68,0.0,0.0,0.0,0.0,0.0,2560821777.68,100.0,0.0,0.0
2025,Poder Ejecutivo,Ramos Administrativos,Agricultura y Desarrollo Rural,S053,Devengado,0.0,0.0,2560821777.68,0.0,2560821777.68,0.0,0.0,0.0,0.0,0.0,2560821777.68,100.0,0.0,0.0
2025,Poder Ejecutivo,Ramos Administrativos,Agricultura y Desarrollo Rural,S053,Ejercido,0.0,0.0,2560821777.68,0.0,2560821777.68,0.0,0.0,0.0,0.0,0.0,2560821777.68,100.0,0.0,0.0
2025,Poder Ejecutivo,Ramos Administrativos,Agricultura y Desarrollo Rural,S053,Porcentaje Ejer/Aprob,0.0,0.0,99.99904647455836,0.0,99.99904647455836,0.0,0.0,0.0,0.0,0.0,99.99904647455836,,0.0,
2025,Poder Ejecutivo,Ramos Administrativos,Agricultura y Desarrollo Rural,S053,Porcentaje Ejer/Modif,0.0,0.0,100.0,0.0,100.0,0.0,0.0,0.0,0.0,0.0,100.0,,0.0,
2025,Poder Ejecutivo,Ramos Administrativos,Agricultura y Desarrollo Rural,S263,Sanidad e Inocuidad Agroalimentaria,0.0,0.0,0.0,0.0,0.0,0.0,0.0,0.0,0.0,0.0,0.0,,0.0,
2025,Poder Ejecutivo,Ramos Administrativos,Agricultura y Desarrollo Rural,S263,Aprobado,0.0,0.0,3640444152.0,0.0,3640444152.0,0.0,0.0,0.0,0.0,0.0,3640444152.0,100.0,0.0,0.0
2025,Poder Ejecutivo,Ramos Administrativos,Agricultura y Desarrollo Rural,S263,Modificado,0.0,1348691.55,3976218120.19,968600.0,3978535411.74,0.0,0.0,0.0,0.0,0.0,3978535411.74,100.0,0.0,0.0
2025,Poder Ejecutivo,Ramos Administrativos,Agricultura y Desarrollo Rural,S263,Devengado,0.0,1348691.55,3976218120.19,968600.0,3978535411.74,0.0,0.0,0.0,0.0,0.0,3978535411.74,100.0,0.0,0.0
2025,Poder Ejecutivo,Ramos Administrativos,Agricultura y Desarrollo Rural,S263,Ejercido,0.0,1348691.55,3976218120.19,968600.0,3978535411.74,0.0,0.0,0.0,0.0,0.0,3978535411.74,100.0,0.0,0.0
2025,Poder Ejecutivo,Ramos Administrativos,Agricultura y Desarrollo Rural,S263,Porcentaje Ejer/Aprob,0.0,0.0,109.22343412425464,0.0,109.28708821296593,0.0,0.0,0.0,0.0,0.0,109.28708821296593,,0.0,
2025,Poder Ejecutivo,Ramos Administrativos,Agricultura y Desarrollo Rural,S263,Porcentaje Ejer/Modif,0.0,100.0,100.0,100.0,100.0,0.0,0.0,0.0,0.0,0.0,100.0,,0.0,
2025,Poder Ejecutivo,Ramos Administrativos,Agricultura y Desarrollo Rural,S290,Precios de Garantía a Productos Alimentarios Básicos,0.0,0.0,0.0,0.0,0.0,0.0,0.0,0.0,0.0,0.0,0.0,,0.0,
2025,Poder Ejecutivo,Ramos Administrativos,Agricultura y Desarrollo Rural,S290,Aprobado,0.0,0.0,12500000000.0,0.0,12500000000.0,0.0,0.0,0.0,0.0,0.0,12500000000.0,100.0,0.0,0.0
2025,Poder Ejecutivo,Ramos Administrativos,Agricultura y Desarrollo Rural,S290,Modificado,0.0,12026903.0,12747651171.39,0.0,12759678074.39,0.0,0.0,0.0,0.0,0.0,12759678074.39,100.0,0.0,0.0
2025,Poder Ejecutivo,Ramos Administrativos,Agricultura y Desarrollo Rural,S290,Devengado,0.0,12026903.0,12747651171.39,0.0,12759678074.39,0.0,0.0,0.0,0.0,0.0,12759678074.39,100.0,0.0,0.0
2025,Poder Ejecutivo,Ramos Administrativos,Agricultura y Desarrollo Rural,S290,Ejercido,0.0,12026903.0,12747651171.39,0.0,12759678074.39,0.0,0.0,0.0,0.0,0.0,12759678074.39,100.0,0.0,0.0
2025,Poder Ejecutivo,Ramos Administrativos,Agricultura y Desarrollo Rural,S290,Porcentaje Ejer/Aprob,0.0,0.0,101.98120937111999,0.0,102.07742459512,0.0,0.0,0.0,0.0,0.0,102.07742459512,,0.0,
2025,Poder Ejecutivo,Ramos Administrativos,Agricultura y Desarrollo Rural,S290,Porcentaje Ejer/Modif,0.0,100.0,100.0,0.0,100.0,0.0,0.0,0.0,0.0,0.0,100.0,,0.0,
2025,Poder Ejecutivo,Ramos Administrativos,Agricultura y Desarrollo Rural,S292,Fertilizantes,0.0,0.0,0.0,0.0,0.0,0.0,0.0,0.0,0.0,0.0,0.0,,0.0,
2025,Poder Ejecutivo,Ramos Administrativos,Agricultura y Desarrollo Rural,S292,Aprobado,0.0,0.0,17500000000.0,0.0,17500000000.0,0.0,0.0,0.0,0.0,0.0,17500000000.0,100.0,0.0,0.0
2025,Poder Ejecutivo,Ramos Administrativos,Agricultura y Desarrollo Rural,S292,Modificado,684375749.79,190399483.18,15838062387.68,0.0,16712837620.65,0.0,0.0,0.0,0.0,0.0,16712837620.65,100.0,0.0,0.0
2025,Poder Ejecutivo,Ramos Administrativos,Agricultura y Desarrollo Rural,S292,Devengado,684375749.79,190399483.18,15838062387.68,0.0,16712837620.65,0.0,0.0,0.0,0.0,0.0,16712837620.65,100.0,0.0,0.0
2025,Poder Ejecutivo,Ramos Administrativos,Agricultura y Desarrollo Rural,S292,Ejercido,684375749.79,190399483.18,15838062387.68,0.0,16712837620.65,0.0,0.0,0.0,0.0,0.0,16712837620.65,100.0,0.0,0.0
2025,Poder Ejecutivo,Ramos Administrativos,Agricultura y Desarrollo Rural,S292,Porcentaje Ejer/Aprob,0.0,0.0,90.50321364388572,0.0,95.50192926085714,0.0,0.0,0.0,0.0,0.0,95.50192926085714,,0.0,
2025,Poder Ejecutivo,Ramos Administrativos,Agricultura y Desarrollo Rural,S292,Porcentaje Ejer/Modif,100.0,100.0,100.0,0.0,100.0,0.0,0.0,0.0,0.0,0.0,100.0,,0.0,
2025,Poder Ejecutivo,Ramos Administrativos,Agricultura y Desarrollo Rural,S293,Producción para el Bienestar,0.0,0.0,0.0,0.0,0.0,0.0,0.0,0.0,0.0,0.0,0.0,,0.0,
2025,Poder Ejecutivo,Ramos Administrativos,Agricultura y Desarrollo Rural,S293,Aprobado,0.0,0.0,16800000000.0,0.0,16800000000.0,0.0,0.0,0.0,0.0,0.0,16800000000.0,100.0,0.0,0.0
2025,Poder Ejecutivo,Ramos Administrativos,Agricultura y Desarrollo Rural,S293,Modificado,0.0,276895520.66,14801395200.0,0.0,15078290720.66,0.0,0.0,0.0,0.0,0.0,15078290720.66,100.0,0.0,0.0
2025,Poder Ejecutivo,Ramos Administrativos,Agricultura y Desarrollo Rural,S293,Devengado,0.0,276895520.66,14801395200.0,0.0,15078290720.66,0.0,0.0,0.0,0.0,0.0,15078290720.66,100.0,0.0,0.0
2025,Poder Ejecutivo,Ramos Administrativos,Agricultura y Desarrollo Rural,S293,Ejercido,0.0,276895520.66,14801395200.0,0.0,15078290720.66,0.0,0.0,0.0,0.0,0.0,15078290720.66,100.0,0.0,0.0
2025,Poder Ejecutivo,Ramos Administrativos,Agricultura y Desarrollo Rural,S293,Porcentaje Ejer/Aprob,0.0,0.0,88.10354285714286,0.0,89.75173048011905,0.0,0.0,0.0,0.0,0.0,89.75173048011905,,0.0,
2025,Poder Ejecutivo,Ramos Administrativos,Agricultura y Desarrollo Rural,S293,Porcentaje Ejer/Modif,0.0,100.0,100.0,0.0,100.0,0.0,0.0,0.0,0.0,0.0,100.0,,0.0,
2025,Poder Ejecutivo,Ramos Administrativos,Agricultura y Desarrollo Rural,S304,"Programa de Fomento a la Agricultura, Ganadería, Pesca y Acuicultura",0.0,0.0,0.0,0.0,0.0,0.0,0.0,0.0,0.0,0.0,0.0,,0.0,
2025,Poder Ejecutivo,Ramos Administrativos,Agricultura y Desarrollo Rural,S304,Aprobado,0.0,0.0,1600000000.0,0.0,1600000000.0,0.0,0.0,0.0,0.0,0.0,1600000000.0,100.0,0.0,0.0
2025,Poder Ejecutivo,Ramos Administrativos,Agricultura y Desarrollo Rural,S304,Modificado,0.0,24966190.47,2069166408.28,0.0,2094132598.75,0.0,0.0,0.0,0.0,0.0,2094132598.75,100.0,0.0,0.0
2025,Poder Ejecutivo,Ramos Administrativos,Agricultura y Desarrollo Rural,S304,Devengado,0.0,24966190.47,2069166408.28,0.0,2094132598.75,0.0,0.0,0.0,0.0,0.0,2094132598.75,100.0,0.0,0.0
2025,Poder Ejecutivo,Ramos Administrativos,Agricultura y Desarrollo Rural,S304,Ejercido,0.0,24966190.47,2069166408.28,0.0,2094132598.75,0.0,0.0,0.0,0.0,0.0,2094132598.75,100.0,0.0,0.0
2025,Poder Ejecutivo,Ramos Administrativos,Agricultura y Desarrollo Rural,S304,Porcentaje Ejer/Aprob,0.0,0.0,129.3229005175,0.0,130.883287421875,0.0,0.0,0.0,0.0,0.0,130.883287421875,,0.0,
2025,Poder Ejecutivo,Ramos Administrativos,Agricultura y Desarrollo Rural,S304,Porcentaje Ejer/Modif,0.0,100.0,100.0,0.0,100.0,0.0,0.0,0.0,0.0,0.0,100.0,,0.0,
2025,Poder Ejecutivo,Ramos Administrativos,"Infraestructura, Comunicaciones y Transportes",TOTAL,Aprobado,7672246501.0,1398521960.0,0.0,36348532.0,9107116993.0,0.0,135404339253.0,3000000000.0,0.0,138404339253.0,147511456246.0,6.173837086803862,0.0,93.82616291319614
2025,Poder Ejecutivo,Ramos Administrativos,"Infraestructura, Comunicaciones y Transportes",TOTAL,Modificado,8857885520.39,2513588396.9,0.0,518627911.08,11890101828.37,0.0,117634941118.86,2556711297.25,0.0,120191652416.11,132081754244.48,9.002077460571671,0.0,90.99792253942833
2025,Poder Ejecutivo,Ramos Administrativos,"Infraestructura, Comunicaciones y Transportes",TOTAL,Devengado,8836438861.87,2513575030.3,0.0,518627911.08,11868641803.25,0.0,117281266228.84,2556711297.25,0.0,119837977526.09,131706619329.34,9.011423923631186,0.0,90.98857607636882
2025,Poder Ejecutivo,Ramos Administrativos,"Infraestructura, Comunicaciones y Transportes",TOTAL,Ejercido,8836437740.57,2513575030.3,0.0,518627911.08,11868640681.95,0.0,117280940854.78,2556711297.25,0.0,119837652152.03,131706292833.98,9.011445411276439,0.0,90.98855458872356
2025,Poder Ejecutivo,Ramos Administrativos,"Infraestructura, Comunicaciones y Transportes",TOTAL,Porcentaje Ejer/Aprob,115.1740593764585,179.7308231255804,0.0,0.0,130.32269917112725,0.0,86.61534888896225,85.22370990833333,0.0,86.58518424987346,89.2854671669282,,0.0,
2025,Poder Ejecutivo,Ramos Administrativos,"Infraestructura, Comunicaciones y Transportes",TOTAL,Porcentaje Ejer/Modif,99.7578679497423,99.9994682263804,0.0,100.0,99.8195040990415,0.0,99.69906877946893,100.0,0.0,99.70547017453887,99.71573559675394,,0.0,
2025,Poder Ejecutivo,Ramos Administrativos,"Infraestructura, Comunicaciones y Transportes",E004,"Estudios técnicos para la construcción, conservación y operación de infraestructura de comunicaciones y transportes",0.0,0.0,0.0,0.0,0.0,0.0,0.0,0.0,0.0,0.0,0.0,,0.0,
2025,Poder Ejecutivo,Ramos Administrativos,"Infraestructura, Comunicaciones y Transportes",E004,Aprobado,55595345.0,0.0,0.0,0.0,55595345.0,0.0,0.0,0.0,0.0,0.0,55595345.0,100.0,0.0,0.0
2025,Poder Ejecutivo,Ramos Administrativos,"Infraestructura, Comunicaciones y Transportes",E004,Modificado,65369266.19,907470.17,0.0,0.0,66276736.36,0.0,0.0,0.0,0.0,0.0,66276736.36,100.0,0.0,0.0
2025,Poder Ejecutivo,Ramos Administrativos,"Infraestructura, Comunicaciones y Transportes",E004,Devengado,65314892.91,907470.17,0.0,0.0,66222363.08,0.0,0.0,0.0,0.0,0.0,66222363.08,100.0,0.0,0.0
2025,Poder Ejecutivo,Ramos Administrativos,"Infraestructura, Comunicaciones y Transportes",E004,Ejercido,65314892.91,907470.17,0.0,0.0,66222363.08,0.0,0.0,0.0,0.0,0.0,66222363.08,100.0,0.0,0.0
2025,Poder Ejecutivo,Ramos Administrativos,"Infraestructura, Comunicaciones y Transportes",E004,Porcentaje Ejer/Aprob,117.48266497851574,0.0,0.0,0.0,119.11494223122456,0.0,0.0,0.0,0.0,0.0,119.11494223122456,,0.0,
2025,Poder Ejecutivo,Ramos Administrativos,"Infraestructura, Comunicaciones y Transportes",E004,Porcentaje Ejer/Modif,99.91682133949314,100.0,0.0,0.0,99.91796023312817,0.0,0.0,0.0,0.0,0.0,99.91796023312817,,0.0,
2025,Poder Ejecutivo,Ramos Administrativos,"Infraestructura, Comunicaciones y Transportes",E010,Servicios de ayudas a la navegación aérea,0.0,0.0,0.0,0.0,0.0,0.0,0.0,0.0,0.0,0.0,0.0,,0.0,
2025,Poder Ejecutivo,Ramos Administrativos,"Infraestructura, Comunicaciones y Transportes",E010,Aprobado,2687045031.0,187899685.0,0.0,1368951.0,2876313667.0,0.0,0.0,0.0,0.0,0.0,2876313667.0,100.0,0.0,0.0
2025,Poder Ejecutivo,Ramos Administrativos,"Infraestructura, Comunicaciones y Transportes",E010,Modificado,3912570057.68,876816669.81,0.0,675309.6,4790062037.09,0.0,0.0,0.0,0.0,0.0,4790062037.09,100.0,0.0,0.0
2025,Poder Ejecutivo,Ramos Administrativos,"Infraestructura, Comunicaciones y Transportes",E010,Devengado,3912570057.68,876816669.81,0.0,675309.6,4790062037.09,0.0,0.0,0.0,0.0,0.0,4790062037.09,100.0,0.0,0.0
2025,Poder Ejecutivo,Ramos Administrativos,"Infraestructura, Comunicaciones y Transportes",E010,Ejercido,3912570057.68,876816669.81,0.0,675309.6,4790062037.09,0.0,0.0,0.0,0.0,0.0,4790062037.09,100.0,0.0,0.0
2025,Poder Ejecutivo,Ramos Administrativos,"Infraestructura, Comunicaciones y Transportes",E010,Porcentaje Ejer/Aprob,145.60865235012133,466.6408407283918,0.0,49.33044352938856,166.53475912750653,0.0,0.0,0.0,0.0,0.0,166.53475912750653,,0.0,
2025,Poder Ejecutivo,Ramos Administrativos,"Infraestructura, Comunicaciones y Transportes",E010,Porcentaje Ejer/Modif,100.0,100.0,0.0,100.0,100.0,0.0,0.0,0.0,0.0,0.0,100.0,,0.0,
2025,Poder Ejecutivo,Ramos Administrativos,"Infraestructura, Comunicaciones y Transportes",E015,"Investigación, estudios, proyectos y capacitación en materia de transporte",0.0,0.0,0.0,0.0,0.0,0.0,0.0,0.0,0.0,0.0,0.0,,0.0,
2025,Poder Ejecutivo,Ramos Administrativos,"Infraestructura, Comunicaciones y Transportes",E015,Aprobado,83508293.0,65405450.0,0.0,0.0,148913743.0,0.0,0.0,0.0,0.0,0.0,148913743.0,100.0,0.0,0.0
2025,Poder Ejecutivo,Ramos Administrativos,"Infraestructura, Comunicaciones y Transportes",E015,Modificado,103524707.64,72740082.42,0.0,0.0,176264790.06,0.0,78214.25,0.0,0.0,78214.25,176343004.31,99.95564652518763,0.0,0.0
2025,Poder Ejecutivo,Ramos Administrativos,"Infraestructura, Comunicaciones y Transportes",E015,Devengado,103524707.64,72740082.42,0.0,0.0,176264790.06,0.0,78214.25,0.0,0.0,78214.25,176343004.31,99.95564652518763,0.0,0.0
2025,Poder Ejecutivo,Ramos Administrativos,"Infraestructura, Comunicaciones y Transportes",E015,Ejercido,103524707.64,72740082.42,0.0,0.0,176264790.06,0.0,78214.25,0.0,0.0,78214.25,176343004.31,99.95564652518763,0.0,0.0
2025,Poder Ejecutivo,Ramos Administrativos,"Infraestructura, Comunicaciones y Transportes",E015,Porcentaje Ejer/Aprob,123.96937348485856,111.21409977303114,0.0,0.0,118.36704021334015,0.0,0.0,0.0,0.0,0.0,118.4195634045677,,0.0,
2025,Poder Ejecutivo,Ramos Administrativos,"Infraestructura, Comunicaciones y Transportes",E015,Porcentaje Ejer/Modif,100.0,100.0,0.0,0.0,100.0,0.0,100.0,0.0,0.0,100.0,100.0,,0.0,
2025,Poder Ejecutivo,Ramos Administrativos,"Infraestructura, Comunicaciones y Transportes",G001,Regulación y supervisión del programa de protección y medicina preventiva en transporte multimodal,0.0,0.0,0.0,0.0,0.0,0.0,0.0,0.0,0.0,0.0,0.0,,0.0,
2025,Poder Ejecutivo,Ramos Administrativos,"Infraestructura, Comunicaciones y Transportes",G001,Aprobado,517217733.0,21627912.0,0.0,0.0,538845645.0,0.0,0.0,0.0,0.0,0.0,538845645.0,100.0,0.0,0.0
2025,Poder Ejecutivo,Ramos Administrativos,"Infraestructura, Comunicaciones y Transportes",G001,Modificado,428386848.73,24848095.74,0.0,28908.0,453263852.47,0.0,0.0,0.0,0.0,0.0,453263852.47,100.0,0.0,0.0
2025,Poder Ejecutivo,Ramos Administrativos,"Infraestructura, Comunicaciones y Transportes",G001,Devengado,427577205.28,24848095.74,0.0,28908.0,452454209.02,0.0,0.0,0.0,0.0,0.0,452454209.02,100.0,0.0,0.0
2025,Poder Ejecutivo,Ramos Administrativos,"Infraestructura, Comunicaciones y Transportes",G001,Ejercido,427577205.28,24848095.74,0.0,28908.0,452454209.02,0.0,0.0,0.0,0.0,0.0,452454209.02,100.0,0.0,0.0
2025,Poder Ejecutivo,Ramos Administrativos,"Infraestructura, Comunicaciones y Transportes",G001,Porcentaje Ejer/Aprob,82.66870565321472,114.88901813545385,0.0,0.0,83.9673129435796,0.0,0.0,0.0,0.0,0.0,83.9673129435796,,0.0,
2025,Poder Ejecutivo,Ramos Administrativos,"Infraestructura, Comunicaciones y Transportes",G001,Porcentaje Ejer/Modif,99.81100179606347,100.0,0.0,100.0,99.82137480286856,0.0,0.0,0.0,0.0,0.0,99.82137480286856,,0.0,
2025,Poder Ejecutivo,Ramos Administrativos,"Infraestructura, Comunicaciones y Transportes",G002,"Supervisión, inspección y verificación del transporte terrestre, marítimo y aéreo",0.0,0.0,0.0,0.0,0.0,0.0,0.0,0.0,0.0,0.0,0.0,,0.0,
2025,Poder Ejecutivo,Ramos Administrativos,"Infraestructura, Comunicaciones y Transportes",G002,Aprobado,1098805678.0,208224703.0,0.0,4334707.0,1311365088.0,0.0,0.0,0.0,0.0,0.0,1311365088.0,100.0,0.0,0.0
2025,Poder Ejecutivo,Ramos Administrativos,"Infraestructura, Comunicaciones y Transportes",G002,Modificado,1206643287.82,322890968.61,0.0,57232956.43,1586767212.86,0.0,0.0,0.0,0.0,0.0,1586767212.86,100.0,0.0,0.0
2025,Poder Ejecutivo,Ramos Administrativos,"Infraestructura, Comunicaciones y Transportes",G002,Devengado,1205708273.02,322890968.61,0.0,57232956.43,1585832198.06,0.0,0.0,0.0,0.0,0.0,1585832198.06,100.0,0.0,0.0
2025,Poder Ejecutivo,Ramos Administrativos,"Infraestructura, Comunicaciones y Transportes",G002,Ejercido,1205707151.72,322890968.61,0.0,57232956.43,1585831076.76,0.0,0.0,0.0,0.0,0.0,1585831076.76,100.0,0.0,0.0
2025,Poder Ejecutivo,Ramos Administrativos,"Infraestructura, Comunicaciones y Transportes",G002,Porcentaje Ejer/Aprob,109.7288788964558,155.0685216297319,0.0,0.0,120.92979226544729,0.0,0.0,0.0,0.0,0.0,120.92979226544729,,0.0,
2025,Poder Ejecutivo,Ramos Administrativos,"Infraestructura, Comunicaciones y Transportes",G002,Porcentaje Ejer/Modif,99.92241815709338,100.0,0.0,100.0,99.94100356420192,0.0,0.0,0.0,0.0,0.0,99.94100356420192,,0.0,
2025,Poder Ejecutivo,Ramos Administrativos,"Infraestructura, Comunicaciones y Transportes",G003,"Supervisión, regulación, inspección, verificación y servicios administrativos de construcción y conservación de carreteras",0.0,0.0,0.0,0.0,0.0,0.0,0.0,0.0,0.0,0.0,0.0,,0.0,
2025,Poder Ejecutivo,Ramos Administrativos,"Infraestructura, Comunicaciones y Transportes",G003,Aprobado,886473256.0,24729810.0,0.0,0.0,911203066.0,0.0,15683939253.0,0.0,0.0,15683939253.0,16595142319.0,5.490781871492307,0.0,94.50921812850768
2025,Poder Ejecutivo,Ramos Administrativos,"Infraestructura, Comunicaciones y Transportes",G003,Modificado,755210208.37,45232212.5,0.0,2048608.04,802491028.91,0.0,19766451374.74,0.0,0.0,19766451374.74,20568942403.65,3.9014695707816087,0.0,96.09853042921839
2025,Poder Ejecutivo,Ramos Administrativos,"Infraestructura, Comunicaciones y Transportes",G003,Devengado,754422003.12,45232212.5,0.0,2048608.04,801702823.66,0.0,19766451374.74,0.0,0.0,19766451374.74,20568154198.4,3.897786918197864,0.0,96.10221308180213
2025,Poder Ejecutivo,Ramos Administrativos,"Infraestructura, Comunicaciones y Transportes",G003,Ejercido,754422003.12,45232212.5,0.0,2048608.04,801702823.66,0.0,19766451374.74,0.0,0.0,19766451374.74,20568154198.4,3.897786918197864,0.0,96.10221308180213
2025,Poder Ejecutivo,Ramos Administrativos,"Infraestructura, Comunicaciones y Transportes",G003,Porcentaje Ejer/Aprob,85.10375220163439,182.90562078721996,0.0,0.0,87.98289355843761,0.0,126.02988991403485,0.0,0.0,126.02988991403485,123.94081233549439,,0.0,
2025,Poder Ejecutivo,Ramos Administrativos,"Infraestructura, Comunicaciones y Transportes",G003,Porcentaje Ejer/Modif,99.89563101223152,100.0,0.0,100.0,99.90178017926623,0.0,100.0,0.0,0.0,100.0,99.9961679835816,,0.0,
2025,Poder Ejecutivo,Ramos Administrativos,"Infraestructura, Comunicaciones y Transportes",G004,Supervisión y verificación de concesiones en telecomunicaciones,0.0,0.0,0.0,0.0,0.0,0.0,0.0,0.0,0.0,0.0,0.0,,0.0,
2025,Poder Ejecutivo,Ramos Administrativos,"Infraestructura, Comunicaciones y Transportes",G004,Aprobado,0.0,0.0,0.0,0.0,0.0,0.0,0.0,0.0,0.0,0.0,0.0,0.0,0.0,0.0
2025,Poder Ejecutivo,Ramos Administrativos,"Infraestructura, Comunicaciones y Transportes",G004,Modificado,66905222.01,72367229.0,0.0,517636.54,139790087.55,0.0,0.0,0.0,0.0,0.0,139790087.55,100.0,0.0,0.0
2025,Poder Ejecutivo,Ramos Administrativos,"Infraestructura, Comunicaciones y Transportes",G004,Devengado,66905222.01,72364029.0,0.0,517636.54,139786887.55,0.0,0.0,0.0,0.0,0.0,139786887.55,100.0,0.0,0.0
2025,Poder Ejecutivo,Ramos Administrativos,"Infraestructura, Comunicaciones y Transportes",G004,Ejercido,66905222.01,72364029.0,0.0,517636.54,139786887.55,0.0,0.0,0.0,0.0,0.0,139786887.55,100.0,0.0,0.0
2025,Poder Ejecutivo,Ramos Administrativos,"Infraestructura, Comunicaciones y Transportes",G004,Porcentaje Ejer/Aprob,0.0,0.0,0.0,0.0,0.0,0.0,0.0,0.0,0.0,0.0,0.0,,0.0,
2025,Poder Ejecutivo,Ramos Administrativos,"Infraestructura, Comunicaciones y Transportes",G004,Porcentaje Ejer/Modif,100.0,99.9955781089808,0.0,100.0,99.99771085342596,0.0,0.0,0.0,0.0,0.0,99.99771085342596,,0.0,
2025,Poder Ejecutivo,Ramos Administrativos,"Infraestructura, Comunicaciones y Transportes",G008,Derecho de Vía,0.0,0.0,0.0,0.0,0.0,0.0,0.0,0.0,0.0,0.0,0.0,,0.0,
2025,Poder Ejecutivo,Ramos Administrativos,"Infraestructura, Comunicaciones y Transportes",G008,Aprobado,415828024.0,7953235.0,0.0,0.0,423781259.0,0.0,0.0,0.0,0.0,0.0,423781259.0,100.0,0.0,0.0
2025,Poder Ejecutivo,Ramos Administrativos,"Infraestructura, Comunicaciones y Transportes",G008,Modificado,459019252.76,34144118.12,0.0,210207575.78,703370946.66,0.0,0.0,0.0,0.0,0.0,703370946.66,100.0,0.0,0.0
2025,Poder Ejecutivo,Ramos Administrativos,"Infraestructura, Comunicaciones y Transportes",G008,Devengado,458475117.88,34144118.12,0.0,210207575.78,702826811.78,0.0,0.0,0.0,0.0,0.0,702826811.78,100.0,0.0,0.0
2025,Poder Ejecutivo,Ramos Administrativos,"Infraestructura, Comunicaciones y Transportes",G008,Ejercido,458475117.88,34144118.12,0.0,210207575.78,702826811.78,0.0,0.0,0.0,0.0,0.0,702826811.78,100.0,0.0,0.0
2025,Poder Ejecutivo,Ramos Administrativos,"Infraestructura, Comunicaciones y Transportes",G008,Porcentaje Ejer/Aprob,110.25594510676846,429.3110680119473,0.0,0.0,165.8466005406813,0.0,0.0,0.0,0.0,0.0,165.8466005406813,,0.0,
2025,Poder Ejecutivo,Ramos Administrativos,"Infraestructura, Comunicaciones y Transportes",G008,Porcentaje Ejer/Modif,99.88145706814514,100.0,0.0,100.0,99.92263898834834,0.0,0.0,0.0,0.0,0.0,99.92263898834834,,0.0,
2025,Poder Ejecutivo,Ramos Administrativos,"Infraestructura, Comunicaciones y Transportes",K003,Proyectos de construcción de carreteras,0.0,0.0,0.0,0.0,0.0,0.0,0.0,0.0,0.0,0.0,0.0,,0.0,
2025,Poder Ejecutivo,Ramos Administrativos,"Infraestructura, Comunicaciones y Transportes",K003,Aprobado,0.0,0.0,0.0,0.0,0.0,0.0,0.0,0.0,0.0,0.0,0.0,0.0,0.0,0.0
2025,Poder Ejecutivo,Ramos Administrativos,"Infraestructura, Comunicaciones y Transportes",K003,Modificado,0.0,0.0,0.0,0.0,0.0,0.0,11185273589.53,0.0,0.0,11185273589.53,11185273589.53,0.0,0.0,100.0
2025,Poder Ejecutivo,Ramos Administrativos,"Infraestructura, Comunicaciones y Transportes",K003,Devengado,0.0,0.0,0.0,0.0,0.0,0.0,11185273589.53,0.0,0.0,11185273589.53,11185273589.53,0.0,0.0,100.0
2025,Poder Ejecutivo,Ramos Administrativos,"Infraestructura, Comunicaciones y Transportes",K003,Ejercido,0.0,0.0,0.0,0.0,0.0,0.0,11185273589.53,0.0,0.0,11185273589.53,11185273589.53,0.0,0.0,100.0
2025,Poder Ejecutivo,Ramos Administrativos,"Infraestructura, Comunicaciones y Transportes",K003,Porcentaje Ejer/Aprob,0.0,0.0,0.0,0.0,0.0,0.0,0.0,0.0,0.0,0.0,0.0,,0.0,
2025,Poder Ejecutivo,Ramos Administrativos,"Infraestructura, Comunicaciones y Transportes",K003,Porcentaje Ejer/Modif,0.0,0.0,0.0,0.0,0.0,0.0,100.0,0.0,0.0,100.0,100.0,,0.0,
2025,Poder Ejecutivo,Ramos Administrativos,"Infraestructura, Comunicaciones y Transportes",K005,Proyectos de construcción de aeropuertos,0.0,0.0,0.0,0.0,0.0,0.0,0.0,0.0,0.0,0.0,0.0,,0.0,
2025,Poder Ejecutivo,Ramos Administrativos,"Infraestructura, Comunicaciones y Transportes",K005,Aprobado,0.0,0.0,0.0,0.0,0.0,0.0,0.0,0.0,0.0,0.0,0.0,0.0,0.0,0.0
2025,Poder Ejecutivo,Ramos Administrativos,"Infraestructura, Comunicaciones y Transportes",K005,Modificado,0.0,0.0,0.0,0.0,0.0,0.0,6803103.05,0.0,0.0,6803103.05,6803103.05,0.0,0.0,100.0
2025,Poder Ejecutivo,Ramos Administrativos,"Infraestructura, Comunicaciones y Transportes",K005,Devengado,0.0,0.0,0.0,0.0,0.0,0.0,6803103.05,0.0,0.0,6803103.05,6803103.05,0.0,0.0,100.0
2025,Poder Ejecutivo,Ramos Administrativos,"Infraestructura, Comunicaciones y Transportes",K005,Ejercido,0.0,0.0,0.0,0.0,0.0,0.0,6803103.05,0.0,0.0,6803103.05,6803103.05,0.0,0.0,100.0
2025,Poder Ejecutivo,Ramos Administrativos,"Infraestructura, Comunicaciones y Transportes",K005,Porcentaje Ejer/Aprob,0.0,0.0,0.0,0.0,0.0,0.0,0.0,0.0,0.0,0.0,0.0,,0.0,
2025,Poder Ejecutivo,Ramos Administrativos,"Infraestructura, Comunicaciones y Transportes",K005,Porcentaje Ejer/Modif,0.0,0.0,0.0,0.0,0.0,0.0,100.0,0.0,0.0,100.0,100.0,,0.0,
2025,Poder Ejecutivo,Ramos Administrativos,"Infraestructura, Comunicaciones y Transportes",K009,Proyectos de Infraestructura Social del Sector Educativo,0.0,0.0,0.0,0.0,0.0,0.0,0.0,0.0,0.0,0.0,0.0,,0.0,
2025,Poder Ejecutivo,Ramos Administrativos,"Infraestructura, Comunicaciones y Transportes",K009,Aprobado,0.0,0.0,0.0,0.0,0.0,0.0,0.0,0.0,0.0,0.0,0.0,0.0,0.0,0.0
2025,Poder Ejecutivo,Ramos Administrativos,"Infraestructura, Comunicaciones y Transportes",K009,Modificado,0.0,0.0,0.0,0.0,0.0,0.0,502917430.69,0.0,0.0,502917430.69,502917430.69,0.0,0.0,100.0
2025,Poder Ejecutivo,Ramos Administrativos,"Infraestructura, Comunicaciones y Transportes",K009,Devengado,0.0,0.0,0.0,0.0,0.0,0.0,502917430.69,0.0,0.0,502917430.69,502917430.69,0.0,0.0,100.0
2025,Poder Ejecutivo,Ramos Administrativos,"Infraestructura, Comunicaciones y Transportes",K009,Ejercido,0.0,0.0,0.0,0.0,0.0,0.0,502917430.69,0.0,0.0,502917430.69,502917430.69,0.0,0.0,100.0
2025,Poder Ejecutivo,Ramos Administrativos,"Infraestructura, Comunicaciones y Transportes",K009,Porcentaje Ejer/Aprob,0.0,0.0,0.0,0.0,0.0,0.0,0.0,0.0,0.0,0.0,0.0,,0.0,
2025,Poder Ejecutivo,Ramos Administrativos,"Infraestructura, Comunicaciones y Transportes",K009,Porcentaje Ejer/Modif,0.0,0.0,0.0,0.0,0.0,0.0,100.0,0.0,0.0,100.0,100.0,,0.0,
2025,Poder Ejecutivo,Ramos Administrativos,"Infraestructura, Comunicaciones y Transportes",K025,Proyectos de inmuebles (oficinas administrativas),0.0,0.0,0.0,0.0,0.0,0.0,0.0,0.0,0.0,0.0,0.0,,0.0,
2025,Poder Ejecutivo,Ramos Administrativos,"Infraestructura, Comunicaciones y Transportes",K025,Aprobado,0.0,0.0,0.0,0.0,0.0,0.0,0.0,0.0,0.0,0.0,0.0,0.0,0.0,0.0
2025,Poder Ejecutivo,Ramos Administrativos,"Infraestructura, Comunicaciones y Transportes",K025,Modificado,0.0,0.0,0.0,0.0,0.0,0.0,503949.55,0.0,0.0,503949.55,503949.55,0.0,0.0,100.0
2025,Poder Ejecutivo,Ramos Administrativos,"Infraestructura, Comunicaciones y Transportes",K025,Devengado,0.0,0.0,0.0,0.0,0.0,0.0,503949.55,0.0,0.0,503949.55,503949.55,0.0,0.0,100.0
2025,Poder Ejecutivo,Ramos Administrativos,"Infraestructura, Comunicaciones y Transportes",K025,Ejercido,0.0,0.0,0.0,0.0,0.0,0.0,503949.55,0.0,0.0,503949.55,503949.55,0.0,0.0,100.0
2025,Poder Ejecutivo,Ramos Administrativos,"Infraestructura, Comunicaciones y Transportes",K025,Porcentaje Ejer/Aprob,0.0,0.0,0.0,0.0,0.0,0.0,0.0,0.0,0.0,0.0,0.0,,0.0,
2025,Poder Ejecutivo,Ramos Administrativos,"Infraestructura, Comunicaciones y Transportes",K025,Porcentaje Ejer/Modif,0.0,0.0,0.0,0.0,0.0,0.0,100.0,0.0,0.0,100.0,100.0,,0.0,
2025,Poder Ejecutivo,Ramos Administrativos,"Infraestructura, Comunicaciones y Transportes",K027,Mantenimiento de infraestructura,0.0,0.0,0.0,0.0,0.0,0.0,0.0,0.0,0.0,0.0,0.0,,0.0,
2025,Poder Ejecutivo,Ramos Administrativos,"Infraestructura, Comunicaciones y Transportes",K027,Aprobado,0.0,0.0,0.0,0.0,0.0,0.0,0.0,0.0,0.0,0.0,0.0,0.0,0.0,0.0
2025,Poder Ejecutivo,Ramos Administrativos,"Infraestructura, Comunicaciones y Transportes",K027,Modificado,0.0,0.0,0.0,0.0,0.0,0.0,100000000.0,0.0,0.0,100000000.0,100000000.0,0.0,0.0,100.0
2025,Poder Ejecutivo,Ramos Administrativos,"Infraestructura, Comunicaciones y Transportes",K027,Devengado,0.0,0.0,0.0,0.0,0.0,0.0,100000000.0,0.0,0.0,100000000.0,100000000.0,0.0,0.0,100.0
2025,Poder Ejecutivo,Ramos Administrativos,"Infraestructura, Comunicaciones y Transportes",K027,Ejercido,0.0,0.0,0.0,0.0,0.0,0.0,100000000.0,0.0,0.0,100000000.0,100000000.0,0.0,0.0,100.0
2025,Poder Ejecutivo,Ramos Administrativos,"Infraestructura, Comunicaciones y Transportes",K027,Porcentaje Ejer/Aprob,0.0,0.0,0.0,0.0,0.0,0.0,0.0,0.0,0.0,0.0,0.0,,0.0,
2025,Poder Ejecutivo,Ramos Administrativos,"Infraestructura, Comunicaciones y Transportes",K027,Porcentaje Ejer/Modif,0.0,0.0,0.0,0.0,0.0,0.0,100.0,0.0,0.0,100.0,100.0,,0.0,
2025,Poder Ejecutivo,Ramos Administrativos,"Infraestructura, Comunicaciones y Transportes",K028,Estudios de preinversión,0.0,0.0,0.0,0.0,0.0,0.0,0.0,0.0,0.0,0.0,0.0,,0.0,
2025,Poder Ejecutivo,Ramos Administrativos,"Infraestructura, Comunicaciones y Transportes",K028,Aprobado,0.0,0.0,0.0,0.0,0.0,0.0,0.0,0.0,0.0,0.0,0.0,0.0,0.0,0.0
2025,Poder Ejecutivo,Ramos Administrativos,"Infraestructura, Comunicaciones y Transportes",K028,Modificado,0.0,0.0,0.0,0.0,0.0,0.0,4090233209.36,0.0,0.0,4090233209.36,4090233209.36,0.0,0.0,100.0
2025,Poder Ejecutivo,Ramos Administrativos,"Infraestructura, Comunicaciones y Transportes",K028,Devengado,0.0,0.0,0.0,0.0,0.0,0.0,4090233209.36,0.0,0.0,4090233209.36,4090233209.36,0.0,0.0,100.0
2025,Poder Ejecutivo,Ramos Administrativos,"Infraestructura, Comunicaciones y Transportes",K028,Ejercido,0.0,0.0,0.0,0.0,0.0,0.0,4090233209.36,0.0,0.0,4090233209.36,4090233209.36,0.0,0.0,100.0
2025,Poder Ejecutivo,Ramos Administrativos,"Infraestructura, Comunicaciones y Transportes",K028,Porcentaje Ejer/Aprob,0.0,0.0,0.0,0.0,0.0,0.0,0.0,0.0,0.0,0.0,0.0,,0.0,
2025,Poder Ejecutivo,Ramos Administrativos,"Infraestructura, Comunicaciones y Transportes",K028,Porcentaje Ejer/Modif,0.0,0.0,0.0,0.0,0.0,0.0,100.0,0.0,0.0,100.0,100.0,,0.0,
2025,Poder Ejecutivo,Ramos Administrativos,"Infraestructura, Comunicaciones y Transportes",K031,Proyectos de construcción de carreteras alimentadoras y caminos rurales,0.0,0.0,0.0,0.0,0.0,0.0,0.0,0.0,0.0,0.0,0.0,,0.0,
2025,Poder Ejecutivo,Ramos Administrativos,"Infraestructura, Comunicaciones y Transportes",K031,Aprobado,0.0,0.0,0.0,0.0,0.0,0.0,0.0,0.0,0.0,0.0,0.0,0.0,0.0,0.0
2025,Poder Ejecutivo,Ramos Administrativos,"Infraestructura, Comunicaciones y Transportes",K031,Modificado,0.0,0.0,0.0,0.0,0.0,0.0,2896603270.52,0.0,0.0,2896603270.52,2896603270.52,0.0,0.0,100.0
2025,Poder Ejecutivo,Ramos Administrativos,"Infraestructura, Comunicaciones y Transportes",K031,Devengado,0.0,0.0,0.0,0.0,0.0,0.0,2896603270.52,0.0,0.0,2896603270.52,2896603270.52,0.0,0.0,100.0
2025,Poder Ejecutivo,Ramos Administrativos,"Infraestructura, Comunicaciones y Transportes",K031,Ejercido,0.0,0.0,0.0,0.0,0.0,0.0,2896603270.52,0.0,0.0,2896603270.52,2896603270.52,0.0,0.0,100.0
2025,Poder Ejecutivo,Ramos Administrativos,"Infraestructura, Comunicaciones y Transportes",K031,Porcentaje Ejer/Aprob,0.0,0.0,0.0,0.0,0.0,0.0,0.0,0.0,0.0,0.0,0.0,,0.0,
2025,Poder Ejecutivo,Ramos Administrativos,"Infraestructura, Comunicaciones y Transportes",K031,Porcentaje Ejer/Modif,0.0,0.0,0.0,0.0,0.0,0.0,100.0,0.0,0.0,100.0,100.0,,0.0,
2025,Poder Ejecutivo,Ramos Administrativos,"Infraestructura, Comunicaciones y Transportes",K032,Reconstrucción y Conservación de Carreteras,0.0,0.0,0.0,0.0,0.0,0.0,0.0,0.0,0.0,0.0,0.0,,0.0,
2025,Poder Ejecutivo,Ramos Administrativos,"Infraestructura, Comunicaciones y Transportes",K032,Aprobado,0.0,0.0,0.0,0.0,0.0,0.0,10000000000.0,0.0,0.0,10000000000.0,10000000000.0,0.0,0.0,100.0
2025,Poder Ejecutivo,Ramos Administrativos,"Infraestructura, Comunicaciones y Transportes",K032,Modificado,0.0,0.0,0.0,0.0,0.0,0.0,10053183492.1,0.0,0.0,10053183492.1,10053183492.1,0.0,0.0,100.0
2025,Poder Ejecutivo,Ramos Administrativos,"Infraestructura, Comunicaciones y Transportes",K032,Devengado,0.0,0.0,0.0,0.0,0.0,0.0,10053126885.1,0.0,0.0,10053126885.1,10053126885.1,0.0,0.0,100.0
2025,Poder Ejecutivo,Ramos Administrativos,"Infraestructura, Comunicaciones y Transportes",K032,Ejercido,0.0,0.0,0.0,0.0,0.0,0.0,10052801511.04,0.0,0.0,10052801511.04,10052801511.04,0.0,0.0,100.0
2025,Poder Ejecutivo,Ramos Administrativos,"Infraestructura, Comunicaciones y Transportes",K032,Porcentaje Ejer/Aprob,0.0,0.0,0.0,0.0,0.0,0.0,100.52801511040002,0.0,0.0,100.52801511040002,100.52801511040002,,0.0,
2025,Poder Ejecutivo,Ramos Administrativos,"Infraestructura, Comunicaciones y Transportes",K032,Porcentaje Ejer/Modif,0.0,0.0,0.0,0.0,0.0,0.0,99.99620039701553,0.0,0.0,99.99620039701553,99.99620039701553,,0.0,
2025,Poder Ejecutivo,Ramos Administrativos,"Infraestructura, Comunicaciones y Transportes",K033,"Estudios y Proyectos para la construcción, ampliación, modernización, conservación y operación de infraestructura de comunicaciones y transportes",0.0,0.0,0.0,0.0,0.0,0.0,0.0,0.0,0.0,0.0,0.0,,0.0,
2025,Poder Ejecutivo,Ramos Administrativos,"Infraestructura, Comunicaciones y Transportes",K033,Aprobado,0.0,0.0,0.0,0.0,0.0,0.0,0.0,0.0,0.0,0.0,0.0,0.0,0.0,0.0
2025,Poder Ejecutivo,Ramos Administrativos,"Infraestructura, Comunicaciones y Transportes",K033,Modificado,0.0,0.0,0.0,0.0,0.0,0.0,451450408.79,0.0,0.0,451450408.79,451450408.79,0.0,0.0,100.0
2025,Poder Ejecutivo,Ramos Administrativos,"Infraestructura, Comunicaciones y Transportes",K033,Devengado,0.0,0.0,0.0,0.0,0.0,0.0,451450408.79,0.0,0.0,451450408.79,451450408.79,0.0,0.0,100.0
2025,Poder Ejecutivo,Ramos Administrativos,"Infraestructura, Comunicaciones y Transportes",K033,Ejercido,0.0,0.0,0.0,0.0,0.0,0.0,451450408.79,0.0,0.0,451450408.79,451450408.79,0.0,0.0,100.0
2025,Poder Ejecutivo,Ramos Administrativos,"Infraestructura, Comunicaciones y Transportes",K033,Porcentaje Ejer/Aprob,0.0,0.0,0.0,0.0,0.0,0.0,0.0,0.0,0.0,0.0,0.0,,0.0,
2025,Poder Ejecutivo,Ramos Administrativos,"Infraestructura, Comunicaciones y Transportes",K033,Porcentaje Ejer/Modif,0.0,0.0,0.0,0.0,0.0,0.0,100.0,0.0,0.0,100.0,100.0,,0.0,
2025,Poder Ejecutivo,Ramos Administrativos,"Infraestructura, Comunicaciones y Transportes",K037,Conservación de infraestructura de caminos rurales y carreteras alimentadoras,0.0,0.0,0.0,0.0,0.0,0.0,0.0,0.0,0.0,0.0,0.0,,0.0,
2025,Poder Ejecutivo,Ramos Administrativos,"Infraestructura, Comunicaciones y Transportes",K037,Aprobado,0.0,0.0,0.0,0.0,0.0,0.0,0.0,0.0,0.0,0.0,0.0,0.0,0.0,0.0
2025,Poder Ejecutivo,Ramos Administrativos,"Infraestructura, Comunicaciones y Transportes",K037,Modificado,0.0,0.0,0.0,0.0,0.0,0.0,3593476842.31,0.0,0.0,3593476842.31,3593476842.31,0.0,0.0,100.0
2025,Poder Ejecutivo,Ramos Administrativos,"Infraestructura, Comunicaciones y Transportes",K037,Devengado,0.0,0.0,0.0,0.0,0.0,0.0,3593476842.31,0.0,0.0,3593476842.31,3593476842.31,0.0,0.0,100.0
2025,Poder Ejecutivo,Ramos Administrativos,"Infraestructura, Comunicaciones y Transportes",K037,Ejercido,0.0,0.0,0.0,0.0,0.0,0.0,3593476842.31,0.0,0.0,3593476842.31,3593476842.31,0.0,0.0,100.0
2025,Poder Ejecutivo,Ramos Administrativos,"Infraestructura, Comunicaciones y Transportes",K037,Porcentaje Ejer/Aprob,0.0,0.0,0.0,0.0,0.0,0.0,0.0,0.0,0.0,0.0,0.0,,0.0,
2025,Poder Ejecutivo,Ramos Administrativos,"Infraestructura, Comunicaciones y Transportes",K037,Porcentaje Ejer/Modif,0.0,0.0,0.0,0.0,0.0,0.0,100.0,0.0,0.0,100.0,100.0,,0.0,
2025,Poder Ejecutivo,Ramos Administrativos,"Infraestructura, Comunicaciones y Transportes",K039,Estudios y proyectos de construcción de caminos rurales y carreteras alimentadoras,0.0,0.0,0.0,0.0,0.0,0.0,0.0,0.0,0.0,0.0,0.0,,0.0,
2025,Poder Ejecutivo,Ramos Administrativos,"Infraestructura, Comunicaciones y Transportes",K039,Aprobado,0.0,0.0,0.0,0.0,0.0,0.0,0.0,0.0,0.0,0.0,0.0,0.0,0.0,0.0
2025,Poder Ejecutivo,Ramos Administrativos,"Infraestructura, Comunicaciones y Transportes",K039,Modificado,0.0,0.0,0.0,0.0,0.0,0.0,217840579.68,0.0,0.0,217840579.68,217840579.68,0.0,0.0,100.0
2025,Poder Ejecutivo,Ramos Administrativos,"Infraestructura, Comunicaciones y Transportes",K039,Devengado,0.0,0.0,0.0,0.0,0.0,0.0,217840579.68,0.0,0.0,217840579.68,217840579.68,0.0,0.0,100.0
2025,Poder Ejecutivo,Ramos Administrativos,"Infraestructura, Comunicaciones y Transportes",K039,Ejercido,0.0,0.0,0.0,0.0,0.0,0.0,217840579.68,0.0,0.0,217840579.68,217840579.68,0.0,0.0,100.0
2025,Poder Ejecutivo,Ramos Administrativos,"Infraestructura, Comunicaciones y Transportes",K039,Porcentaje Ejer/Aprob,0.0,0.0,0.0,0.0,0.0,0.0,0.0,0.0,0.0,0.0,0.0,,0.0,
2025,Poder Ejecutivo,Ramos Administrativos,"Infraestructura, Comunicaciones y Transportes",K039,Porcentaje Ejer/Modif,0.0,0.0,0.0,0.0,0.0,0.0,100.0,0.0,0.0,100.0,100.0,,0.0,
2025,Poder Ejecutivo,Ramos Administrativos,"Infraestructura, Comunicaciones y Transportes",K040,Proyectos Ferroviarios para Transporte de Carga y Pasajeros,0.0,0.0,0.0,0.0,0.0,0.0,0.0,0.0,0.0,0.0,0.0,,0.0,
2025,Poder Ejecutivo,Ramos Administrativos,"Infraestructura, Comunicaciones y Transportes",K040,Aprobado,0.0,0.0,0.0,0.0,0.0,0.0,1556323911.0,0.0,0.0,1556323911.0,1556323911.0,0.0,0.0,100.0
2025,Poder Ejecutivo,Ramos Administrativos,"Infraestructura, Comunicaciones y Transportes",K040,Modificado,0.0,0.0,0.0,0.0,0.0,0.0,58784421776.3,0.0,0.0,58784421776.3,58784421776.3,0.0,0.0,100.0
2025,Poder Ejecutivo,Ramos Administrativos,"Infraestructura, Comunicaciones y Transportes",K040,Devengado,0.0,0.0,0.0,0.0,0.0,0.0,58430803493.28,0.0,0.0,58430803493.28,58430803493.28,0.0,0.0,100.0
2025,Poder Ejecutivo,Ramos Administrativos,"Infraestructura, Comunicaciones y Transportes",K040,Ejercido,0.0,0.0,0.0,0.0,0.0,0.0,58430803493.28,0.0,0.0,58430803493.28,58430803493.28,0.0,0.0,100.0
2025,Poder Ejecutivo,Ramos Administrativos,"Infraestructura, Comunicaciones y Transportes",K040,Porcentaje Ejer/Aprob,0.0,0.0,0.0,0.0,0.0,0.0,0.0,0.0,0.0,0.0,0.0,,0.0,
2025,Poder Ejecutivo,Ramos Administrativos,"Infraestructura, Comunicaciones y Transportes",K040,Porcentaje Ejer/Modif,0.0,0.0,0.0,0.0,0.0,0.0,99.39844898982646,0.0,0.0,99.39844898982646,99.39844898982646,,0.0,
2025,Poder Ejecutivo,Ramos Administrativos,"Infraestructura, Comunicaciones y Transportes",K041,Proyectos de Transporte Masivo de Pasajeros,0.0,0.0,0.0,0.0,0.0,0.0,0.0,0.0,0.0,0.0,0.0,,0.0,
2025,Poder Ejecutivo,Ramos Administrativos,"Infraestructura, Comunicaciones y Transportes",K041,Aprobado,0.0,0.0,0.0,0.0,0.0,0.0,277334398.0,0.0,0.0,277334398.0,277334398.0,0.0,0.0,100.0
2025,Poder Ejecutivo,Ramos Administrativos,"Infraestructura, Comunicaciones y Transportes",K041,Modificado,0.0,0.0,0.0,0.0,0.0,0.0,4812164205.54,0.0,0.0,4812164205.54,4812164205.54,0.0,0.0,100.0
2025,Poder Ejecutivo,Ramos Administrativos,"Infraestructura, Comunicaciones y Transportes",K041,Devengado,0.0,0.0,0.0,0.0,0.0,0.0,4812164205.54,0.0,0.0,4812164205.54,4812164205.54,0.0,0.0,100.0
2025,Poder Ejecutivo,Ramos Administrativos,"Infraestructura, Comunicaciones y Transportes",K041,Ejercido,0.0,0.0,0.0,0.0,0.0,0.0,4812164205.54,0.0,0.0,4812164205.54,4812164205.54,0.0,0.0,100.0
2025,Poder Ejecutivo,Ramos Administrativos,"Infraestructura, Comunicaciones y Transportes",K041,Porcentaje Ejer/Aprob,0.0,0.0,0.0,0.0,0.0,0.0,0.0,0.0,0.0,0.0,0.0,,0.0,
2025,Poder Ejecutivo,Ramos Administrativos,"Infraestructura, Comunicaciones y Transportes",K041,Porcentaje Ejer/Modif,0.0,0.0,0.0,0.0,0.0,0.0,100.0,0.0,0.0,100.0,100.0,,0.0,
2025,Poder Ejecutivo,Ramos Administrativos,"Infraestructura, Comunicaciones y Transportes",K048,Servicios relacionados para la liberación del derecho de vía,0.0,0.0,0.0,0.0,0.0,0.0,0.0,0.0,0.0,0.0,0.0,,0.0,
2025,Poder Ejecutivo,Ramos Administrativos,"Infraestructura, Comunicaciones y Transportes",K048,Aprobado,0.0,0.0,0.0,0.0,0.0,0.0,0.0,0.0,0.0,0.0,0.0,0.0,0.0,0.0
2025,Poder Ejecutivo,Ramos Administrativos,"Infraestructura, Comunicaciones y Transportes",K048,Modificado,0.0,0.0,0.0,0.0,0.0,0.0,1173539672.45,0.0,0.0,1173539672.45,1173539672.45,0.0,0.0,100.0
2025,Poder Ejecutivo,Ramos Administrativos,"Infraestructura, Comunicaciones y Transportes",K048,Devengado,0.0,0.0,0.0,0.0,0.0,0.0,1173539672.45,0.0,0.0,1173539672.45,1173539672.45,0.0,0.0,100.0
2025,Poder Ejecutivo,Ramos Administrativos,"Infraestructura, Comunicaciones y Transportes",K048,Ejercido,0.0,0.0,0.0,0.0,0.0,0.0,1173539672.45,0.0,0.0,1173539672.45,1173539672.45,0.0,0.0,100.0
2025,Poder Ejecutivo,Ramos Administrativos,"Infraestructura, Comunicaciones y Transportes",K048,Porcentaje Ejer/Aprob,0.0,0.0,0.0,0.0,0.0,0.0,0.0,0.0,0.0,0.0,0.0,,0.0,
2025,Poder Ejecutivo,Ramos Administrativos,"Infraestructura, Comunicaciones y Transportes",K048,Porcentaje Ejer/Modif,0.0,0.0,0.0,0.0,0.0,0.0,100.0,0.0,0.0,100.0,100.0,,0.0,
2025,Poder Ejecutivo,Ramos Administrativos,"Infraestructura, Comunicaciones y Transportes",M001,Actividades de apoyo administrativo,0.0,0.0,0.0,0.0,0.0,0.0,0.0,0.0,0.0,0.0,0.0,,0.0,
2025,Poder Ejecutivo,Ramos Administrativos,"Infraestructura, Comunicaciones y Transportes",M001,Aprobado,1414721739.0,773368942.0,0.0,6054454.0,2194145135.0,0.0,0.0,0.0,0.0,0.0,2194145135.0,100.0,0.0,0.0
2025,Poder Ejecutivo,Ramos Administrativos,"Infraestructura, Comunicaciones y Transportes",M001,Modificado,1347495095.99,999170411.01,0.0,5840762.27,2352506269.27,0.0,0.0,0.0,0.0,0.0,2352506269.27,100.0,0.0,0.0
2025,Poder Ejecutivo,Ramos Administrativos,"Infraestructura, Comunicaciones y Transportes",M001,Devengado,1331264656.82,999160244.41,0.0,5840762.27,2336265663.5,0.0,0.0,0.0,0.0,0.0,2336265663.5,100.0,0.0,0.0
2025,Poder Ejecutivo,Ramos Administrativos,"Infraestructura, Comunicaciones y Transportes",M001,Ejercido,1331264656.82,999160244.41,0.0,5840762.27,2336265663.5,0.0,0.0,0.0,0.0,0.0,2336265663.5,100.0,0.0,0.0
2025,Poder Ejecutivo,Ramos Administrativos,"Infraestructura, Comunicaciones y Transportes",M001,Porcentaje Ejer/Aprob,94.10081291046026,129.19580683264624,0.0,96.4705036985994,106.4772619747417,0.0,0.0,0.0,0.0,0.0,106.4772619747417,,0.0,
2025,Poder Ejecutivo,Ramos Administrativos,"Infraestructura, Comunicaciones y Transportes",M001,Porcentaje Ejer/Modif,98.7955103348205,99.99898249588979,0.0,100.0,99.30964665292731,0.0,0.0,0.0,0.0,0.0,99.30964665292731,,0.0,
2025,Poder Ejecutivo,Ramos Administrativos,"Infraestructura, Comunicaciones y Transportes",O001,Actividades de apoyo a la función pública y buen gobierno,0.0,0.0,0.0,0.0,0.0,0.0,0.0,0.0,0.0,0.0,0.0,,0.0,
2025,Poder Ejecutivo,Ramos Administrativos,"Infraestructura, Comunicaciones y Transportes",O001,Aprobado,13354654.0,434627.0,0.0,0.0,13789281.0,0.0,0.0,0.0,0.0,0.0,13789281.0,100.0,0.0,0.0
2025,Poder Ejecutivo,Ramos Administrativos,"Infraestructura, Comunicaciones y Transportes",O001,Modificado,13354654.0,267488.12,0.0,0.0,13622142.12,0.0,0.0,0.0,0.0,0.0,13622142.12,100.0,0.0,0.0
2025,Poder Ejecutivo,Ramos Administrativos,"Infraestructura, Comunicaciones y Transportes",O001,Devengado,13354654.0,267488.12,0.0,0.0,13622142.12,0.0,0.0,0.0,0.0,0.0,13622142.12,100.0,0.0,0.0
2025,Poder Ejecutivo,Ramos Administrativos,"Infraestructura, Comunicaciones y Transportes",O001,Ejercido,13354654.0,267488.12,0.0,0.0,13622142.12,0.0,0.0,0.0,0.0,0.0,13622142.12,100.0,0.0,0.0
2025,Poder Ejecutivo,Ramos Administrativos,"Infraestructura, Comunicaciones y Transportes",O001,Porcentaje Ejer/Aprob,100.0,61.544294302931014,0.0,0.0,98.78790721575693,0.0,0.0,0.0,0.0,0.0,98.78790721575693,,0.0,
2025,Poder Ejecutivo,Ramos Administrativos,"Infraestructura, Comunicaciones y Transportes",O001,Porcentaje Ejer/Modif,100.0,100.0,0.0,0.0,100.0,0.0,0.0,0.0,0.0,0.0,100.0,,0.0,
2025,Poder Ejecutivo,Ramos Administrativos,"Infraestructura, Comunicaciones y Transportes",P001,"Definición, conducción y supervisión de la política de comunicaciones y transportes",0.0,0.0,0.0,0.0,0.0,0.0,0.0,0.0,0.0,0.0,0.0,,0.0,
2025,Poder Ejecutivo,Ramos Administrativos,"Infraestructura, Comunicaciones y Transportes",P001,Aprobado,499696748.0,108877596.0,0.0,24590420.0,633164764.0,0.0,0.0,0.0,0.0,0.0,633164764.0,100.0,0.0,0.0
2025,Poder Ejecutivo,Ramos Administrativos,"Infraestructura, Comunicaciones y Transportes",P001,Modificado,499406919.2,64203651.4,0.0,242076154.42,805686725.02,0.0,0.0,0.0,0.0,0.0,805686725.02,100.0,0.0,0.0
2025,Poder Ejecutivo,Ramos Administrativos,"Infraestructura, Comunicaciones y Transportes",P001,Devengado,497322071.51,64203651.4,0.0,242076154.42,803601877.33,0.0,0.0,0.0,0.0,0.0,803601877.33,100.0,0.0,0.0
2025,Poder Ejecutivo,Ramos Administrativos,"Infraestructura, Comunicaciones y Transportes",P001,Ejercido,497322071.51,64203651.4,0.0,242076154.42,803601877.33,0.0,0.0,0.0,0.0,0.0,803601877.33,100.0,0.0,0.0
2025,Poder Ejecutivo,Ramos Administrativos,"Infraestructura, Comunicaciones y Transportes",P001,Porcentaje Ejer/Aprob,99.52477647703243,58.96865265100085,0.0,0.0,126.9182877855155,0.0,0.0,0.0,0.0,0.0,126.9182877855155,,0.0,
2025,Poder Ejecutivo,Ramos Administrativos,"Infraestructura, Comunicaciones y Transportes",P001,Porcentaje Ejer/Modif,99.58253528138142,100.0,0.0,100.0,99.74123345647178,0.0,0.0,0.0,0.0,0.0,99.74123345647178,,0.0,
2025,Poder Ejecutivo,Ramos Administrativos,"Infraestructura, Comunicaciones y Transportes",R023,Provisiones para el desarrollo de trenes de pasajeros y de carga,0.0,0.0,0.0,0.0,0.0,0.0,0.0,0.0,0.0,0.0,0.0,,0.0,
2025,Poder Ejecutivo,Ramos Administrativos,"Infraestructura, Comunicaciones y Transportes",R023,Aprobado,0.0,0.0,0.0,0.0,0.0,0.0,90166341691.0,0.0,0.0,90166341691.0,90166341691.0,0.0,0.0,100.0
2025,Poder Ejecutivo,Ramos Administrativos,"Infraestructura, Comunicaciones y Transportes",R023,Modificado,0.0,0.0,0.0,0.0,0.0,0.0,0.0,0.0,0.0,0.0,0.0,0.0,0.0,0.0
2025,Poder Ejecutivo,Ramos Administrativos,"Infraestructura, Comunicaciones y Transportes",R023,Devengado,0.0,0.0,0.0,0.0,0.0,0.0,0.0,0.0,0.0,0.0,0.0,0.0,0.0,0.0
2025,Poder Ejecutivo,Ramos Administrativos,"Infraestructura, Comunicaciones y Transportes",R023,Ejercido,0.0,0.0,0.0,0.0,0.0,0.0,0.0,0.0,0.0,0.0,0.0,0.0,0.0,0.0
2025,Poder Ejecutivo,Ramos Administrativos,"Infraestructura, Comunicaciones y Transportes",R023,Porcentaje Ejer/Aprob,0.0,0.0,0.0,0.0,0.0,0.0,0.0,0.0,0.0,0.0,0.0,,0.0,
2025,Poder Ejecutivo,Ramos Administrativos,"Infraestructura, Comunicaciones y Transportes",R023,Porcentaje Ejer/Modif,0.0,0.0,0.0,0.0,0.0,0.0,0.0,0.0,0.0,0.0,0.0,,0.0,
2025,Poder Ejecutivo,Ramos Administrativos,"Infraestructura, Comunicaciones y Transportes",R026,"Provisiones para el desarrollo, modernización y rehabilitación de infraestructura de Comunicaciones y Transportes",0.0,0.0,0.0,0.0,0.0,0.0,0.0,0.0,0.0,0.0,0.0,,0.0,
2025,Poder Ejecutivo,Ramos Administrativos,"Infraestructura, Comunicaciones y Transportes",R026,Aprobado,0.0,0.0,0.0,0.0,0.0,0.0,17720400000.0,0.0,0.0,17720400000.0,17720400000.0,0.0,0.0,100.0
2025,Poder Ejecutivo,Ramos Administrativos,"Infraestructura, Comunicaciones y Transportes",R026,Modificado,0.0,0.0,0.0,0.0,0.0,0.0,0.0,0.0,0.0,0.0,0.0,0.0,0.0,0.0
2025,Poder Ejecutivo,Ramos Administrativos,"Infraestructura, Comunicaciones y Transportes",R026,Devengado,0.0,0.0,0.0,0.0,0.0,0.0,0.0,0.0,0.0,0.0,0.0,0.0,0.0,0.0
2025,Poder Ejecutivo,Ramos Administrativos,"Infraestructura, Comunicaciones y Transportes",R026,Ejercido,0.0,0.0,0.0,0.0,0.0,0.0,0.0,0.0,0.0,0.0,0.0,0.0,0.0,0.0
2025,Poder Ejecutivo,Ramos Administrativos,"Infraestructura, Comunicaciones y Transportes",R026,Porcentaje Ejer/Aprob,0.0,0.0,0.0,0.0,0.0,0.0,0.0,0.0,0.0,0.0,0.0,,0.0,
2025,Poder Ejecutivo,Ramos Administrativos,"Infraestructura, Comunicaciones y Transportes",R026,Porcentaje Ejer/Modif,0.0,0.0,0.0,0.0,0.0,0.0,0.0,0.0,0.0,0.0,0.0,,0.0,
2025,Poder Ejecutivo,Ramos Administrativos,"Infraestructura, Comunicaciones y Transportes",U004,Mejora en la conectividad municipal a través de caminos rurales y carreteras alimentadoras,0.0,0.0,0.0,0.0,0.0,0.0,0.0,0.0,0.0,0.0,0.0,,0.0,
2025,Poder Ejecutivo,Ramos Administrativos,"Infraestructura, Comunicaciones y Transportes",U004,Aprobado,0.0,0.0,0.0,0.0,0.0,0.0,0.0,3000000000.0,0.0,3000000000.0,3000000000.0,0.0,0.0,100.0
2025,Poder Ejecutivo,Ramos Administrativos,"Infraestructura, Comunicaciones y Transportes",U004,Modificado,0.0,0.0,0.0,0.0,0.0,0.0,0.0,2556711297.25,0.0,2556711297.25,2556711297.25,0.0,0.0,100.0
2025,Poder Ejecutivo,Ramos Administrativos,"Infraestructura, Comunicaciones y Transportes",U004,Devengado,0.0,0.0,0.0,0.0,0.0,0.0,0.0,2556711297.25,0.0,2556711297.25,2556711297.25,0.0,0.0,100.0
2025,Poder Ejecutivo,Ramos Administrativos,"Infraestructura, Comunicaciones y Transportes",U004,Ejercido,0.0,0.0,0.0,0.0,0.0,0.0,0.0,2556711297.25,0.0,2556711297.25,2556711297.25,0.0,0.0,100.0
2025,Poder Ejecutivo,Ramos Administrativos,"Infraestructura, Comunicaciones y Transportes",U004,Porcentaje Ejer/Aprob,0.0,0.0,0.0,0.0,0.0,0.0,0.0,85.22370990833333,0.0,85.22370990833333,85.22370990833333,,0.0,
2025,Poder Ejecutivo,Ramos Administrativos,"Infraestructura, Comunicaciones y Transportes",U004,Porcentaje Ejer/Modif,0.0,0.0,0.0,0.0,0.0,0.0,0.0,100.0,0.0,100.0,100.0,,0.0,
2025,Poder Ejecutivo,Ramos Administrativos,Economía,TOTAL,Aprobado,2503275719.0,960314392.0,0.0,69873241.0,3533463352.0,0.0,0.0,0.0,0.0,0.0,3533463352.0,100.0,0.0,0.0
2025,Poder Ejecutivo,Ramos Administrativos,Economía,TOTAL,Modificado,2903892711.73,737589893.8,0.0,132814425.27,3774297030.8,0.0,0.0,2850000.0,0.0,2850000.0,3777147030.8,99.92454622558348,0.0,0.1
2025,Poder Ejecutivo,Ramos Administrativos,Economía,TOTAL,Devengado,2903892711.73,737589893.8,0.0,132814425.27,3774297030.8,0.0,0.0,2850000.0,0.0,2850000.0,3777147030.8,99.92454622558348,0.0,0.1
2025,Poder Ejecutivo,Ramos Administrativos,Economía,TOTAL,Ejercido,2903892711.73,737589893.8,0.0,132814425.27,3774297030.8,0.0,0.0,2850000.0,0.0,2850000.0,3777147030.8,99.92454622558348,0.0,0.1
2025,Poder Ejecutivo,Ramos Administrativos,Economía,TOTAL,Porcentaje Ejer/Aprob,116.00371024611053,76.80712691016296,0.0,190.07909661725867,106.81579670732071,0.0,0.0,0.0,0.0,0.0,106.89645411666918,,0.0,
2025,Poder Ejecutivo,Ramos Administrativos,Economía,TOTAL,Porcentaje Ejer/Modif,100.0,100.0,0.0,100.0,100.0,0.0,0.0,100.0,0.0,100.0,100.0,,0.0,
2025,Poder Ejecutivo,Ramos Administrativos,Economía,B002,Generación y difusión de información para el consumidor,0.0,0.0,0.0,0.0,0.0,0.0,0.0,0.0,0.0,0.0,0.0,,0.0,
2025,Poder Ejecutivo,Ramos Administrativos,Economía,B002,Aprobado,272027921.0,27249270.0,0.0,0.0,299277191.0,0.0,0.0,0.0,0.0,0.0,299277191.0,100.0,0.0,0.0
2025,Poder Ejecutivo,Ramos Administrativos,Economía,B002,Modificado,300579863.64,26499129.07,0.0,0.0,327078992.71,0.0,0.0,0.0,0.0,0.0,327078992.71,100.0,0.0,0.0
2025,Poder Ejecutivo,Ramos Administrativos,Economía,B002,Devengado,300579863.64,26499129.07,0.0,0.0,327078992.71,0.0,0.0,0.0,0.0,0.0,327078992.71,100.0,0.0,0.0
2025,Poder Ejecutivo,Ramos Administrativos,Economía,B002,Ejercido,300579863.64,26499129.07,0.0,0.0,327078992.71,0.0,0.0,0.0,0.0,0.0,327078992.71,100.0,0.0,0.0
2025,Poder Ejecutivo,Ramos Administrativos,Economía,B002,Porcentaje Ejer/Aprob,110.49596031724992,97.24711550070883,0.0,0.0,109.28964937725574,0.0,0.0,0.0,0.0,0.0,109.28964937725574,,0.0,
2025,Poder Ejecutivo,Ramos Administrativos,Economía,B002,Porcentaje Ejer/Modif,100.0,100.0,0.0,0.0,100.0,0.0,0.0,0.0,0.0,0.0,100.0,,0.0,
2025,Poder Ejecutivo,Ramos Administrativos,Economía,E005,Protección de los derechos de los consumidores,0.0,0.0,0.0,0.0,0.0,0.0,0.0,0.0,0.0,0.0,0.0,,0.0,
2025,Poder Ejecutivo,Ramos Administrativos,Economía,E005,Aprobado,315423351.0,43400878.0,0.0,2763588.0,361587817.0,0.0,0.0,0.0,0.0,0.0,361587817.0,100.0,0.0,0.0
2025,Poder Ejecutivo,Ramos Administrativos,Economía,E005,Modificado,344030947.62,37635666.14,0.0,2757370.65,384423984.41,0.0,0.0,0.0,0.0,0.0,384423984.41,100.0,0.0,0.0
2025,Poder Ejecutivo,Ramos Administrativos,Economía,E005,Devengado,344030947.62,37635666.14,0.0,2757370.65,384423984.41,0.0,0.0,0.0,0.0,0.0,384423984.41,100.0,0.0,0.0
2025,Poder Ejecutivo,Ramos Administrativos,Economía,E005,Ejercido,344030947.62,37635666.14,0.0,2757370.65,384423984.41,0.0,0.0,0.0,0.0,0.0,384423984.41,100.0,0.0,0.0
2025,Poder Ejecutivo,Ramos Administrativos,Economía,E005,Porcentaje Ejer/Aprob,109.0695874383758,86.7163704384045,0.0,99.77502616164203,106.31552456591756,0.0,0.0,0.0,0.0,0.0,106.31552456591756,,0.0,
2025,Poder Ejecutivo,Ramos Administrativos,Economía,E005,Porcentaje Ejer/Modif,100.0,100.0,0.0,100.0,100.0,0.0,0.0,0.0,0.0,0.0,100.0,,0.0,
2025,Poder Ejecutivo,Ramos Administrativos,Economía,E006,Desarrollo tecnológico y prestación de servicios metrológicos para la competitividad,0.0,0.0,0.0,0.0,0.0,0.0,0.0,0.0,0.0,0.0,0.0,,0.0,
2025,Poder Ejecutivo,Ramos Administrativos,Economía,E006,Aprobado,123204297.0,33671944.0,0.0,4391818.0,161268059.0,0.0,0.0,0.0,0.0,0.0,161268059.0,100.0,0.0,0.0
2025,Poder Ejecutivo,Ramos Administrativos,Economía,E006,Modificado,125566608.63,25619194.0,0.0,0.0,151185802.63,0.0,0.0,0.0,0.0,0.0,151185802.63,100.0,0.0,0.0
2025,Poder Ejecutivo,Ramos Administrativos,Economía,E006,Devengado,125566608.63,25619194.0,0.0,0.0,151185802.63,0.0,0.0,0.0,0.0,0.0,151185802.63,100.0,0.0,0.0
2025,Poder Ejecutivo,Ramos Administrativos,Economía,E006,Ejercido,125566608.63,25619194.0,0.0,0.0,151185802.63,0.0,0.0,0.0,0.0,0.0,151185802.63,100.0,0.0,0.0
2025,Poder Ejecutivo,Ramos Administrativos,Economía,E006,Porcentaje Ejer/Aprob,101.91739386330008,76.08468937819569,0.0,0.0,93.74813807984134,0.0,0.0,0.0,0.0,0.0,93.74813807984134,,0.0,
2025,Poder Ejecutivo,Ramos Administrativos,Economía,E006,Porcentaje Ejer/Modif,100.0,100.0,0.0,0.0,100.0,0.0,0.0,0.0,0.0,0.0,100.0,,0.0,
2025,Poder Ejecutivo,Ramos Administrativos,Economía,E007,Producción de información geológica del territorio nacional,0.0,0.0,0.0,0.0,0.0,0.0,0.0,0.0,0.0,0.0,0.0,,0.0,
2025,Poder Ejecutivo,Ramos Administrativos,Economía,E007,Aprobado,207976558.0,5566371.0,0.0,0.0,213542929.0,0.0,0.0,0.0,0.0,0.0,213542929.0,100.0,0.0,0.0
2025,Poder Ejecutivo,Ramos Administrativos,Economía,E007,Modificado,209239963.6,5566371.0,0.0,0.0,214806334.6,0.0,0.0,0.0,0.0,0.0,214806334.6,100.0,0.0,0.0
2025,Poder Ejecutivo,Ramos Administrativos,Economía,E007,Devengado,209239963.6,5566371.0,0.0,0.0,214806334.6,0.0,0.0,0.0,0.0,0.0,214806334.6,100.0,0.0,0.0
2025,Poder Ejecutivo,Ramos Administrativos,Economía,E007,Ejercido,209239963.6,5566371.0,0.0,0.0,214806334.6,0.0,0.0,0.0,0.0,0.0,214806334.6,100.0,0.0,0.0
2025,Poder Ejecutivo,Ramos Administrativos,Economía,E007,Porcentaje Ejer/Aprob,100.60747500206249,100.0,0.0,0.0,100.59164010061883,0.0,0.0,0.0,0.0,0.0,100.59164010061883,,0.0,
2025,Poder Ejecutivo,Ramos Administrativos,Economía,E007,Porcentaje Ejer/Modif,100.0,100.0,0.0,0.0,100.0,0.0,0.0,0.0,0.0,0.0,100.0,,0.0,
2025,Poder Ejecutivo,Ramos Administrativos,Economía,E009,Atención de trámites y servicios a cargo de la Secretaría en las entidades federativas,0.0,0.0,0.0,0.0,0.0,0.0,0.0,0.0,0.0,0.0,0.0,,0.0,
2025,Poder Ejecutivo,Ramos Administrativos,Economía,E009,Aprobado,38454473.0,38003735.0,0.0,0.0,76458208.0,0.0,0.0,0.0,0.0,0.0,76458208.0,100.0,0.0,0.0
2025,Poder Ejecutivo,Ramos Administrativos,Economía,E009,Modificado,3339466.77,33969352.87,0.0,0.0,37308819.64,0.0,0.0,0.0,0.0,0.0,37308819.64,100.0,0.0,0.0
2025,Poder Ejecutivo,Ramos Administrativos,Economía,E009,Devengado,3339466.77,33969352.87,0.0,0.0,37308819.64,0.0,0.0,0.0,0.0,0.0,37308819.64,100.0,0.0,0.0
2025,Poder Ejecutivo,Ramos Administrativos,Economía,E009,Ejercido,3339466.77,33969352.87,0.0,0.0,37308819.64,0.0,0.0,0.0,0.0,0.0,37308819.64,100.0,0.0,0.0
2025,Poder Ejecutivo,Ramos Administrativos,Economía,E009,Porcentaje Ejer/Aprob,8.684208908544917,89.38424833769628,0.0,0.0,48.79635635718797,0.0,0.0,0.0,0.0,0.0,48.79635635718797,,0.0,
2025,Poder Ejecutivo,Ramos Administrativos,Economía,E009,Porcentaje Ejer/Modif,100.0,100.0,0.0,0.0,100.0,0.0,0.0,0.0,0.0,0.0,100.0,,0.0,
2025,Poder Ejecutivo,Ramos Administrativos,Economía,F003,Promoción del comercio exterior y atracción de inversión extranjera directa,0.0,0.0,0.0,0.0,0.0,0.0,0.0,0.0,0.0,0.0,0.0,,0.0,
2025,Poder Ejecutivo,Ramos Administrativos,Economía,F003,Aprobado,81686009.0,53298141.0,0.0,0.0,134984150.0,0.0,0.0,0.0,0.0,0.0,134984150.0,100.0,0.0,0.0
2025,Poder Ejecutivo,Ramos Administrativos,Economía,F003,Modificado,63888106.18,28107927.91,0.0,1442605.0,93438639.09,0.0,0.0,0.0,0.0,0.0,93438639.09,100.0,0.0,0.0
2025,Poder Ejecutivo,Ramos Administrativos,Economía,F003,Devengado,63888106.18,28107927.91,0.0,1442605.0,93438639.09,0.0,0.0,0.0,0.0,0.0,93438639.09,100.0,0.0,0.0
2025,Poder Ejecutivo,Ramos Administrativos,Economía,F003,Ejercido,63888106.18,28107927.91,0.0,1442605.0,93438639.09,0.0,0.0,0.0,0.0,0.0,93438639.09,100.0,0.0,0.0
2025,Poder Ejecutivo,Ramos Administrativos,Economía,F003,Porcentaje Ejer/Aprob,78.21181002979347,52.73716377837644,0.0,0.0,69.2219339011284,0.0,0.0,0.0,0.0,0.0,69.2219339011284,,0.0,
2025,Poder Ejecutivo,Ramos Administrativos,Economía,F003,Porcentaje Ejer/Modif,100.0,100.0,0.0,100.0,100.0,0.0,0.0,0.0,0.0,0.0,100.0,,0.0,
2025,Poder Ejecutivo,Ramos Administrativos,Economía,G001,"Supervisión aplicación y actualización del marco normativo y operativo en materia de Infraestructura de la Calidad, Mercantil, Competitividad y Competencia",0.0,0.0,0.0,0.0,0.0,0.0,0.0,0.0,0.0,0.0,0.0,,0.0,
2025,Poder Ejecutivo,Ramos Administrativos,Economía,G001,Aprobado,55416168.0,56019516.0,0.0,13650782.0,125086466.0,0.0,0.0,0.0,0.0,0.0,125086466.0,100.0,0.0,0.0
2025,Poder Ejecutivo,Ramos Administrativos,Economía,G001,Modificado,77728178.57,42329479.33,0.0,11132650.74,131190308.64,0.0,0.0,0.0,0.0,0.0,131190308.64,100.0,0.0,0.0
2025,Poder Ejecutivo,Ramos Administrativos,Economía,G001,Devengado,77728178.57,42329479.33,0.0,11132650.74,131190308.64,0.0,0.0,0.0,0.0,0.0,131190308.64,100.0,0.0,0.0
2025,Poder Ejecutivo,Ramos Administrativos,Economía,G001,Ejercido,77728178.57,42329479.33,0.0,11132650.74,131190308.64,0.0,0.0,0.0,0.0,0.0,131190308.64,100.0,0.0,0.0
2025,Poder Ejecutivo,Ramos Administrativos,Economía,G001,Porcentaje Ejer/Aprob,140.26263701596977,75.56202258155889,0.0,81.55320874657583,104.8796986877861,0.0,0.0,0.0,0.0,0.0,104.8796986877861,,0.0,
2025,Poder Ejecutivo,Ramos Administrativos,Economía,G001,Porcentaje Ejer/Modif,100.0,100.0,0.0,100.0,100.0,0.0,0.0,0.0,0.0,0.0,100.0,,0.0,
2025,Poder Ejecutivo,Ramos Administrativos,Economía,G003,Vigilancia del cumplimiento de la normatividad y fortalecimiento de la certeza jurídica entre proveedores y consumidores,0.0,0.0,0.0,0.0,0.0,0.0,0.0,0.0,0.0,0.0,0.0,,0.0,
2025,Poder Ejecutivo,Ramos Administrativos,Economía,G003,Aprobado,306063263.0,47148876.0,0.0,0.0,353212139.0,0.0,0.0,0.0,0.0,0.0,353212139.0,100.0,0.0,0.0
2025,Poder Ejecutivo,Ramos Administrativos,Economía,G003,Modificado,353206638.69,47728350.83,0.0,0.0,400934989.52,0.0,0.0,0.0,0.0,0.0,400934989.52,100.0,0.0,0.0
2025,Poder Ejecutivo,Ramos Administrativos,Economía,G003,Devengado,353206638.69,47728350.83,0.0,0.0,400934989.52,0.0,0.0,0.0,0.0,0.0,400934989.52,100.0,0.0,0.0
2025,Poder Ejecutivo,Ramos Administrativos,Economía,G003,Ejercido,353206638.69,47728350.83,0.0,0.0,400934989.52,0.0,0.0,0.0,0.0,0.0,400934989.52,100.0,0.0,0.0
2025,Poder Ejecutivo,Ramos Administrativos,Economía,G003,Porcentaje Ejer/Aprob,115.40314744994404,101.22903211945074,0.0,0.0,113.51110147434656,0.0,0.0,0.0,0.0,0.0,113.51110147434656,,0.0,
2025,Poder Ejecutivo,Ramos Administrativos,Economía,G003,Porcentaje Ejer/Modif,100.0,100.0,0.0,0.0,100.0,0.0,0.0,0.0,0.0,0.0,100.0,,0.0,
2025,Poder Ejecutivo,Ramos Administrativos,Economía,G006,"Fomento de mercados competidos en el país, prevención, investigación y combate de prácticas monopólicas",0.0,0.0,0.0,0.0,0.0,0.0,0.0,0.0,0.0,0.0,0.0,,0.0,
2025,Poder Ejecutivo,Ramos Administrativos,Economía,G006,Aprobado,0.0,0.0,0.0,0.0,0.0,0.0,0.0,0.0,0.0,0.0,0.0,0.0,0.0,0.0
2025,Poder Ejecutivo,Ramos Administrativos,Economía,G006,Modificado,67653838.92,2588490.03,0.0,0.0,70242328.95,0.0,0.0,0.0,0.0,0.0,70242328.95,100.0,0.0,0.0
2025,Poder Ejecutivo,Ramos Administrativos,Economía,G006,Devengado,67653838.92,2588490.03,0.0,0.0,70242328.95,0.0,0.0,0.0,0.0,0.0,70242328.95,100.0,0.0,0.0
2025,Poder Ejecutivo,Ramos Administrativos,Economía,G006,Ejercido,67653838.92,2588490.03,0.0,0.0,70242328.95,0.0,0.0,0.0,0.0,0.0,70242328.95,100.0,0.0,0.0
2025,Poder Ejecutivo,Ramos Administrativos,Economía,G006,Porcentaje Ejer/Aprob,0.0,0.0,0.0,0.0,0.0,0.0,0.0,0.0,0.0,0.0,0.0,,0.0,
2025,Poder Ejecutivo,Ramos Administrativos,Economía,G006,Porcentaje Ejer/Modif,100.0,100.0,0.0,0.0,100.0,0.0,0.0,0.0,0.0,0.0,100.0,,0.0,
2025,Poder Ejecutivo,Ramos Administrativos,Economía,G007,"Regulación, modernización y promoción de la actividad minera",0.0,0.0,0.0,0.0,0.0,0.0,0.0,0.0,0.0,0.0,0.0,,0.0,
2025,Poder Ejecutivo,Ramos Administrativos,Economía,G007,Aprobado,59702088.0,115949236.0,0.0,1259616.0,176910940.0,0.0,0.0,0.0,0.0,0.0,176910940.0,100.0,0.0,0.0
2025,Poder Ejecutivo,Ramos Administrativos,Economía,G007,Modificado,79089988.58,59610591.05,0.0,910278.49,139610858.12,0.0,0.0,0.0,0.0,0.0,139610858.12,100.0,0.0,0.0
2025,Poder Ejecutivo,Ramos Administrativos,Economía,G007,Devengado,79089988.58,59610591.05,0.0,910278.49,139610858.12,0.0,0.0,0.0,0.0,0.0,139610858.12,100.0,0.0,0.0
2025,Poder Ejecutivo,Ramos Administrativos,Economía,G007,Ejercido,79089988.58,59610591.05,0.0,910278.49,139610858.12,0.0,0.0,0.0,0.0,0.0,139610858.12,100.0,0.0,0.0
2025,Poder Ejecutivo,Ramos Administrativos,Economía,G007,Porcentaje Ejer/Aprob,132.47440957173893,51.41093905094812,0.0,72.26634863323426,78.91589865499556,0.0,0.0,0.0,0.0,0.0,78.91589865499556,,0.0,
2025,Poder Ejecutivo,Ramos Administrativos,Economía,G007,Porcentaje Ejer/Modif,100.0,100.0,0.0,100.0,100.0,0.0,0.0,0.0,0.0,0.0,100.0,,0.0,
2025,Poder Ejecutivo,Ramos Administrativos,Economía,M001,Actividades de apoyo administrativo,0.0,0.0,0.0,0.0,0.0,0.0,0.0,0.0,0.0,0.0,0.0,,0.0,
2025,Poder Ejecutivo,Ramos Administrativos,Economía,M001,Aprobado,366066217.0,109532648.0,0.0,6844771.0,482443636.0,0.0,0.0,0.0,0.0,0.0,482443636.0,100.0,0.0,0.0
2025,Poder Ejecutivo,Ramos Administrativos,Economía,M001,Modificado,511245484.65,79094121.7,0.0,4001945.14,594341551.49,0.0,0.0,0.0,0.0,0.0,594341551.49,100.0,0.0,0.0
2025,Poder Ejecutivo,Ramos Administrativos,Economía,M001,Devengado,511245484.65,79094121.7,0.0,4001945.14,594341551.49,0.0,0.0,0.0,0.0,0.0,594341551.49,100.0,0.0,0.0
2025,Poder Ejecutivo,Ramos Administrativos,Economía,M001,Ejercido,511245484.65,79094121.7,0.0,4001945.14,594341551.49,0.0,0.0,0.0,0.0,0.0,594341551.49,100.0,0.0,0.0
2025,Poder Ejecutivo,Ramos Administrativos,Economía,M001,Porcentaje Ejer/Aprob,139.65929138170102,72.21054465879433,0.0,58.46718816451274,123.19398726403763,0.0,0.0,0.0,0.0,0.0,123.19398726403763,,0.0,
2025,Poder Ejecutivo,Ramos Administrativos,Economía,M001,Porcentaje Ejer/Modif,100.0,100.0,0.0,100.0,100.0,0.0,0.0,0.0,0.0,0.0,100.0,,0.0,
2025,Poder Ejecutivo,Ramos Administrativos,Economía,O001,Actividades de apoyo a la función pública y buen gobierno,0.0,0.0,0.0,0.0,0.0,0.0,0.0,0.0,0.0,0.0,0.0,,0.0,
2025,Poder Ejecutivo,Ramos Administrativos,Economía,O001,Aprobado,30201562.0,1303836.0,0.0,0.0,31505398.0,0.0,0.0,0.0,0.0,0.0,31505398.0,100.0,0.0,0.0
2025,Poder Ejecutivo,Ramos Administrativos,Economía,O001,Modificado,31506338.31,1166241.8,0.0,0.0,32672580.11,0.0,0.0,0.0,0.0,0.0,32672580.11,100.0,0.0,0.0
2025,Poder Ejecutivo,Ramos Administrativos,Economía,O001,Devengado,31506338.31,1166241.8,0.0,0.0,32672580.11,0.0,0.0,0.0,0.0,0.0,32672580.11,100.0,0.0,0.0
2025,Poder Ejecutivo,Ramos Administrativos,Economía,O001,Ejercido,31506338.31,1166241.8,0.0,0.0,32672580.11,0.0,0.0,0.0,0.0,0.0,32672580.11,100.0,0.0,0.0
2025,Poder Ejecutivo,Ramos Administrativos,Economía,O001,Porcentaje Ejer/Aprob,104.3202279074175,89.44697032448866,0.0,0.0,103.70470517464976,0.0,0.0,0.0,0.0,0.0,103.70470517464976,,0.0,
2025,Poder Ejecutivo,Ramos Administrativos,Economía,O001,Porcentaje Ejer/Modif,100.0,100.0,0.0,0.0,100.0,0.0,0.0,0.0,0.0,0.0,100.0,,0.0,
2025,Poder Ejecutivo,Ramos Administrativos,Economía,P002,"Negociación, administración y defensa de Tratados y Acuerdos Internacionales de comercio e inversión",0.0,0.0,0.0,0.0,0.0,0.0,0.0,0.0,0.0,0.0,0.0,,0.0,
2025,Poder Ejecutivo,Ramos Administrativos,Economía,P002,Aprobado,207025404.0,244691039.0,0.0,40962666.0,492679109.0,0.0,0.0,0.0,0.0,0.0,492679109.0,100.0,0.0,0.0
2025,Poder Ejecutivo,Ramos Administrativos,Economía,P002,Modificado,188620776.17,239250469.37,0.0,103510741.6,531381987.14,0.0,0.0,0.0,0.0,0.0,531381987.14,100.0,0.0,0.0
2025,Poder Ejecutivo,Ramos Administrativos,Economía,P002,Devengado,188620776.17,239250469.37,0.0,103510741.6,531381987.14,0.0,0.0,0.0,0.0,0.0,531381987.14,100.0,0.0,0.0
2025,Poder Ejecutivo,Ramos Administrativos,Economía,P002,Ejercido,188620776.17,239250469.37,0.0,103510741.6,531381987.14,0.0,0.0,0.0,0.0,0.0,531381987.14,100.0,0.0,0.0
2025,Poder Ejecutivo,Ramos Administrativos,Economía,P002,Porcentaje Ejer/Aprob,91.1099664705883,97.77655542588137,0.0,252.6953240787599,107.85559554545674,0.0,0.0,0.0,0.0,0.0,107.85559554545674,,0.0,
2025,Poder Ejecutivo,Ramos Administrativos,Economía,P002,Porcentaje Ejer/Modif,100.0,100.0,0.0,100.0,100.0,0.0,0.0,0.0,0.0,0.0,100.0,,0.0,
2025,Poder Ejecutivo,Ramos Administrativos,Economía,P006,"Planeación, elaboración y seguimiento de las políticas y programas de la dependencia",0.0,0.0,0.0,0.0,0.0,0.0,0.0,0.0,0.0,0.0,0.0,,0.0,
2025,Poder Ejecutivo,Ramos Administrativos,Economía,P006,Aprobado,226225473.0,100348663.0,0.0,0.0,326574136.0,0.0,0.0,0.0,0.0,0.0,326574136.0,100.0,0.0,0.0
2025,Poder Ejecutivo,Ramos Administrativos,Economía,P006,Modificado,315873714.62,57226617.42,0.0,4259241.72,377359573.76,0.0,0.0,0.0,0.0,0.0,377359573.76,100.0,0.0,0.0
2025,Poder Ejecutivo,Ramos Administrativos,Economía,P006,Devengado,315873714.62,57226617.42,0.0,4259241.72,377359573.76,0.0,0.0,0.0,0.0,0.0,377359573.76,100.0,0.0,0.0
2025,Poder Ejecutivo,Ramos Administrativos,Economía,P006,Ejercido,315873714.62,57226617.42,0.0,4259241.72,377359573.76,0.0,0.0,0.0,0.0,0.0,377359573.76,100.0,0.0,0.0
2025,Poder Ejecutivo,Ramos Administrativos,Economía,P006,Porcentaje Ejer/Aprob,139.62782812702972,57.027782642206205,0.0,0.0,115.55096750221519,0.0,0.0,0.0,0.0,0.0,115.55096750221519,,0.0,
2025,Poder Ejecutivo,Ramos Administrativos,Economía,P006,Porcentaje Ejer/Modif,100.0,100.0,0.0,100.0,100.0,0.0,0.0,0.0,0.0,0.0,100.0,,0.0,
2025,Poder Ejecutivo,Ramos Administrativos,Economía,P009,"Promoción y fomento del desarrollo y la innovación de los sectores industrial, comercial y de servicios",0.0,0.0,0.0,0.0,0.0,0.0,0.0,0.0,0.0,0.0,0.0,,0.0,
2025,Poder Ejecutivo,Ramos Administrativos,Economía,P009,Aprobado,213802935.0,84130239.0,0.0,0.0,297933174.0,0.0,0.0,0.0,0.0,0.0,297933174.0,100.0,0.0,0.0
2025,Poder Ejecutivo,Ramos Administrativos,Economía,P009,Modificado,232322796.78,51197891.28,0.0,4799591.93,288320279.99,0.0,0.0,2850000.0,0.0,2850000.0,291170279.99,99.02119131111256,0.0,0.9788086888874374
2025,Poder Ejecutivo,Ramos Administrativos,Economía,P009,Devengado,232322796.78,51197891.28,0.0,4799591.93,288320279.99,0.0,0.0,2850000.0,0.0,2850000.0,291170279.99,99.02119131111256,0.0,0.9788086888874374
2025,Poder Ejecutivo,Ramos Administrativos,Economía,P009,Ejercido,232322796.78,51197891.28,0.0,4799591.93,288320279.99,0.0,0.0,2850000.0,0.0,2850000.0,291170279.99,99.02119131111256,0.0,0.9788086888874374
2025,Poder Ejecutivo,Ramos Administrativos,Economía,P009,Porcentaje Ejer/Aprob,108.66211765521368,60.855516266868094,0.0,0.0,96.7734730976954,0.0,0.0,0.0,0.0,0.0,97.73006345040315,,0.0,
2025,Poder Ejecutivo,Ramos Administrativos,Economía,P009,Porcentaje Ejer/Modif,100.0,100.0,0.0,100.0,100.0,0.0,0.0,100.0,0.0,100.0,100.0,,0.0,
2025,Poder Ejecutivo,Ramos Administrativos,Economía,S021,Programa Nacional de Financiamiento al Microempresario (PRONAFIM),0.0,0.0,0.0,0.0,0.0,0.0,0.0,0.0,0.0,0.0,0.0,,0.0,
2025,Poder Ejecutivo,Ramos Administrativos,Economía,S021,Aprobado,0.0,0.0,0.0,0.0,0.0,0.0,0.0,0.0,0.0,0.0,0.0,0.0,0.0,0.0
2025,Poder Ejecutivo,Ramos Administrativos,Economía,S021,Modificado,0.0,0.0,0.0,0.0,0.0,0.0,0.0,0.0,0.0,0.0,0.0,0.0,0.0,0.0
2025,Poder Ejecutivo,Ramos Administrativos,Economía,S021,Devengado,0.0,0.0,0.0,0.0,0.0,0.0,0.0,0.0,0.0,0.0,0.0,0.0,0.0,0.0
2025,Poder Ejecutivo,Ramos Administrativos,Economía,S021,Ejercido,0.0,0.0,0.0,0.0,0.0,0.0,0.0,0.0,0.0,0.0,0.0,0.0,0.0,0.0
2025,Poder Ejecutivo,Ramos Administrativos,Economía,S021,Porcentaje Ejer/Aprob,0.0,0.0,0.0,0.0,0.0,0.0,0.0,0.0,0.0,0.0,0.0,,0.0,
2025,Poder Ejecutivo,Ramos Administrativos,Economía,S021,Porcentaje Ejer/Modif,0.0,0.0,0.0,0.0,0.0,0.0,0.0,0.0,0.0,0.0,0.0,,0.0,
2025,Poder Ejecutivo,Ramos Administrativos,Educación Pública,TOTAL,Aprobado,136329545036.0,33719097540.0,289281432154.0,6295183749.0,465625258479.0,0.0,246629938.0,0.0,0.0,246629938.0,465871888417.0,99.947060566621,0.0,0.1
2025,Poder Ejecutivo,Ramos Administrativos,Educación Pública,TOTAL,Modificado,145115180485.2,35205628528.13,301178572571.68,7821710545.74,489321092130.75,0.0,1746241291.37,0.0,0.0,1746241291.37,491067333422.12,99.64439880795962,0.0,0.35560119204038687
2025,Poder Ejecutivo,Ramos Administrativos,Educación Pública,TOTAL,Devengado,145101073658.59,35178136297.11,301139998804.4,7815041711.16,489234250471.26,0.0,1746241291.37,0.0,0.0,1746241291.37,490980491762.63,99.64433591137177,0.0,0.3556640886282382
2025,Poder Ejecutivo,Ramos Administrativos,Educación Pública,TOTAL,Ejercido,145101073658.59,35175703340.68,301139998804.4,7814514956.37,489231290760.04,0.0,1746241291.37,0.0,0.0,1746241291.37,490977532051.41,99.64433376735717,0.0,0.3556662326428314
2025,Poder Ejecutivo,Ramos Administrativos,Educación Pública,TOTAL,Porcentaje Ejer/Aprob,106.43406285869561,104.31982439314123,104.0993182874202,124.13481906086297,105.06974908495104,0.0,0.0,0.0,0.0,0.0,105.38895869414169,,0.0,
2025,Poder Ejecutivo,Ramos Administrativos,Educación Pública,TOTAL,Porcentaje Ejer/Modif,99.99027887601913,99.9149988547255,99.98719239322021,99.90800491365768,99.98164776214347,0.0,100.0,0.0,0.0,100.0,99.98171302292005,,0.0,
2025,Poder Ejecutivo,Ramos Administrativos,Educación Pública,B003,Producción y distribución de libros y materiales educativos,0.0,0.0,0.0,0.0,0.0,0.0,0.0,0.0,0.0,0.0,0.0,,0.0,
2025,Poder Ejecutivo,Ramos Administrativos,Educación Pública,B003,Aprobado,83433638.0,3800076262.0,0.0,11200000.0,3894709900.0,0.0,0.0,0.0,0.0,0.0,3894709900.0,100.0,0.0,0.0
2025,Poder Ejecutivo,Ramos Administrativos,Educación Pública,B003,Modificado,155976096.64,5639144264.53,0.0,7690483.55,5802810844.72,0.0,0.0,0.0,0.0,0.0,5802810844.72,100.0,0.0,0.0
2025,Poder Ejecutivo,Ramos Administrativos,Educación Pública,B003,Devengado,155976096.64,5639144264.53,0.0,7690483.55,5802810844.72,0.0,0.0,0.0,0.0,0.0,5802810844.72,100.0,0.0,0.0
2025,Poder Ejecutivo,Ramos Administrativos,Educación Pública,B003,Ejercido,155976096.64,5639144264.53,0.0,7690483.55,5802810844.72,0.0,0.0,0.0,0.0,0.0,5802810844.72,100.0,0.0,0.0
2025,Poder Ejecutivo,Ramos Administrativos,Educación Pública,B003,Porcentaje Ejer/Aprob,186.94629693601516,148.39555513451955,0.0,68.66503169642857,148.9921199193809,0.0,0.0,0.0,0.0,0.0,148.9921199193809,,0.0,
2025,Poder Ejecutivo,Ramos Administrativos,Educación Pública,B003,Porcentaje Ejer/Modif,100.0,100.0,0.0,100.0,100.0,0.0,0.0,0.0,0.0,0.0,100.0,,0.0,
2025,Poder Ejecutivo,Ramos Administrativos,Educación Pública,E007,Servicios de Educación Media Superior,0.0,0.0,0.0,0.0,0.0,0.0,0.0,0.0,0.0,0.0,0.0,,0.0,
2025,Poder Ejecutivo,Ramos Administrativos,Educación Pública,E007,Aprobado,50334998902.0,3207128400.0,0.0,116466324.0,53658593626.0,0.0,0.0,0.0,0.0,0.0,53658593626.0,100.0,0.0,0.0
2025,Poder Ejecutivo,Ramos Administrativos,Educación Pública,E007,Modificado,49468552971.07,3157815531.75,0.0,39564511.57,52665933014.39,0.0,238327.77,0.0,0.0,238327.77,52666171342.16,99.99954747466177,0.0,0.0
2025,Poder Ejecutivo,Ramos Administrativos,Educación Pública,E007,Devengado,49468552971.07,3155122389.03,0.0,36508570.44,52660183930.54,0.0,238327.77,0.0,0.0,238327.77,52660422258.31,99.99954742525833,0.0,0.0
2025,Poder Ejecutivo,Ramos Administrativos,Educación Pública,E007,Ejercido,49468552971.07,3153847089.28,0.0,36027984.63,52658428044.98,0.0,238327.77,0.0,0.0,238327.77,52658666372.75,99.99954741016738,0.0,0.0
2025,Poder Ejecutivo,Ramos Administrativos,Educación Pública,E007,Porcentaje Ejer/Aprob,98.27864120427034,98.33865988277863,0.0,30.934250685202365,98.13605703498092,0.0,0.0,0.0,0.0,0.0,98.13650119080741,,0.0,
2025,Poder Ejecutivo,Ramos Administrativos,Educación Pública,E007,Porcentaje Ejer/Modif,100.0,99.87432950309797,0.0,91.06136585625995,99.98574985957632,0.0,100.0,0.0,0.0,100.0,99.98574992406179,,0.0,
2025,Poder Ejecutivo,Ramos Administrativos,Educación Pública,E010,Servicios de Educación Superior y Posgrado,0.0,0.0,0.0,0.0,0.0,0.0,0.0,0.0,0.0,0.0,0.0,,0.0,
2025,Poder Ejecutivo,Ramos Administrativos,Educación Pública,E010,Aprobado,55616795283.0,13018031399.0,0.0,197082824.0,68831909506.0,0.0,246629938.0,0.0,0.0,246629938.0,69078539444.0,99.64297169571753,0.0,0.357028304282455
2025,Poder Ejecutivo,Ramos Administrativos,Educación Pública,E010,Modificado,60068886373.44,13009513751.7,0.0,253300829.55,73331700954.69,0.0,270953308.82,0.0,0.0,270953308.82,73602654263.51,99.63187019336296,0.0,0.36812980663705575
2025,Poder Ejecutivo,Ramos Administrativos,Educación Pública,E010,Devengado,60054781524.0,13009422421.0,0.0,253300829.55,73317504774.55,0.0,270953308.82,0.0,0.0,270953308.82,73588458083.37,99.63179917628791,0.0,0.3682008237120976
2025,Poder Ejecutivo,Ramos Administrativos,Educación Pública,E010,Ejercido,60054781524.0,13009416721.0,0.0,253300829.55,73317499074.55,0.0,270953308.82,0.0,0.0,270953308.82,73588452383.37,99.63179914776788,0.0,0.36820085223212523
2025,Poder Ejecutivo,Ramos Administrativos,Educación Pública,E010,Porcentaje Ejer/Aprob,107.97957922317852,99.93382503286432,0.0,128.5250659641451,106.51672981432978,0.0,109.8622945037597,0.0,0.0,109.8622945037597,106.52867442720913,,0.0,
2025,Poder Ejecutivo,Ramos Administrativos,Educación Pública,E010,Porcentaje Ejer/Modif,99.97651887642412,99.99925415582894,0.0,100.0,99.98063336871353,0.0,100.0,0.0,0.0,100.0,99.98070466305583,,0.0,
2025,Poder Ejecutivo,Ramos Administrativos,Educación Pública,E011,Desarrollo Cultural,0.0,0.0,0.0,0.0,0.0,0.0,0.0,0.0,0.0,0.0,0.0,,0.0,
2025,Poder Ejecutivo,Ramos Administrativos,Educación Pública,E011,Aprobado,3527204937.0,1158341957.0,0.0,0.0,4685546894.0,0.0,0.0,0.0,0.0,0.0,4685546894.0,100.0,0.0,0.0
2025,Poder Ejecutivo,Ramos Administrativos,Educación Pública,E011,Modificado,3659475570.74,1151030621.0,0.0,0.0,4810506191.74,0.0,0.0,0.0,0.0,0.0,4810506191.74,100.0,0.0,0.0
2025,Poder Ejecutivo,Ramos Administrativos,Educación Pública,E011,Devengado,3659475570.74,1151030621.0,0.0,0.0,4810506191.74,0.0,0.0,0.0,0.0,0.0,4810506191.74,100.0,0.0,0.0
2025,Poder Ejecutivo,Ramos Administrativos,Educación Pública,E011,Ejercido,3659475570.74,1151030621.0,0.0,0.0,4810506191.74,0.0,0.0,0.0,0.0,0.0,4810506191.74,100.0,0.0,0.0
2025,Poder Ejecutivo,Ramos Administrativos,Educación Pública,E011,Porcentaje Ejer/Aprob,103.75001271835653,99.36881022431963,0.0,0.0,102.66690955329065,0.0,0.0,0.0,0.0,0.0,102.66690955329065,,0.0,
2025,Poder Ejecutivo,Ramos Administrativos,Educación Pública,E011,Porcentaje Ejer/Modif,100.0,100.0,0.0,0.0,100.0,0.0,0.0,0.0,0.0,0.0,100.0,,0.0,
2025,Poder Ejecutivo,Ramos Administrativos,Educación Pública,E013,Producción y transmisión de materiales educativos,0.0,0.0,0.0,0.0,0.0,0.0,0.0,0.0,0.0,0.0,0.0,,0.0,
2025,Poder Ejecutivo,Ramos Administrativos,Educación Pública,E013,Aprobado,220355194.0,792819449.0,0.0,288077.0,1013462720.0,0.0,0.0,0.0,0.0,0.0,1013462720.0,100.0,0.0,0.0
2025,Poder Ejecutivo,Ramos Administrativos,Educación Pública,E013,Modificado,466150993.34,558216665.6,0.0,145091.98,1024512750.92,0.0,0.0,0.0,0.0,0.0,1024512750.92,100.0,0.0,0.0
2025,Poder Ejecutivo,Ramos Administrativos,Educación Pública,E013,Devengado,466150993.34,558159125.14,0.0,135501.67,1024445620.15,0.0,0.0,0.0,0.0,0.0,1024445620.15,100.0,0.0,0.0
2025,Poder Ejecutivo,Ramos Administrativos,Educación Pública,E013,Ejercido,466150993.34,558159125.14,0.0,135501.67,1024445620.15,0.0,0.0,0.0,0.0,0.0,1024445620.15,100.0,0.0,0.0
2025,Poder Ejecutivo,Ramos Administrativos,Educación Pública,E013,Porcentaje Ejer/Aprob,211.54527146748353,70.40179524405184,0.0,47.036615210516636,101.08370045915453,0.0,0.0,0.0,0.0,0.0,101.08370045915453,,0.0,
2025,Poder Ejecutivo,Ramos Administrativos,Educación Pública,E013,Porcentaje Ejer/Modif,100.0,99.98969209205923,0.0,93.39018600476746,99.99344754177635,0.0,0.0,0.0,0.0,0.0,99.99344754177635,,0.0,
2025,Poder Ejecutivo,Ramos Administrativos,Educación Pública,E016,Producción y distribución de libros y materiales culturales,0.0,0.0,0.0,0.0,0.0,0.0,0.0,0.0,0.0,0.0,0.0,,0.0,
2025,Poder Ejecutivo,Ramos Administrativos,Educación Pública,E016,Aprobado,91673231.0,81700157.0,0.0,0.0,173373388.0,0.0,0.0,0.0,0.0,0.0,173373388.0,100.0,0.0,0.0
2025,Poder Ejecutivo,Ramos Administrativos,Educación Pública,E016,Modificado,116245069.52,312562348.82,0.0,0.0,428807418.34,0.0,0.0,0.0,0.0,0.0,428807418.34,100.0,0.0,0.0
2025,Poder Ejecutivo,Ramos Administrativos,Educación Pública,E016,Devengado,116245069.52,312562348.82,0.0,0.0,428807418.34,0.0,0.0,0.0,0.0,0.0,428807418.34,100.0,0.0,0.0
2025,Poder Ejecutivo,Ramos Administrativos,Educación Pública,E016,Ejercido,116245069.52,312562348.82,0.0,0.0,428807418.34,0.0,0.0,0.0,0.0,0.0,428807418.34,100.0,0.0,0.0
2025,Poder Ejecutivo,Ramos Administrativos,Educación Pública,E016,Porcentaje Ejer/Aprob,126.803722582877,382.57251919356776,0.0,0.0,247.33174063599654,0.0,0.0,0.0,0.0,0.0,247.33174063599654,,0.0,
2025,Poder Ejecutivo,Ramos Administrativos,Educación Pública,E016,Porcentaje Ejer/Modif,100.0,100.0,0.0,0.0,100.0,0.0,0.0,0.0,0.0,0.0,100.0,,0.0,
2025,Poder Ejecutivo,Ramos Administrativos,Educación Pública,E017,Atención al deporte,0.0,0.0,0.0,0.0,0.0,0.0,0.0,0.0,0.0,0.0,0.0,,0.0,
2025,Poder Ejecutivo,Ramos Administrativos,Educación Pública,E017,Aprobado,222801343.0,413053681.0,0.0,15303518.0,651158542.0,0.0,0.0,0.0,0.0,0.0,651158542.0,100.0,0.0,0.0
2025,Poder Ejecutivo,Ramos Administrativos,Educación Pública,E017,Modificado,299187312.67,609074120.2,0.0,13804002.16,922065435.03,0.0,0.0,0.0,0.0,0.0,922065435.03,100.0,0.0,0.0
2025,Poder Ejecutivo,Ramos Administrativos,Educación Pública,E017,Devengado,299187312.67,606574120.2,0.0,13804002.16,919565435.03,0.0,0.0,0.0,0.0,0.0,919565435.03,100.0,0.0,0.0
2025,Poder Ejecutivo,Ramos Administrativos,Educación Pública,E017,Ejercido,299187312.67,606574120.2,0.0,13804002.16,919565435.03,0.0,0.0,0.0,0.0,0.0,919565435.03,100.0,0.0,0.0
2025,Poder Ejecutivo,Ramos Administrativos,Educación Pública,E017,Porcentaje Ejer/Aprob,134.28433987042888,146.85115957119385,0.0,90.20149589133688,141.21989895204354,0.0,0.0,0.0,0.0,0.0,141.21989895204354,,0.0,
2025,Poder Ejecutivo,Ramos Administrativos,Educación Pública,E017,Porcentaje Ejer/Modif,100.0,99.58954092497329,0.0,100.0,99.7288695677093,0.0,0.0,0.0,0.0,0.0,99.7288695677093,,0.0,
2025,Poder Ejecutivo,Ramos Administrativos,Educación Pública,E021,Investigación Científica y Desarrollo Tecnológico,0.0,0.0,0.0,0.0,0.0,0.0,0.0,0.0,0.0,0.0,0.0,,0.0,
2025,Poder Ejecutivo,Ramos Administrativos,Educación Pública,E021,Aprobado,15705555169.0,3584355850.0,0.0,560028118.0,19849939137.0,0.0,0.0,0.0,0.0,0.0,19849939137.0,100.0,0.0,0.0
2025,Poder Ejecutivo,Ramos Administrativos,Educación Pública,E021,Modificado,16496532853.11,3420877167.61,0.0,396475096.77,20313885117.49,0.0,73538350.0,0.0,0.0,73538350.0,20387423467.49,99.63929551903769,0.0,0.3607044809623199
2025,Poder Ejecutivo,Ramos Administrativos,Educación Pública,E021,Devengado,16496532853.11,3420877167.61,0.0,396475096.77,20313885117.49,0.0,73538350.0,0.0,0.0,73538350.0,20387423467.49,99.63929551903769,0.0,0.3607044809623199
2025,Poder Ejecutivo,Ramos Administrativos,Educación Pública,E021,Ejercido,16496532853.11,3420877167.61,0.0,396475096.77,20313885117.49,0.0,73538350.0,0.0,0.0,73538350.0,20387423467.49,99.63929551903769,0.0,0.3607044809623199
2025,Poder Ejecutivo,Ramos Administrativos,Educación Pública,E021,Porcentaje Ejer/Aprob,105.03629241754695,95.43910567947655,0.0,70.79556972709003,102.33726651395727,0.0,0.0,0.0,0.0,0.0,102.70773792695485,,0.0,
2025,Poder Ejecutivo,Ramos Administrativos,Educación Pública,E021,Porcentaje Ejer/Modif,100.0,100.0,0.0,100.0,100.0,0.0,100.0,0.0,0.0,100.0,100.0,,0.0,
2025,Poder Ejecutivo,Ramos Administrativos,Educación Pública,E028,Normalización y certificación en competencias laborales,0.0,0.0,0.0,0.0,0.0,0.0,0.0,0.0,0.0,0.0,0.0,,0.0,
2025,Poder Ejecutivo,Ramos Administrativos,Educación Pública,E028,Aprobado,4146891859.0,50058295.0,0.0,1521518.0,4198471672.0,0.0,0.0,0.0,0.0,0.0,4198471672.0,100.0,0.0,0.0
2025,Poder Ejecutivo,Ramos Administrativos,Educación Pública,E028,Modificado,3245617362.04,118202010.45,0.0,2126403.52,3365945776.01,0.0,0.0,0.0,0.0,0.0,3365945776.01,100.0,0.0,0.0
2025,Poder Ejecutivo,Ramos Administrativos,Educación Pública,E028,Devengado,3245617362.04,117583975.33,0.0,913549.89,3364114887.26,0.0,0.0,0.0,0.0,0.0,3364114887.26,100.0,0.0,0.0
2025,Poder Ejecutivo,Ramos Administrativos,Educación Pública,E028,Ejercido,3245617362.04,116951734.87,0.0,913549.89,3363482646.8,0.0,0.0,0.0,0.0,0.0,3363482646.8,100.0,0.0,0.0
2025,Poder Ejecutivo,Ramos Administrativos,Educación Pública,E028,Porcentaje Ejer/Aprob,78.26626476878185,233.63107926468533,0.0,60.04200344655798,80.11207195302472,0.0,0.0,0.0,0.0,0.0,80.11207195302472,,0.0,
2025,Poder Ejecutivo,Ramos Administrativos,Educación Pública,E028,Porcentaje Ejer/Modif,100.0,98.94225523302002,0.0,42.962207380093126,99.92682207694624,0.0,0.0,0.0,0.0,0.0,99.92682207694624,,0.0,
2025,Poder Ejecutivo,Ramos Administrativos,Educación Pública,E032,Políticas de igualdad de género en el sector educativo,0.0,0.0,0.0,0.0,0.0,0.0,0.0,0.0,0.0,0.0,0.0,,0.0,
2025,Poder Ejecutivo,Ramos Administrativos,Educación Pública,E032,Aprobado,1162169.0,970754.0,0.0,0.0,2132923.0,0.0,0.0,0.0,0.0,0.0,2132923.0,100.0,0.0,0.0
2025,Poder Ejecutivo,Ramos Administrativos,Educación Pública,E032,Modificado,3494528.55,0.0,0.0,0.0,3494528.55,0.0,0.0,0.0,0.0,0.0,3494528.55,100.0,0.0,0.0
2025,Poder Ejecutivo,Ramos Administrativos,Educación Pública,E032,Devengado,3494528.55,0.0,0.0,0.0,3494528.55,0.0,0.0,0.0,0.0,0.0,3494528.55,100.0,0.0,0.0
2025,Poder Ejecutivo,Ramos Administrativos,Educación Pública,E032,Ejercido,3494528.55,0.0,0.0,0.0,3494528.55,0.0,0.0,0.0,0.0,0.0,3494528.55,100.0,0.0,0.0
2025,Poder Ejecutivo,Ramos Administrativos,Educación Pública,E032,Porcentaje Ejer/Aprob,300.6902223342732,0.0,0.0,0.0,163.8375389078743,0.0,0.0,0.0,0.0,0.0,163.8375389078743,,0.0,
2025,Poder Ejecutivo,Ramos Administrativos,Educación Pública,E032,Porcentaje Ejer/Modif,100.0,0.0,0.0,0.0,100.0,0.0,0.0,0.0,0.0,0.0,100.0,,0.0,
2025,Poder Ejecutivo,Ramos Administrativos,Educación Pública,E039,Registro Nacional de Profesionistas y sus Asociaciones,0.0,0.0,0.0,0.0,0.0,0.0,0.0,0.0,0.0,0.0,0.0,,0.0,
2025,Poder Ejecutivo,Ramos Administrativos,Educación Pública,E039,Aprobado,0.0,3564891.0,0.0,0.0,3564891.0,0.0,0.0,0.0,0.0,0.0,3564891.0,100.0,0.0,0.0
2025,Poder Ejecutivo,Ramos Administrativos,Educación Pública,E039,Modificado,35815314.41,2976675.39,0.0,0.0,38791989.8,0.0,0.0,0.0,0.0,0.0,38791989.8,100.0,0.0,0.0
2025,Poder Ejecutivo,Ramos Administrativos,Educación Pública,E039,Devengado,35815314.41,2976612.48,0.0,0.0,38791926.89,0.0,0.0,0.0,0.0,0.0,38791926.89,100.0,0.0,0.0
2025,Poder Ejecutivo,Ramos Administrativos,Educación Pública,E039,Ejercido,35815314.41,2976612.48,0.0,0.0,38791926.89,0.0,0.0,0.0,0.0,0.0,38791926.89,100.0,0.0,0.0
2025,Poder Ejecutivo,Ramos Administrativos,Educación Pública,E039,Porcentaje Ejer/Aprob,0.0,83.49799418832161,0.0,0.0,0.0,0.0,0.0,0.0,0.0,0.0,0.0,,0.0,
2025,Poder Ejecutivo,Ramos Administrativos,Educación Pública,E039,Porcentaje Ejer/Modif,100.0,99.9978865683436,0.0,0.0,99.99983782734446,0.0,0.0,0.0,0.0,0.0,99.99983782734446,,0.0,
2025,Poder Ejecutivo,Ramos Administrativos,Educación Pública,E047,Programa de mantenimiento e infraestructura física educativa,0.0,0.0,0.0,0.0,0.0,0.0,0.0,0.0,0.0,0.0,0.0,,0.0,
2025,Poder Ejecutivo,Ramos Administrativos,Educación Pública,E047,Aprobado,161090042.0,67898241.0,0.0,0.0,228988283.0,0.0,0.0,0.0,0.0,0.0,228988283.0,100.0,0.0,0.0
2025,Poder Ejecutivo,Ramos Administrativos,Educación Pública,E047,Modificado,205236477.94,58287097.76,572466167.56,3968798.52,839958541.78,0.0,0.0,0.0,0.0,0.0,839958541.78,100.0,0.0,0.0
2025,Poder Ejecutivo,Ramos Administrativos,Educación Pública,E047,Devengado,205234703.54,58287097.76,572466167.56,3968798.52,839956767.38,0.0,0.0,0.0,0.0,0.0,839956767.38,100.0,0.0,0.0
2025,Poder Ejecutivo,Ramos Administrativos,Educación Pública,E047,Ejercido,205234703.54,58008575.92,572466167.56,3968798.52,839678245.54,0.0,0.0,0.0,0.0,0.0,839678245.54,100.0,0.0,0.0
2025,Poder Ejecutivo,Ramos Administrativos,Educación Pública,E047,Porcentaje Ejer/Aprob,127.40371843717068,85.43457837147798,0.0,0.0,366.6904850061695,0.0,0.0,0.0,0.0,0.0,366.6904850061695,,0.0,
2025,Poder Ejecutivo,Ramos Administrativos,Educación Pública,E047,Porcentaje Ejer/Modif,99.9991354363426,99.5221552441214,100.0,100.0,99.96662975301066,0.0,0.0,0.0,0.0,0.0,99.96662975301066,,0.0,
2025,Poder Ejecutivo,Ramos Administrativos,Educación Pública,E064,Educación para Adultos (INEA),0.0,0.0,0.0,0.0,0.0,0.0,0.0,0.0,0.0,0.0,0.0,,0.0,
2025,Poder Ejecutivo,Ramos Administrativos,Educación Pública,E064,Aprobado,274606576.0,631707337.0,551310728.0,273209384.0,1730834025.0,0.0,0.0,0.0,0.0,0.0,1730834025.0,100.0,0.0,0.0
2025,Poder Ejecutivo,Ramos Administrativos,Educación Pública,E064,Modificado,591476440.23,513778871.95,548546207.0,200627456.02,1854428975.2,0.0,0.0,0.0,0.0,0.0,1854428975.2,100.0,0.0,0.0
2025,Poder Ejecutivo,Ramos Administrativos,Educación Pública,E064,Devengado,591476440.23,513708239.9,548546207.0,200627456.02,1854358343.15,0.0,0.0,0.0,0.0,0.0,1854358343.15,100.0,0.0,0.0
2025,Poder Ejecutivo,Ramos Administrativos,Educación Pública,E064,Ejercido,591476440.23,513708239.9,548546207.0,200627456.02,1854358343.15,0.0,0.0,0.0,0.0,0.0,1854358343.15,100.0,0.0,0.0
2025,Poder Ejecutivo,Ramos Administrativos,Educación Pública,E064,Porcentaje Ejer/Aprob,215.39048658106427,81.32060683980943,99.49855483312852,73.43358895022435,107.13669343020918,0.0,0.0,0.0,0.0,0.0,107.13669343020918,,0.0,
2025,Poder Ejecutivo,Ramos Administrativos,Educación Pública,E064,Porcentaje Ejer/Modif,100.0,99.98625244169112,100.0,100.0,99.99619116984557,0.0,0.0,0.0,0.0,0.0,99.99619116984557,,0.0,
2025,Poder Ejecutivo,Ramos Administrativos,Educación Pública,E066,Educación Inicial y Básica Comunitaria,0.0,0.0,0.0,0.0,0.0,0.0,0.0,0.0,0.0,0.0,0.0,,0.0,
2025,Poder Ejecutivo,Ramos Administrativos,Educación Pública,E066,Aprobado,393308978.0,963352067.0,0.0,4642373385.0,5999034430.0,0.0,0.0,0.0,0.0,0.0,5999034430.0,100.0,0.0,0.0
2025,Poder Ejecutivo,Ramos Administrativos,Educación Pública,E066,Modificado,453014815.8,798470848.76,0.0,4190654361.07,5442140025.63,0.0,0.0,0.0,0.0,0.0,5442140025.63,100.0,0.0,0.0
2025,Poder Ejecutivo,Ramos Administrativos,Educación Pública,E066,Devengado,453014815.8,798470848.76,0.0,4190654361.07,5442140025.63,0.0,0.0,0.0,0.0,0.0,5442140025.63,100.0,0.0,0.0
2025,Poder Ejecutivo,Ramos Administrativos,Educación Pública,E066,Ejercido,453014815.8,798470848.76,0.0,4190654361.07,5442140025.63,0.0,0.0,0.0,0.0,0.0,5442140025.63,100.0,0.0,0.0
2025,Poder Ejecutivo,Ramos Administrativos,Educación Pública,E066,Porcentaje Ejer/Aprob,115.18039026304659,82.88463544242336,0.0,90.2696533331517,90.71693268528216,0.0,0.0,0.0,0.0,0.0,90.71693268528216,,0.0,
2025,Poder Ejecutivo,Ramos Administrativos,Educación Pública,E066,Porcentaje Ejer/Modif,100.0,100.0,0.0,100.0,100.0,0.0,0.0,0.0,0.0,0.0,100.0,,0.0,
2025,Poder Ejecutivo,Ramos Administrativos,Educación Pública,E068,Educación Física de Excelencia,0.0,0.0,0.0,0.0,0.0,0.0,0.0,0.0,0.0,0.0,0.0,,0.0,
2025,Poder Ejecutivo,Ramos Administrativos,Educación Pública,E068,Aprobado,16954105.0,30579720.0,42462887.0,26957391.0,116954103.0,0.0,0.0,0.0,0.0,0.0,116954103.0,100.0,0.0,0.0
2025,Poder Ejecutivo,Ramos Administrativos,Educación Pública,E068,Modificado,95929321.91,55181549.96,0.0,4382507.02,155493378.89,0.0,0.0,0.0,0.0,0.0,155493378.89,100.0,0.0,0.0
2025,Poder Ejecutivo,Ramos Administrativos,Educación Pública,E068,Devengado,95929321.91,55181549.96,0.0,4382507.02,155493378.89,0.0,0.0,0.0,0.0,0.0,155493378.89,100.0,0.0,0.0
2025,Poder Ejecutivo,Ramos Administrativos,Educación Pública,E068,Ejercido,95929321.91,55181549.96,0.0,4382507.02,155493378.89,0.0,0.0,0.0,0.0,0.0,155493378.89,100.0,0.0,0.0
2025,Poder Ejecutivo,Ramos Administrativos,Educación Pública,E068,Porcentaje Ejer/Aprob,0.0,180.45145593223222,0.0,16.257163091190836,132.9524787086777,0.0,0.0,0.0,0.0,0.0,132.9524787086777,,0.0,
2025,Poder Ejecutivo,Ramos Administrativos,Educación Pública,E068,Porcentaje Ejer/Modif,100.0,100.0,0.0,100.0,100.0,0.0,0.0,0.0,0.0,0.0,100.0,,0.0,
2025,Poder Ejecutivo,Ramos Administrativos,Educación Pública,G001,Normar los servicios educativos,0.0,0.0,0.0,0.0,0.0,0.0,0.0,0.0,0.0,0.0,0.0,,0.0,
2025,Poder Ejecutivo,Ramos Administrativos,Educación Pública,G001,Aprobado,527038852.0,902397464.0,0.0,3419556.0,1432855872.0,0.0,0.0,0.0,0.0,0.0,1432855872.0,100.0,0.0,0.0
2025,Poder Ejecutivo,Ramos Administrativos,Educación Pública,G001,Modificado,333038117.57,189366623.8,0.0,834428030.45,1356832771.82,0.0,407572080.18,0.0,0.0,407572080.18,1764404852.0,76.9003083550804,0.0,23.0996916449196
2025,Poder Ejecutivo,Ramos Administrativos,Educación Pública,G001,Devengado,333038117.57,189281410.88,0.0,834428030.45,1356747558.9,0.0,407572080.18,0.0,0.0,407572080.18,1764319639.08,76.89919268866001,0.0,23.100807311339995
2025,Poder Ejecutivo,Ramos Administrativos,Educación Pública,G001,Ejercido,333038117.57,189281410.88,0.0,834428030.45,1356747558.9,0.0,407572080.18,0.0,0.0,407572080.18,1764319639.08,76.89919268866001,0.0,23.100807311339995
2025,Poder Ejecutivo,Ramos Administrativos,Educación Pública,G001,Porcentaje Ejer/Aprob,63.19043013739716,20.97539259928594,0.0,0.0,94.68834831281622,0.0,0.0,0.0,0.0,0.0,123.13308501973323,,0.0,
2025,Poder Ejecutivo,Ramos Administrativos,Educación Pública,G001,Porcentaje Ejer/Modif,100.0,99.95500108821182,0.0,100.0,99.99371971831978,0.0,100.0,0.0,0.0,100.0,99.99517044402234,,0.0,
2025,Poder Ejecutivo,Ramos Administrativos,Educación Pública,K009,Proyectos de infraestructura social del sector educativo,0.0,0.0,0.0,0.0,0.0,0.0,0.0,0.0,0.0,0.0,0.0,,0.0,
2025,Poder Ejecutivo,Ramos Administrativos,Educación Pública,K009,Aprobado,0.0,0.0,0.0,0.0,0.0,0.0,0.0,0.0,0.0,0.0,0.0,0.0,0.0,0.0
2025,Poder Ejecutivo,Ramos Administrativos,Educación Pública,K009,Modificado,0.0,0.0,0.0,0.0,0.0,0.0,336827752.21,0.0,0.0,336827752.21,336827752.21,0.0,0.0,100.0
2025,Poder Ejecutivo,Ramos Administrativos,Educación Pública,K009,Devengado,0.0,0.0,0.0,0.0,0.0,0.0,336827752.21,0.0,0.0,336827752.21,336827752.21,0.0,0.0,100.0
2025,Poder Ejecutivo,Ramos Administrativos,Educación Pública,K009,Ejercido,0.0,0.0,0.0,0.0,0.0,0.0,336827752.21,0.0,0.0,336827752.21,336827752.21,0.0,0.0,100.0
2025,Poder Ejecutivo,Ramos Administrativos,Educación Pública,K009,Porcentaje Ejer/Aprob,0.0,0.0,0.0,0.0,0.0,0.0,0.0,0.0,0.0,0.0,0.0,,0.0,
2025,Poder Ejecutivo,Ramos Administrativos,Educación Pública,K009,Porcentaje Ejer/Modif,0.0,0.0,0.0,0.0,0.0,0.0,100.0,0.0,0.0,100.0,100.0,,0.0,
2025,Poder Ejecutivo,Ramos Administrativos,Educación Pública,K027,Mantenimiento de infraestructura,0.0,0.0,0.0,0.0,0.0,0.0,0.0,0.0,0.0,0.0,0.0,,0.0,
2025,Poder Ejecutivo,Ramos Administrativos,Educación Pública,K027,Aprobado,0.0,0.0,0.0,0.0,0.0,0.0,0.0,0.0,0.0,0.0,0.0,0.0,0.0,0.0
2025,Poder Ejecutivo,Ramos Administrativos,Educación Pública,K027,Modificado,0.0,0.0,0.0,0.0,0.0,0.0,13563309.55,0.0,0.0,13563309.55,13563309.55,0.0,0.0,100.0
2025,Poder Ejecutivo,Ramos Administrativos,Educación Pública,K027,Devengado,0.0,0.0,0.0,0.0,0.0,0.0,13563309.55,0.0,0.0,13563309.55,13563309.55,0.0,0.0,100.0
2025,Poder Ejecutivo,Ramos Administrativos,Educación Pública,K027,Ejercido,0.0,0.0,0.0,0.0,0.0,0.0,13563309.55,0.0,0.0,13563309.55,13563309.55,0.0,0.0,100.0
2025,Poder Ejecutivo,Ramos Administrativos,Educación Pública,K027,Porcentaje Ejer/Aprob,0.0,0.0,0.0,0.0,0.0,0.0,0.0,0.0,0.0,0.0,0.0,,0.0,
2025,Poder Ejecutivo,Ramos Administrativos,Educación Pública,K027,Porcentaje Ejer/Modif,0.0,0.0,0.0,0.0,0.0,0.0,100.0,0.0,0.0,100.0,100.0,,0.0,
2025,Poder Ejecutivo,Ramos Administrativos,Educación Pública,M001,Actividades de apoyo administrativo,0.0,0.0,0.0,0.0,0.0,0.0,0.0,0.0,0.0,0.0,0.0,,0.0,
2025,Poder Ejecutivo,Ramos Administrativos,Educación Pública,M001,Aprobado,3383599240.0,2851779454.0,0.0,129670505.0,6365049199.0,0.0,0.0,0.0,0.0,0.0,6365049199.0,100.0,0.0,0.0
2025,Poder Ejecutivo,Ramos Administrativos,Educación Pública,M001,Modificado,6547695538.37,2873433048.46,0.0,56429109.41,9477557696.24,0.0,643548162.84,0.0,0.0,643548162.84,10121105859.08,93.64152325051862,0.0,6.358476749481386
2025,Poder Ejecutivo,Ramos Administrativos,Educación Pública,M001,Devengado,6547695538.37,2873386137.25,0.0,56429109.41,9477510785.03,0.0,643548162.84,0.0,0.0,643548162.84,10121058947.87,93.64149377891493,0.0,6.358506221085058
2025,Poder Ejecutivo,Ramos Administrativos,Educación Pública,M001,Ejercido,6547695538.37,2873184044.58,0.0,56429109.41,9477308692.36,0.0,643548162.84,0.0,0.0,643548162.84,10120856855.2,93.64136681263948,0.0,6.3586331873605255
2025,Poder Ejecutivo,Ramos Administrativos,Educación Pública,M001,Porcentaje Ejer/Aprob,193.5127381802462,100.75056963293487,0.0,43.517305195965726,148.89607913555423,0.0,0.0,0.0,0.0,0.0,159.00673410018683,,0.0,
2025,Poder Ejecutivo,Ramos Administrativos,Educación Pública,M001,Porcentaje Ejer/Modif,100.0,99.99133427242603,0.0,100.0,99.99737269992988,0.0,100.0,0.0,0.0,100.0,99.99753975619397,,0.0,
2025,Poder Ejecutivo,Ramos Administrativos,Educación Pública,O001,Actividades de apoyo a la función pública y buen gobierno,0.0,0.0,0.0,0.0,0.0,0.0,0.0,0.0,0.0,0.0,0.0,,0.0,
2025,Poder Ejecutivo,Ramos Administrativos,Educación Pública,O001,Aprobado,204028227.0,46411801.0,0.0,0.0,250440028.0,0.0,0.0,0.0,0.0,0.0,250440028.0,100.0,0.0,0.0
2025,Poder Ejecutivo,Ramos Administrativos,Educación Pública,O001,Modificado,178350601.95,42538257.73,0.0,0.0,220888859.68,0.0,0.0,0.0,0.0,0.0,220888859.68,100.0,0.0,0.0
2025,Poder Ejecutivo,Ramos Administrativos,Educación Pública,O001,Devengado,178350399.18,42538257.73,0.0,0.0,220888656.91,0.0,0.0,0.0,0.0,0.0,220888656.91,100.0,0.0,0.0
2025,Poder Ejecutivo,Ramos Administrativos,Educación Pública,O001,Ejercido,178350399.18,42538257.73,0.0,0.0,220888656.91,0.0,0.0,0.0,0.0,0.0,220888656.91,100.0,0.0,0.0
2025,Poder Ejecutivo,Ramos Administrativos,Educación Pública,O001,Porcentaje Ejer/Aprob,87.41457091620956,91.65396906273901,0.0,0.0,88.2002204974997,0.0,0.0,0.0,0.0,0.0,88.2002204974997,,0.0,
2025,Poder Ejecutivo,Ramos Administrativos,Educación Pública,O001,Porcentaje Ejer/Modif,99.99988630820543,100.0,0.0,0.0,99.99990820270416,0.0,0.0,0.0,0.0,0.0,99.99990820270416,,0.0,
2025,Poder Ejecutivo,Ramos Administrativos,Educación Pública,P001,Diseño de la Política Educativa,0.0,0.0,0.0,0.0,0.0,0.0,0.0,0.0,0.0,0.0,0.0,,0.0,
2025,Poder Ejecutivo,Ramos Administrativos,Educación Pública,P001,Aprobado,1411771117.0,2114870361.0,0.0,294672375.0,3821313853.0,0.0,0.0,0.0,0.0,0.0,3821313853.0,100.0,0.0,0.0
2025,Poder Ejecutivo,Ramos Administrativos,Educación Pública,P001,Modificado,1083991537.9,692945447.8,0.0,335020922.58,2111957908.28,0.0,0.0,0.0,0.0,0.0,2111957908.28,100.0,0.0,0.0
2025,Poder Ejecutivo,Ramos Administrativos,Educación Pública,P001,Devengado,1083991537.9,671616084.87,0.0,332630473.07,2088238095.84,0.0,0.0,0.0,0.0,0.0,2088238095.84,100.0,0.0,0.0
2025,Poder Ejecutivo,Ramos Administrativos,Educación Pública,P001,Ejercido,1083991537.9,671576983.16,0.0,332584304.09,2088152825.15,0.0,0.0,0.0,0.0,0.0,2088152825.15,100.0,0.0,0.0
2025,Poder Ejecutivo,Ramos Administrativos,Educación Pública,P001,Porcentaje Ejer/Aprob,76.78238524977559,31.754995272733883,0.0,112.86579004563966,54.64489192665118,0.0,0.0,0.0,0.0,0.0,54.64489192665118,,0.0,
2025,Poder Ejecutivo,Ramos Administrativos,Educación Pública,P001,Porcentaje Ejer/Modif,100.0,96.91628472229065,0.0,99.27269662108397,98.87284291809647,0.0,0.0,0.0,0.0,0.0,98.87284291809647,,0.0,
2025,Poder Ejecutivo,Ramos Administrativos,Educación Pública,S072,Beca Universal de Educación Básica Rita Cetina,0.0,0.0,0.0,0.0,0.0,0.0,0.0,0.0,0.0,0.0,0.0,,0.0,
2025,Poder Ejecutivo,Ramos Administrativos,Educación Pública,S072,Aprobado,0.0,0.0,78840678395.0,0.0,78840678395.0,0.0,0.0,0.0,0.0,0.0,78840678395.0,100.0,0.0,0.0
2025,Poder Ejecutivo,Ramos Administrativos,Educación Pública,S072,Modificado,572972923.09,1706280496.13,69720253440.0,21290.0,71999528149.22,0.0,0.0,0.0,0.0,0.0,71999528149.22,100.0,0.0,0.0
2025,Poder Ejecutivo,Ramos Administrativos,Educación Pública,S072,Devengado,572972923.09,1706280496.13,69720253440.0,21290.0,71999528149.22,0.0,0.0,0.0,0.0,0.0,71999528149.22,100.0,0.0,0.0
2025,Poder Ejecutivo,Ramos Administrativos,Educación Pública,S072,Ejercido,572972923.09,1706280496.13,69720253440.0,21290.0,71999528149.22,0.0,0.0,0.0,0.0,0.0,71999528149.22,100.0,0.0,0.0
2025,Poder Ejecutivo,Ramos Administrativos,Educación Pública,S072,Porcentaje Ejer/Aprob,0.0,0.0,88.43182841564894,0.0,91.32281661567507,0.0,0.0,0.0,0.0,0.0,91.32281661567507,,0.0,
2025,Poder Ejecutivo,Ramos Administrativos,Educación Pública,S072,Porcentaje Ejer/Modif,100.0,100.0,100.0,100.0,100.0,0.0,0.0,0.0,0.0,0.0,100.0,,0.0,
2025,Poder Ejecutivo,Ramos Administrativos,Educación Pública,S243,Programa de Becas Elisa Acuña,0.0,0.0,0.0,0.0,0.0,0.0,0.0,0.0,0.0,0.0,0.0,,0.0,
2025,Poder Ejecutivo,Ramos Administrativos,Educación Pública,S243,Aprobado,0.0,0.0,1688553133.0,0.0,1688553133.0,0.0,0.0,0.0,0.0,0.0,1688553133.0,100.0,0.0,0.0
2025,Poder Ejecutivo,Ramos Administrativos,Educación Pública,S243,Modificado,0.0,0.0,1944586606.61,0.0,1944586606.61,0.0,0.0,0.0,0.0,0.0,1944586606.61,100.0,0.0,0.0
2025,Poder Ejecutivo,Ramos Administrativos,Educación Pública,S243,Devengado,0.0,0.0,1906012939.33,0.0,1906012939.33,0.0,0.0,0.0,0.0,0.0,1906012939.33,100.0,0.0,0.0
2025,Poder Ejecutivo,Ramos Administrativos,Educación Pública,S243,Ejercido,0.0,0.0,1906012939.33,0.0,1906012939.33,0.0,0.0,0.0,0.0,0.0,1906012939.33,100.0,0.0,0.0
2025,Poder Ejecutivo,Ramos Administrativos,Educación Pública,S243,Porcentaje Ejer/Aprob,0.0,0.0,112.87846986156993,0.0,112.87846986156993,0.0,0.0,0.0,0.0,0.0,112.87846986156993,,0.0,
2025,Poder Ejecutivo,Ramos Administrativos,Educación Pública,S243,Porcentaje Ejer/Modif,0.0,0.0,98.01635642511981,0.0,98.01635642511981,0.0,0.0,0.0,0.0,0.0,98.01635642511981,,0.0,
2025,Poder Ejecutivo,Ramos Administrativos,Educación Pública,S247,Programa para el Desarrollo Profesional Docente,0.0,0.0,0.0,0.0,0.0,0.0,0.0,0.0,0.0,0.0,0.0,,0.0,
2025,Poder Ejecutivo,Ramos Administrativos,Educación Pública,S247,Aprobado,6276174.0,0.0,268939979.0,0.0,275216153.0,0.0,0.0,0.0,0.0,0.0,275216153.0,100.0,0.0,0.0
2025,Poder Ejecutivo,Ramos Administrativos,Educación Pública,S247,Modificado,1578001.3,0.0,542225861.43,0.0,543803862.73,0.0,0.0,0.0,0.0,0.0,543803862.73,100.0,0.0,0.0
2025,Poder Ejecutivo,Ramos Administrativos,Educación Pública,S247,Devengado,1578001.3,0.0,542225761.43,0.0,543803762.73,0.0,0.0,0.0,0.0,0.0,543803762.73,100.0,0.0,0.0
2025,Poder Ejecutivo,Ramos Administrativos,Educación Pública,S247,Ejercido,1578001.3,0.0,542225761.43,0.0,543803762.73,0.0,0.0,0.0,0.0,0.0,543803762.73,100.0,0.0,0.0
2025,Poder Ejecutivo,Ramos Administrativos,Educación Pública,S247,Porcentaje Ejer/Aprob,25.142727081817682,0.0,201.61590085868193,0.0,197.59151372557702,0.0,0.0,0.0,0.0,0.0,197.59151372557702,,0.0,
2025,Poder Ejecutivo,Ramos Administrativos,Educación Pública,S247,Porcentaje Ejer/Modif,100.0,0.0,99.99998155750083,0.0,99.99998161101698,0.0,0.0,0.0,0.0,0.0,99.99998161101698,,0.0,
2025,Poder Ejecutivo,Ramos Administrativos,Educación Pública,S269,Programa de Cultura Física y Deporte,0.0,0.0,0.0,0.0,0.0,0.0,0.0,0.0,0.0,0.0,0.0,,0.0,
2025,Poder Ejecutivo,Ramos Administrativos,Educación Pública,S269,Aprobado,0.0,0.0,1945077258.0,22990774.0,1968068032.0,0.0,0.0,0.0,0.0,0.0,1968068032.0,100.0,0.0,0.0
2025,Poder Ejecutivo,Ramos Administrativos,Educación Pública,S269,Modificado,0.0,0.0,994008398.52,654140228.66,1648148627.18,0.0,0.0,0.0,0.0,0.0,1648148627.18,100.0,0.0,0.0
2025,Poder Ejecutivo,Ramos Administrativos,Educación Pública,S269,Devengado,0.0,0.0,994008398.52,654140228.66,1648148627.18,0.0,0.0,0.0,0.0,0.0,1648148627.18,100.0,0.0,0.0
2025,Poder Ejecutivo,Ramos Administrativos,Educación Pública,S269,Ejercido,0.0,0.0,994008398.52,654140228.66,1648148627.18,0.0,0.0,0.0,0.0,0.0,1648148627.18,100.0,0.0,0.0
2025,Poder Ejecutivo,Ramos Administrativos,Educación Pública,S269,Porcentaje Ejer/Aprob,0.0,0.0,51.10380034683435,0.0,83.7444946201941,0.0,0.0,0.0,0.0,0.0,83.7444946201941,,0.0,
2025,Poder Ejecutivo,Ramos Administrativos,Educación Pública,S269,Porcentaje Ejer/Modif,0.0,0.0,100.0,100.0,100.0,0.0,0.0,0.0,0.0,0.0,100.0,,0.0,
2025,Poder Ejecutivo,Ramos Administrativos,Educación Pública,S270,Programa Nacional de Inglés,0.0,0.0,0.0,0.0,0.0,0.0,0.0,0.0,0.0,0.0,0.0,,0.0,
2025,Poder Ejecutivo,Ramos Administrativos,Educación Pública,S270,Aprobado,0.0,0.0,751221546.0,0.0,751221546.0,0.0,0.0,0.0,0.0,0.0,751221546.0,100.0,0.0,0.0
2025,Poder Ejecutivo,Ramos Administrativos,Educación Pública,S270,Modificado,8315250.14,0.0,800538052.39,0.0,808853302.53,0.0,0.0,0.0,0.0,0.0,808853302.53,100.0,0.0,0.0
2025,Poder Ejecutivo,Ramos Administrativos,Educación Pública,S270,Devengado,8315250.14,0.0,800538052.39,0.0,808853302.53,0.0,0.0,0.0,0.0,0.0,808853302.53,100.0,0.0,0.0
2025,Poder Ejecutivo,Ramos Administrativos,Educación Pública,S270,Ejercido,8315250.14,0.0,800538052.39,0.0,808853302.53,0.0,0.0,0.0,0.0,0.0,808853302.53,100.0,0.0,0.0
2025,Poder Ejecutivo,Ramos Administrativos,Educación Pública,S270,Porcentaje Ejer/Aprob,0.0,0.0,106.56484184360708,0.0,107.67173902783667,0.0,0.0,0.0,0.0,0.0,107.67173902783667,,0.0,
2025,Poder Ejecutivo,Ramos Administrativos,Educación Pública,S270,Porcentaje Ejer/Modif,100.0,0.0,100.0,0.0,100.0,0.0,0.0,0.0,0.0,0.0,100.0,,0.0,
2025,Poder Ejecutivo,Ramos Administrativos,Educación Pública,S282,La Escuela es Nuestra,0.0,0.0,0.0,0.0,0.0,0.0,0.0,0.0,0.0,0.0,0.0,,0.0,
2025,Poder Ejecutivo,Ramos Administrativos,Educación Pública,S282,Aprobado,0.0,0.0,25000000000.0,0.0,25000000000.0,0.0,0.0,0.0,0.0,0.0,25000000000.0,100.0,0.0,0.0
2025,Poder Ejecutivo,Ramos Administrativos,Educación Pública,S282,Modificado,38052766.63,78539595.75,23974086526.93,0.0,24090678889.31,0.0,0.0,0.0,0.0,0.0,24090678889.31,100.0,0.0,0.0
2025,Poder Ejecutivo,Ramos Administrativos,Educación Pública,S282,Devengado,38052766.63,78539595.75,23974086526.93,0.0,24090678889.31,0.0,0.0,0.0,0.0,0.0,24090678889.31,100.0,0.0,0.0
2025,Poder Ejecutivo,Ramos Administrativos,Educación Pública,S282,Ejercido,38052766.63,78539595.75,23974086526.93,0.0,24090678889.31,0.0,0.0,0.0,0.0,0.0,24090678889.31,100.0,0.0,0.0
2025,Poder Ejecutivo,Ramos Administrativos,Educación Pública,S282,Porcentaje Ejer/Aprob,0.0,0.0,95.89634610771999,0.0,96.36271555724001,0.0,0.0,0.0,0.0,0.0,96.36271555724001,,0.0,
2025,Poder Ejecutivo,Ramos Administrativos,Educación Pública,S282,Porcentaje Ejer/Modif,100.0,100.0,100.0,0.0,100.0,0.0,0.0,0.0,0.0,0.0,100.0,,0.0,
2025,Poder Ejecutivo,Ramos Administrativos,Educación Pública,S283,Jóvenes Escribiendo el Futuro,0.0,0.0,0.0,0.0,0.0,0.0,0.0,0.0,0.0,0.0,0.0,,0.0,
2025,Poder Ejecutivo,Ramos Administrativos,Educación Pública,S283,Aprobado,0.0,0.0,12163460769.0,0.0,12163460769.0,0.0,0.0,0.0,0.0,0.0,12163460769.0,100.0,0.0,0.0
2025,Poder Ejecutivo,Ramos Administrativos,Educación Pública,S283,Modificado,0.0,217393532.98,12341315400.0,0.0,12558708932.98,0.0,0.0,0.0,0.0,0.0,12558708932.98,100.0,0.0,0.0
2025,Poder Ejecutivo,Ramos Administrativos,Educación Pública,S283,Devengado,0.0,217393532.98,12341315400.0,0.0,12558708932.98,0.0,0.0,0.0,0.0,0.0,12558708932.98,100.0,0.0,0.0
2025,Poder Ejecutivo,Ramos Administrativos,Educación Pública,S283,Ejercido,0.0,217393532.98,12341315400.0,0.0,12558708932.98,0.0,0.0,0.0,0.0,0.0,12558708932.98,100.0,0.0,0.0
2025,Poder Ejecutivo,Ramos Administrativos,Educación Pública,S283,Porcentaje Ejer/Aprob,0.0,0.0,101.46220417344777,0.0,103.24947127701793,0.0,0.0,0.0,0.0,0.0,103.24947127701793,,0.0,
2025,Poder Ejecutivo,Ramos Administrativos,Educación Pública,S283,Porcentaje Ejer/Modif,0.0,100.0,100.0,0.0,100.0,0.0,0.0,0.0,0.0,0.0,100.0,,0.0,
2025,Poder Ejecutivo,Ramos Administrativos,Educación Pública,S295,Fortalecimiento de los Servicios de Educación Especial (PFSEE),0.0,0.0,0.0,0.0,0.0,0.0,0.0,0.0,0.0,0.0,0.0,,0.0,
2025,Poder Ejecutivo,Ramos Administrativos,Educación Pública,S295,Aprobado,0.0,0.0,792406219.0,0.0,792406219.0,0.0,0.0,0.0,0.0,0.0,792406219.0,100.0,0.0,0.0
2025,Poder Ejecutivo,Ramos Administrativos,Educación Pública,S295,Modificado,4329396.0,0.0,445147365.95,0.0,449476761.95,0.0,0.0,0.0,0.0,0.0,449476761.95,100.0,0.0,0.0
2025,Poder Ejecutivo,Ramos Administrativos,Educación Pública,S295,Devengado,4329396.0,0.0,445147365.95,0.0,449476761.95,0.0,0.0,0.0,0.0,0.0,449476761.95,100.0,0.0,0.0
2025,Poder Ejecutivo,Ramos Administrativos,Educación Pública,S295,Ejercido,4329396.0,0.0,445147365.95,0.0,449476761.95,0.0,0.0,0.0,0.0,0.0,449476761.95,100.0,0.0,0.0
2025,Poder Ejecutivo,Ramos Administrativos,Educación Pública,S295,Porcentaje Ejer/Aprob,0.0,0.0,56.176662332580705,0.0,56.7230230117616,0.0,0.0,0.0,0.0,0.0,56.7230230117616,,0.0,
2025,Poder Ejecutivo,Ramos Administrativos,Educación Pública,S295,Porcentaje Ejer/Modif,100.0,0.0,100.0,0.0,100.0,0.0,0.0,0.0,0.0,0.0,100.0,,0.0,
2025,Poder Ejecutivo,Ramos Administrativos,Educación Pública,S298,Atención de Planteles Públicos de Educación Media Superior con estudiantes con discapacidad (PAPPEMS),0.0,0.0,0.0,0.0,0.0,0.0,0.0,0.0,0.0,0.0,0.0,,0.0,
2025,Poder Ejecutivo,Ramos Administrativos,Educación Pública,S298,Aprobado,0.0,0.0,29879397.0,0.0,29879397.0,0.0,0.0,0.0,0.0,0.0,29879397.0,100.0,0.0,0.0
2025,Poder Ejecutivo,Ramos Administrativos,Educación Pública,S298,Modificado,0.0,0.0,19409678.76,0.0,19409678.76,0.0,0.0,0.0,0.0,0.0,19409678.76,100.0,0.0,0.0
2025,Poder Ejecutivo,Ramos Administrativos,Educación Pública,S298,Devengado,0.0,0.0,19409678.76,0.0,19409678.76,0.0,0.0,0.0,0.0,0.0,19409678.76,100.0,0.0,0.0
2025,Poder Ejecutivo,Ramos Administrativos,Educación Pública,S298,Ejercido,0.0,0.0,19409678.76,0.0,19409678.76,0.0,0.0,0.0,0.0,0.0,19409678.76,100.0,0.0,0.0
2025,Poder Ejecutivo,Ramos Administrativos,Educación Pública,S298,Porcentaje Ejer/Aprob,0.0,0.0,64.96007519830471,0.0,64.96007519830471,0.0,0.0,0.0,0.0,0.0,64.96007519830471,,0.0,
2025,Poder Ejecutivo,Ramos Administrativos,Educación Pública,S298,Porcentaje Ejer/Modif,0.0,0.0,100.0,0.0,100.0,0.0,0.0,0.0,0.0,0.0,100.0,,0.0,
2025,Poder Ejecutivo,Ramos Administrativos,Educación Pública,S300,Fortalecimiento a la Excelencia Educativa,0.0,0.0,0.0,0.0,0.0,0.0,0.0,0.0,0.0,0.0,0.0,,0.0,
2025,Poder Ejecutivo,Ramos Administrativos,Educación Pública,S300,Aprobado,0.0,0.0,831694101.0,0.0,831694101.0,0.0,0.0,0.0,0.0,0.0,831694101.0,100.0,0.0,0.0
2025,Poder Ejecutivo,Ramos Administrativos,Educación Pública,S300,Modificado,13121040.08,0.0,745466617.35,0.0,758587657.43,0.0,0.0,0.0,0.0,0.0,758587657.43,100.0,0.0,0.0
2025,Poder Ejecutivo,Ramos Administrativos,Educación Pública,S300,Devengado,13121040.08,0.0,745466617.35,0.0,758587657.43,0.0,0.0,0.0,0.0,0.0,758587657.43,100.0,0.0,0.0
2025,Poder Ejecutivo,Ramos Administrativos,Educación Pública,S300,Ejercido,13121040.08,0.0,745466617.35,0.0,758587657.43,0.0,0.0,0.0,0.0,0.0,758587657.43,100.0,0.0,0.0
2025,Poder Ejecutivo,Ramos Administrativos,Educación Pública,S300,Porcentaje Ejer/Aprob,0.0,0.0,89.63230789465464,0.0,91.2099360231004,0.0,0.0,0.0,0.0,0.0,91.2099360231004,,0.0,
2025,Poder Ejecutivo,Ramos Administrativos,Educación Pública,S300,Porcentaje Ejer/Modif,100.0,0.0,100.0,0.0,100.0,0.0,0.0,0.0,0.0,0.0,100.0,,0.0,
2025,Poder Ejecutivo,Ramos Administrativos,Educación Pública,S311,Beca Universal de Educación Media Superior Benito Juárez,0.0,0.0,0.0,0.0,0.0,0.0,0.0,0.0,0.0,0.0,0.0,,0.0,
2025,Poder Ejecutivo,Ramos Administrativos,Educación Pública,S311,Aprobado,0.0,0.0,40922380567.0,0.0,40922380567.0,0.0,0.0,0.0,0.0,0.0,40922380567.0,100.0,0.0,0.0
2025,Poder Ejecutivo,Ramos Administrativos,Educación Pública,S311,Modificado,768340279.66,0.0,40213271050.0,28400.0,40981639729.66,0.0,0.0,0.0,0.0,0.0,40981639729.66,100.0,0.0,0.0
2025,Poder Ejecutivo,Ramos Administrativos,Educación Pública,S311,Devengado,768340279.66,0.0,40213271050.0,28400.0,40981639729.66,0.0,0.0,0.0,0.0,0.0,40981639729.66,100.0,0.0,0.0
2025,Poder Ejecutivo,Ramos Administrativos,Educación Pública,S311,Ejercido,768340279.66,0.0,40213271050.0,28400.0,40981639729.66,0.0,0.0,0.0,0.0,0.0,40981639729.66,100.0,0.0,0.0
2025,Poder Ejecutivo,Ramos Administrativos,Educación Pública,S311,Porcentaje Ejer/Aprob,0.0,0.0,98.26718410030175,0.0,100.14480868864162,0.0,0.0,0.0,0.0,0.0,100.14480868864162,,0.0,
2025,Poder Ejecutivo,Ramos Administrativos,Educación Pública,S311,Porcentaje Ejer/Modif,100.0,0.0,100.0,100.0,100.0,0.0,0.0,0.0,0.0,0.0,100.0,,0.0,
2025,Poder Ejecutivo,Ramos Administrativos,Educación Pública,S312,Expansión de la Educación Inicial,0.0,0.0,0.0,0.0,0.0,0.0,0.0,0.0,0.0,0.0,0.0,,0.0,
2025,Poder Ejecutivo,Ramos Administrativos,Educación Pública,S312,Aprobado,0.0,0.0,866482104.0,0.0,866482104.0,0.0,0.0,0.0,0.0,0.0,866482104.0,100.0,0.0,0.0
2025,Poder Ejecutivo,Ramos Administrativos,Educación Pública,S312,Modificado,10717617.28,0.0,755388658.64,0.0,766106275.92,0.0,0.0,0.0,0.0,0.0,766106275.92,100.0,0.0,0.0
2025,Poder Ejecutivo,Ramos Administrativos,Educación Pública,S312,Devengado,10717617.28,0.0,755388658.64,0.0,766106275.92,0.0,0.0,0.0,0.0,0.0,766106275.92,100.0,0.0,0.0
2025,Poder Ejecutivo,Ramos Administrativos,Educación Pública,S312,Ejercido,10717617.28,0.0,755388658.64,0.0,766106275.92,0.0,0.0,0.0,0.0,0.0,766106275.92,100.0,0.0,0.0
2025,Poder Ejecutivo,Ramos Administrativos,Educación Pública,S312,Porcentaje Ejer/Aprob,0.0,0.0,87.1787951710541,0.0,88.4157067276256,0.0,0.0,0.0,0.0,0.0,88.4157067276256,,0.0,
2025,Poder Ejecutivo,Ramos Administrativos,Educación Pública,S312,Porcentaje Ejer/Modif,100.0,0.0,100.0,0.0,100.0,0.0,0.0,0.0,0.0,0.0,100.0,,0.0,
2025,Poder Ejecutivo,Ramos Administrativos,Educación Pública,U006,Subsidios para organismos descentralizados estatales,0.0,0.0,0.0,0.0,0.0,0.0,0.0,0.0,0.0,0.0,0.0,,0.0,
2025,Poder Ejecutivo,Ramos Administrativos,Educación Pública,U006,Aprobado,0.0,0.0,110558399895.0,0.0,110558399895.0,0.0,0.0,0.0,0.0,0.0,110558399895.0,100.0,0.0,0.0
2025,Poder Ejecutivo,Ramos Administrativos,Educación Pública,U006,Modificado,192215784.03,0.0,118456662921.09,0.0,118648878705.12,0.0,0.0,0.0,0.0,0.0,118648878705.12,100.0,0.0,0.0
2025,Poder Ejecutivo,Ramos Administrativos,Educación Pública,U006,Devengado,192215784.03,0.0,118456662921.09,0.0,118648878705.12,0.0,0.0,0.0,0.0,0.0,118648878705.12,100.0,0.0,0.0
2025,Poder Ejecutivo,Ramos Administrativos,Educación Pública,U006,Ejercido,192215784.03,0.0,118456662921.09,0.0,118648878705.12,0.0,0.0,0.0,0.0,0.0,118648878705.12,100.0,0.0,0.0
2025,Poder Ejecutivo,Ramos Administrativos,Educación Pública,U006,Porcentaje Ejer/Aprob,0.0,0.0,107.14397371307034,0.0,107.3178327633212,0.0,0.0,0.0,0.0,0.0,107.3178327633212,,0.0,
2025,Poder Ejecutivo,Ramos Administrativos,Educación Pública,U006,Porcentaje Ejer/Modif,100.0,0.0,100.0,0.0,100.0,0.0,0.0,0.0,0.0,0.0,100.0,,0.0,
2025,Poder Ejecutivo,Ramos Administrativos,Educación Pública,U079,Expansión de la Educación Media Superior y Superior,0.0,0.0,0.0,0.0,0.0,0.0,0.0,0.0,0.0,0.0,0.0,,0.0,
2025,Poder Ejecutivo,Ramos Administrativos,Educación Pública,U079,Aprobado,0.0,0.0,833473628.0,0.0,833473628.0,0.0,0.0,0.0,0.0,0.0,833473628.0,100.0,0.0,0.0
2025,Poder Ejecutivo,Ramos Administrativos,Educación Pública,U079,Modificado,0.0,0.0,759643132.05,0.0,759643132.05,0.0,0.0,0.0,0.0,0.0,759643132.05,100.0,0.0,0.0
2025,Poder Ejecutivo,Ramos Administrativos,Educación Pública,U079,Devengado,0.0,0.0,759643132.05,0.0,759643132.05,0.0,0.0,0.0,0.0,0.0,759643132.05,100.0,0.0,0.0
2025,Poder Ejecutivo,Ramos Administrativos,Educación Pública,U079,Ejercido,0.0,0.0,759643132.05,0.0,759643132.05,0.0,0.0,0.0,0.0,0.0,759643132.05,100.0,0.0,0.0
2025,Poder Ejecutivo,Ramos Administrativos,Educación Pública,U079,Porcentaje Ejer/Aprob,0.0,0.0,91.14183179050747,0.0,91.14183179050747,0.0,0.0,0.0,0.0,0.0,91.14183179050747,,0.0,
2025,Poder Ejecutivo,Ramos Administrativos,Educación Pública,U079,Porcentaje Ejer/Modif,0.0,0.0,100.0,0.0,100.0,0.0,0.0,0.0,0.0,0.0,100.0,,0.0,
2025,Poder Ejecutivo,Ramos Administrativos,Educación Pública,U080,Apoyos a centros y organizaciones de educación,0.0,0.0,0.0,0.0,0.0,0.0,0.0,0.0,0.0,0.0,0.0,,0.0,
2025,Poder Ejecutivo,Ramos Administrativos,Educación Pública,U080,Aprobado,0.0,0.0,10195011548.0,0.0,10195011548.0,0.0,0.0,0.0,0.0,0.0,10195011548.0,100.0,0.0,0.0
2025,Poder Ejecutivo,Ramos Administrativos,Educación Pública,U080,Modificado,870129.79,0.0,26714908093.44,0.0,26715778223.23,0.0,0.0,0.0,0.0,0.0,26715778223.23,100.0,0.0,0.0
2025,Poder Ejecutivo,Ramos Administrativos,Educación Pública,U080,Devengado,870129.79,0.0,26714908093.44,0.0,26715778223.23,0.0,0.0,0.0,0.0,0.0,26715778223.23,100.0,0.0,0.0
2025,Poder Ejecutivo,Ramos Administrativos,Educación Pública,U080,Ejercido,870129.79,0.0,26714908093.44,0.0,26715778223.23,0.0,0.0,0.0,0.0,0.0,26715778223.23,100.0,0.0,0.0
2025,Poder Ejecutivo,Ramos Administrativos,Educación Pública,U080,Porcentaje Ejer/Aprob,0.0,0.0,262.03901749067444,0.0,262.0475523489814,0.0,0.0,0.0,0.0,0.0,262.0475523489814,,0.0,
2025,Poder Ejecutivo,Ramos Administrativos,Educación Pública,U080,Porcentaje Ejer/Modif,100.0,0.0,100.0,0.0,100.0,0.0,0.0,0.0,0.0,0.0,100.0,,0.0,
2025,Poder Ejecutivo,Ramos Administrativos,Educación Pública,U083,Universidades para el Bienestar Benito Juárez García,0.0,0.0,0.0,0.0,0.0,0.0,0.0,0.0,0.0,0.0,0.0,,0.0,
2025,Poder Ejecutivo,Ramos Administrativos,Educación Pública,U083,Aprobado,0.0,0.0,3000000000.0,0.0,3000000000.0,0.0,0.0,0.0,0.0,0.0,3000000000.0,100.0,0.0,0.0
2025,Poder Ejecutivo,Ramos Administrativos,Educación Pública,U083,Modificado,0.0,0.0,1630648393.96,828903022.91,2459551416.87,0.0,0.0,0.0,0.0,0.0,2459551416.87,100.0,0.0,0.0
2025,Poder Ejecutivo,Ramos Administrativos,Educación Pública,U083,Devengado,0.0,0.0,1630648393.96,828903022.91,2459551416.87,0.0,0.0,0.0,0.0,0.0,2459551416.87,100.0,0.0,0.0
2025,Poder Ejecutivo,Ramos Administrativos,Educación Pública,U083,Ejercido,0.0,0.0,1630648393.96,828903022.91,2459551416.87,0.0,0.0,0.0,0.0,0.0,2459551416.87,100.0,0.0,0.0
2025,Poder Ejecutivo,Ramos Administrativos,Educación Pública,U083,Porcentaje Ejer/Aprob,0.0,0.0,54.354946465333335,0.0,81.985047229,0.0,0.0,0.0,0.0,0.0,81.985047229,,0.0,
2025,Poder Ejecutivo,Ramos Administrativos,Educación Pública,U083,Porcentaje Ejer/Modif,0.0,0.0,100.0,100.0,100.0,0.0,0.0,0.0,0.0,0.0,100.0,,0.0,
2025,Poder Ejecutivo,Ramos Administrativos,Salud,TOTAL,Aprobado,31790108163.0,15210446625.0,8766919175.0,10776348851.0,66543822814.0,0.0,149368733.0,0.0,0.0,149368733.0,66693191547.0,99.77603600977059,0.0,0.22396399022940283
2025,Poder Ejecutivo,Ramos Administrativos,Salud,TOTAL,Modificado,34934983118.46,19957859099.69,3173918623.99,1630755340.39,59697516182.53,0.0,77474712.48,0.0,0.0,77474712.48,59774990895.01,99.87038941985608,0.0,0.12961058014392365
2025,Poder Ejecutivo,Ramos Administrativos,Salud,TOTAL,Devengado,34934983118.46,19957859099.68,3173918623.99,1630755340.39,59697516182.52,0.0,77474712.48,0.0,0.0,77474712.48,59774990895.0,99.87038941985605,0.0,0.12961058014394533
2025,Poder Ejecutivo,Ramos Administrativos,Salud,TOTAL,Ejercido,34934983118.46,19957859099.68,3173918623.99,1630755340.39,59697516182.52,0.0,77474712.48,0.0,0.0,77474712.48,59774990895.0,99.87038941985605,0.0,0.12961058014394533
2025,Poder Ejecutivo,Ramos Administrativos,Salud,TOTAL,Porcentaje Ejer/Aprob,109.8926211239516,131.21152581329937,36.20335217690654,15.132725962547813,89.71158201924098,0.0,51.868092420654065,0.0,0.0,51.868092420654065,89.62682622989394,,0.0,
2025,Poder Ejecutivo,Ramos Administrativos,Salud,TOTAL,Porcentaje Ejer/Modif,100.0,99.9999999999499,100.0,100.0,99.99999999998325,0.0,100.0,0.0,0.0,100.0,99.99999999998327,,0.0,
2025,Poder Ejecutivo,Ramos Administrativos,Salud,E010,Formación y capacitación de recursos humanos para la salud,0.0,0.0,0.0,0.0,0.0,0.0,0.0,0.0,0.0,0.0,0.0,,0.0,
2025,Poder Ejecutivo,Ramos Administrativos,Salud,E010,Aprobado,6073443963.0,253610802.0,0.0,1520848861.0,7847903626.0,0.0,0.0,0.0,0.0,0.0,7847903626.0,100.0,0.0,0.0
2025,Poder Ejecutivo,Ramos Administrativos,Salud,E010,Modificado,6125022513.85,431930956.85,0.0,1258234411.37,7815187882.07,0.0,0.0,0.0,0.0,0.0,7815187882.07,100.0,0.0,0.0
2025,Poder Ejecutivo,Ramos Administrativos,Salud,E010,Devengado,6125022513.85,431930956.85,0.0,1258234411.37,7815187882.07,0.0,0.0,0.0,0.0,0.0,7815187882.07,100.0,0.0,0.0
2025,Poder Ejecutivo,Ramos Administrativos,Salud,E010,Ejercido,6125022513.85,431930956.85,0.0,1258234411.37,7815187882.07,0.0,0.0,0.0,0.0,0.0,7815187882.07,100.0,0.0,0.0
2025,Poder Ejecutivo,Ramos Administrativos,Salud,E010,Porcentaje Ejer/Aprob,100.84924716790378,170.31252353754238,0.0,82.732376874233,99.58312760338171,0.0,0.0,0.0,0.0,0.0,99.58312760338171,,0.0,
2025,Poder Ejecutivo,Ramos Administrativos,Salud,E010,Porcentaje Ejer/Modif,100.0,100.0,0.0,100.0,100.0,0.0,0.0,0.0,0.0,0.0,100.0,,0.0,
2025,Poder Ejecutivo,Ramos Administrativos,Salud,E022,Investigación y desarrollo tecnológico en salud,0.0,0.0,0.0,0.0,0.0,0.0,0.0,0.0,0.0,0.0,0.0,,0.0,
2025,Poder Ejecutivo,Ramos Administrativos,Salud,E022,Aprobado,1899333485.0,511769470.0,6758575.0,27508387.0,2445369917.0,0.0,0.0,0.0,0.0,0.0,2445369917.0,100.0,0.0,0.0
2025,Poder Ejecutivo,Ramos Administrativos,Salud,E022,Modificado,2067295500.48,507952819.48,0.0,15472662.77,2590720982.73,0.0,0.0,0.0,0.0,0.0,2590720982.73,100.0,0.0,0.0
2025,Poder Ejecutivo,Ramos Administrativos,Salud,E022,Devengado,2067295500.48,507952819.48,0.0,15472662.77,2590720982.73,0.0,0.0,0.0,0.0,0.0,2590720982.73,100.0,0.0,0.0
2025,Poder Ejecutivo,Ramos Administrativos,Salud,E022,Ejercido,2067295500.48,507952819.48,0.0,15472662.77,2590720982.73,0.0,0.0,0.0,0.0,0.0,2590720982.73,100.0,0.0,0.0
2025,Poder Ejecutivo,Ramos Administrativos,Salud,E022,Porcentaje Ejer/Aprob,108.84320825207796,99.25422465705115,0.0,56.24707391967403,105.94392957562502,0.0,0.0,0.0,0.0,0.0,105.94392957562502,,0.0,
2025,Poder Ejecutivo,Ramos Administrativos,Salud,E022,Porcentaje Ejer/Modif,100.0,100.0,0.0,100.0,100.0,0.0,0.0,0.0,0.0,0.0,100.0,,0.0,
2025,Poder Ejecutivo,Ramos Administrativos,Salud,E023,Atención a la Salud,0.0,0.0,0.0,0.0,0.0,0.0,0.0,0.0,0.0,0.0,0.0,,0.0,
2025,Poder Ejecutivo,Ramos Administrativos,Salud,E023,Aprobado,15560705759.0,6788808767.0,0.0,8160820928.0,30510335454.0,0.0,0.0,0.0,0.0,0.0,30510335454.0,100.0,0.0,0.0
2025,Poder Ejecutivo,Ramos Administrativos,Salud,E023,Modificado,18080743842.77,11304748582.38,0.0,7292992.4,29392785417.55,0.0,19098936.0,0.0,0.0,19098936.0,29411884353.55,99.93506388176148,0.0,0.1
2025,Poder Ejecutivo,Ramos Administrativos,Salud,E023,Devengado,18080743842.77,11304748582.37,0.0,7292992.4,29392785417.54,0.0,19098936.0,0.0,0.0,19098936.0,29411884353.54,99.93506388176145,0.0,0.1
2025,Poder Ejecutivo,Ramos Administrativos,Salud,E023,Ejercido,18080743842.77,11304748582.37,0.0,7292992.4,29392785417.54,0.0,19098936.0,0.0,0.0,19098936.0,29411884353.54,99.93506388176145,0.0,0.1
2025,Poder Ejecutivo,Ramos Administrativos,Salud,E023,Porcentaje Ejer/Aprob,116.19488294939617,166.52035681608413,0.0,0.1,96.33714274251453,0.0,0.0,0.0,0.0,0.0,96.39974099230696,,0.0,
2025,Poder Ejecutivo,Ramos Administrativos,Salud,E023,Porcentaje Ejer/Modif,100.0,99.99999999991157,0.0,100.0,99.99999999996598,0.0,100.0,0.0,0.0,100.0,99.99999999996601,,0.0,
2025,Poder Ejecutivo,Ramos Administrativos,Salud,E025,Prevención y atención contra las adicciones,0.0,0.0,0.0,0.0,0.0,0.0,0.0,0.0,0.0,0.0,0.0,,0.0,
2025,Poder Ejecutivo,Ramos Administrativos,Salud,E025,Aprobado,1211527122.0,113814888.0,184495621.0,219226.0,1510056857.0,0.0,0.0,0.0,0.0,0.0,1510056857.0,100.0,0.0,0.0
2025,Poder Ejecutivo,Ramos Administrativos,Salud,E025,Modificado,1361466224.06,95355664.75,114095392.37,76652.0,1570993933.18,0.0,0.0,0.0,0.0,0.0,1570993933.18,100.0,0.0,0.0
2025,Poder Ejecutivo,Ramos Administrativos,Salud,E025,Devengado,1361466224.06,95355664.75,114095392.37,76652.0,1570993933.18,0.0,0.0,0.0,0.0,0.0,1570993933.18,100.0,0.0,0.0
2025,Poder Ejecutivo,Ramos Administrativos,Salud,E025,Ejercido,1361466224.06,95355664.75,114095392.37,76652.0,1570993933.18,0.0,0.0,0.0,0.0,0.0,1570993933.18,100.0,0.0,0.0
2025,Poder Ejecutivo,Ramos Administrativos,Salud,E025,Porcentaje Ejer/Aprob,112.37604171935327,83.78136325187967,61.84178884657647,34.964830813863315,104.03541601082907,0.0,0.0,0.0,0.0,0.0,104.03541601082907,,0.0,
2025,Poder Ejecutivo,Ramos Administrativos,Salud,E025,Porcentaje Ejer/Modif,100.0,100.0,100.0,100.0,100.0,0.0,0.0,0.0,0.0,0.0,100.0,,0.0,
2025,Poder Ejecutivo,Ramos Administrativos,Salud,E036,Programa de vacunación,0.0,0.0,0.0,0.0,0.0,0.0,0.0,0.0,0.0,0.0,0.0,,0.0,
2025,Poder Ejecutivo,Ramos Administrativos,Salud,E036,Aprobado,0.0,4533762574.0,37989823.0,0.0,4571752397.0,0.0,0.0,0.0,0.0,0.0,4571752397.0,100.0,0.0,0.0
2025,Poder Ejecutivo,Ramos Administrativos,Salud,E036,Modificado,11066.12,3926253892.16,0.0,0.0,3926264958.28,0.0,0.0,0.0,0.0,0.0,3926264958.28,100.0,0.0,0.0
2025,Poder Ejecutivo,Ramos Administrativos,Salud,E036,Devengado,11066.12,3926253892.16,0.0,0.0,3926264958.28,0.0,0.0,0.0,0.0,0.0,3926264958.28,100.0,0.0,0.0
2025,Poder Ejecutivo,Ramos Administrativos,Salud,E036,Ejercido,11066.12,3926253892.16,0.0,0.0,3926264958.28,0.0,0.0,0.0,0.0,0.0,3926264958.28,100.0,0.0,0.0
2025,Poder Ejecutivo,Ramos Administrativos,Salud,E036,Porcentaje Ejer/Aprob,0.0,86.60034194724022,0.0,0.0,85.88096242605853,0.0,0.0,0.0,0.0,0.0,85.88096242605853,,0.0,
2025,Poder Ejecutivo,Ramos Administrativos,Salud,E036,Porcentaje Ejer/Modif,100.0,100.0,0.0,0.0,100.0,0.0,0.0,0.0,0.0,0.0,100.0,,0.0,
2025,Poder Ejecutivo,Ramos Administrativos,Salud,E040,Servicios de asistencia social integral,0.0,0.0,0.0,0.0,0.0,0.0,0.0,0.0,0.0,0.0,0.0,,0.0,
2025,Poder Ejecutivo,Ramos Administrativos,Salud,E040,Aprobado,934152231.0,210979870.0,2235251869.0,631127338.0,4011511308.0,0.0,0.0,0.0,0.0,0.0,4011511308.0,100.0,0.0,0.0
2025,Poder Ejecutivo,Ramos Administrativos,Salud,E040,Modificado,975169679.2,429165872.09,1018083373.48,49604549.89,2472023474.66,0.0,0.0,0.0,0.0,0.0,2472023474.66,100.0,0.0,0.0
2025,Poder Ejecutivo,Ramos Administrativos,Salud,E040,Devengado,975169679.2,429165872.09,1018083373.48,49604549.89,2472023474.66,0.0,0.0,0.0,0.0,0.0,2472023474.66,100.0,0.0,0.0
2025,Poder Ejecutivo,Ramos Administrativos,Salud,E040,Ejercido,975169679.2,429165872.09,1018083373.48,49604549.89,2472023474.66,0.0,0.0,0.0,0.0,0.0,2472023474.66,100.0,0.0,0.0
2025,Poder Ejecutivo,Ramos Administrativos,Salud,E040,Porcentaje Ejer/Aprob,104.39087408227792,203.41555433226875,45.54669599428484,7.859673777908825,61.62324582583477,0.0,0.0,0.0,0.0,0.0,61.62324582583477,,0.0,
2025,Poder Ejecutivo,Ramos Administrativos,Salud,E040,Porcentaje Ejer/Modif,100.0,100.0,100.0,100.0,100.0,0.0,0.0,0.0,0.0,0.0,100.0,,0.0,
2025,Poder Ejecutivo,Ramos Administrativos,Salud,E041,"Protección y restitución de los derechos de las niñas, niños y adolescentes",0.0,0.0,0.0,0.0,0.0,0.0,0.0,0.0,0.0,0.0,0.0,,0.0,
2025,Poder Ejecutivo,Ramos Administrativos,Salud,E041,Aprobado,54497202.0,45462619.0,0.0,971923.0,100931744.0,0.0,0.0,0.0,0.0,0.0,100931744.0,100.0,0.0,0.0
2025,Poder Ejecutivo,Ramos Administrativos,Salud,E041,Modificado,52231679.63,41518611.0,0.0,167237.28,93917527.91,0.0,0.0,0.0,0.0,0.0,93917527.91,100.0,0.0,0.0
2025,Poder Ejecutivo,Ramos Administrativos,Salud,E041,Devengado,52231679.63,41518611.0,0.0,167237.28,93917527.91,0.0,0.0,0.0,0.0,0.0,93917527.91,100.0,0.0,0.0
2025,Poder Ejecutivo,Ramos Administrativos,Salud,E041,Ejercido,52231679.63,41518611.0,0.0,167237.28,93917527.91,0.0,0.0,0.0,0.0,0.0,93917527.91,100.0,0.0,0.0
2025,Poder Ejecutivo,Ramos Administrativos,Salud,E041,Porcentaje Ejer/Aprob,95.8428647951504,91.32472328529951,0.0,17.206844575136095,93.05053513194025,0.0,0.0,0.0,0.0,0.0,93.05053513194025,,0.0,
2025,Poder Ejecutivo,Ramos Administrativos,Salud,E041,Porcentaje Ejer/Modif,100.0,100.0,0.0,100.0,100.0,0.0,0.0,0.0,0.0,0.0,100.0,,0.0,
2025,Poder Ejecutivo,Ramos Administrativos,Salud,G004,Protección Contra Riesgos Sanitarios,0.0,0.0,0.0,0.0,0.0,0.0,0.0,0.0,0.0,0.0,0.0,,0.0,
2025,Poder Ejecutivo,Ramos Administrativos,Salud,G004,Aprobado,659323489.0,13808720.0,0.0,0.0,673132209.0,0.0,0.0,0.0,0.0,0.0,673132209.0,100.0,0.0,0.0
2025,Poder Ejecutivo,Ramos Administrativos,Salud,G004,Modificado,757657544.35,474111359.17,113859469.15,3051794.25,1348680166.92,0.0,0.0,0.0,0.0,0.0,1348680166.92,100.0,0.0,0.0
2025,Poder Ejecutivo,Ramos Administrativos,Salud,G004,Devengado,757657544.35,474111359.17,113859469.15,3051794.25,1348680166.92,0.0,0.0,0.0,0.0,0.0,1348680166.92,100.0,0.0,0.0
2025,Poder Ejecutivo,Ramos Administrativos,Salud,G004,Ejercido,757657544.35,474111359.17,113859469.15,3051794.25,1348680166.92,0.0,0.0,0.0,0.0,0.0,1348680166.92,100.0,0.0,0.0
2025,Poder Ejecutivo,Ramos Administrativos,Salud,G004,Porcentaje Ejer/Aprob,114.91438679048791,0.0,0.0,0.0,200.3588817898922,0.0,0.0,0.0,0.0,0.0,200.3588817898922,,0.0,
2025,Poder Ejecutivo,Ramos Administrativos,Salud,G004,Porcentaje Ejer/Modif,100.0,100.0,100.0,100.0,100.0,0.0,0.0,0.0,0.0,0.0,100.0,,0.0,
2025,Poder Ejecutivo,Ramos Administrativos,Salud,G005,Regulación y vigilancia de establecimientos y servicios de atención médica,0.0,0.0,0.0,0.0,0.0,0.0,0.0,0.0,0.0,0.0,0.0,,0.0,
2025,Poder Ejecutivo,Ramos Administrativos,Salud,G005,Aprobado,0.0,1360315.0,24469790.0,0.0,25830105.0,0.0,0.0,0.0,0.0,0.0,25830105.0,100.0,0.0,0.0
2025,Poder Ejecutivo,Ramos Administrativos,Salud,G005,Modificado,0.0,11465344.52,0.0,0.0,11465344.52,0.0,0.0,0.0,0.0,0.0,11465344.52,100.0,0.0,0.0
2025,Poder Ejecutivo,Ramos Administrativos,Salud,G005,Devengado,0.0,11465344.52,0.0,0.0,11465344.52,0.0,0.0,0.0,0.0,0.0,11465344.52,100.0,0.0,0.0
2025,Poder Ejecutivo,Ramos Administrativos,Salud,G005,Ejercido,0.0,11465344.52,0.0,0.0,11465344.52,0.0,0.0,0.0,0.0,0.0,11465344.52,100.0,0.0,0.0
2025,Poder Ejecutivo,Ramos Administrativos,Salud,G005,Porcentaje Ejer/Aprob,0.0,0.0,0.0,0.0,44.3875257959656,0.0,0.0,0.0,0.0,0.0,44.3875257959656,,0.0,
2025,Poder Ejecutivo,Ramos Administrativos,Salud,G005,Porcentaje Ejer/Modif,0.0,100.0,0.0,0.0,100.0,0.0,0.0,0.0,0.0,0.0,100.0,,0.0,
2025,Poder Ejecutivo,Ramos Administrativos,Salud,K011,Proyectos de infraestructura social de salud,0.0,0.0,0.0,0.0,0.0,0.0,0.0,0.0,0.0,0.0,0.0,,0.0,
2025,Poder Ejecutivo,Ramos Administrativos,Salud,K011,Aprobado,0.0,0.0,0.0,0.0,0.0,0.0,49197247.0,0.0,0.0,49197247.0,49197247.0,0.0,0.0,100.0
2025,Poder Ejecutivo,Ramos Administrativos,Salud,K011,Modificado,0.0,0.0,0.0,0.0,0.0,0.0,50824263.97,0.0,0.0,50824263.97,50824263.97,0.0,0.0,100.0
2025,Poder Ejecutivo,Ramos Administrativos,Salud,K011,Devengado,0.0,0.0,0.0,0.0,0.0,0.0,50824263.97,0.0,0.0,50824263.97,50824263.97,0.0,0.0,100.0
2025,Poder Ejecutivo,Ramos Administrativos,Salud,K011,Ejercido,0.0,0.0,0.0,0.0,0.0,0.0,50824263.97,0.0,0.0,50824263.97,50824263.97,0.0,0.0,100.0
2025,Poder Ejecutivo,Ramos Administrativos,Salud,K011,Porcentaje Ejer/Aprob,0.0,0.0,0.0,0.0,0.0,0.0,103.30713011238211,0.0,0.0,103.30713011238211,103.30713011238211,,0.0,
2025,Poder Ejecutivo,Ramos Administrativos,Salud,K011,Porcentaje Ejer/Modif,0.0,0.0,0.0,0.0,0.0,0.0,100.0,0.0,0.0,100.0,100.0,,0.0,
2025,Poder Ejecutivo,Ramos Administrativos,Salud,K025,Proyectos de inmuebles (oficinas administrativas),0.0,0.0,0.0,0.0,0.0,0.0,0.0,0.0,0.0,0.0,0.0,,0.0,
2025,Poder Ejecutivo,Ramos Administrativos,Salud,K025,Aprobado,0.0,0.0,0.0,0.0,0.0,0.0,34949188.0,0.0,0.0,34949188.0,34949188.0,0.0,0.0,100.0
2025,Poder Ejecutivo,Ramos Administrativos,Salud,K025,Modificado,0.0,0.0,0.0,0.0,0.0,0.0,6008399.79,0.0,0.0,6008399.79,6008399.79,0.0,0.0,100.0
2025,Poder Ejecutivo,Ramos Administrativos,Salud,K025,Devengado,0.0,0.0,0.0,0.0,0.0,0.0,6008399.79,0.0,0.0,6008399.79,6008399.79,0.0,0.0,100.0
2025,Poder Ejecutivo,Ramos Administrativos,Salud,K025,Ejercido,0.0,0.0,0.0,0.0,0.0,0.0,6008399.79,0.0,0.0,6008399.79,6008399.79,0.0,0.0,100.0
2025,Poder Ejecutivo,Ramos Administrativos,Salud,K025,Porcentaje Ejer/Aprob,0.0,0.0,0.0,0.0,0.0,0.0,17.191815128866512,0.0,0.0,17.191815128866512,17.191815128866512,,0.0,
2025,Poder Ejecutivo,Ramos Administrativos,Salud,K025,Porcentaje Ejer/Modif,0.0,0.0,0.0,0.0,0.0,0.0,100.0,0.0,0.0,100.0,100.0,,0.0,
2025,Poder Ejecutivo,Ramos Administrativos,Salud,K027,Mantenimiento de infraestructura,0.0,0.0,0.0,0.0,0.0,0.0,0.0,0.0,0.0,0.0,0.0,,0.0,
2025,Poder Ejecutivo,Ramos Administrativos,Salud,K027,Aprobado,0.0,0.0,0.0,0.0,0.0,0.0,0.0,0.0,0.0,0.0,0.0,0.0,0.0,0.0
2025,Poder Ejecutivo,Ramos Administrativos,Salud,K027,Modificado,0.0,0.0,0.0,0.0,0.0,0.0,1543112.72,0.0,0.0,1543112.72,1543112.72,0.0,0.0,100.0
2025,Poder Ejecutivo,Ramos Administrativos,Salud,K027,Devengado,0.0,0.0,0.0,0.0,0.0,0.0,1543112.72,0.0,0.0,1543112.72,1543112.72,0.0,0.0,100.0
2025,Poder Ejecutivo,Ramos Administrativos,Salud,K027,Ejercido,0.0,0.0,0.0,0.0,0.0,0.0,1543112.72,0.0,0.0,1543112.72,1543112.72,0.0,0.0,100.0
2025,Poder Ejecutivo,Ramos Administrativos,Salud,K027,Porcentaje Ejer/Aprob,0.0,0.0,0.0,0.0,0.0,0.0,0.0,0.0,0.0,0.0,0.0,,0.0,
2025,Poder Ejecutivo,Ramos Administrativos,Salud,K027,Porcentaje Ejer/Modif,0.0,0.0,0.0,0.0,0.0,0.0,100.0,0.0,0.0,100.0,100.0,,0.0,
2025,Poder Ejecutivo,Ramos Administrativos,Salud,M001,Actividades de apoyo administrativo,0.0,0.0,0.0,0.0,0.0,0.0,0.0,0.0,0.0,0.0,0.0,,0.0,
2025,Poder Ejecutivo,Ramos Administrativos,Salud,M001,Aprobado,3482574646.0,671685852.0,0.0,79238970.0,4233499468.0,0.0,0.0,0.0,0.0,0.0,4233499468.0,100.0,0.0,0.0
2025,Poder Ejecutivo,Ramos Administrativos,Salud,M001,Modificado,3454674699.64,780029442.63,0.0,37584262.08,4272288404.35,0.0,0.0,0.0,0.0,0.0,4272288404.35,100.0,0.0,0.0
2025,Poder Ejecutivo,Ramos Administrativos,Salud,M001,Devengado,3454674699.64,780029442.63,0.0,37584262.08,4272288404.35,0.0,0.0,0.0,0.0,0.0,4272288404.35,100.0,0.0,0.0
2025,Poder Ejecutivo,Ramos Administrativos,Salud,M001,Ejercido,3454674699.64,780029442.63,0.0,37584262.08,4272288404.35,0.0,0.0,0.0,0.0,0.0,4272288404.35,100.0,0.0,0.0
2025,Poder Ejecutivo,Ramos Administrativos,Salud,M001,Porcentaje Ejer/Aprob,99.19887011202918,116.13009866255155,0.0,47.43153789101498,100.91623812978357,0.0,0.0,0.0,0.0,0.0,100.91623812978357,,0.0,
2025,Poder Ejecutivo,Ramos Administrativos,Salud,M001,Porcentaje Ejer/Modif,100.0,100.0,0.0,100.0,100.0,0.0,0.0,0.0,0.0,0.0,100.0,,0.0,
2025,Poder Ejecutivo,Ramos Administrativos,Salud,O001,Actividades de apoyo a la función pública y buen gobierno,0.0,0.0,0.0,0.0,0.0,0.0,0.0,0.0,0.0,0.0,0.0,,0.0,
2025,Poder Ejecutivo,Ramos Administrativos,Salud,O001,Aprobado,163876179.0,10063340.0,0.0,0.0,173939519.0,0.0,0.0,0.0,0.0,0.0,173939519.0,100.0,0.0,0.0
2025,Poder Ejecutivo,Ramos Administrativos,Salud,O001,Modificado,144514763.62,9639363.4,0.0,0.0,154154127.02,0.0,0.0,0.0,0.0,0.0,154154127.02,100.0,0.0,0.0
2025,Poder Ejecutivo,Ramos Administrativos,Salud,O001,Devengado,144514763.62,9639363.4,0.0,0.0,154154127.02,0.0,0.0,0.0,0.0,0.0,154154127.02,100.0,0.0,0.0
2025,Poder Ejecutivo,Ramos Administrativos,Salud,O001,Ejercido,144514763.62,9639363.4,0.0,0.0,154154127.02,0.0,0.0,0.0,0.0,0.0,154154127.02,100.0,0.0,0.0
2025,Poder Ejecutivo,Ramos Administrativos,Salud,O001,Porcentaje Ejer/Aprob,88.18533877336743,95.786919650931,0.0,0.0,88.62513125611208,0.0,0.0,0.0,0.0,0.0,88.62513125611208,,0.0,
2025,Poder Ejecutivo,Ramos Administrativos,Salud,O001,Porcentaje Ejer/Modif,100.0,100.0,0.0,0.0,100.0,0.0,0.0,0.0,0.0,0.0,100.0,,0.0,
2025,Poder Ejecutivo,Ramos Administrativos,Salud,P012,Rectoría en Salud,0.0,0.0,0.0,0.0,0.0,0.0,0.0,0.0,0.0,0.0,0.0,,0.0,
2025,Poder Ejecutivo,Ramos Administrativos,Salud,P012,Aprobado,668761434.0,75401594.0,0.0,287535942.0,1031698970.0,0.0,0.0,0.0,0.0,0.0,1031698970.0,100.0,0.0,0.0
2025,Poder Ejecutivo,Ramos Administrativos,Salud,P012,Modificado,224320016.02,37107184.26,0.0,242975043.98,504402244.26,0.0,0.0,0.0,0.0,0.0,504402244.26,100.0,0.0,0.0
2025,Poder Ejecutivo,Ramos Administrativos,Salud,P012,Devengado,224320016.02,37107184.26,0.0,242975043.98,504402244.26,0.0,0.0,0.0,0.0,0.0,504402244.26,100.0,0.0,0.0
2025,Poder Ejecutivo,Ramos Administrativos,Salud,P012,Ejercido,224320016.02,37107184.26,0.0,242975043.98,504402244.26,0.0,0.0,0.0,0.0,0.0,504402244.26,100.0,0.0,0.0
2025,Poder Ejecutivo,Ramos Administrativos,Salud,P012,Porcentaje Ejer/Aprob,33.54260646854226,49.21273184224726,0.0,84.50249464117428,48.89044759441797,0.0,0.0,0.0,0.0,0.0,48.89044759441797,,0.0,
2025,Poder Ejecutivo,Ramos Administrativos,Salud,P012,Porcentaje Ejer/Modif,100.0,100.0,0.0,100.0,100.0,0.0,0.0,0.0,0.0,0.0,100.0,,0.0,
2025,Poder Ejecutivo,Ramos Administrativos,Salud,P013,Asistencia social y protección del paciente,0.0,0.0,0.0,0.0,0.0,0.0,0.0,0.0,0.0,0.0,0.0,,0.0,
2025,Poder Ejecutivo,Ramos Administrativos,Salud,P013,Aprobado,517074251.0,186923502.0,0.0,28671889.0,732669642.0,0.0,0.0,0.0,0.0,0.0,732669642.0,100.0,0.0,0.0
2025,Poder Ejecutivo,Ramos Administrativos,Salud,P013,Modificado,575526886.91,168065007.13,0.0,8567142.91,752159036.95,0.0,0.0,0.0,0.0,0.0,752159036.95,100.0,0.0,0.0
2025,Poder Ejecutivo,Ramos Administrativos,Salud,P013,Devengado,575526886.91,168065007.13,0.0,8567142.91,752159036.95,0.0,0.0,0.0,0.0,0.0,752159036.95,100.0,0.0,0.0
2025,Poder Ejecutivo,Ramos Administrativos,Salud,P013,Ejercido,575526886.91,168065007.13,0.0,8567142.91,752159036.95,0.0,0.0,0.0,0.0,0.0,752159036.95,100.0,0.0,0.0
2025,Poder Ejecutivo,Ramos Administrativos,Salud,P013,Porcentaje Ejer/Aprob,111.30449559167856,89.9111162222929,0.0,29.87993888369197,102.66005220262696,0.0,0.0,0.0,0.0,0.0,102.66005220262696,,0.0,
2025,Poder Ejecutivo,Ramos Administrativos,Salud,P013,Porcentaje Ejer/Modif,100.0,100.0,0.0,100.0,100.0,0.0,0.0,0.0,0.0,0.0,100.0,,0.0,
2025,Poder Ejecutivo,Ramos Administrativos,Salud,P016,Prevención y atención de VIH/SIDA y otras ITS,0.0,0.0,0.0,0.0,0.0,0.0,0.0,0.0,0.0,0.0,0.0,,0.0,
2025,Poder Ejecutivo,Ramos Administrativos,Salud,P016,Aprobado,32911966.0,353545292.0,227423484.0,864335.0,614745077.0,0.0,0.0,0.0,0.0,0.0,614745077.0,100.0,0.0,0.0
2025,Poder Ejecutivo,Ramos Administrativos,Salud,P016,Modificado,66307532.55,418679544.89,96028244.2,113452.0,581128773.64,0.0,0.0,0.0,0.0,0.0,581128773.64,100.0,0.0,0.0
2025,Poder Ejecutivo,Ramos Administrativos,Salud,P016,Devengado,66307532.55,418679544.89,96028244.2,113452.0,581128773.64,0.0,0.0,0.0,0.0,0.0,581128773.64,100.0,0.0,0.0
2025,Poder Ejecutivo,Ramos Administrativos,Salud,P016,Ejercido,66307532.55,418679544.89,96028244.2,113452.0,581128773.64,0.0,0.0,0.0,0.0,0.0,581128773.64,100.0,0.0,0.0
2025,Poder Ejecutivo,Ramos Administrativos,Salud,P016,Porcentaje Ejer/Aprob,201.46937606218964,118.42317076873987,42.224418741206165,13.125929182550747,94.53166774038273,0.0,0.0,0.0,0.0,0.0,94.53166774038273,,0.0,
2025,Poder Ejecutivo,Ramos Administrativos,Salud,P016,Porcentaje Ejer/Modif,100.0,100.0,100.0,100.0,100.0,0.0,0.0,0.0,0.0,0.0,100.0,,0.0,
2025,Poder Ejecutivo,Ramos Administrativos,Salud,P018,Prevención y control de enfermedades,0.0,0.0,0.0,0.0,0.0,0.0,0.0,0.0,0.0,0.0,0.0,,0.0,
2025,Poder Ejecutivo,Ramos Administrativos,Salud,P018,Aprobado,266301808.0,233214165.0,150390737.0,38456189.0,688362899.0,0.0,0.0,0.0,0.0,0.0,688362899.0,100.0,0.0,0.0
2025,Poder Ejecutivo,Ramos Administrativos,Salud,P018,Modificado,240533207.73,197663151.64,91334562.49,6757058.97,536287980.83,0.0,0.0,0.0,0.0,0.0,536287980.83,100.0,0.0,0.0
2025,Poder Ejecutivo,Ramos Administrativos,Salud,P018,Devengado,240533207.73,197663151.64,91334562.49,6757058.97,536287980.83,0.0,0.0,0.0,0.0,0.0,536287980.83,100.0,0.0,0.0
2025,Poder Ejecutivo,Ramos Administrativos,Salud,P018,Ejercido,240533207.73,197663151.64,91334562.49,6757058.97,536287980.83,0.0,0.0,0.0,0.0,0.0,536287980.83,100.0,0.0,0.0
2025,Poder Ejecutivo,Ramos Administrativos,Salud,P018,Porcentaje Ejer/Aprob,90.32353536630889,84.75606601340017,60.731508011693556,17.570797173895727,77.9077404678662,0.0,0.0,0.0,0.0,0.0,77.9077404678662,,0.0,
2025,Poder Ejecutivo,Ramos Administrativos,Salud,P018,Porcentaje Ejer/Modif,100.0,100.0,100.0,100.0,100.0,0.0,0.0,0.0,0.0,0.0,100.0,,0.0,
2025,Poder Ejecutivo,Ramos Administrativos,Salud,P020,"Salud materna, sexual y reproductiva",0.0,0.0,0.0,0.0,0.0,0.0,0.0,0.0,0.0,0.0,0.0,,0.0,
2025,Poder Ejecutivo,Ramos Administrativos,Salud,P020,Aprobado,103271134.0,1206234855.0,1538388583.0,84863.0,2847979435.0,0.0,0.0,0.0,0.0,0.0,2847979435.0,100.0,0.0,0.0
2025,Poder Ejecutivo,Ramos Administrativos,Salud,P020,Modificado,646400992.62,881155048.13,624828985.51,858080.49,2153243106.75,0.0,0.0,0.0,0.0,0.0,2153243106.75,100.0,0.0,0.0
2025,Poder Ejecutivo,Ramos Administrativos,Salud,P020,Devengado,646400992.62,881155048.13,624828985.51,858080.49,2153243106.75,0.0,0.0,0.0,0.0,0.0,2153243106.75,100.0,0.0,0.0
2025,Poder Ejecutivo,Ramos Administrativos,Salud,P020,Ejercido,646400992.62,881155048.13,624828985.51,858080.49,2153243106.75,0.0,0.0,0.0,0.0,0.0,2153243106.75,100.0,0.0,0.0
2025,Poder Ejecutivo,Ramos Administrativos,Salud,P020,Porcentaje Ejer/Aprob,0.0,73.05004033646499,40.61581010251166,0.0,75.60599210401251,0.0,0.0,0.0,0.0,0.0,75.60599210401251,,0.0,
2025,Poder Ejecutivo,Ramos Administrativos,Salud,P020,Porcentaje Ejer/Modif,100.0,100.0,100.0,100.0,100.0,0.0,0.0,0.0,0.0,0.0,100.0,,0.0,
2025,Poder Ejecutivo,Ramos Administrativos,Salud,R001,Provisiones para Proyectos de Inversión,0.0,0.0,0.0,0.0,0.0,0.0,0.0,0.0,0.0,0.0,0.0,,0.0,
2025,Poder Ejecutivo,Ramos Administrativos,Salud,R001,Aprobado,0.0,0.0,0.0,0.0,0.0,0.0,65222298.0,0.0,0.0,65222298.0,65222298.0,0.0,0.0,100.0
2025,Poder Ejecutivo,Ramos Administrativos,Salud,R001,Modificado,0.0,0.0,0.0,0.0,0.0,0.0,0.0,0.0,0.0,0.0,0.0,0.0,0.0,0.0
2025,Poder Ejecutivo,Ramos Administrativos,Salud,R001,Devengado,0.0,0.0,0.0,0.0,0.0,0.0,0.0,0.0,0.0,0.0,0.0,0.0,0.0,0.0
2025,Poder Ejecutivo,Ramos Administrativos,Salud,R001,Ejercido,0.0,0.0,0.0,0.0,0.0,0.0,0.0,0.0,0.0,0.0,0.0,0.0,0.0,0.0
2025,Poder Ejecutivo,Ramos Administrativos,Salud,R001,Porcentaje Ejer/Aprob,0.0,0.0,0.0,0.0,0.0,0.0,0.0,0.0,0.0,0.0,0.0,,0.0,
2025,Poder Ejecutivo,Ramos Administrativos,Salud,R001,Porcentaje Ejer/Modif,0.0,0.0,0.0,0.0,0.0,0.0,0.0,0.0,0.0,0.0,0.0,,0.0,
2025,Poder Ejecutivo,Ramos Administrativos,Salud,S039,Programa de Atención a Personas con Discapacidad,0.0,0.0,0.0,0.0,0.0,0.0,0.0,0.0,0.0,0.0,0.0,,0.0,
2025,Poder Ejecutivo,Ramos Administrativos,Salud,S039,Aprobado,0.0,0.0,42684553.0,0.0,42684553.0,0.0,0.0,0.0,0.0,0.0,42684553.0,100.0,0.0,0.0
2025,Poder Ejecutivo,Ramos Administrativos,Salud,S039,Modificado,0.0,0.0,39482663.76,0.0,39482663.76,0.0,0.0,0.0,0.0,0.0,39482663.76,100.0,0.0,0.0
2025,Poder Ejecutivo,Ramos Administrativos,Salud,S039,Devengado,0.0,0.0,39482663.76,0.0,39482663.76,0.0,0.0,0.0,0.0,0.0,39482663.76,100.0,0.0,0.0
2025,Poder Ejecutivo,Ramos Administrativos,Salud,S039,Ejercido,0.0,0.0,39482663.76,0.0,39482663.76,0.0,0.0,0.0,0.0,0.0,39482663.76,100.0,0.0,0.0
2025,Poder Ejecutivo,Ramos Administrativos,Salud,S039,Porcentaje Ejer/Aprob,0.0,0.0,92.49871671374888,0.0,92.49871671374888,0.0,0.0,0.0,0.0,0.0,92.49871671374888,,0.0,
2025,Poder Ejecutivo,Ramos Administrativos,Salud,S039,Porcentaje Ejer/Modif,0.0,0.0,100.0,0.0,100.0,0.0,0.0,0.0,0.0,0.0,100.0,,0.0,
2025,Poder Ejecutivo,Ramos Administrativos,Salud,U008,"Prevención y Control de Sobrepeso, Obesidad y Diabetes",0.0,0.0,0.0,0.0,0.0,0.0,0.0,0.0,0.0,0.0,0.0,,0.0,
2025,Poder Ejecutivo,Ramos Administrativos,Salud,U008,Aprobado,39430202.0,0.0,874521175.0,0.0,913951377.0,0.0,0.0,0.0,0.0,0.0,913951377.0,100.0,0.0,0.0
2025,Poder Ejecutivo,Ramos Administrativos,Salud,U008,Modificado,33752038.73,1183094.6,549240518.68,0.0,584175652.01,0.0,0.0,0.0,0.0,0.0,584175652.01,100.0,0.0,0.0
2025,Poder Ejecutivo,Ramos Administrativos,Salud,U008,Devengado,33752038.73,1183094.6,549240518.68,0.0,584175652.01,0.0,0.0,0.0,0.0,0.0,584175652.01,100.0,0.0,0.0
2025,Poder Ejecutivo,Ramos Administrativos,Salud,U008,Ejercido,33752038.73,1183094.6,549240518.68,0.0,584175652.01,0.0,0.0,0.0,0.0,0.0,584175652.01,100.0,0.0,0.0
2025,Poder Ejecutivo,Ramos Administrativos,Salud,U008,Porcentaje Ejer/Aprob,85.59945680724638,0.0,62.804713525661626,0.0,63.91758541111099,0.0,0.0,0.0,0.0,0.0,63.91758541111099,,0.0,
2025,Poder Ejecutivo,Ramos Administrativos,Salud,U008,Porcentaje Ejer/Modif,100.0,100.0,100.0,0.0,100.0,0.0,0.0,0.0,0.0,0.0,100.0,,0.0,
2025,Poder Ejecutivo,Ramos Administrativos,Salud,U009,Vigilancia epidemiológica,0.0,0.0,0.0,0.0,0.0,0.0,0.0,0.0,0.0,0.0,0.0,,0.0,
2025,Poder Ejecutivo,Ramos Administrativos,Salud,U009,Aprobado,122923292.0,0.0,712733421.0,0.0,835656713.0,0.0,0.0,0.0,0.0,0.0,835656713.0,100.0,0.0,0.0
2025,Poder Ejecutivo,Ramos Administrativos,Salud,U009,Modificado,129354930.18,241834160.61,355965414.35,0.0,727154505.14,0.0,0.0,0.0,0.0,0.0,727154505.14,100.0,0.0,0.0
2025,Poder Ejecutivo,Ramos Administrativos,Salud,U009,Devengado,129354930.18,241834160.61,355965414.35,0.0,727154505.14,0.0,0.0,0.0,0.0,0.0,727154505.14,100.0,0.0,0.0
2025,Poder Ejecutivo,Ramos Administrativos,Salud,U009,Ejercido,129354930.18,241834160.61,355965414.35,0.0,727154505.14,0.0,0.0,0.0,0.0,0.0,727154505.14,100.0,0.0,0.0
2025,Poder Ejecutivo,Ramos Administrativos,Salud,U009,Porcentaje Ejer/Aprob,105.23223717438353,0.0,49.943696178939256,0.0,87.01593535095553,0.0,0.0,0.0,0.0,0.0,87.01593535095553,,0.0,
2025,Poder Ejecutivo,Ramos Administrativos,Salud,U009,Porcentaje Ejer/Modif,100.0,100.0,100.0,0.0,100.0,0.0,0.0,0.0,0.0,0.0,100.0,,0.0,
2025,Poder Ejecutivo,Ramos Administrativos,Salud,U012,Fortalecimiento de los Servicios Estatales de Salud,0.0,0.0,0.0,0.0,0.0,0.0,0.0,0.0,0.0,0.0,0.0,,0.0,
2025,Poder Ejecutivo,Ramos Administrativos,Salud,U012,Aprobado,0.0,0.0,2731811544.0,0.0,2731811544.0,0.0,0.0,0.0,0.0,0.0,2731811544.0,100.0,0.0,0.0
2025,Poder Ejecutivo,Ramos Administrativos,Salud,U012,Modificado,0.0,0.0,171000000.0,0.0,171000000.0,0.0,0.0,0.0,0.0,0.0,171000000.0,100.0,0.0,0.0
2025,Poder Ejecutivo,Ramos Administrativos,Salud,U012,Devengado,0.0,0.0,171000000.0,0.0,171000000.0,0.0,0.0,0.0,0.0,0.0,171000000.0,100.0,0.0,0.0
2025,Poder Ejecutivo,Ramos Administrativos,Salud,U012,Ejercido,0.0,0.0,171000000.0,0.0,171000000.0,0.0,0.0,0.0,0.0,0.0,171000000.0,100.0,0.0,0.0
2025,Poder Ejecutivo,Ramos Administrativos,Salud,U012,Porcentaje Ejer/Aprob,0.0,0.0,6.25958259732722,0.0,6.25958259732722,0.0,0.0,0.0,0.0,0.0,6.25958259732722,,0.0,
2025,Poder Ejecutivo,Ramos Administrativos,Salud,U012,Porcentaje Ejer/Modif,0.0,0.0,100.0,0.0,100.0,0.0,0.0,0.0,0.0,0.0,100.0,,0.0,
2025,Poder Ejecutivo,Ramos Administrativos,Marina,TOTAL,Aprobado,30945461471.0,7712009936.0,0.0,231273198.0,38888744605.0,0.0,27000000000.0,0.0,0.0,27000000000.0,65888744605.0,59.02183269409098,0.0,40.97816730590901
2025,Poder Ejecutivo,Ramos Administrativos,Marina,TOTAL,Modificado,32202743677.99,18987492654.75,0.0,920299943.01,52110536275.75,0.0,13628051087.49,0.0,0.0,13628051087.49,65738587363.24,79.26932775085673,0.0,20.73067224914327
2025,Poder Ejecutivo,Ramos Administrativos,Marina,TOTAL,Devengado,32202743677.99,18987492654.75,0.0,920299943.01,52110536275.75,0.0,13628051087.49,0.0,0.0,13628051087.49,65738587363.24,79.26932775085673,0.0,20.73067224914327
2025,Poder Ejecutivo,Ramos Administrativos,Marina,TOTAL,Ejercido,32202743677.99,18987492654.75,0.0,920299943.01,52110536275.75,0.0,13628051087.49,0.0,0.0,13628051087.49,65738587363.24,79.26932775085673,0.0,20.73067224914327
2025,Poder Ejecutivo,Ramos Administrativos,Marina,TOTAL,Porcentaje Ejer/Aprob,104.06289693940496,246.20679709080187,0.0,397.927624544717,133.99901900934609,0.0,50.474263287,0.0,0.0,50.474263287,99.7721048675913,,0.0,
2025,Poder Ejecutivo,Ramos Administrativos,Marina,TOTAL,Porcentaje Ejer/Modif,100.0,100.0,0.0,100.0,100.0,0.0,100.0,0.0,0.0,100.0,100.0,,0.0,
2025,Poder Ejecutivo,Ramos Administrativos,Marina,A001,Emplear el Poder Naval de la Federación para salvaguardar la soberanía y seguridad nacionales,0.0,0.0,0.0,0.0,0.0,0.0,0.0,0.0,0.0,0.0,0.0,,0.0,
2025,Poder Ejecutivo,Ramos Administrativos,Marina,A001,Aprobado,16443772057.0,4261897814.0,0.0,1229584.0,20706899455.0,0.0,0.0,0.0,0.0,0.0,20706899455.0,100.0,0.0,0.0
2025,Poder Ejecutivo,Ramos Administrativos,Marina,A001,Modificado,22453539373.5,11192921325.76,0.0,26236913.14,33672697612.4,0.0,338568478.16,0.0,0.0,338568478.16,34011266090.56,99.00454020953377,0.0,0.9954597904662286
2025,Poder Ejecutivo,Ramos Administrativos,Marina,A001,Devengado,22453539373.5,11192921325.76,0.0,26236913.14,33672697612.4,0.0,338568478.16,0.0,0.0,338568478.16,34011266090.56,99.00454020953377,0.0,0.9954597904662286
2025,Poder Ejecutivo,Ramos Administrativos,Marina,A001,Ejercido,22453539373.5,11192921325.76,0.0,26236913.14,33672697612.4,0.0,338568478.16,0.0,0.0,338568478.16,34011266090.56,99.00454020953377,0.0,0.9954597904662286
2025,Poder Ejecutivo,Ramos Administrativos,Marina,A001,Porcentaje Ejer/Aprob,136.5473766947632,262.62763243623846,0.0,0.0,162.61583577771808,0.0,0.0,0.0,0.0,0.0,164.25088731643723,,0.0,
2025,Poder Ejecutivo,Ramos Administrativos,Marina,A001,Porcentaje Ejer/Modif,100.0,100.0,0.0,100.0,100.0,0.0,100.0,0.0,0.0,100.0,100.0,,0.0,
2025,Poder Ejecutivo,Ramos Administrativos,Marina,A004,"Adquisición, construcción, reparación y mantenimiento de unidades navales",0.0,0.0,0.0,0.0,0.0,0.0,0.0,0.0,0.0,0.0,0.0,,0.0,
2025,Poder Ejecutivo,Ramos Administrativos,Marina,A004,Aprobado,1647484078.0,841458545.0,0.0,0.0,2488942623.0,0.0,0.0,0.0,0.0,0.0,2488942623.0,100.0,0.0,0.0
2025,Poder Ejecutivo,Ramos Administrativos,Marina,A004,Modificado,1890958183.58,3086861600.06,0.0,0.0,4977819783.64,0.0,5348096885.22,0.0,0.0,5348096885.22,10325916668.86,48.207049730041646,0.0,51.79295026995835
2025,Poder Ejecutivo,Ramos Administrativos,Marina,A004,Devengado,1890958183.58,3086861600.06,0.0,0.0,4977819783.64,0.0,5348096885.22,0.0,0.0,5348096885.22,10325916668.86,48.207049730041646,0.0,51.79295026995835
2025,Poder Ejecutivo,Ramos Administrativos,Marina,A004,Ejercido,1890958183.58,3086861600.06,0.0,0.0,4977819783.64,0.0,5348096885.22,0.0,0.0,5348096885.22,10325916668.86,48.207049730041646,0.0,51.79295026995835
2025,Poder Ejecutivo,Ramos Administrativos,Marina,A004,Porcentaje Ejer/Aprob,114.77854073561492,366.84654501428827,0.0,0.0,199.99736987267627,0.0,0.0,0.0,0.0,0.0,414.8716235336053,,0.0,
2025,Poder Ejecutivo,Ramos Administrativos,Marina,A004,Porcentaje Ejer/Modif,100.0,100.0,0.0,0.0,100.0,0.0,100.0,0.0,0.0,100.0,100.0,,0.0,
2025,Poder Ejecutivo,Ramos Administrativos,Marina,A005,"Fortalecimiento de las capacidades para la reconstrucción, atención de emergencias y prevención de desastres naturales",0.0,0.0,0.0,0.0,0.0,0.0,0.0,0.0,0.0,0.0,0.0,,0.0,
2025,Poder Ejecutivo,Ramos Administrativos,Marina,A005,Aprobado,13303483.0,489759.0,0.0,0.0,13793242.0,0.0,0.0,0.0,0.0,0.0,13793242.0,100.0,0.0,0.0
2025,Poder Ejecutivo,Ramos Administrativos,Marina,A005,Modificado,15099792.04,107154102.92,0.0,0.0,122253894.96,0.0,0.0,0.0,0.0,0.0,122253894.96,100.0,0.0,0.0
2025,Poder Ejecutivo,Ramos Administrativos,Marina,A005,Devengado,15099792.04,107154102.92,0.0,0.0,122253894.96,0.0,0.0,0.0,0.0,0.0,122253894.96,100.0,0.0,0.0
2025,Poder Ejecutivo,Ramos Administrativos,Marina,A005,Ejercido,15099792.04,107154102.92,0.0,0.0,122253894.96,0.0,0.0,0.0,0.0,0.0,122253894.96,100.0,0.0,0.0
2025,Poder Ejecutivo,Ramos Administrativos,Marina,A005,Porcentaje Ejer/Aprob,113.50254696458062,0.0,0.0,0.0,0.0,0.0,0.0,0.0,0.0,0.0,0.0,,0.0,
2025,Poder Ejecutivo,Ramos Administrativos,Marina,A005,Porcentaje Ejer/Modif,100.0,100.0,0.0,0.0,100.0,0.0,0.0,0.0,0.0,0.0,100.0,,0.0,
2025,Poder Ejecutivo,Ramos Administrativos,Marina,A006,Sistema Educativo naval y programa de becas,0.0,0.0,0.0,0.0,0.0,0.0,0.0,0.0,0.0,0.0,0.0,,0.0,
2025,Poder Ejecutivo,Ramos Administrativos,Marina,A006,Aprobado,1710627395.0,209284564.0,0.0,218257696.0,2138169655.0,0.0,0.0,0.0,0.0,0.0,2138169655.0,100.0,0.0,0.0
2025,Poder Ejecutivo,Ramos Administrativos,Marina,A006,Modificado,1963732781.37,298395105.48,0.0,420750493.47,2682878380.32,0.0,0.0,0.0,0.0,0.0,2682878380.32,100.0,0.0,0.0
2025,Poder Ejecutivo,Ramos Administrativos,Marina,A006,Devengado,1963732781.37,298395105.48,0.0,420750493.47,2682878380.32,0.0,0.0,0.0,0.0,0.0,2682878380.32,100.0,0.0,0.0
2025,Poder Ejecutivo,Ramos Administrativos,Marina,A006,Ejercido,1963732781.37,298395105.48,0.0,420750493.47,2682878380.32,0.0,0.0,0.0,0.0,0.0,2682878380.32,100.0,0.0,0.0
2025,Poder Ejecutivo,Ramos Administrativos,Marina,A006,Porcentaje Ejer/Aprob,114.79605594472547,142.5786497469541,0.0,192.77693349699797,125.4754679567277,0.0,0.0,0.0,0.0,0.0,125.4754679567277,,0.0,
2025,Poder Ejecutivo,Ramos Administrativos,Marina,A006,Porcentaje Ejer/Modif,100.0,100.0,0.0,100.0,100.0,0.0,0.0,0.0,0.0,0.0,100.0,,0.0,
2025,Poder Ejecutivo,Ramos Administrativos,Marina,A007,Administración y fomento de los servicios de salud,0.0,0.0,0.0,0.0,0.0,0.0,0.0,0.0,0.0,0.0,0.0,,0.0,
2025,Poder Ejecutivo,Ramos Administrativos,Marina,A007,Aprobado,2688906503.0,832275515.0,0.0,0.0,3521182018.0,0.0,0.0,0.0,0.0,0.0,3521182018.0,100.0,0.0,0.0
2025,Poder Ejecutivo,Ramos Administrativos,Marina,A007,Modificado,3515214929.73,2027661109.1,0.0,0.0,5542876038.83,0.0,0.0,0.0,0.0,0.0,5542876038.83,100.0,0.0,0.0
2025,Poder Ejecutivo,Ramos Administrativos,Marina,A007,Devengado,3515214929.73,2027661109.1,0.0,0.0,5542876038.83,0.0,0.0,0.0,0.0,0.0,5542876038.83,100.0,0.0,0.0
2025,Poder Ejecutivo,Ramos Administrativos,Marina,A007,Ejercido,3515214929.73,2027661109.1,0.0,0.0,5542876038.83,0.0,0.0,0.0,0.0,0.0,5542876038.83,100.0,0.0,0.0
2025,Poder Ejecutivo,Ramos Administrativos,Marina,A007,Porcentaje Ejer/Aprob,130.73027737513715,243.62859083989753,0.0,0.0,157.41520916826403,0.0,0.0,0.0,0.0,0.0,157.41520916826403,,0.0,
2025,Poder Ejecutivo,Ramos Administrativos,Marina,A007,Porcentaje Ejer/Modif,100.0,100.0,0.0,0.0,100.0,0.0,0.0,0.0,0.0,0.0,100.0,,0.0,
2025,Poder Ejecutivo,Ramos Administrativos,Marina,A010,Administración y Operación de Capitanías de Puerto y Asuntos Marítimos,0.0,0.0,0.0,0.0,0.0,0.0,0.0,0.0,0.0,0.0,0.0,,0.0,
2025,Poder Ejecutivo,Ramos Administrativos,Marina,A010,Aprobado,1235759837.0,139808010.0,0.0,3332677.0,1378900524.0,0.0,0.0,0.0,0.0,0.0,1378900524.0,100.0,0.0,0.0
2025,Poder Ejecutivo,Ramos Administrativos,Marina,A010,Modificado,968339332.01,103328011.77,0.0,3112384.2,1074779727.98,0.0,0.0,0.0,0.0,0.0,1074779727.98,100.0,0.0,0.0
2025,Poder Ejecutivo,Ramos Administrativos,Marina,A010,Devengado,968339332.01,103328011.77,0.0,3112384.2,1074779727.98,0.0,0.0,0.0,0.0,0.0,1074779727.98,100.0,0.0,0.0
2025,Poder Ejecutivo,Ramos Administrativos,Marina,A010,Ejercido,968339332.01,103328011.77,0.0,3112384.2,1074779727.98,0.0,0.0,0.0,0.0,0.0,1074779727.98,100.0,0.0,0.0
2025,Poder Ejecutivo,Ramos Administrativos,Marina,A010,Porcentaje Ejer/Aprob,78.359831984894,73.90707568901095,0.0,93.38991447415997,77.94468921240326,0.0,0.0,0.0,0.0,0.0,77.94468921240326,,0.0,
2025,Poder Ejecutivo,Ramos Administrativos,Marina,A010,Porcentaje Ejer/Modif,100.0,100.0,0.0,100.0,100.0,0.0,0.0,0.0,0.0,0.0,100.0,,0.0,
2025,Poder Ejecutivo,Ramos Administrativos,Marina,A026,Operación y desarrollo de los cuerpos de seguridad de las Fuerzas Armadas,0.0,0.0,0.0,0.0,0.0,0.0,0.0,0.0,0.0,0.0,0.0,,0.0,
2025,Poder Ejecutivo,Ramos Administrativos,Marina,A026,Aprobado,6432906418.0,1257633821.0,0.0,0.0,7690540239.0,0.0,0.0,0.0,0.0,0.0,7690540239.0,100.0,0.0,0.0
2025,Poder Ejecutivo,Ramos Administrativos,Marina,A026,Modificado,606075506.92,1059999639.56,0.0,0.0,1666075146.48,0.0,121309320.0,0.0,0.0,121309320.0,1787384466.48,93.21302594517331,0.0,6.786974054826687
2025,Poder Ejecutivo,Ramos Administrativos,Marina,A026,Devengado,606075506.92,1059999639.56,0.0,0.0,1666075146.48,0.0,121309320.0,0.0,0.0,121309320.0,1787384466.48,93.21302594517331,0.0,6.786974054826687
2025,Poder Ejecutivo,Ramos Administrativos,Marina,A026,Ejercido,606075506.92,1059999639.56,0.0,0.0,1666075146.48,0.0,121309320.0,0.0,0.0,121309320.0,1787384466.48,93.21302594517331,0.0,6.786974054826687
2025,Poder Ejecutivo,Ramos Administrativos,Marina,A026,Porcentaje Ejer/Aprob,9.421488010833363,84.28523643846884,0.0,0.0,21.663954607909826,0.0,0.0,0.0,0.0,0.0,23.24133820165036,,0.0,
2025,Poder Ejecutivo,Ramos Administrativos,Marina,A026,Porcentaje Ejer/Modif,100.0,100.0,0.0,0.0,100.0,0.0,100.0,0.0,0.0,100.0,100.0,,0.0,
2025,Poder Ejecutivo,Ramos Administrativos,Marina,E001,Formación del personal de la Marina Mercante,0.0,0.0,0.0,0.0,0.0,0.0,0.0,0.0,0.0,0.0,0.0,,0.0,
2025,Poder Ejecutivo,Ramos Administrativos,Marina,E001,Aprobado,77548196.0,0.0,0.0,0.0,77548196.0,0.0,0.0,0.0,0.0,0.0,77548196.0,100.0,0.0,0.0
2025,Poder Ejecutivo,Ramos Administrativos,Marina,E001,Modificado,77548196.0,0.0,0.0,0.0,77548196.0,0.0,0.0,0.0,0.0,0.0,77548196.0,100.0,0.0,0.0
2025,Poder Ejecutivo,Ramos Administrativos,Marina,E001,Devengado,77548196.0,0.0,0.0,0.0,77548196.0,0.0,0.0,0.0,0.0,0.0,77548196.0,100.0,0.0,0.0
2025,Poder Ejecutivo,Ramos Administrativos,Marina,E001,Ejercido,77548196.0,0.0,0.0,0.0,77548196.0,0.0,0.0,0.0,0.0,0.0,77548196.0,100.0,0.0,0.0
2025,Poder Ejecutivo,Ramos Administrativos,Marina,E001,Porcentaje Ejer/Aprob,100.0,0.0,0.0,0.0,100.0,0.0,0.0,0.0,0.0,0.0,100.0,,0.0,
2025,Poder Ejecutivo,Ramos Administrativos,Marina,E001,Porcentaje Ejer/Modif,100.0,0.0,0.0,0.0,100.0,0.0,0.0,0.0,0.0,0.0,100.0,,0.0,
2025,Poder Ejecutivo,Ramos Administrativos,Marina,E002,Operación de infraestructura marítimo-portuaria,0.0,0.0,0.0,0.0,0.0,0.0,0.0,0.0,0.0,0.0,0.0,,0.0,
2025,Poder Ejecutivo,Ramos Administrativos,Marina,E002,Aprobado,22473632.0,14228269.0,0.0,6976.0,36708877.0,0.0,0.0,0.0,0.0,0.0,36708877.0,100.0,0.0,0.0
2025,Poder Ejecutivo,Ramos Administrativos,Marina,E002,Modificado,22452908.23,264665777.81,0.0,4663.0,287123349.04,0.0,0.0,0.0,0.0,0.0,287123349.04,100.0,0.0,0.0
2025,Poder Ejecutivo,Ramos Administrativos,Marina,E002,Devengado,22452908.23,264665777.81,0.0,4663.0,287123349.04,0.0,0.0,0.0,0.0,0.0,287123349.04,100.0,0.0,0.0
2025,Poder Ejecutivo,Ramos Administrativos,Marina,E002,Ejercido,22452908.23,264665777.81,0.0,4663.0,287123349.04,0.0,0.0,0.0,0.0,0.0,287123349.04,100.0,0.0,0.0
2025,Poder Ejecutivo,Ramos Administrativos,Marina,E002,Porcentaje Ejer/Aprob,99.90778628928338,0.0,0.0,66.8434633027523,0.0,0.0,0.0,0.0,0.0,0.0,0.0,,0.0,
2025,Poder Ejecutivo,Ramos Administrativos,Marina,E002,Porcentaje Ejer/Modif,100.0,100.0,0.0,100.0,100.0,0.0,0.0,0.0,0.0,0.0,100.0,,0.0,
2025,Poder Ejecutivo,Ramos Administrativos,Marina,E003,"Adquisición, contratación y desarrollo de programas para impulsar el turismo de bajo impacto ambiental",0.0,0.0,0.0,0.0,0.0,0.0,0.0,0.0,0.0,0.0,0.0,,0.0,
2025,Poder Ejecutivo,Ramos Administrativos,Marina,E003,Aprobado,129076427.0,0.0,0.0,0.0,129076427.0,0.0,0.0,0.0,0.0,0.0,129076427.0,100.0,0.0,0.0
2025,Poder Ejecutivo,Ramos Administrativos,Marina,E003,Modificado,76769210.43,204069428.21,0.0,0.0,280838638.64,0.0,0.0,0.0,0.0,0.0,280838638.64,100.0,0.0,0.0
2025,Poder Ejecutivo,Ramos Administrativos,Marina,E003,Devengado,76769210.43,204069428.21,0.0,0.0,280838638.64,0.0,0.0,0.0,0.0,0.0,280838638.64,100.0,0.0,0.0
2025,Poder Ejecutivo,Ramos Administrativos,Marina,E003,Ejercido,76769210.43,204069428.21,0.0,0.0,280838638.64,0.0,0.0,0.0,0.0,0.0,280838638.64,100.0,0.0,0.0
2025,Poder Ejecutivo,Ramos Administrativos,Marina,E003,Porcentaje Ejer/Aprob,59.47577897395626,0.0,0.0,0.0,217.5754668511238,0.0,0.0,0.0,0.0,0.0,217.5754668511238,,0.0,
2025,Poder Ejecutivo,Ramos Administrativos,Marina,E003,Porcentaje Ejer/Modif,100.0,100.0,0.0,0.0,100.0,0.0,0.0,0.0,0.0,0.0,100.0,,0.0,
2025,Poder Ejecutivo,Ramos Administrativos,Marina,E022,Operación y conservación de infraestructura ferroviaria,0.0,0.0,0.0,0.0,0.0,0.0,0.0,0.0,0.0,0.0,0.0,,0.0,
2025,Poder Ejecutivo,Ramos Administrativos,Marina,E022,Aprobado,86089144.0,0.0,0.0,0.0,86089144.0,0.0,0.0,0.0,0.0,0.0,86089144.0,100.0,0.0,0.0
2025,Poder Ejecutivo,Ramos Administrativos,Marina,E022,Modificado,141355127.74,404189527.42,0.0,3000000.0,548544655.16,0.0,0.0,0.0,0.0,0.0,548544655.16,100.0,0.0,0.0
2025,Poder Ejecutivo,Ramos Administrativos,Marina,E022,Devengado,141355127.74,404189527.42,0.0,3000000.0,548544655.16,0.0,0.0,0.0,0.0,0.0,548544655.16,100.0,0.0,0.0
2025,Poder Ejecutivo,Ramos Administrativos,Marina,E022,Ejercido,141355127.74,404189527.42,0.0,3000000.0,548544655.16,0.0,0.0,0.0,0.0,0.0,548544655.16,100.0,0.0,0.0
2025,Poder Ejecutivo,Ramos Administrativos,Marina,E022,Porcentaje Ejer/Aprob,164.1962286673451,0.0,0.0,0.0,0.0,0.0,0.0,0.0,0.0,0.0,0.0,,0.0,
2025,Poder Ejecutivo,Ramos Administrativos,Marina,E022,Porcentaje Ejer/Modif,100.0,100.0,0.0,100.0,100.0,0.0,0.0,0.0,0.0,0.0,100.0,,0.0,
2025,Poder Ejecutivo,Ramos Administrativos,Marina,E026,Conservación y operación de infraestructura aeroportuaria en la Ciudad de México,0.0,0.0,0.0,0.0,0.0,0.0,0.0,0.0,0.0,0.0,0.0,,0.0,
2025,Poder Ejecutivo,Ramos Administrativos,Marina,E026,Aprobado,0.0,0.0,0.0,0.0,0.0,0.0,0.0,0.0,0.0,0.0,0.0,0.0,0.0,0.0
2025,Poder Ejecutivo,Ramos Administrativos,Marina,E026,Modificado,0.0,0.0,0.0,434354682.0,434354682.0,0.0,0.0,0.0,0.0,0.0,434354682.0,100.0,0.0,0.0
2025,Poder Ejecutivo,Ramos Administrativos,Marina,E026,Devengado,0.0,0.0,0.0,434354682.0,434354682.0,0.0,0.0,0.0,0.0,0.0,434354682.0,100.0,0.0,0.0
2025,Poder Ejecutivo,Ramos Administrativos,Marina,E026,Ejercido,0.0,0.0,0.0,434354682.0,434354682.0,0.0,0.0,0.0,0.0,0.0,434354682.0,100.0,0.0,0.0
2025,Poder Ejecutivo,Ramos Administrativos,Marina,E026,Porcentaje Ejer/Aprob,0.0,0.0,0.0,0.0,0.0,0.0,0.0,0.0,0.0,0.0,0.0,,0.0,
2025,Poder Ejecutivo,Ramos Administrativos,Marina,E026,Porcentaje Ejer/Modif,0.0,0.0,0.0,100.0,100.0,0.0,0.0,0.0,0.0,0.0,100.0,,0.0,
2025,Poder Ejecutivo,Ramos Administrativos,Marina,E030,Desarrollo de Infraestructura Aeroportuaria,0.0,0.0,0.0,0.0,0.0,0.0,0.0,0.0,0.0,0.0,0.0,,0.0,
2025,Poder Ejecutivo,Ramos Administrativos,Marina,E030,Aprobado,149281863.0,95183523.0,0.0,0.0,244465386.0,0.0,0.0,0.0,0.0,0.0,244465386.0,100.0,0.0,0.0
2025,Poder Ejecutivo,Ramos Administrativos,Marina,E030,Modificado,141166727.87,81465711.0,0.0,595000.0,223227438.87,0.0,0.0,0.0,0.0,0.0,223227438.87,100.0,0.0,0.0
2025,Poder Ejecutivo,Ramos Administrativos,Marina,E030,Devengado,141166727.87,81465711.0,0.0,595000.0,223227438.87,0.0,0.0,0.0,0.0,0.0,223227438.87,100.0,0.0,0.0
2025,Poder Ejecutivo,Ramos Administrativos,Marina,E030,Ejercido,141166727.87,81465711.0,0.0,595000.0,223227438.87,0.0,0.0,0.0,0.0,0.0,223227438.87,100.0,0.0,0.0
2025,Poder Ejecutivo,Ramos Administrativos,Marina,E030,Porcentaje Ejer/Aprob,94.56388407344568,85.58803922397367,0.0,0.0,91.31249316007461,0.0,0.0,0.0,0.0,0.0,91.31249316007461,,0.0,
2025,Poder Ejecutivo,Ramos Administrativos,Marina,E030,Porcentaje Ejer/Modif,100.0,100.0,0.0,100.0,100.0,0.0,0.0,0.0,0.0,0.0,100.0,,0.0,
2025,Poder Ejecutivo,Ramos Administrativos,Marina,F036,Fomento y Promoción para el desarrollo del Corredor Interoceánico del Istmo de Tehuantepec,0.0,0.0,0.0,0.0,0.0,0.0,0.0,0.0,0.0,0.0,0.0,,0.0,
2025,Poder Ejecutivo,Ramos Administrativos,Marina,F036,Aprobado,38814391.0,0.0,0.0,0.0,38814391.0,0.0,0.0,0.0,0.0,0.0,38814391.0,100.0,0.0,0.0
2025,Poder Ejecutivo,Ramos Administrativos,Marina,F036,Modificado,38814391.0,0.0,0.0,0.0,38814391.0,0.0,0.0,0.0,0.0,0.0,38814391.0,100.0,0.0,0.0
2025,Poder Ejecutivo,Ramos Administrativos,Marina,F036,Devengado,38814391.0,0.0,0.0,0.0,38814391.0,0.0,0.0,0.0,0.0,0.0,38814391.0,100.0,0.0,0.0
2025,Poder Ejecutivo,Ramos Administrativos,Marina,F036,Ejercido,38814391.0,0.0,0.0,0.0,38814391.0,0.0,0.0,0.0,0.0,0.0,38814391.0,100.0,0.0,0.0
2025,Poder Ejecutivo,Ramos Administrativos,Marina,F036,Porcentaje Ejer/Aprob,100.0,0.0,0.0,0.0,100.0,0.0,0.0,0.0,0.0,0.0,100.0,,0.0,
2025,Poder Ejecutivo,Ramos Administrativos,Marina,F036,Porcentaje Ejer/Modif,100.0,0.0,0.0,0.0,100.0,0.0,0.0,0.0,0.0,0.0,100.0,,0.0,
2025,Poder Ejecutivo,Ramos Administrativos,Marina,K004,Proyectos de construcción de puertos,0.0,0.0,0.0,0.0,0.0,0.0,0.0,0.0,0.0,0.0,0.0,,0.0,
2025,Poder Ejecutivo,Ramos Administrativos,Marina,K004,Aprobado,0.0,0.0,0.0,0.0,0.0,0.0,0.0,0.0,0.0,0.0,0.0,0.0,0.0,0.0
2025,Poder Ejecutivo,Ramos Administrativos,Marina,K004,Modificado,0.0,0.0,0.0,0.0,0.0,0.0,2048886811.26,0.0,0.0,2048886811.26,2048886811.26,0.0,0.0,100.0
2025,Poder Ejecutivo,Ramos Administrativos,Marina,K004,Devengado,0.0,0.0,0.0,0.0,0.0,0.0,2048886811.26,0.0,0.0,2048886811.26,2048886811.26,0.0,0.0,100.0
2025,Poder Ejecutivo,Ramos Administrativos,Marina,K004,Ejercido,0.0,0.0,0.0,0.0,0.0,0.0,2048886811.26,0.0,0.0,2048886811.26,2048886811.26,0.0,0.0,100.0
2025,Poder Ejecutivo,Ramos Administrativos,Marina,K004,Porcentaje Ejer/Aprob,0.0,0.0,0.0,0.0,0.0,0.0,0.0,0.0,0.0,0.0,0.0,,0.0,
2025,Poder Ejecutivo,Ramos Administrativos,Marina,K004,Porcentaje Ejer/Modif,0.0,0.0,0.0,0.0,0.0,0.0,100.0,0.0,0.0,100.0,100.0,,0.0,
2025,Poder Ejecutivo,Ramos Administrativos,Marina,K012,Proyectos de infraestructura social de asistencia y seguridad social,0.0,0.0,0.0,0.0,0.0,0.0,0.0,0.0,0.0,0.0,0.0,,0.0,
2025,Poder Ejecutivo,Ramos Administrativos,Marina,K012,Aprobado,0.0,0.0,0.0,0.0,0.0,0.0,0.0,0.0,0.0,0.0,0.0,0.0,0.0,0.0
2025,Poder Ejecutivo,Ramos Administrativos,Marina,K012,Modificado,0.0,0.0,0.0,0.0,0.0,0.0,1077428195.67,0.0,0.0,1077428195.67,1077428195.67,0.0,0.0,100.0
2025,Poder Ejecutivo,Ramos Administrativos,Marina,K012,Devengado,0.0,0.0,0.0,0.0,0.0,0.0,1077428195.67,0.0,0.0,1077428195.67,1077428195.67,0.0,0.0,100.0
2025,Poder Ejecutivo,Ramos Administrativos,Marina,K012,Ejercido,0.0,0.0,0.0,0.0,0.0,0.0,1077428195.67,0.0,0.0,1077428195.67,1077428195.67,0.0,0.0,100.0
2025,Poder Ejecutivo,Ramos Administrativos,Marina,K012,Porcentaje Ejer/Aprob,0.0,0.0,0.0,0.0,0.0,0.0,0.0,0.0,0.0,0.0,0.0,,0.0,
2025,Poder Ejecutivo,Ramos Administrativos,Marina,K012,Porcentaje Ejer/Modif,0.0,0.0,0.0,0.0,0.0,0.0,100.0,0.0,0.0,100.0,100.0,,0.0,
2025,Poder Ejecutivo,Ramos Administrativos,Marina,K019,Proyectos de infraestructura gubernamental de seguridad nacional,0.0,0.0,0.0,0.0,0.0,0.0,0.0,0.0,0.0,0.0,0.0,,0.0,
2025,Poder Ejecutivo,Ramos Administrativos,Marina,K019,Aprobado,0.0,0.0,0.0,0.0,0.0,0.0,0.0,0.0,0.0,0.0,0.0,0.0,0.0,0.0
2025,Poder Ejecutivo,Ramos Administrativos,Marina,K019,Modificado,0.0,0.0,0.0,0.0,0.0,0.0,1250631625.04,0.0,0.0,1250631625.04,1250631625.04,0.0,0.0,100.0
2025,Poder Ejecutivo,Ramos Administrativos,Marina,K019,Devengado,0.0,0.0,0.0,0.0,0.0,0.0,1250631625.04,0.0,0.0,1250631625.04,1250631625.04,0.0,0.0,100.0
2025,Poder Ejecutivo,Ramos Administrativos,Marina,K019,Ejercido,0.0,0.0,0.0,0.0,0.0,0.0,1250631625.04,0.0,0.0,1250631625.04,1250631625.04,0.0,0.0,100.0
2025,Poder Ejecutivo,Ramos Administrativos,Marina,K019,Porcentaje Ejer/Aprob,0.0,0.0,0.0,0.0,0.0,0.0,0.0,0.0,0.0,0.0,0.0,,0.0,
2025,Poder Ejecutivo,Ramos Administrativos,Marina,K019,Porcentaje Ejer/Modif,0.0,0.0,0.0,0.0,0.0,0.0,100.0,0.0,0.0,100.0,100.0,,0.0,
2025,Poder Ejecutivo,Ramos Administrativos,Marina,K028,Estudios de Preinversión.,0.0,0.0,0.0,0.0,0.0,0.0,0.0,0.0,0.0,0.0,0.0,,0.0,
2025,Poder Ejecutivo,Ramos Administrativos,Marina,K028,Aprobado,0.0,0.0,0.0,0.0,0.0,0.0,0.0,0.0,0.0,0.0,0.0,0.0,0.0,0.0
2025,Poder Ejecutivo,Ramos Administrativos,Marina,K028,Modificado,0.0,0.0,0.0,0.0,0.0,0.0,77000000.0,0.0,0.0,77000000.0,77000000.0,0.0,0.0,100.0
2025,Poder Ejecutivo,Ramos Administrativos,Marina,K028,Devengado,0.0,0.0,0.0,0.0,0.0,0.0,77000000.0,0.0,0.0,77000000.0,77000000.0,0.0,0.0,100.0
2025,Poder Ejecutivo,Ramos Administrativos,Marina,K028,Ejercido,0.0,0.0,0.0,0.0,0.0,0.0,77000000.0,0.0,0.0,77000000.0,77000000.0,0.0,0.0,100.0
2025,Poder Ejecutivo,Ramos Administrativos,Marina,K028,Porcentaje Ejer/Aprob,0.0,0.0,0.0,0.0,0.0,0.0,0.0,0.0,0.0,0.0,0.0,,0.0,
2025,Poder Ejecutivo,Ramos Administrativos,Marina,K028,Porcentaje Ejer/Modif,0.0,0.0,0.0,0.0,0.0,0.0,100.0,0.0,0.0,100.0,100.0,,0.0,
2025,Poder Ejecutivo,Ramos Administrativos,Marina,K031,Proyectos de construcción de carreteras alimentadoras y caminos rurales,0.0,0.0,0.0,0.0,0.0,0.0,0.0,0.0,0.0,0.0,0.0,,0.0,
2025,Poder Ejecutivo,Ramos Administrativos,Marina,K031,Aprobado,0.0,0.0,0.0,0.0,0.0,0.0,0.0,0.0,0.0,0.0,0.0,0.0,0.0,0.0
2025,Poder Ejecutivo,Ramos Administrativos,Marina,K031,Modificado,0.0,0.0,0.0,0.0,0.0,0.0,191845709.26,0.0,0.0,191845709.26,191845709.26,0.0,0.0,100.0
2025,Poder Ejecutivo,Ramos Administrativos,Marina,K031,Devengado,0.0,0.0,0.0,0.0,0.0,0.0,191845709.26,0.0,0.0,191845709.26,191845709.26,0.0,0.0,100.0
2025,Poder Ejecutivo,Ramos Administrativos,Marina,K031,Ejercido,0.0,0.0,0.0,0.0,0.0,0.0,191845709.26,0.0,0.0,191845709.26,191845709.26,0.0,0.0,100.0
2025,Poder Ejecutivo,Ramos Administrativos,Marina,K031,Porcentaje Ejer/Aprob,0.0,0.0,0.0,0.0,0.0,0.0,0.0,0.0,0.0,0.0,0.0,,0.0,
2025,Poder Ejecutivo,Ramos Administrativos,Marina,K031,Porcentaje Ejer/Modif,0.0,0.0,0.0,0.0,0.0,0.0,100.0,0.0,0.0,100.0,100.0,,0.0,
2025,Poder Ejecutivo,Ramos Administrativos,Marina,K040,Proyectos ferroviarios para transporte de carga y pasajeros,0.0,0.0,0.0,0.0,0.0,0.0,0.0,0.0,0.0,0.0,0.0,,0.0,
2025,Poder Ejecutivo,Ramos Administrativos,Marina,K040,Aprobado,0.0,0.0,0.0,0.0,0.0,0.0,22058459983.0,0.0,0.0,22058459983.0,22058459983.0,0.0,0.0,100.0
2025,Poder Ejecutivo,Ramos Administrativos,Marina,K040,Modificado,0.0,0.0,0.0,0.0,0.0,0.0,3174284062.88,0.0,0.0,3174284062.88,3174284062.88,0.0,0.0,100.0
2025,Poder Ejecutivo,Ramos Administrativos,Marina,K040,Devengado,0.0,0.0,0.0,0.0,0.0,0.0,3174284062.88,0.0,0.0,3174284062.88,3174284062.88,0.0,0.0,100.0
2025,Poder Ejecutivo,Ramos Administrativos,Marina,K040,Ejercido,0.0,0.0,0.0,0.0,0.0,0.0,3174284062.88,0.0,0.0,3174284062.88,3174284062.88,0.0,0.0,100.0
2025,Poder Ejecutivo,Ramos Administrativos,Marina,K040,Porcentaje Ejer/Aprob,0.0,0.0,0.0,0.0,0.0,0.0,14.390324915367417,0.0,0.0,14.390324915367417,14.390324915367417,,0.0,
2025,Poder Ejecutivo,Ramos Administrativos,Marina,K040,Porcentaje Ejer/Modif,0.0,0.0,0.0,0.0,0.0,0.0,100.0,0.0,0.0,100.0,100.0,,0.0,
2025,Poder Ejecutivo,Ramos Administrativos,Marina,M001,Actividades de apoyo administrativo,0.0,0.0,0.0,0.0,0.0,0.0,0.0,0.0,0.0,0.0,0.0,,0.0,
2025,Poder Ejecutivo,Ramos Administrativos,Marina,M001,Aprobado,209476150.0,59604670.0,0.0,8446265.0,277527085.0,0.0,0.0,0.0,0.0,0.0,277527085.0,100.0,0.0,0.0
2025,Poder Ejecutivo,Ramos Administrativos,Marina,M001,Modificado,227930730.8,156606507.66,0.0,32244807.2,416782045.66,0.0,0.0,0.0,0.0,0.0,416782045.66,100.0,0.0,0.0
2025,Poder Ejecutivo,Ramos Administrativos,Marina,M001,Devengado,227930730.8,156606507.66,0.0,32244807.2,416782045.66,0.0,0.0,0.0,0.0,0.0,416782045.66,100.0,0.0,0.0
2025,Poder Ejecutivo,Ramos Administrativos,Marina,M001,Ejercido,227930730.8,156606507.66,0.0,32244807.2,416782045.66,0.0,0.0,0.0,0.0,0.0,416782045.66,100.0,0.0,0.0
2025,Poder Ejecutivo,Ramos Administrativos,Marina,M001,Porcentaje Ejer/Aprob,108.8098720546468,262.7420094096654,0.0,381.76409572751976,150.17707034252172,0.0,0.0,0.0,0.0,0.0,150.17707034252172,,0.0,
2025,Poder Ejecutivo,Ramos Administrativos,Marina,M001,Porcentaje Ejer/Modif,100.0,100.0,0.0,100.0,100.0,0.0,0.0,0.0,0.0,0.0,100.0,,0.0,
2025,Poder Ejecutivo,Ramos Administrativos,Marina,O001,Actividades de apoyo a la función pública y buen gobierno,0.0,0.0,0.0,0.0,0.0,0.0,0.0,0.0,0.0,0.0,0.0,,0.0,
2025,Poder Ejecutivo,Ramos Administrativos,Marina,O001,Aprobado,21095151.0,145446.0,0.0,0.0,21240597.0,0.0,0.0,0.0,0.0,0.0,21240597.0,100.0,0.0,0.0
2025,Poder Ejecutivo,Ramos Administrativos,Marina,O001,Modificado,24899740.77,174808.0,0.0,0.0,25074548.77,0.0,0.0,0.0,0.0,0.0,25074548.77,100.0,0.0,0.0
2025,Poder Ejecutivo,Ramos Administrativos,Marina,O001,Devengado,24899740.77,174808.0,0.0,0.0,25074548.77,0.0,0.0,0.0,0.0,0.0,25074548.77,100.0,0.0,0.0
2025,Poder Ejecutivo,Ramos Administrativos,Marina,O001,Ejercido,24899740.77,174808.0,0.0,0.0,25074548.77,0.0,0.0,0.0,0.0,0.0,25074548.77,100.0,0.0,0.0
2025,Poder Ejecutivo,Ramos Administrativos,Marina,O001,Porcentaje Ejer/Aprob,118.03537585485877,120.18756101920988,0.0,0.0,118.05011304531601,0.0,0.0,0.0,0.0,0.0,118.05011304531601,,0.0,
2025,Poder Ejecutivo,Ramos Administrativos,Marina,O001,Porcentaje Ejer/Modif,100.0,100.0,0.0,0.0,100.0,0.0,0.0,0.0,0.0,0.0,100.0,,0.0,
2025,Poder Ejecutivo,Ramos Administrativos,Marina,P001,"Planeación, Ejecución y Seguimiento de Políticas y Programas del Sector Marítimo y Portuario",0.0,0.0,0.0,0.0,0.0,0.0,0.0,0.0,0.0,0.0,0.0,,0.0,
2025,Poder Ejecutivo,Ramos Administrativos,Marina,P001,Aprobado,0.0,0.0,0.0,0.0,0.0,0.0,0.0,0.0,0.0,0.0,0.0,0.0,0.0,0.0
2025,Poder Ejecutivo,Ramos Administrativos,Marina,P001,Modificado,0.0,0.0,0.0,1000.0,1000.0,0.0,0.0,0.0,0.0,0.0,1000.0,100.0,0.0,0.0
2025,Poder Ejecutivo,Ramos Administrativos,Marina,P001,Devengado,0.0,0.0,0.0,1000.0,1000.0,0.0,0.0,0.0,0.0,0.0,1000.0,100.0,0.0,0.0
2025,Poder Ejecutivo,Ramos Administrativos,Marina,P001,Ejercido,0.0,0.0,0.0,1000.0,1000.0,0.0,0.0,0.0,0.0,0.0,1000.0,100.0,0.0,0.0
2025,Poder Ejecutivo,Ramos Administrativos,Marina,P001,Porcentaje Ejer/Aprob,0.0,0.0,0.0,0.0,0.0,0.0,0.0,0.0,0.0,0.0,0.0,,0.0,
2025,Poder Ejecutivo,Ramos Administrativos,Marina,P001,Porcentaje Ejer/Modif,0.0,0.0,0.0,100.0,100.0,0.0,0.0,0.0,0.0,0.0,100.0,,0.0,
2025,Poder Ejecutivo,Ramos Administrativos,Marina,P005,"Planeación, diseño, ejecución y evaluación del Corredor Interoceánico del Istmo de Tehuantepec",0.0,0.0,0.0,0.0,0.0,0.0,0.0,0.0,0.0,0.0,0.0,,0.0,
2025,Poder Ejecutivo,Ramos Administrativos,Marina,P005,Aprobado,38846746.0,0.0,0.0,0.0,38846746.0,0.0,0.0,0.0,0.0,0.0,38846746.0,100.0,0.0,0.0
2025,Poder Ejecutivo,Ramos Administrativos,Marina,P005,Modificado,38846746.0,0.0,0.0,0.0,38846746.0,0.0,0.0,0.0,0.0,0.0,38846746.0,100.0,0.0,0.0
2025,Poder Ejecutivo,Ramos Administrativos,Marina,P005,Devengado,38846746.0,0.0,0.0,0.0,38846746.0,0.0,0.0,0.0,0.0,0.0,38846746.0,100.0,0.0,0.0
2025,Poder Ejecutivo,Ramos Administrativos,Marina,P005,Ejercido,38846746.0,0.0,0.0,0.0,38846746.0,0.0,0.0,0.0,0.0,0.0,38846746.0,100.0,0.0,0.0
2025,Poder Ejecutivo,Ramos Administrativos,Marina,P005,Porcentaje Ejer/Aprob,100.0,0.0,0.0,0.0,100.0,0.0,0.0,0.0,0.0,0.0,100.0,,0.0,
2025,Poder Ejecutivo,Ramos Administrativos,Marina,P005,Porcentaje Ejer/Modif,100.0,0.0,0.0,0.0,100.0,0.0,0.0,0.0,0.0,0.0,100.0,,0.0,
2025,Poder Ejecutivo,Ramos Administrativos,Marina,R001,Previsión para el Fortalecimiento de Infraestructura Naval y Militar,0.0,0.0,0.0,0.0,0.0,0.0,0.0,0.0,0.0,0.0,0.0,,0.0,
2025,Poder Ejecutivo,Ramos Administrativos,Marina,R001,Aprobado,0.0,0.0,0.0,0.0,0.0,0.0,2000000000.0,0.0,0.0,2000000000.0,2000000000.0,0.0,0.0,100.0
2025,Poder Ejecutivo,Ramos Administrativos,Marina,R001,Modificado,0.0,0.0,0.0,0.0,0.0,0.0,0.0,0.0,0.0,0.0,0.0,0.0,0.0,0.0
2025,Poder Ejecutivo,Ramos Administrativos,Marina,R001,Devengado,0.0,0.0,0.0,0.0,0.0,0.0,0.0,0.0,0.0,0.0,0.0,0.0,0.0,0.0
2025,Poder Ejecutivo,Ramos Administrativos,Marina,R001,Ejercido,0.0,0.0,0.0,0.0,0.0,0.0,0.0,0.0,0.0,0.0,0.0,0.0,0.0,0.0
2025,Poder Ejecutivo,Ramos Administrativos,Marina,R001,Porcentaje Ejer/Aprob,0.0,0.0,0.0,0.0,0.0,0.0,0.0,0.0,0.0,0.0,0.0,,0.0,
2025,Poder Ejecutivo,Ramos Administrativos,Marina,R001,Porcentaje Ejer/Modif,0.0,0.0,0.0,0.0,0.0,0.0,0.0,0.0,0.0,0.0,0.0,,0.0,
2025,Poder Ejecutivo,Ramos Administrativos,Marina,R002,Provisiones para el desarrollo regional del Istmo de Tehuantepec,0.0,0.0,0.0,0.0,0.0,0.0,0.0,0.0,0.0,0.0,0.0,,0.0,
2025,Poder Ejecutivo,Ramos Administrativos,Marina,R002,Aprobado,0.0,0.0,0.0,0.0,0.0,0.0,2941540017.0,0.0,0.0,2941540017.0,2941540017.0,0.0,0.0,100.0
2025,Poder Ejecutivo,Ramos Administrativos,Marina,R002,Modificado,0.0,0.0,0.0,0.0,0.0,0.0,0.0,0.0,0.0,0.0,0.0,0.0,0.0,0.0
2025,Poder Ejecutivo,Ramos Administrativos,Marina,R002,Devengado,0.0,0.0,0.0,0.0,0.0,0.0,0.0,0.0,0.0,0.0,0.0,0.0,0.0,0.0
2025,Poder Ejecutivo,Ramos Administrativos,Marina,R002,Ejercido,0.0,0.0,0.0,0.0,0.0,0.0,0.0,0.0,0.0,0.0,0.0,0.0,0.0,0.0
2025,Poder Ejecutivo,Ramos Administrativos,Marina,R002,Porcentaje Ejer/Aprob,0.0,0.0,0.0,0.0,0.0,0.0,0.0,0.0,0.0,0.0,0.0,,0.0,
2025,Poder Ejecutivo,Ramos Administrativos,Marina,R002,Porcentaje Ejer/Modif,0.0,0.0,0.0,0.0,0.0,0.0,0.0,0.0,0.0,0.0,0.0,,0.0,
2025,Poder Ejecutivo,Ramos Administrativos,Trabajo y Previsión Social,TOTAL,Aprobado,2449602628.0,557301816.0,24765415297.0,57896538.0,27830216279.0,0.0,0.0,0.0,0.0,0.0,27830216279.0,100.0,0.0,0.0
2025,Poder Ejecutivo,Ramos Administrativos,Trabajo y Previsión Social,TOTAL,Modificado,2911641702.72,1081872045.45,23804826295.7,193666906.46,27992006950.33,0.0,0.0,0.0,0.0,0.0,27992006950.33,100.0,0.0,0.0
2025,Poder Ejecutivo,Ramos Administrativos,Trabajo y Previsión Social,TOTAL,Devengado,2911641702.72,1081872045.45,23804826295.7,193666906.46,27992006950.33,0.0,0.0,0.0,0.0,0.0,27992006950.33,100.0,0.0,0.0
2025,Poder Ejecutivo,Ramos Administrativos,Trabajo y Previsión Social,TOTAL,Ejercido,2911641702.72,1081872045.45,23804826295.7,193666906.46,27992006950.33,0.0,0.0,0.0,0.0,0.0,27992006950.33,100.0,0.0,0.0
2025,Poder Ejecutivo,Ramos Administrativos,Trabajo y Previsión Social,TOTAL,Porcentaje Ejer/Aprob,118.86179698856853,194.12677554418735,96.12124816087231,334.505158944046,100.5813489543453,0.0,0.0,0.0,0.0,0.0,100.5813489543453,,0.0,
2025,Poder Ejecutivo,Ramos Administrativos,Trabajo y Previsión Social,TOTAL,Porcentaje Ejer/Modif,100.0,100.0,100.0,100.0,100.0,0.0,0.0,0.0,0.0,0.0,100.0,,0.0,
2025,Poder Ejecutivo,Ramos Administrativos,Trabajo y Previsión Social,E001,Impartición de justicia laboral,0.0,0.0,0.0,0.0,0.0,0.0,0.0,0.0,0.0,0.0,0.0,,0.0,
2025,Poder Ejecutivo,Ramos Administrativos,Trabajo y Previsión Social,E001,Aprobado,688504824.0,67446963.0,0.0,11136971.0,767088758.0,0.0,0.0,0.0,0.0,0.0,767088758.0,100.0,0.0,0.0
2025,Poder Ejecutivo,Ramos Administrativos,Trabajo y Previsión Social,E001,Modificado,639564250.15,78932282.71,0.0,0.0,718496532.86,0.0,0.0,0.0,0.0,0.0,718496532.86,100.0,0.0,0.0
2025,Poder Ejecutivo,Ramos Administrativos,Trabajo y Previsión Social,E001,Devengado,639564250.15,78932282.71,0.0,0.0,718496532.86,0.0,0.0,0.0,0.0,0.0,718496532.86,100.0,0.0,0.0
2025,Poder Ejecutivo,Ramos Administrativos,Trabajo y Previsión Social,E001,Ejercido,639564250.15,78932282.71,0.0,0.0,718496532.86,0.0,0.0,0.0,0.0,0.0,718496532.86,100.0,0.0,0.0
2025,Poder Ejecutivo,Ramos Administrativos,Trabajo y Previsión Social,E001,Porcentaje Ejer/Aprob,92.8917602108188,117.02866845168403,0.0,0.0,93.66537123204718,0.0,0.0,0.0,0.0,0.0,93.66537123204718,,0.0,
2025,Poder Ejecutivo,Ramos Administrativos,Trabajo y Previsión Social,E001,Porcentaje Ejer/Modif,100.0,100.0,0.0,0.0,100.0,0.0,0.0,0.0,0.0,0.0,100.0,,0.0,
2025,Poder Ejecutivo,Ramos Administrativos,Trabajo y Previsión Social,E002,Procuración de justicia laboral,0.0,0.0,0.0,0.0,0.0,0.0,0.0,0.0,0.0,0.0,0.0,,0.0,
2025,Poder Ejecutivo,Ramos Administrativos,Trabajo y Previsión Social,E002,Aprobado,178169837.0,42776031.0,0.0,1418661.0,222364529.0,0.0,0.0,0.0,0.0,0.0,222364529.0,100.0,0.0,0.0
2025,Poder Ejecutivo,Ramos Administrativos,Trabajo y Previsión Social,E002,Modificado,188233564.27,35472466.77,0.0,912612.14,224618643.18,0.0,0.0,0.0,0.0,0.0,224618643.18,100.0,0.0,0.0
2025,Poder Ejecutivo,Ramos Administrativos,Trabajo y Previsión Social,E002,Devengado,188233564.27,35472466.77,0.0,912612.14,224618643.18,0.0,0.0,0.0,0.0,0.0,224618643.18,100.0,0.0,0.0
2025,Poder Ejecutivo,Ramos Administrativos,Trabajo y Previsión Social,E002,Ejercido,188233564.27,35472466.77,0.0,912612.14,224618643.18,0.0,0.0,0.0,0.0,0.0,224618643.18,100.0,0.0,0.0
2025,Poder Ejecutivo,Ramos Administrativos,Trabajo y Previsión Social,E002,Porcentaje Ejer/Aprob,105.64839000778792,82.92603577456731,0.0,64.32912020560234,101.01370222586175,0.0,0.0,0.0,0.0,0.0,101.01370222586175,,0.0,
2025,Poder Ejecutivo,Ramos Administrativos,Trabajo y Previsión Social,E002,Porcentaje Ejer/Modif,100.0,100.0,0.0,100.0,100.0,0.0,0.0,0.0,0.0,0.0,100.0,,0.0,
2025,Poder Ejecutivo,Ramos Administrativos,Trabajo y Previsión Social,E003,Ejecución de los programas y acciones de la Política Laboral,0.0,0.0,0.0,0.0,0.0,0.0,0.0,0.0,0.0,0.0,0.0,,0.0,
2025,Poder Ejecutivo,Ramos Administrativos,Trabajo y Previsión Social,E003,Aprobado,21340686.0,5459130.0,0.0,0.0,26799816.0,0.0,0.0,0.0,0.0,0.0,26799816.0,100.0,0.0,0.0
2025,Poder Ejecutivo,Ramos Administrativos,Trabajo y Previsión Social,E003,Modificado,31545711.04,14865922.4,0.0,0.0,46411633.44,0.0,0.0,0.0,0.0,0.0,46411633.44,100.0,0.0,0.0
2025,Poder Ejecutivo,Ramos Administrativos,Trabajo y Previsión Social,E003,Devengado,31545711.04,14865922.4,0.0,0.0,46411633.44,0.0,0.0,0.0,0.0,0.0,46411633.44,100.0,0.0,0.0
2025,Poder Ejecutivo,Ramos Administrativos,Trabajo y Previsión Social,E003,Ejercido,31545711.04,14865922.4,0.0,0.0,46411633.44,0.0,0.0,0.0,0.0,0.0,46411633.44,100.0,0.0,0.0
2025,Poder Ejecutivo,Ramos Administrativos,Trabajo y Previsión Social,E003,Porcentaje Ejer/Aprob,147.8195735601002,272.3130315636374,0.0,0.0,173.17892570605707,0.0,0.0,0.0,0.0,0.0,173.17892570605707,,0.0,
2025,Poder Ejecutivo,Ramos Administrativos,Trabajo y Previsión Social,E003,Porcentaje Ejer/Modif,100.0,100.0,0.0,0.0,100.0,0.0,0.0,0.0,0.0,0.0,100.0,,0.0,
2025,Poder Ejecutivo,Ramos Administrativos,Trabajo y Previsión Social,E004,Capacitación para Incrementar la Productividad,0.0,0.0,0.0,0.0,0.0,0.0,0.0,0.0,0.0,0.0,0.0,,0.0,
2025,Poder Ejecutivo,Ramos Administrativos,Trabajo y Previsión Social,E004,Aprobado,27125996.0,9238416.0,0.0,0.0,36364412.0,0.0,0.0,0.0,0.0,0.0,36364412.0,100.0,0.0,0.0
2025,Poder Ejecutivo,Ramos Administrativos,Trabajo y Previsión Social,E004,Modificado,18891066.35,17187313.82,0.0,0.0,36078380.17,0.0,0.0,0.0,0.0,0.0,36078380.17,100.0,0.0,0.0
2025,Poder Ejecutivo,Ramos Administrativos,Trabajo y Previsión Social,E004,Devengado,18891066.35,17187313.82,0.0,0.0,36078380.17,0.0,0.0,0.0,0.0,0.0,36078380.17,100.0,0.0,0.0
2025,Poder Ejecutivo,Ramos Administrativos,Trabajo y Previsión Social,E004,Ejercido,18891066.35,17187313.82,0.0,0.0,36078380.17,0.0,0.0,0.0,0.0,0.0,36078380.17,100.0,0.0,0.0
2025,Poder Ejecutivo,Ramos Administrativos,Trabajo y Previsión Social,E004,Porcentaje Ejer/Aprob,69.64192706509284,186.04178270387476,0.0,0.0,99.21342924505421,0.0,0.0,0.0,0.0,0.0,99.21342924505421,,0.0,
2025,Poder Ejecutivo,Ramos Administrativos,Trabajo y Previsión Social,E004,Porcentaje Ejer/Modif,100.0,100.0,0.0,0.0,100.0,0.0,0.0,0.0,0.0,0.0,100.0,,0.0,
2025,Poder Ejecutivo,Ramos Administrativos,Trabajo y Previsión Social,E005,Ejecución a nivel nacional de acciones de promoción y vigilancia de los derechos laborales,0.0,0.0,0.0,0.0,0.0,0.0,0.0,0.0,0.0,0.0,0.0,,0.0,
2025,Poder Ejecutivo,Ramos Administrativos,Trabajo y Previsión Social,E005,Aprobado,556220986.0,52217950.0,0.0,0.0,608438936.0,0.0,0.0,0.0,0.0,0.0,608438936.0,100.0,0.0,0.0
2025,Poder Ejecutivo,Ramos Administrativos,Trabajo y Previsión Social,E005,Modificado,439154718.59,123910572.19,0.0,117942204.36,681007495.14,0.0,0.0,0.0,0.0,0.0,681007495.14,100.0,0.0,0.0
2025,Poder Ejecutivo,Ramos Administrativos,Trabajo y Previsión Social,E005,Devengado,439154718.59,123910572.19,0.0,117942204.36,681007495.14,0.0,0.0,0.0,0.0,0.0,681007495.14,100.0,0.0,0.0
2025,Poder Ejecutivo,Ramos Administrativos,Trabajo y Previsión Social,E005,Ejercido,439154718.59,123910572.19,0.0,117942204.36,681007495.14,0.0,0.0,0.0,0.0,0.0,681007495.14,100.0,0.0,0.0
2025,Poder Ejecutivo,Ramos Administrativos,Trabajo y Previsión Social,E005,Porcentaje Ejer/Aprob,78.95328109572621,237.2949765166959,0.0,0.0,111.92700776467073,0.0,0.0,0.0,0.0,0.0,111.92700776467073,,0.0,
2025,Poder Ejecutivo,Ramos Administrativos,Trabajo y Previsión Social,E005,Porcentaje Ejer/Modif,100.0,100.0,0.0,100.0,100.0,0.0,0.0,0.0,0.0,0.0,100.0,,0.0,
2025,Poder Ejecutivo,Ramos Administrativos,Trabajo y Previsión Social,E008,Conciliación entre empleadores y sindicatos,0.0,0.0,0.0,0.0,0.0,0.0,0.0,0.0,0.0,0.0,0.0,,0.0,
2025,Poder Ejecutivo,Ramos Administrativos,Trabajo y Previsión Social,E008,Aprobado,41703063.0,35937226.0,0.0,0.0,77640289.0,0.0,0.0,0.0,0.0,0.0,77640289.0,100.0,0.0,0.0
2025,Poder Ejecutivo,Ramos Administrativos,Trabajo y Previsión Social,E008,Modificado,13270359.67,14621136.08,0.0,0.0,27891495.75,0.0,0.0,0.0,0.0,0.0,27891495.75,100.0,0.0,0.0
2025,Poder Ejecutivo,Ramos Administrativos,Trabajo y Previsión Social,E008,Devengado,13270359.67,14621136.08,0.0,0.0,27891495.75,0.0,0.0,0.0,0.0,0.0,27891495.75,100.0,0.0,0.0
2025,Poder Ejecutivo,Ramos Administrativos,Trabajo y Previsión Social,E008,Ejercido,13270359.67,14621136.08,0.0,0.0,27891495.75,0.0,0.0,0.0,0.0,0.0,27891495.75,100.0,0.0,0.0
2025,Poder Ejecutivo,Ramos Administrativos,Trabajo y Previsión Social,E008,Porcentaje Ejer/Aprob,31.82106712401437,40.68521059471869,0.0,0.0,35.92399784859121,0.0,0.0,0.0,0.0,0.0,35.92399784859121,,0.0,
2025,Poder Ejecutivo,Ramos Administrativos,Trabajo y Previsión Social,E008,Porcentaje Ejer/Modif,100.0,100.0,0.0,0.0,100.0,0.0,0.0,0.0,0.0,0.0,100.0,,0.0,
2025,Poder Ejecutivo,Ramos Administrativos,Trabajo y Previsión Social,E011,Registro de agrupaciones sindicales,0.0,0.0,0.0,0.0,0.0,0.0,0.0,0.0,0.0,0.0,0.0,,0.0,
2025,Poder Ejecutivo,Ramos Administrativos,Trabajo y Previsión Social,E011,Aprobado,0.0,0.0,0.0,0.0,0.0,0.0,0.0,0.0,0.0,0.0,0.0,0.0,0.0,0.0
2025,Poder Ejecutivo,Ramos Administrativos,Trabajo y Previsión Social,E011,Modificado,0.0,0.0,0.0,0.0,0.0,0.0,0.0,0.0,0.0,0.0,0.0,0.0,0.0,0.0
2025,Poder Ejecutivo,Ramos Administrativos,Trabajo y Previsión Social,E011,Devengado,0.0,0.0,0.0,0.0,0.0,0.0,0.0,0.0,0.0,0.0,0.0,0.0,0.0,0.0
2025,Poder Ejecutivo,Ramos Administrativos,Trabajo y Previsión Social,E011,Ejercido,0.0,0.0,0.0,0.0,0.0,0.0,0.0,0.0,0.0,0.0,0.0,0.0,0.0,0.0
2025,Poder Ejecutivo,Ramos Administrativos,Trabajo y Previsión Social,E011,Porcentaje Ejer/Aprob,0.0,0.0,0.0,0.0,0.0,0.0,0.0,0.0,0.0,0.0,0.0,,0.0,
2025,Poder Ejecutivo,Ramos Administrativos,Trabajo y Previsión Social,E011,Porcentaje Ejer/Modif,0.0,0.0,0.0,0.0,0.0,0.0,0.0,0.0,0.0,0.0,0.0,,0.0,
2025,Poder Ejecutivo,Ramos Administrativos,Trabajo y Previsión Social,E012,Servicio de Conciliación Federal y Registros Laborales,0.0,0.0,0.0,0.0,0.0,0.0,0.0,0.0,0.0,0.0,0.0,,0.0,
2025,Poder Ejecutivo,Ramos Administrativos,Trabajo y Previsión Social,E012,Aprobado,360390116.0,87203895.0,0.0,0.0,447594011.0,0.0,0.0,0.0,0.0,0.0,447594011.0,100.0,0.0,0.0
2025,Poder Ejecutivo,Ramos Administrativos,Trabajo y Previsión Social,E012,Modificado,516987165.91,152659606.02,0.0,59916.15,669706688.08,0.0,0.0,0.0,0.0,0.0,669706688.08,100.0,0.0,0.0
2025,Poder Ejecutivo,Ramos Administrativos,Trabajo y Previsión Social,E012,Devengado,516987165.91,152659606.02,0.0,59916.15,669706688.08,0.0,0.0,0.0,0.0,0.0,669706688.08,100.0,0.0,0.0
2025,Poder Ejecutivo,Ramos Administrativos,Trabajo y Previsión Social,E012,Ejercido,516987165.91,152659606.02,0.0,59916.15,669706688.08,0.0,0.0,0.0,0.0,0.0,669706688.08,100.0,0.0,0.0
2025,Poder Ejecutivo,Ramos Administrativos,Trabajo y Previsión Social,E012,Porcentaje Ejer/Aprob,143.45209342811168,175.0605360230756,0.0,0.0,149.62369281567533,0.0,0.0,0.0,0.0,0.0,149.62369281567533,,0.0,
2025,Poder Ejecutivo,Ramos Administrativos,Trabajo y Previsión Social,E012,Porcentaje Ejer/Modif,100.0,100.0,0.0,100.0,100.0,0.0,0.0,0.0,0.0,0.0,100.0,,0.0,
2025,Poder Ejecutivo,Ramos Administrativos,Trabajo y Previsión Social,E016,Articulación de Políticas Integrales de Juventud,0.0,0.0,0.0,0.0,0.0,0.0,0.0,0.0,0.0,0.0,0.0,,0.0,
2025,Poder Ejecutivo,Ramos Administrativos,Trabajo y Previsión Social,E016,Aprobado,52075385.0,47067847.0,0.0,1815315.0,100958547.0,0.0,0.0,0.0,0.0,0.0,100958547.0,100.0,0.0,0.0
2025,Poder Ejecutivo,Ramos Administrativos,Trabajo y Previsión Social,E016,Modificado,58115088.16,36980071.77,0.0,11741704.73,106836864.66,0.0,0.0,0.0,0.0,0.0,106836864.66,100.0,0.0,0.0
2025,Poder Ejecutivo,Ramos Administrativos,Trabajo y Previsión Social,E016,Devengado,58115088.16,36980071.77,0.0,11741704.73,106836864.66,0.0,0.0,0.0,0.0,0.0,106836864.66,100.0,0.0,0.0
2025,Poder Ejecutivo,Ramos Administrativos,Trabajo y Previsión Social,E016,Ejercido,58115088.16,36980071.77,0.0,11741704.73,106836864.66,0.0,0.0,0.0,0.0,0.0,106836864.66,100.0,0.0,0.0
2025,Poder Ejecutivo,Ramos Administrativos,Trabajo y Previsión Social,E016,Porcentaje Ejer/Aprob,111.59800001478627,78.56758727459959,0.0,0.0,105.82250620148088,0.0,0.0,0.0,0.0,0.0,105.82250620148088,,0.0,
2025,Poder Ejecutivo,Ramos Administrativos,Trabajo y Previsión Social,E016,Porcentaje Ejer/Modif,100.0,100.0,0.0,100.0,100.0,0.0,0.0,0.0,0.0,0.0,100.0,,0.0,
2025,Poder Ejecutivo,Ramos Administrativos,Trabajo y Previsión Social,M001,Actividades de apoyo administrativo,0.0,0.0,0.0,0.0,0.0,0.0,0.0,0.0,0.0,0.0,0.0,,0.0,
2025,Poder Ejecutivo,Ramos Administrativos,Trabajo y Previsión Social,M001,Aprobado,275482184.0,187140172.0,0.0,61459.0,462683815.0,0.0,0.0,0.0,0.0,0.0,462683815.0,100.0,0.0,0.0
2025,Poder Ejecutivo,Ramos Administrativos,Trabajo y Previsión Social,M001,Modificado,478715788.17,173652023.34,0.0,321181.43,652688992.94,0.0,0.0,0.0,0.0,0.0,652688992.94,100.0,0.0,0.0
2025,Poder Ejecutivo,Ramos Administrativos,Trabajo y Previsión Social,M001,Devengado,478715788.17,173652023.34,0.0,321181.43,652688992.94,0.0,0.0,0.0,0.0,0.0,652688992.94,100.0,0.0,0.0
2025,Poder Ejecutivo,Ramos Administrativos,Trabajo y Previsión Social,M001,Ejercido,478715788.17,173652023.34,0.0,321181.43,652688992.94,0.0,0.0,0.0,0.0,0.0,652688992.94,100.0,0.0,0.0
2025,Poder Ejecutivo,Ramos Administrativos,Trabajo y Previsión Social,M001,Porcentaje Ejer/Aprob,173.773774121814,92.79248890505455,0.0,0.0,141.06587950131777,0.0,0.0,0.0,0.0,0.0,141.06587950131777,,0.0,
2025,Poder Ejecutivo,Ramos Administrativos,Trabajo y Previsión Social,M001,Porcentaje Ejer/Modif,100.0,100.0,0.0,100.0,100.0,0.0,0.0,0.0,0.0,0.0,100.0,,0.0,
2025,Poder Ejecutivo,Ramos Administrativos,Trabajo y Previsión Social,O001,Actividades de apoyo a la función pública y buen gobierno,0.0,0.0,0.0,0.0,0.0,0.0,0.0,0.0,0.0,0.0,0.0,,0.0,
2025,Poder Ejecutivo,Ramos Administrativos,Trabajo y Previsión Social,O001,Aprobado,3295181.0,125785.0,0.0,0.0,3420966.0,0.0,0.0,0.0,0.0,0.0,3420966.0,100.0,0.0,0.0
2025,Poder Ejecutivo,Ramos Administrativos,Trabajo y Previsión Social,O001,Modificado,3150839.18,110336.3,0.0,0.0,3261175.48,0.0,0.0,0.0,0.0,0.0,3261175.48,100.0,0.0,0.0
2025,Poder Ejecutivo,Ramos Administrativos,Trabajo y Previsión Social,O001,Devengado,3150839.18,110336.3,0.0,0.0,3261175.48,0.0,0.0,0.0,0.0,0.0,3261175.48,100.0,0.0,0.0
2025,Poder Ejecutivo,Ramos Administrativos,Trabajo y Previsión Social,O001,Ejercido,3150839.18,110336.3,0.0,0.0,3261175.48,0.0,0.0,0.0,0.0,0.0,3261175.48,100.0,0.0,0.0
2025,Poder Ejecutivo,Ramos Administrativos,Trabajo y Previsión Social,O001,Porcentaje Ejer/Aprob,95.61960875593785,87.71816989307152,0.0,0.0,95.3290819025971,0.0,0.0,0.0,0.0,0.0,95.3290819025971,,0.0,
2025,Poder Ejecutivo,Ramos Administrativos,Trabajo y Previsión Social,O001,Porcentaje Ejer/Modif,100.0,100.0,0.0,0.0,100.0,0.0,0.0,0.0,0.0,0.0,100.0,,0.0,
2025,Poder Ejecutivo,Ramos Administrativos,Trabajo y Previsión Social,P001,Instrumentación de la política laboral,0.0,0.0,0.0,0.0,0.0,0.0,0.0,0.0,0.0,0.0,0.0,,0.0,
2025,Poder Ejecutivo,Ramos Administrativos,Trabajo y Previsión Social,P001,Aprobado,164798500.0,17288118.0,0.0,43460092.0,225546710.0,0.0,0.0,0.0,0.0,0.0,225546710.0,100.0,0.0,0.0
2025,Poder Ejecutivo,Ramos Administrativos,Trabajo y Previsión Social,P001,Modificado,223985462.13,92956922.79,0.0,62689287.65,379631672.57,0.0,0.0,0.0,0.0,0.0,379631672.57,100.0,0.0,0.0
2025,Poder Ejecutivo,Ramos Administrativos,Trabajo y Previsión Social,P001,Devengado,223985462.13,92956922.79,0.0,62689287.65,379631672.57,0.0,0.0,0.0,0.0,0.0,379631672.57,100.0,0.0,0.0
2025,Poder Ejecutivo,Ramos Administrativos,Trabajo y Previsión Social,P001,Ejercido,223985462.13,92956922.79,0.0,62689287.65,379631672.57,0.0,0.0,0.0,0.0,0.0,379631672.57,100.0,0.0,0.0
2025,Poder Ejecutivo,Ramos Administrativos,Trabajo y Previsión Social,P001,Porcentaje Ejer/Aprob,135.9147456621268,0.0,0.0,144.24563953983346,168.3162093430669,0.0,0.0,0.0,0.0,0.0,168.3162093430669,,0.0,
2025,Poder Ejecutivo,Ramos Administrativos,Trabajo y Previsión Social,P001,Porcentaje Ejer/Modif,100.0,100.0,0.0,100.0,100.0,0.0,0.0,0.0,0.0,0.0,100.0,,0.0,
2025,Poder Ejecutivo,Ramos Administrativos,Trabajo y Previsión Social,P002,Evaluación del Salario Mínimo,0.0,0.0,0.0,0.0,0.0,0.0,0.0,0.0,0.0,0.0,0.0,,0.0,
2025,Poder Ejecutivo,Ramos Administrativos,Trabajo y Previsión Social,P002,Aprobado,21598319.0,5400283.0,0.0,4040.0,27002642.0,0.0,0.0,0.0,0.0,0.0,27002642.0,100.0,0.0,0.0
2025,Poder Ejecutivo,Ramos Administrativos,Trabajo y Previsión Social,P002,Modificado,22858051.37,4434347.18,0.0,0.0,27292398.55,0.0,0.0,0.0,0.0,0.0,27292398.55,100.0,0.0,0.0
2025,Poder Ejecutivo,Ramos Administrativos,Trabajo y Previsión Social,P002,Devengado,22858051.37,4434347.18,0.0,0.0,27292398.55,0.0,0.0,0.0,0.0,0.0,27292398.55,100.0,0.0,0.0
2025,Poder Ejecutivo,Ramos Administrativos,Trabajo y Previsión Social,P002,Ejercido,22858051.37,4434347.18,0.0,0.0,27292398.55,0.0,0.0,0.0,0.0,0.0,27292398.55,100.0,0.0,0.0
2025,Poder Ejecutivo,Ramos Administrativos,Trabajo y Previsión Social,P002,Porcentaje Ejer/Aprob,105.83254821822014,82.11323702850387,0.0,0.0,101.0730674057746,0.0,0.0,0.0,0.0,0.0,101.0730674057746,,0.0,
2025,Poder Ejecutivo,Ramos Administrativos,Trabajo y Previsión Social,P002,Porcentaje Ejer/Modif,100.0,100.0,0.0,0.0,100.0,0.0,0.0,0.0,0.0,0.0,100.0,,0.0,
2025,Poder Ejecutivo,Ramos Administrativos,Trabajo y Previsión Social,S043,Programa de Apoyo al Empleo (PAE),0.0,0.0,0.0,0.0,0.0,0.0,0.0,0.0,0.0,0.0,0.0,,0.0,
2025,Poder Ejecutivo,Ramos Administrativos,Trabajo y Previsión Social,S043,Aprobado,58897551.0,0.0,254706677.0,0.0,313604228.0,0.0,0.0,0.0,0.0,0.0,313604228.0,100.0,0.0,0.0
2025,Poder Ejecutivo,Ramos Administrativos,Trabajo y Previsión Social,S043,Modificado,55652999.65,0.0,251014515.45,0.0,306667515.1,0.0,0.0,0.0,0.0,0.0,306667515.1,100.0,0.0,0.0
2025,Poder Ejecutivo,Ramos Administrativos,Trabajo y Previsión Social,S043,Devengado,55652999.65,0.0,251014515.45,0.0,306667515.1,0.0,0.0,0.0,0.0,0.0,306667515.1,100.0,0.0,0.0
2025,Poder Ejecutivo,Ramos Administrativos,Trabajo y Previsión Social,S043,Ejercido,55652999.65,0.0,251014515.45,0.0,306667515.1,0.0,0.0,0.0,0.0,0.0,306667515.1,100.0,0.0,0.0
2025,Poder Ejecutivo,Ramos Administrativos,Trabajo y Previsión Social,S043,Porcentaje Ejer/Aprob,94.49119480366849,0.0,98.5504260848254,0.0,97.78806779990225,0.0,0.0,0.0,0.0,0.0,97.78806779990225,,0.0,
2025,Poder Ejecutivo,Ramos Administrativos,Trabajo y Previsión Social,S043,Porcentaje Ejer/Modif,100.0,0.0,100.0,0.0,100.0,0.0,0.0,0.0,0.0,0.0,100.0,,0.0,
2025,Poder Ejecutivo,Ramos Administrativos,Trabajo y Previsión Social,S280,Jóvenes Construyendo el Futuro,0.0,0.0,0.0,0.0,0.0,0.0,0.0,0.0,0.0,0.0,0.0,,0.0,
2025,Poder Ejecutivo,Ramos Administrativos,Trabajo y Previsión Social,S280,Aprobado,0.0,0.0,24205000000.0,0.0,24205000000.0,0.0,0.0,0.0,0.0,0.0,24205000000.0,100.0,0.0,0.0
2025,Poder Ejecutivo,Ramos Administrativos,Trabajo y Previsión Social,S280,Modificado,216465081.79,336089044.08,23452391114.23,0.0,24004945240.1,0.0,0.0,0.0,0.0,0.0,24004945240.1,100.0,0.0,0.0
2025,Poder Ejecutivo,Ramos Administrativos,Trabajo y Previsión Social,S280,Devengado,216465081.79,336089044.08,23452391114.23,0.0,24004945240.1,0.0,0.0,0.0,0.0,0.0,24004945240.1,100.0,0.0,0.0
2025,Poder Ejecutivo,Ramos Administrativos,Trabajo y Previsión Social,S280,Ejercido,216465081.79,336089044.08,23452391114.23,0.0,24004945240.1,0.0,0.0,0.0,0.0,0.0,24004945240.1,100.0,0.0,0.0
2025,Poder Ejecutivo,Ramos Administrativos,Trabajo y Previsión Social,S280,Porcentaje Ejer/Aprob,0.0,0.0,96.89068834633339,0.0,99.17349820326378,0.0,0.0,0.0,0.0,0.0,99.17349820326378,,0.0,
2025,Poder Ejecutivo,Ramos Administrativos,Trabajo y Previsión Social,S280,Porcentaje Ejer/Modif,100.0,100.0,100.0,0.0,100.0,0.0,0.0,0.0,0.0,0.0,100.0,,0.0,
2025,Poder Ejecutivo,Ramos Administrativos,Trabajo y Previsión Social,U100,Subsidios a las Entidades Federativas para la implementación de la Reforma al Sistema de Justicia Laboral,0.0,0.0,0.0,0.0,0.0,0.0,0.0,0.0,0.0,0.0,0.0,,0.0,
2025,Poder Ejecutivo,Ramos Administrativos,Trabajo y Previsión Social,U100,Aprobado,0.0,0.0,305708620.0,0.0,305708620.0,0.0,0.0,0.0,0.0,0.0,305708620.0,100.0,0.0,0.0
2025,Poder Ejecutivo,Ramos Administrativos,Trabajo y Previsión Social,U100,Modificado,5051556.29,0.0,101420666.02,0.0,106472222.31,0.0,0.0,0.0,0.0,0.0,106472222.31,100.0,0.0,0.0
2025,Poder Ejecutivo,Ramos Administrativos,Trabajo y Previsión Social,U100,Devengado,5051556.29,0.0,101420666.02,0.0,106472222.31,0.0,0.0,0.0,0.0,0.0,106472222.31,100.0,0.0,0.0
2025,Poder Ejecutivo,Ramos Administrativos,Trabajo y Previsión Social,U100,Ejercido,5051556.29,0.0,101420666.02,0.0,106472222.31,0.0,0.0,0.0,0.0,0.0,106472222.31,100.0,0.0,0.0
2025,Poder Ejecutivo,Ramos Administrativos,Trabajo y Previsión Social,U100,Porcentaje Ejer/Aprob,0.0,0.0,33.17559904591503,0.0,34.828007895230435,0.0,0.0,0.0,0.0,0.0,34.828007895230435,,0.0,
2025,Poder Ejecutivo,Ramos Administrativos,Trabajo y Previsión Social,U100,Porcentaje Ejer/Modif,100.0,0.0,100.0,0.0,100.0,0.0,0.0,0.0,0.0,0.0,100.0,,0.0,
2025,Poder Ejecutivo,Ramos Administrativos,"Desarrollo Agrario, Territorial y Urbano",TOTAL,Aprobado,2045285071.0,878221501.0,34821128529.0,303389924.0,38048025025.0,0.0,0.0,0.0,0.0,0.0,38048025025.0,100.0,0.0,0.0
2025,Poder Ejecutivo,Ramos Administrativos,"Desarrollo Agrario, Territorial y Urbano",TOTAL,Modificado,2379291658.05,1574690139.02,18850531842.38,586097373.28,23390611012.73,0.0,0.0,0.0,1000.0,1000.0,23390612012.73,99.99999572478052,0.0,0.0
2025,Poder Ejecutivo,Ramos Administrativos,"Desarrollo Agrario, Territorial y Urbano",TOTAL,Devengado,2379291658.05,1574690139.02,18850531842.38,586097373.28,23390611012.73,0.0,0.0,0.0,1000.0,1000.0,23390612012.73,99.99999572478052,0.0,0.0
2025,Poder Ejecutivo,Ramos Administrativos,"Desarrollo Agrario, Territorial y Urbano",TOTAL,Ejercido,2379291658.05,1574690139.02,18850531842.38,586097373.28,23390611012.73,0.0,0.0,0.0,1000.0,1000.0,23390612012.73,99.99999572478052,0.0,0.0
2025,Poder Ejecutivo,Ramos Administrativos,"Desarrollo Agrario, Territorial y Urbano",TOTAL,Porcentaje Ejer/Aprob,116.3305639778955,179.30443939563716,54.135327138179214,193.18287356174687,61.47654443919458,0.0,0.0,0.0,0.0,0.0,61.47654706745189,,0.0,
2025,Poder Ejecutivo,Ramos Administrativos,"Desarrollo Agrario, Territorial y Urbano",TOTAL,Porcentaje Ejer/Modif,100.0,100.0,100.0,100.0,100.0,0.0,0.0,0.0,100.0,100.0,100.0,,0.0,
2025,Poder Ejecutivo,Ramos Administrativos,"Desarrollo Agrario, Territorial y Urbano",E001,Procuración de justicia agraria,0.0,0.0,0.0,0.0,0.0,0.0,0.0,0.0,0.0,0.0,0.0,,0.0,
2025,Poder Ejecutivo,Ramos Administrativos,"Desarrollo Agrario, Territorial y Urbano",E001,Aprobado,586612475.0,177176470.0,0.0,0.0,763788945.0,0.0,0.0,0.0,0.0,0.0,763788945.0,100.0,0.0,0.0
2025,Poder Ejecutivo,Ramos Administrativos,"Desarrollo Agrario, Territorial y Urbano",E001,Modificado,682551064.77,172115004.83,0.0,3783219.96,858449289.56,0.0,0.0,0.0,0.0,0.0,858449289.56,100.0,0.0,0.0
2025,Poder Ejecutivo,Ramos Administrativos,"Desarrollo Agrario, Territorial y Urbano",E001,Devengado,682551064.77,172115004.83,0.0,3783219.96,858449289.56,0.0,0.0,0.0,0.0,0.0,858449289.56,100.0,0.0,0.0
2025,Poder Ejecutivo,Ramos Administrativos,"Desarrollo Agrario, Territorial y Urbano",E001,Ejercido,682551064.77,172115004.83,0.0,3783219.96,858449289.56,0.0,0.0,0.0,0.0,0.0,858449289.56,100.0,0.0,0.0
2025,Poder Ejecutivo,Ramos Administrativos,"Desarrollo Agrario, Territorial y Urbano",E001,Porcentaje Ejer/Aprob,116.35467942784543,97.14326334078109,0.0,0.0,112.3935211657194,0.0,0.0,0.0,0.0,0.0,112.3935211657194,,0.0,
2025,Poder Ejecutivo,Ramos Administrativos,"Desarrollo Agrario, Territorial y Urbano",E001,Porcentaje Ejer/Modif,100.0,100.0,0.0,100.0,100.0,0.0,0.0,0.0,0.0,0.0,100.0,,0.0,
2025,Poder Ejecutivo,Ramos Administrativos,"Desarrollo Agrario, Territorial y Urbano",E002,Programa de Atención de Conflictos Agrarios,0.0,0.0,0.0,0.0,0.0,0.0,0.0,0.0,0.0,0.0,0.0,,0.0,
2025,Poder Ejecutivo,Ramos Administrativos,"Desarrollo Agrario, Territorial y Urbano",E002,Aprobado,0.0,19786477.0,0.0,185505023.0,205291500.0,0.0,0.0,0.0,0.0,0.0,205291500.0,100.0,0.0,0.0
2025,Poder Ejecutivo,Ramos Administrativos,"Desarrollo Agrario, Territorial y Urbano",E002,Modificado,0.0,14868092.18,0.0,307960859.2,322828951.38,0.0,0.0,0.0,0.0,0.0,322828951.38,100.0,0.0,0.0
2025,Poder Ejecutivo,Ramos Administrativos,"Desarrollo Agrario, Territorial y Urbano",E002,Devengado,0.0,14868092.18,0.0,307960859.2,322828951.38,0.0,0.0,0.0,0.0,0.0,322828951.38,100.0,0.0,0.0
2025,Poder Ejecutivo,Ramos Administrativos,"Desarrollo Agrario, Territorial y Urbano",E002,Ejercido,0.0,14868092.18,0.0,307960859.2,322828951.38,0.0,0.0,0.0,0.0,0.0,322828951.38,100.0,0.0,0.0
2025,Poder Ejecutivo,Ramos Administrativos,"Desarrollo Agrario, Territorial y Urbano",E002,Porcentaje Ejer/Aprob,0.0,75.14269558951803,0.0,166.01214038285096,157.25392984122578,0.0,0.0,0.0,0.0,0.0,157.25392984122578,,0.0,
2025,Poder Ejecutivo,Ramos Administrativos,"Desarrollo Agrario, Territorial y Urbano",E002,Porcentaje Ejer/Modif,0.0,100.0,0.0,100.0,100.0,0.0,0.0,0.0,0.0,0.0,100.0,,0.0,
2025,Poder Ejecutivo,Ramos Administrativos,"Desarrollo Agrario, Territorial y Urbano",E003,Ordenamiento y regulación de la propiedad rural,0.0,0.0,0.0,0.0,0.0,0.0,0.0,0.0,0.0,0.0,0.0,,0.0,
2025,Poder Ejecutivo,Ramos Administrativos,"Desarrollo Agrario, Territorial y Urbano",E003,Aprobado,107621857.0,61786320.0,0.0,0.0,169408177.0,0.0,0.0,0.0,0.0,0.0,169408177.0,100.0,0.0,0.0
2025,Poder Ejecutivo,Ramos Administrativos,"Desarrollo Agrario, Territorial y Urbano",E003,Modificado,110586290.91,57113143.93,0.0,2663268.37,170362703.21,0.0,0.0,0.0,0.0,0.0,170362703.21,100.0,0.0,0.0
2025,Poder Ejecutivo,Ramos Administrativos,"Desarrollo Agrario, Territorial y Urbano",E003,Devengado,110586290.91,57113143.93,0.0,2663268.37,170362703.21,0.0,0.0,0.0,0.0,0.0,170362703.21,100.0,0.0,0.0
2025,Poder Ejecutivo,Ramos Administrativos,"Desarrollo Agrario, Territorial y Urbano",E003,Ejercido,110586290.91,57113143.93,0.0,2663268.37,170362703.21,0.0,0.0,0.0,0.0,0.0,170362703.21,100.0,0.0,0.0
2025,Poder Ejecutivo,Ramos Administrativos,"Desarrollo Agrario, Territorial y Urbano",E003,Porcentaje Ejer/Aprob,102.75449057713249,92.43655218501442,0.0,0.0,100.56344754244064,0.0,0.0,0.0,0.0,0.0,100.56344754244064,,0.0,
2025,Poder Ejecutivo,Ramos Administrativos,"Desarrollo Agrario, Territorial y Urbano",E003,Porcentaje Ejer/Modif,100.0,100.0,0.0,100.0,100.0,0.0,0.0,0.0,0.0,0.0,100.0,,0.0,
2025,Poder Ejecutivo,Ramos Administrativos,"Desarrollo Agrario, Territorial y Urbano",G001,"Atención de asuntos jurídicos en materia agraria, territorial, urbana y vivienda",0.0,0.0,0.0,0.0,0.0,0.0,0.0,0.0,0.0,0.0,0.0,,0.0,
2025,Poder Ejecutivo,Ramos Administrativos,"Desarrollo Agrario, Territorial y Urbano",G001,Aprobado,9381431.0,0.0,0.0,0.0,9381431.0,0.0,0.0,0.0,0.0,0.0,9381431.0,100.0,0.0,0.0
2025,Poder Ejecutivo,Ramos Administrativos,"Desarrollo Agrario, Territorial y Urbano",G001,Modificado,10053579.31,0.0,0.0,0.0,10053579.31,0.0,0.0,0.0,0.0,0.0,10053579.31,100.0,0.0,0.0
2025,Poder Ejecutivo,Ramos Administrativos,"Desarrollo Agrario, Territorial y Urbano",G001,Devengado,10053579.31,0.0,0.0,0.0,10053579.31,0.0,0.0,0.0,0.0,0.0,10053579.31,100.0,0.0,0.0
2025,Poder Ejecutivo,Ramos Administrativos,"Desarrollo Agrario, Territorial y Urbano",G001,Ejercido,10053579.31,0.0,0.0,0.0,10053579.31,0.0,0.0,0.0,0.0,0.0,10053579.31,100.0,0.0,0.0
2025,Poder Ejecutivo,Ramos Administrativos,"Desarrollo Agrario, Territorial y Urbano",G001,Porcentaje Ejer/Aprob,107.16466720269008,0.0,0.0,0.0,107.16466720269008,0.0,0.0,0.0,0.0,0.0,107.16466720269008,,0.0,
2025,Poder Ejecutivo,Ramos Administrativos,"Desarrollo Agrario, Territorial y Urbano",G001,Porcentaje Ejer/Modif,100.0,0.0,0.0,0.0,100.0,0.0,0.0,0.0,0.0,0.0,100.0,,0.0,
2025,Poder Ejecutivo,Ramos Administrativos,"Desarrollo Agrario, Territorial y Urbano",L001,Obligaciones jurídicas Ineludibles,0.0,0.0,0.0,0.0,0.0,0.0,0.0,0.0,0.0,0.0,0.0,,0.0,
2025,Poder Ejecutivo,Ramos Administrativos,"Desarrollo Agrario, Territorial y Urbano",L001,Aprobado,0.0,0.0,0.0,117294181.0,117294181.0,0.0,0.0,0.0,0.0,0.0,117294181.0,100.0,0.0,0.0
2025,Poder Ejecutivo,Ramos Administrativos,"Desarrollo Agrario, Territorial y Urbano",L001,Modificado,0.0,1194191.37,0.0,252349272.38,253543463.75,0.0,0.0,0.0,0.0,0.0,253543463.75,100.0,0.0,0.0
2025,Poder Ejecutivo,Ramos Administrativos,"Desarrollo Agrario, Territorial y Urbano",L001,Devengado,0.0,1194191.37,0.0,252349272.38,253543463.75,0.0,0.0,0.0,0.0,0.0,253543463.75,100.0,0.0,0.0
2025,Poder Ejecutivo,Ramos Administrativos,"Desarrollo Agrario, Territorial y Urbano",L001,Ejercido,0.0,1194191.37,0.0,252349272.38,253543463.75,0.0,0.0,0.0,0.0,0.0,253543463.75,100.0,0.0,0.0
2025,Poder Ejecutivo,Ramos Administrativos,"Desarrollo Agrario, Territorial y Urbano",L001,Porcentaje Ejer/Aprob,0.0,0.0,0.0,215.14219224566648,216.16030871130766,0.0,0.0,0.0,0.0,0.0,216.16030871130766,,0.0,
2025,Poder Ejecutivo,Ramos Administrativos,"Desarrollo Agrario, Territorial y Urbano",L001,Porcentaje Ejer/Modif,0.0,100.0,0.0,100.0,100.0,0.0,0.0,0.0,0.0,0.0,100.0,,0.0,
2025,Poder Ejecutivo,Ramos Administrativos,"Desarrollo Agrario, Territorial y Urbano",M001,Actividades de apoyo administrativo,0.0,0.0,0.0,0.0,0.0,0.0,0.0,0.0,0.0,0.0,0.0,,0.0,
2025,Poder Ejecutivo,Ramos Administrativos,"Desarrollo Agrario, Territorial y Urbano",M001,Aprobado,536604973.0,237073670.0,0.0,0.0,773678643.0,0.0,0.0,0.0,0.0,0.0,773678643.0,100.0,0.0,0.0
2025,Poder Ejecutivo,Ramos Administrativos,"Desarrollo Agrario, Territorial y Urbano",M001,Modificado,534340006.11,204500263.99,0.0,12139603.73,750979873.83,0.0,0.0,0.0,0.0,0.0,750979873.83,100.0,0.0,0.0
2025,Poder Ejecutivo,Ramos Administrativos,"Desarrollo Agrario, Territorial y Urbano",M001,Devengado,534340006.11,204500263.99,0.0,12139603.73,750979873.83,0.0,0.0,0.0,0.0,0.0,750979873.83,100.0,0.0,0.0
2025,Poder Ejecutivo,Ramos Administrativos,"Desarrollo Agrario, Territorial y Urbano",M001,Ejercido,534340006.11,204500263.99,0.0,12139603.73,750979873.83,0.0,0.0,0.0,0.0,0.0,750979873.83,100.0,0.0,0.0
2025,Poder Ejecutivo,Ramos Administrativos,"Desarrollo Agrario, Territorial y Urbano",M001,Porcentaje Ejer/Aprob,99.57790795762901,86.26021775847146,0.0,0.0,97.06612436890029,0.0,0.0,0.0,0.0,0.0,97.06612436890029,,0.0,
2025,Poder Ejecutivo,Ramos Administrativos,"Desarrollo Agrario, Territorial y Urbano",M001,Porcentaje Ejer/Modif,100.0,100.0,0.0,100.0,100.0,0.0,0.0,0.0,0.0,0.0,100.0,,0.0,
2025,Poder Ejecutivo,Ramos Administrativos,"Desarrollo Agrario, Territorial y Urbano",O001,Actividades de apoyo a la función pública y buen gobierno,0.0,0.0,0.0,0.0,0.0,0.0,0.0,0.0,0.0,0.0,0.0,,0.0,
2025,Poder Ejecutivo,Ramos Administrativos,"Desarrollo Agrario, Territorial y Urbano",O001,Aprobado,25737741.0,870695.0,0.0,0.0,26608436.0,0.0,0.0,0.0,0.0,0.0,26608436.0,100.0,0.0,0.0
2025,Poder Ejecutivo,Ramos Administrativos,"Desarrollo Agrario, Territorial y Urbano",O001,Modificado,16191044.44,428845.93,0.0,0.0,16619890.37,0.0,0.0,0.0,0.0,0.0,16619890.37,100.0,0.0,0.0
2025,Poder Ejecutivo,Ramos Administrativos,"Desarrollo Agrario, Territorial y Urbano",O001,Devengado,16191044.44,428845.93,0.0,0.0,16619890.37,0.0,0.0,0.0,0.0,0.0,16619890.37,100.0,0.0,0.0
2025,Poder Ejecutivo,Ramos Administrativos,"Desarrollo Agrario, Territorial y Urbano",O001,Ejercido,16191044.44,428845.93,0.0,0.0,16619890.37,0.0,0.0,0.0,0.0,0.0,16619890.37,100.0,0.0,0.0
2025,Poder Ejecutivo,Ramos Administrativos,"Desarrollo Agrario, Territorial y Urbano",O001,Porcentaje Ejer/Aprob,62.90779148022353,49.2532896134697,0.0,0.0,62.46098181043034,0.0,0.0,0.0,0.0,0.0,62.46098181043034,,0.0,
2025,Poder Ejecutivo,Ramos Administrativos,"Desarrollo Agrario, Territorial y Urbano",O001,Porcentaje Ejer/Modif,100.0,100.0,0.0,0.0,100.0,0.0,0.0,0.0,0.0,0.0,100.0,,0.0,
2025,Poder Ejecutivo,Ramos Administrativos,"Desarrollo Agrario, Territorial y Urbano",P003,Modernización del Catastro Rural Nacional,0.0,0.0,0.0,0.0,0.0,0.0,0.0,0.0,0.0,0.0,0.0,,0.0,
2025,Poder Ejecutivo,Ramos Administrativos,"Desarrollo Agrario, Territorial y Urbano",P003,Aprobado,0.0,141970799.0,0.0,0.0,141970799.0,0.0,0.0,0.0,0.0,0.0,141970799.0,100.0,0.0,0.0
2025,Poder Ejecutivo,Ramos Administrativos,"Desarrollo Agrario, Territorial y Urbano",P003,Modificado,0.0,310785319.9,0.0,0.0,310785319.9,0.0,0.0,0.0,0.0,0.0,310785319.9,100.0,0.0,0.0
2025,Poder Ejecutivo,Ramos Administrativos,"Desarrollo Agrario, Territorial y Urbano",P003,Devengado,0.0,310785319.9,0.0,0.0,310785319.9,0.0,0.0,0.0,0.0,0.0,310785319.9,100.0,0.0,0.0
2025,Poder Ejecutivo,Ramos Administrativos,"Desarrollo Agrario, Territorial y Urbano",P003,Ejercido,0.0,310785319.9,0.0,0.0,310785319.9,0.0,0.0,0.0,0.0,0.0,310785319.9,100.0,0.0,0.0
2025,Poder Ejecutivo,Ramos Administrativos,"Desarrollo Agrario, Territorial y Urbano",P003,Porcentaje Ejer/Aprob,0.0,218.90791774722632,0.0,0.0,218.90791774722632,0.0,0.0,0.0,0.0,0.0,218.90791774722632,,0.0,
2025,Poder Ejecutivo,Ramos Administrativos,"Desarrollo Agrario, Territorial y Urbano",P003,Porcentaje Ejer/Modif,0.0,100.0,0.0,0.0,100.0,0.0,0.0,0.0,0.0,0.0,100.0,,0.0,
2025,Poder Ejecutivo,Ramos Administrativos,"Desarrollo Agrario, Territorial y Urbano",P004,Conducción e instrumentación de la política nacional de vivienda,0.0,0.0,0.0,0.0,0.0,0.0,0.0,0.0,0.0,0.0,0.0,,0.0,
2025,Poder Ejecutivo,Ramos Administrativos,"Desarrollo Agrario, Territorial y Urbano",P004,Aprobado,22623401.0,56463534.0,0.0,590720.0,79677655.0,0.0,0.0,0.0,0.0,0.0,79677655.0,100.0,0.0,0.0
2025,Poder Ejecutivo,Ramos Administrativos,"Desarrollo Agrario, Territorial y Urbano",P004,Modificado,22720514.12,23588908.65,0.0,210000.0,46519422.77,0.0,0.0,0.0,1000.0,1000.0,46520422.77,99.99785040646569,0.0,0.0
2025,Poder Ejecutivo,Ramos Administrativos,"Desarrollo Agrario, Territorial y Urbano",P004,Devengado,22720514.12,23588908.65,0.0,210000.0,46519422.77,0.0,0.0,0.0,1000.0,1000.0,46520422.77,99.99785040646569,0.0,0.0
2025,Poder Ejecutivo,Ramos Administrativos,"Desarrollo Agrario, Territorial y Urbano",P004,Ejercido,22720514.12,23588908.65,0.0,210000.0,46519422.77,0.0,0.0,0.0,1000.0,1000.0,46520422.77,99.99785040646569,0.0,0.0
2025,Poder Ejecutivo,Ramos Administrativos,"Desarrollo Agrario, Territorial y Urbano",P004,Porcentaje Ejer/Aprob,100.42925959717553,41.777244495535825,0.0,35.5498374864572,58.38452797085959,0.0,0.0,0.0,0.0,0.0,58.38578302787651,,0.0,
2025,Poder Ejecutivo,Ramos Administrativos,"Desarrollo Agrario, Territorial y Urbano",P004,Porcentaje Ejer/Modif,100.0,100.0,0.0,100.0,100.0,0.0,0.0,0.0,100.0,100.0,100.0,,0.0,
2025,Poder Ejecutivo,Ramos Administrativos,"Desarrollo Agrario, Territorial y Urbano",P005,Política de Desarrollo Urbano y Ordenamiento del Territorio,0.0,0.0,0.0,0.0,0.0,0.0,0.0,0.0,0.0,0.0,0.0,,0.0,
2025,Poder Ejecutivo,Ramos Administrativos,"Desarrollo Agrario, Territorial y Urbano",P005,Aprobado,666939332.0,179646092.0,0.0,0.0,846585424.0,0.0,0.0,0.0,0.0,0.0,846585424.0,100.0,0.0,0.0
2025,Poder Ejecutivo,Ramos Administrativos,"Desarrollo Agrario, Territorial y Urbano",P005,Modificado,706978191.88,362358335.28,0.0,6991149.64,1076327676.8,0.0,0.0,0.0,0.0,0.0,1076327676.8,100.0,0.0,0.0
2025,Poder Ejecutivo,Ramos Administrativos,"Desarrollo Agrario, Territorial y Urbano",P005,Devengado,706978191.88,362358335.28,0.0,6991149.64,1076327676.8,0.0,0.0,0.0,0.0,0.0,1076327676.8,100.0,0.0,0.0
2025,Poder Ejecutivo,Ramos Administrativos,"Desarrollo Agrario, Territorial y Urbano",P005,Ejercido,706978191.88,362358335.28,0.0,6991149.64,1076327676.8,0.0,0.0,0.0,0.0,0.0,1076327676.8,100.0,0.0,0.0
2025,Poder Ejecutivo,Ramos Administrativos,"Desarrollo Agrario, Territorial y Urbano",P005,Porcentaje Ejer/Aprob,106.00337361419854,201.706773159307,0.0,0.0,127.1375157529289,0.0,0.0,0.0,0.0,0.0,127.1375157529289,,0.0,
2025,Poder Ejecutivo,Ramos Administrativos,"Desarrollo Agrario, Territorial y Urbano",P005,Porcentaje Ejer/Modif,100.0,100.0,0.0,100.0,100.0,0.0,0.0,0.0,0.0,0.0,100.0,,0.0,
2025,Poder Ejecutivo,Ramos Administrativos,"Desarrollo Agrario, Territorial y Urbano",S177,Programa de Vivienda Social,0.0,0.0,0.0,0.0,0.0,0.0,0.0,0.0,0.0,0.0,0.0,,0.0,
2025,Poder Ejecutivo,Ramos Administrativos,"Desarrollo Agrario, Territorial y Urbano",S177,Aprobado,0.0,0.0,32000000000.0,0.0,32000000000.0,0.0,0.0,0.0,0.0,0.0,32000000000.0,100.0,0.0,0.0
2025,Poder Ejecutivo,Ramos Administrativos,"Desarrollo Agrario, Territorial y Urbano",S177,Modificado,130204277.3,154572948.89,16528315571.66,0.0,16813092797.85,0.0,0.0,0.0,0.0,0.0,16813092797.85,100.0,0.0,0.0
2025,Poder Ejecutivo,Ramos Administrativos,"Desarrollo Agrario, Territorial y Urbano",S177,Devengado,130204277.3,154572948.89,16528315571.66,0.0,16813092797.85,0.0,0.0,0.0,0.0,0.0,16813092797.85,100.0,0.0,0.0
2025,Poder Ejecutivo,Ramos Administrativos,"Desarrollo Agrario, Territorial y Urbano",S177,Ejercido,130204277.3,154572948.89,16528315571.66,0.0,16813092797.85,0.0,0.0,0.0,0.0,0.0,16813092797.85,100.0,0.0,0.0
2025,Poder Ejecutivo,Ramos Administrativos,"Desarrollo Agrario, Territorial y Urbano",S177,Porcentaje Ejer/Aprob,0.0,0.0,51.650986161437494,0.0,52.54091499328125,0.0,0.0,0.0,0.0,0.0,52.54091499328125,,0.0,
2025,Poder Ejecutivo,Ramos Administrativos,"Desarrollo Agrario, Territorial y Urbano",S177,Porcentaje Ejer/Modif,100.0,100.0,100.0,0.0,100.0,0.0,0.0,0.0,0.0,0.0,100.0,,0.0,
2025,Poder Ejecutivo,Ramos Administrativos,"Desarrollo Agrario, Territorial y Urbano",S213,Programa para Regularizar Asentamientos Humanos,0.0,0.0,0.0,0.0,0.0,0.0,0.0,0.0,0.0,0.0,0.0,,0.0,
2025,Poder Ejecutivo,Ramos Administrativos,"Desarrollo Agrario, Territorial y Urbano",S213,Aprobado,4374316.0,0.0,79961338.0,0.0,84335654.0,0.0,0.0,0.0,0.0,0.0,84335654.0,100.0,0.0,0.0
2025,Poder Ejecutivo,Ramos Administrativos,"Desarrollo Agrario, Territorial y Urbano",S213,Modificado,4311316.0,281420.28,79242184.0,0.0,83834920.28,0.0,0.0,0.0,0.0,0.0,83834920.28,100.0,0.0,0.0
2025,Poder Ejecutivo,Ramos Administrativos,"Desarrollo Agrario, Territorial y Urbano",S213,Devengado,4311316.0,281420.28,79242184.0,0.0,83834920.28,0.0,0.0,0.0,0.0,0.0,83834920.28,100.0,0.0,0.0
2025,Poder Ejecutivo,Ramos Administrativos,"Desarrollo Agrario, Territorial y Urbano",S213,Ejercido,4311316.0,281420.28,79242184.0,0.0,83834920.28,0.0,0.0,0.0,0.0,0.0,83834920.28,100.0,0.0,0.0
2025,Poder Ejecutivo,Ramos Administrativos,"Desarrollo Agrario, Territorial y Urbano",S213,Porcentaje Ejer/Aprob,98.55977483108217,0.0,99.10062285350953,0.0,99.40626093917527,0.0,0.0,0.0,0.0,0.0,99.40626093917527,,0.0,
2025,Poder Ejecutivo,Ramos Administrativos,"Desarrollo Agrario, Territorial y Urbano",S213,Porcentaje Ejer/Modif,100.0,100.0,100.0,0.0,100.0,0.0,0.0,0.0,0.0,0.0,100.0,,0.0,
2025,Poder Ejecutivo,Ramos Administrativos,"Desarrollo Agrario, Territorial y Urbano",S273,Programa de Mejoramiento Urbano (PMU),0.0,0.0,0.0,0.0,0.0,0.0,0.0,0.0,0.0,0.0,0.0,,0.0,
2025,Poder Ejecutivo,Ramos Administrativos,"Desarrollo Agrario, Territorial y Urbano",S273,Aprobado,0.0,0.0,2500000000.0,0.0,2500000000.0,0.0,0.0,0.0,0.0,0.0,2500000000.0,100.0,0.0,0.0
2025,Poder Ejecutivo,Ramos Administrativos,"Desarrollo Agrario, Territorial y Urbano",S273,Modificado,73253059.32,260841879.94,2030900850.34,0.0,2364995789.6,0.0,0.0,0.0,0.0,0.0,2364995789.6,100.0,0.0,0.0
2025,Poder Ejecutivo,Ramos Administrativos,"Desarrollo Agrario, Territorial y Urbano",S273,Devengado,73253059.32,260841879.94,2030900850.34,0.0,2364995789.6,0.0,0.0,0.0,0.0,0.0,2364995789.6,100.0,0.0,0.0
2025,Poder Ejecutivo,Ramos Administrativos,"Desarrollo Agrario, Territorial y Urbano",S273,Ejercido,73253059.32,260841879.94,2030900850.34,0.0,2364995789.6,0.0,0.0,0.0,0.0,0.0,2364995789.6,100.0,0.0,0.0
2025,Poder Ejecutivo,Ramos Administrativos,"Desarrollo Agrario, Territorial y Urbano",S273,Porcentaje Ejer/Aprob,0.0,0.0,81.2360340136,0.0,94.599831584,0.0,0.0,0.0,0.0,0.0,94.599831584,,0.0,
2025,Poder Ejecutivo,Ramos Administrativos,"Desarrollo Agrario, Territorial y Urbano",S273,Porcentaje Ejer/Modif,100.0,100.0,100.0,0.0,100.0,0.0,0.0,0.0,0.0,0.0,100.0,,0.0,
2025,Poder Ejecutivo,Ramos Administrativos,"Desarrollo Agrario, Territorial y Urbano",U001,Regularización y Registro de Actos Jurídicos Agrarios,0.0,0.0,0.0,0.0,0.0,0.0,0.0,0.0,0.0,0.0,0.0,,0.0,
2025,Poder Ejecutivo,Ramos Administrativos,"Desarrollo Agrario, Territorial y Urbano",U001,Aprobado,85389545.0,3447444.0,149398794.0,0.0,238235783.0,0.0,0.0,0.0,0.0,0.0,238235783.0,100.0,0.0,0.0
2025,Poder Ejecutivo,Ramos Administrativos,"Desarrollo Agrario, Territorial y Urbano",U001,Modificado,88102313.89,9987330.56,130242126.66,0.0,228331771.11,0.0,0.0,0.0,0.0,0.0,228331771.11,100.0,0.0,0.0
2025,Poder Ejecutivo,Ramos Administrativos,"Desarrollo Agrario, Territorial y Urbano",U001,Devengado,88102313.89,9987330.56,130242126.66,0.0,228331771.11,0.0,0.0,0.0,0.0,0.0,228331771.11,100.0,0.0,0.0
2025,Poder Ejecutivo,Ramos Administrativos,"Desarrollo Agrario, Territorial y Urbano",U001,Ejercido,88102313.89,9987330.56,130242126.66,0.0,228331771.11,0.0,0.0,0.0,0.0,0.0,228331771.11,100.0,0.0,0.0
2025,Poder Ejecutivo,Ramos Administrativos,"Desarrollo Agrario, Territorial y Urbano",U001,Porcentaje Ejer/Aprob,103.17693330020671,289.70247406484344,87.17749532837594,0.0,95.84276897228324,0.0,0.0,0.0,0.0,0.0,95.84276897228324,,0.0,
2025,Poder Ejecutivo,Ramos Administrativos,"Desarrollo Agrario, Territorial y Urbano",U001,Porcentaje Ejer/Modif,100.0,100.0,100.0,0.0,100.0,0.0,0.0,0.0,0.0,0.0,100.0,,0.0,
2025,Poder Ejecutivo,Ramos Administrativos,"Desarrollo Agrario, Territorial y Urbano",U003,Programa de modernización de los registros públicos de la propiedad y catastros,0.0,0.0,0.0,0.0,0.0,0.0,0.0,0.0,0.0,0.0,0.0,,0.0,
2025,Poder Ejecutivo,Ramos Administrativos,"Desarrollo Agrario, Territorial y Urbano",U003,Aprobado,0.0,0.0,91768397.0,0.0,91768397.0,0.0,0.0,0.0,0.0,0.0,91768397.0,100.0,0.0,0.0
2025,Poder Ejecutivo,Ramos Administrativos,"Desarrollo Agrario, Territorial y Urbano",U003,Modificado,0.0,2054453.29,81831109.72,0.0,83885563.01,0.0,0.0,0.0,0.0,0.0,83885563.01,100.0,0.0,0.0
2025,Poder Ejecutivo,Ramos Administrativos,"Desarrollo Agrario, Territorial y Urbano",U003,Devengado,0.0,2054453.29,81831109.72,0.0,83885563.01,0.0,0.0,0.0,0.0,0.0,83885563.01,100.0,0.0,0.0
2025,Poder Ejecutivo,Ramos Administrativos,"Desarrollo Agrario, Territorial y Urbano",U003,Ejercido,0.0,2054453.29,81831109.72,0.0,83885563.01,0.0,0.0,0.0,0.0,0.0,83885563.01,100.0,0.0,0.0
2025,Poder Ejecutivo,Ramos Administrativos,"Desarrollo Agrario, Territorial y Urbano",U003,Porcentaje Ejer/Aprob,0.0,0.0,89.17134045612674,0.0,91.41007770899606,0.0,0.0,0.0,0.0,0.0,91.41007770899606,,0.0,
2025,Poder Ejecutivo,Ramos Administrativos,"Desarrollo Agrario, Territorial y Urbano",U003,Porcentaje Ejer/Modif,0.0,100.0,100.0,0.0,100.0,0.0,0.0,0.0,0.0,0.0,100.0,,0.0,
2025,Poder Ejecutivo,Ramos Administrativos,Medio Ambiente y Recursos Naturales,TOTAL,Aprobado,8555608377.0,10122342825.0,348289403.0,340641624.0,19366882229.0,0.0,20000000001.0,5003640141.0,0.0,25003640142.0,44370522371.0,43.648082542426735,0.0,56.351917457573265
2025,Poder Ejecutivo,Ramos Administrativos,Medio Ambiente y Recursos Naturales,TOTAL,Modificado,10516601518.97,11199141539.43,301106132.89,751567056.95,22768416248.24,0.0,13202150639.0,6424101415.12,0.0,19626252054.12,42394668302.36,53.70584830586478,0.0,46.29415169413522
2025,Poder Ejecutivo,Ramos Administrativos,Medio Ambiente y Recursos Naturales,TOTAL,Devengado,10516601518.97,11198692735.04,301106132.89,751565256.95,22767965643.85,0.0,13201943893.81,6423949228.8,0.0,19625893122.61,42393858766.46,53.7058109507666,0.0,46.2941890492334
2025,Poder Ejecutivo,Ramos Administrativos,Medio Ambiente y Recursos Naturales,TOTAL,Ejercido,10516601518.97,11198692735.04,301106132.89,751565256.95,22767965643.85,0.0,13201943893.81,6423949228.8,0.0,19625893122.61,42393858766.46,53.7058109507666,0.0,46.2941890492334
2025,Poder Ejecutivo,Ramos Administrativos,Medio Ambiente y Recursos Naturales,TOTAL,Porcentaje Ejer/Aprob,122.92055755195304,110.63340699528226,86.45285509590998,220.63224338960995,117.56133679460916,0.0,66.00971946574951,128.38551629966227,0.0,78.49214358849814,95.54509728776165,,0.0,
2025,Poder Ejecutivo,Ramos Administrativos,Medio Ambiente y Recursos Naturales,TOTAL,Porcentaje Ejer/Modif,100.0,99.99599251077935,100.0,99.99976050041266,99.99802092343583,0.0,99.99843400370398,99.99763101000177,0.0,99.99817116630823,99.99809047709908,,0.0,
2025,Poder Ejecutivo,Ramos Administrativos,Medio Ambiente y Recursos Naturales,E001,Operación y mantenimiento de infraestructura hídrica,0.0,0.0,0.0,0.0,0.0,0.0,0.0,0.0,0.0,0.0,0.0,,0.0,
2025,Poder Ejecutivo,Ramos Administrativos,Medio Ambiente y Recursos Naturales,E001,Aprobado,0.0,4809919676.0,0.0,0.0,4809919676.0,0.0,0.0,0.0,0.0,0.0,4809919676.0,100.0,0.0,0.0
2025,Poder Ejecutivo,Ramos Administrativos,Medio Ambiente y Recursos Naturales,E001,Modificado,0.0,4290863023.98,0.0,0.0,4290863023.98,0.0,0.0,0.0,0.0,0.0,4290863023.98,100.0,0.0,0.0
2025,Poder Ejecutivo,Ramos Administrativos,Medio Ambiente y Recursos Naturales,E001,Devengado,0.0,4290858708.31,0.0,0.0,4290858708.31,0.0,0.0,0.0,0.0,0.0,4290858708.31,100.0,0.0,0.0
2025,Poder Ejecutivo,Ramos Administrativos,Medio Ambiente y Recursos Naturales,E001,Ejercido,0.0,4290858708.31,0.0,0.0,4290858708.31,0.0,0.0,0.0,0.0,0.0,4290858708.31,100.0,0.0,0.0
2025,Poder Ejecutivo,Ramos Administrativos,Medio Ambiente y Recursos Naturales,E001,Porcentaje Ejer/Aprob,0.0,89.20853147964294,0.0,0.0,89.20853147964294,0.0,0.0,0.0,0.0,0.0,89.20853147964294,,0.0,
2025,Poder Ejecutivo,Ramos Administrativos,Medio Ambiente y Recursos Naturales,E001,Porcentaje Ejer/Modif,0.0,99.99989942186511,0.0,0.0,99.99989942186511,0.0,0.0,0.0,0.0,0.0,99.99989942186511,,0.0,
2025,Poder Ejecutivo,Ramos Administrativos,Medio Ambiente y Recursos Naturales,E005,Capacitación Ambiental y Desarrollo Sustentable,0.0,0.0,0.0,0.0,0.0,0.0,0.0,0.0,0.0,0.0,0.0,,0.0,
2025,Poder Ejecutivo,Ramos Administrativos,Medio Ambiente y Recursos Naturales,E005,Aprobado,10373102.0,4097697.0,0.0,431449.0,14902248.0,0.0,0.0,15989407.0,0.0,15989407.0,30891655.0,48.24036782749257,0.0,51.75963217250743
2025,Poder Ejecutivo,Ramos Administrativos,Medio Ambiente y Recursos Naturales,E005,Modificado,13732712.87,7772978.23,0.0,73796.2,21579487.3,0.0,0.0,13923640.18,0.0,13923640.18,35503127.48,60.781933400533205,0.0,39.21806659946681
2025,Poder Ejecutivo,Ramos Administrativos,Medio Ambiente y Recursos Naturales,E005,Devengado,13732712.87,7772978.23,0.0,73796.2,21579487.3,0.0,0.0,13923640.18,0.0,13923640.18,35503127.48,60.781933400533205,0.0,39.21806659946681
2025,Poder Ejecutivo,Ramos Administrativos,Medio Ambiente y Recursos Naturales,E005,Ejercido,13732712.87,7772978.23,0.0,73796.2,21579487.3,0.0,0.0,13923640.18,0.0,13923640.18,35503127.48,60.781933400533205,0.0,39.21806659946681
2025,Poder Ejecutivo,Ramos Administrativos,Medio Ambiente y Recursos Naturales,E005,Porcentaje Ejer/Aprob,132.38771651912802,189.69138591750442,0.0,17.104269566043726,144.80692644492294,0.0,0.0,87.08040379483741,0.0,87.08040379483741,114.92789065525947,,0.0,
2025,Poder Ejecutivo,Ramos Administrativos,Medio Ambiente y Recursos Naturales,E005,Porcentaje Ejer/Modif,100.0,100.0,0.0,100.0,100.0,0.0,0.0,100.0,0.0,100.0,100.0,,0.0,
2025,Poder Ejecutivo,Ramos Administrativos,Medio Ambiente y Recursos Naturales,E006,Sistemas Meteorológicos e Hidrológicos,0.0,0.0,0.0,0.0,0.0,0.0,0.0,0.0,0.0,0.0,0.0,,0.0,
2025,Poder Ejecutivo,Ramos Administrativos,Medio Ambiente y Recursos Naturales,E006,Aprobado,0.0,121590550.0,0.0,21852922.0,143443472.0,0.0,0.0,0.0,0.0,0.0,143443472.0,100.0,0.0,0.0
2025,Poder Ejecutivo,Ramos Administrativos,Medio Ambiente y Recursos Naturales,E006,Modificado,0.0,150351680.6,0.0,18618000.0,168969680.6,0.0,0.0,0.0,0.0,0.0,168969680.6,100.0,0.0,0.0
2025,Poder Ejecutivo,Ramos Administrativos,Medio Ambiente y Recursos Naturales,E006,Devengado,0.0,150239804.65,0.0,18616200.0,168856004.65,0.0,0.0,0.0,0.0,0.0,168856004.65,100.0,0.0,0.0
2025,Poder Ejecutivo,Ramos Administrativos,Medio Ambiente y Recursos Naturales,E006,Ejercido,0.0,150239804.65,0.0,18616200.0,168856004.65,0.0,0.0,0.0,0.0,0.0,168856004.65,100.0,0.0,0.0
2025,Poder Ejecutivo,Ramos Administrativos,Medio Ambiente y Recursos Naturales,E006,Porcentaje Ejer/Aprob,0.0,123.56207340948784,0.0,85.18860772943773,117.71606075597501,0.0,0.0,0.0,0.0,0.0,117.71606075597501,,0.0,
2025,Poder Ejecutivo,Ramos Administrativos,Medio Ambiente y Recursos Naturales,E006,Porcentaje Ejer/Modif,0.0,99.92559048920936,0.0,99.99033193683532,99.9327240546373,0.0,0.0,0.0,0.0,0.0,99.9327240546373,,0.0,
2025,Poder Ejecutivo,Ramos Administrativos,Medio Ambiente y Recursos Naturales,E009,Investigación científica y tecnológica,0.0,0.0,0.0,0.0,0.0,0.0,0.0,0.0,0.0,0.0,0.0,,0.0,
2025,Poder Ejecutivo,Ramos Administrativos,Medio Ambiente y Recursos Naturales,E009,Aprobado,177980969.0,15887568.0,0.0,0.0,193868537.0,0.0,0.0,0.0,0.0,0.0,193868537.0,100.0,0.0,0.0
2025,Poder Ejecutivo,Ramos Administrativos,Medio Ambiente y Recursos Naturales,E009,Modificado,192003683.12,16308551.38,0.0,10000000.0,218312234.5,0.0,0.0,0.0,0.0,0.0,218312234.5,100.0,0.0,0.0
2025,Poder Ejecutivo,Ramos Administrativos,Medio Ambiente y Recursos Naturales,E009,Devengado,192003683.12,16308551.38,0.0,10000000.0,218312234.5,0.0,0.0,0.0,0.0,0.0,218312234.5,100.0,0.0,0.0
2025,Poder Ejecutivo,Ramos Administrativos,Medio Ambiente y Recursos Naturales,E009,Ejercido,192003683.12,16308551.38,0.0,10000000.0,218312234.5,0.0,0.0,0.0,0.0,0.0,218312234.5,100.0,0.0,0.0
2025,Poder Ejecutivo,Ramos Administrativos,Medio Ambiente y Recursos Naturales,E009,Porcentaje Ejer/Aprob,107.87877164552353,102.64976603089913,0.0,0.0,112.60838807485301,0.0,0.0,0.0,0.0,0.0,112.60838807485301,,0.0,
2025,Poder Ejecutivo,Ramos Administrativos,Medio Ambiente y Recursos Naturales,E009,Porcentaje Ejer/Modif,100.0,100.0,0.0,100.0,100.0,0.0,0.0,0.0,0.0,0.0,100.0,,0.0,
2025,Poder Ejecutivo,Ramos Administrativos,Medio Ambiente y Recursos Naturales,E014,Protección Forestal,0.0,0.0,0.0,0.0,0.0,0.0,0.0,0.0,0.0,0.0,0.0,,0.0,
2025,Poder Ejecutivo,Ramos Administrativos,Medio Ambiente y Recursos Naturales,E014,Aprobado,861797543.0,443972947.0,0.0,101885613.0,1407656103.0,0.0,0.0,0.0,0.0,0.0,1407656103.0,100.0,0.0,0.0
2025,Poder Ejecutivo,Ramos Administrativos,Medio Ambiente y Recursos Naturales,E014,Modificado,1108087270.76,362588612.34,5000000.0,152924696.52,1628600579.62,0.0,0.0,0.0,0.0,0.0,1628600579.62,100.0,0.0,0.0
2025,Poder Ejecutivo,Ramos Administrativos,Medio Ambiente y Recursos Naturales,E014,Devengado,1108087270.76,362588612.34,5000000.0,152924696.52,1628600579.62,0.0,0.0,0.0,0.0,0.0,1628600579.62,100.0,0.0,0.0
2025,Poder Ejecutivo,Ramos Administrativos,Medio Ambiente y Recursos Naturales,E014,Ejercido,1108087270.76,362588612.34,5000000.0,152924696.52,1628600579.62,0.0,0.0,0.0,0.0,0.0,1628600579.62,100.0,0.0,0.0
2025,Poder Ejecutivo,Ramos Administrativos,Medio Ambiente y Recursos Naturales,E014,Porcentaje Ejer/Aprob,128.5786063978138,81.66907799001545,0.0,150.09449520610926,115.69591295410311,0.0,0.0,0.0,0.0,0.0,115.69591295410311,,0.0,
2025,Poder Ejecutivo,Ramos Administrativos,Medio Ambiente y Recursos Naturales,E014,Porcentaje Ejer/Modif,100.0,100.0,100.0,100.0,100.0,0.0,0.0,0.0,0.0,0.0,100.0,,0.0,
2025,Poder Ejecutivo,Ramos Administrativos,Medio Ambiente y Recursos Naturales,E015,"Investigación en Cambio Climático, Sustentabilidad y Crecimiento Verde",0.0,0.0,0.0,0.0,0.0,0.0,0.0,0.0,0.0,0.0,0.0,,0.0,
2025,Poder Ejecutivo,Ramos Administrativos,Medio Ambiente y Recursos Naturales,E015,Aprobado,109686519.0,59389154.0,0.0,187109.0,169262782.0,0.0,0.0,0.0,0.0,0.0,169262782.0,100.0,0.0,0.0
2025,Poder Ejecutivo,Ramos Administrativos,Medio Ambiente y Recursos Naturales,E015,Modificado,127570965.41,54519457.37,0.0,18233229.58,200323652.36,0.0,0.0,0.0,0.0,0.0,200323652.36,100.0,0.0,0.0
2025,Poder Ejecutivo,Ramos Administrativos,Medio Ambiente y Recursos Naturales,E015,Devengado,127570965.41,54519457.37,0.0,18233229.58,200323652.36,0.0,0.0,0.0,0.0,0.0,200323652.36,100.0,0.0,0.0
2025,Poder Ejecutivo,Ramos Administrativos,Medio Ambiente y Recursos Naturales,E015,Ejercido,127570965.41,54519457.37,0.0,18233229.58,200323652.36,0.0,0.0,0.0,0.0,0.0,200323652.36,100.0,0.0,0.0
2025,Poder Ejecutivo,Ramos Administrativos,Medio Ambiente y Recursos Naturales,E015,Porcentaje Ejer/Aprob,116.30505423369301,91.80036033178718,0.0,0.0,118.35067933599248,0.0,0.0,0.0,0.0,0.0,118.35067933599248,,0.0,
2025,Poder Ejecutivo,Ramos Administrativos,Medio Ambiente y Recursos Naturales,E015,Porcentaje Ejer/Modif,100.0,100.0,0.0,100.0,100.0,0.0,0.0,0.0,0.0,0.0,100.0,,0.0,
2025,Poder Ejecutivo,Ramos Administrativos,Medio Ambiente y Recursos Naturales,E016,Conservación y Manejo de Áreas Naturales Protegidas,0.0,0.0,0.0,0.0,0.0,0.0,0.0,0.0,0.0,0.0,0.0,,0.0,
2025,Poder Ejecutivo,Ramos Administrativos,Medio Ambiente y Recursos Naturales,E016,Aprobado,0.0,115775394.0,0.0,2306952.0,118082346.0,0.0,0.0,0.0,0.0,0.0,118082346.0,100.0,0.0,0.0
2025,Poder Ejecutivo,Ramos Administrativos,Medio Ambiente y Recursos Naturales,E016,Modificado,0.0,205859244.85,0.0,3020402.54,208879647.39,0.0,0.0,0.0,0.0,0.0,208879647.39,100.0,0.0,0.0
2025,Poder Ejecutivo,Ramos Administrativos,Medio Ambiente y Recursos Naturales,E016,Devengado,0.0,205859244.85,0.0,3020402.54,208879647.39,0.0,0.0,0.0,0.0,0.0,208879647.39,100.0,0.0,0.0
2025,Poder Ejecutivo,Ramos Administrativos,Medio Ambiente y Recursos Naturales,E016,Ejercido,0.0,205859244.85,0.0,3020402.54,208879647.39,0.0,0.0,0.0,0.0,0.0,208879647.39,100.0,0.0,0.0
2025,Poder Ejecutivo,Ramos Administrativos,Medio Ambiente y Recursos Naturales,E016,Porcentaje Ejer/Aprob,0.0,177.8091507509791,0.0,130.9261111631278,176.89320585652996,0.0,0.0,0.0,0.0,0.0,176.89320585652996,,0.0,
2025,Poder Ejecutivo,Ramos Administrativos,Medio Ambiente y Recursos Naturales,E016,Porcentaje Ejer/Modif,0.0,100.0,0.0,100.0,100.0,0.0,0.0,0.0,0.0,0.0,100.0,,0.0,
2025,Poder Ejecutivo,Ramos Administrativos,Medio Ambiente y Recursos Naturales,G003,Regulación Ambiental,0.0,0.0,0.0,0.0,0.0,0.0,0.0,0.0,0.0,0.0,0.0,,0.0,
2025,Poder Ejecutivo,Ramos Administrativos,Medio Ambiente y Recursos Naturales,G003,Aprobado,692947120.0,106744123.0,0.0,97582.0,799788825.0,0.0,0.0,0.0,0.0,0.0,799788825.0,100.0,0.0,0.0
2025,Poder Ejecutivo,Ramos Administrativos,Medio Ambiente y Recursos Naturales,G003,Modificado,774742182.49,230084501.94,0.0,139200.0,1004965884.43,0.0,0.0,0.0,0.0,0.0,1004965884.43,100.0,0.0,0.0
2025,Poder Ejecutivo,Ramos Administrativos,Medio Ambiente y Recursos Naturales,G003,Devengado,774742182.49,230084501.94,0.0,139200.0,1004965884.43,0.0,0.0,0.0,0.0,0.0,1004965884.43,100.0,0.0,0.0
2025,Poder Ejecutivo,Ramos Administrativos,Medio Ambiente y Recursos Naturales,G003,Ejercido,774742182.49,230084501.94,0.0,139200.0,1004965884.43,0.0,0.0,0.0,0.0,0.0,1004965884.43,100.0,0.0,0.0
2025,Poder Ejecutivo,Ramos Administrativos,Medio Ambiente y Recursos Naturales,G003,Porcentaje Ejer/Aprob,111.8039400308064,215.5476999328572,0.0,142.64925908466725,125.65390425778955,0.0,0.0,0.0,0.0,0.0,125.65390425778955,,0.0,
2025,Poder Ejecutivo,Ramos Administrativos,Medio Ambiente y Recursos Naturales,G003,Porcentaje Ejer/Modif,100.0,100.0,0.0,100.0,100.0,0.0,0.0,0.0,0.0,0.0,100.0,,0.0,
2025,Poder Ejecutivo,Ramos Administrativos,Medio Ambiente y Recursos Naturales,G005,Inspección y Vigilancia del Medio Ambiente y Recursos Naturales,0.0,0.0,0.0,0.0,0.0,0.0,0.0,0.0,0.0,0.0,0.0,,0.0,
2025,Poder Ejecutivo,Ramos Administrativos,Medio Ambiente y Recursos Naturales,G005,Aprobado,0.0,194892551.0,0.0,0.0,194892551.0,0.0,0.0,0.0,0.0,0.0,194892551.0,100.0,0.0,0.0
2025,Poder Ejecutivo,Ramos Administrativos,Medio Ambiente y Recursos Naturales,G005,Modificado,0.0,326729269.63,0.0,2294173.33,329023442.96,0.0,0.0,0.0,0.0,0.0,329023442.96,100.0,0.0,0.0
2025,Poder Ejecutivo,Ramos Administrativos,Medio Ambiente y Recursos Naturales,G005,Devengado,0.0,326729269.63,0.0,2294173.33,329023442.96,0.0,0.0,0.0,0.0,0.0,329023442.96,100.0,0.0,0.0
2025,Poder Ejecutivo,Ramos Administrativos,Medio Ambiente y Recursos Naturales,G005,Ejercido,0.0,326729269.63,0.0,2294173.33,329023442.96,0.0,0.0,0.0,0.0,0.0,329023442.96,100.0,0.0,0.0
2025,Poder Ejecutivo,Ramos Administrativos,Medio Ambiente y Recursos Naturales,G005,Porcentaje Ejer/Aprob,0.0,167.6458479062137,0.0,0.0,168.82299568237474,0.0,0.0,0.0,0.0,0.0,168.82299568237474,,0.0,
2025,Poder Ejecutivo,Ramos Administrativos,Medio Ambiente y Recursos Naturales,G005,Porcentaje Ejer/Modif,0.0,100.0,0.0,100.0,100.0,0.0,0.0,0.0,0.0,0.0,100.0,,0.0,
2025,Poder Ejecutivo,Ramos Administrativos,Medio Ambiente y Recursos Naturales,G010,Gestión integral y sustentable del agua,0.0,0.0,0.0,0.0,0.0,0.0,0.0,0.0,0.0,0.0,0.0,,0.0,
2025,Poder Ejecutivo,Ramos Administrativos,Medio Ambiente y Recursos Naturales,G010,Aprobado,4058861163.0,3764218619.0,0.0,41003640.0,7864083422.0,0.0,0.0,0.0,0.0,0.0,7864083422.0,100.0,0.0,0.0
2025,Poder Ejecutivo,Ramos Administrativos,Medio Ambiente y Recursos Naturales,G010,Modificado,5077247522.59,5055620135.23,0.0,200372677.03,10333240334.85,0.0,0.0,0.0,0.0,0.0,10333240334.85,100.0,0.0,0.0
2025,Poder Ejecutivo,Ramos Administrativos,Medio Ambiente y Recursos Naturales,G010,Devengado,5077247522.59,5055356274.89,0.0,200372677.03,10332976474.51,0.0,0.0,0.0,0.0,0.0,10332976474.51,100.0,0.0,0.0
2025,Poder Ejecutivo,Ramos Administrativos,Medio Ambiente y Recursos Naturales,G010,Ejercido,5077247522.59,5055356274.89,0.0,200372677.03,10332976474.51,0.0,0.0,0.0,0.0,0.0,10332976474.51,100.0,0.0,0.0
2025,Poder Ejecutivo,Ramos Administrativos,Medio Ambiente y Recursos Naturales,G010,Porcentaje Ejer/Aprob,125.09044578497696,134.30028344721921,0.0,488.67046201264077,131.39454301315268,0.0,0.0,0.0,0.0,0.0,131.39454301315268,,0.0,
2025,Poder Ejecutivo,Ramos Administrativos,Medio Ambiente y Recursos Naturales,G010,Porcentaje Ejer/Modif,100.0,99.99478085115294,0.0,100.0,99.9974464898575,0.0,0.0,0.0,0.0,0.0,99.9974464898575,,0.0,
2025,Poder Ejecutivo,Ramos Administrativos,Medio Ambiente y Recursos Naturales,G030,Regulación Socioambiental,0.0,0.0,0.0,0.0,0.0,0.0,0.0,0.0,0.0,0.0,0.0,,0.0,
2025,Poder Ejecutivo,Ramos Administrativos,Medio Ambiente y Recursos Naturales,G030,Aprobado,192665918.0,73192775.0,0.0,163005.0,266021698.0,0.0,0.0,0.0,0.0,0.0,266021698.0,100.0,0.0,0.0
2025,Poder Ejecutivo,Ramos Administrativos,Medio Ambiente y Recursos Naturales,G030,Modificado,221115848.36,81194135.48,0.0,244692.0,302554675.84,0.0,0.0,0.0,0.0,0.0,302554675.84,100.0,0.0,0.0
2025,Poder Ejecutivo,Ramos Administrativos,Medio Ambiente y Recursos Naturales,G030,Devengado,221115848.36,81194135.48,0.0,244692.0,302554675.84,0.0,0.0,0.0,0.0,0.0,302554675.84,100.0,0.0,0.0
2025,Poder Ejecutivo,Ramos Administrativos,Medio Ambiente y Recursos Naturales,G030,Ejercido,221115848.36,81194135.48,0.0,244692.0,302554675.84,0.0,0.0,0.0,0.0,0.0,302554675.84,100.0,0.0,0.0
2025,Poder Ejecutivo,Ramos Administrativos,Medio Ambiente y Recursos Naturales,G030,Porcentaje Ejer/Aprob,114.76645722052407,110.93189933022762,0.0,150.11318671206405,113.73308196837387,0.0,0.0,0.0,0.0,0.0,113.73308196837387,,0.0,
2025,Poder Ejecutivo,Ramos Administrativos,Medio Ambiente y Recursos Naturales,G030,Porcentaje Ejer/Modif,100.0,100.0,0.0,100.0,100.0,0.0,0.0,0.0,0.0,0.0,100.0,,0.0,
2025,Poder Ejecutivo,Ramos Administrativos,Medio Ambiente y Recursos Naturales,G031,"Regulación, Gestión y Supervisión del Sector Hidrocarburos",0.0,0.0,0.0,0.0,0.0,0.0,0.0,0.0,0.0,0.0,0.0,,0.0,
2025,Poder Ejecutivo,Ramos Administrativos,Medio Ambiente y Recursos Naturales,G031,Aprobado,111972805.0,33421588.0,0.0,0.0,145394393.0,0.0,0.0,0.0,0.0,0.0,145394393.0,100.0,0.0,0.0
2025,Poder Ejecutivo,Ramos Administrativos,Medio Ambiente y Recursos Naturales,G031,Modificado,253735755.03,33593233.13,0.0,68448.12,287397436.28,0.0,0.0,0.0,0.0,0.0,287397436.28,100.0,0.0,0.0
2025,Poder Ejecutivo,Ramos Administrativos,Medio Ambiente y Recursos Naturales,G031,Devengado,253735755.03,33593233.13,0.0,68448.12,287397436.28,0.0,0.0,0.0,0.0,0.0,287397436.28,100.0,0.0,0.0
2025,Poder Ejecutivo,Ramos Administrativos,Medio Ambiente y Recursos Naturales,G031,Ejercido,253735755.03,33593233.13,0.0,68448.12,287397436.28,0.0,0.0,0.0,0.0,0.0,287397436.28,100.0,0.0,0.0
2025,Poder Ejecutivo,Ramos Administrativos,Medio Ambiente y Recursos Naturales,G031,Porcentaje Ejer/Aprob,226.60480375569762,100.51357562662793,0.0,0.0,197.66748245924447,0.0,0.0,0.0,0.0,0.0,197.66748245924447,,0.0,
2025,Poder Ejecutivo,Ramos Administrativos,Medio Ambiente y Recursos Naturales,G031,Porcentaje Ejer/Modif,100.0,100.0,0.0,100.0,100.0,0.0,0.0,0.0,0.0,0.0,100.0,,0.0,
2025,Poder Ejecutivo,Ramos Administrativos,Medio Ambiente y Recursos Naturales,K007,"Infraestructura de agua potable, alcantarillado y saneamiento",0.0,0.0,0.0,0.0,0.0,0.0,0.0,0.0,0.0,0.0,0.0,,0.0,
2025,Poder Ejecutivo,Ramos Administrativos,Medio Ambiente y Recursos Naturales,K007,Aprobado,0.0,0.0,0.0,0.0,0.0,0.0,288038914.0,0.0,0.0,288038914.0,288038914.0,0.0,0.0,100.0
2025,Poder Ejecutivo,Ramos Administrativos,Medio Ambiente y Recursos Naturales,K007,Modificado,0.0,0.0,0.0,0.0,0.0,0.0,4844229491.96,0.0,0.0,4844229491.96,4844229491.96,0.0,0.0,100.0
2025,Poder Ejecutivo,Ramos Administrativos,Medio Ambiente y Recursos Naturales,K007,Devengado,0.0,0.0,0.0,0.0,0.0,0.0,4844229491.96,0.0,0.0,4844229491.96,4844229491.96,0.0,0.0,100.0
2025,Poder Ejecutivo,Ramos Administrativos,Medio Ambiente y Recursos Naturales,K007,Ejercido,0.0,0.0,0.0,0.0,0.0,0.0,4844229491.96,0.0,0.0,4844229491.96,4844229491.96,0.0,0.0,100.0
2025,Poder Ejecutivo,Ramos Administrativos,Medio Ambiente y Recursos Naturales,K007,Porcentaje Ejer/Aprob,0.0,0.0,0.0,0.0,0.0,0.0,0.0,0.0,0.0,0.0,0.0,,0.0,
2025,Poder Ejecutivo,Ramos Administrativos,Medio Ambiente y Recursos Naturales,K007,Porcentaje Ejer/Modif,0.0,0.0,0.0,0.0,0.0,0.0,100.0,0.0,0.0,100.0,100.0,,0.0,
2025,Poder Ejecutivo,Ramos Administrativos,Medio Ambiente y Recursos Naturales,K025,Proyectos de inmuebles (oficinas administrativas),0.0,0.0,0.0,0.0,0.0,0.0,0.0,0.0,0.0,0.0,0.0,,0.0,
2025,Poder Ejecutivo,Ramos Administrativos,Medio Ambiente y Recursos Naturales,K025,Aprobado,0.0,0.0,0.0,0.0,0.0,0.0,217617777.0,0.0,0.0,217617777.0,217617777.0,0.0,0.0,100.0
2025,Poder Ejecutivo,Ramos Administrativos,Medio Ambiente y Recursos Naturales,K025,Modificado,0.0,0.0,0.0,0.0,0.0,0.0,208360048.84,0.0,0.0,208360048.84,208360048.84,0.0,0.0,100.0
2025,Poder Ejecutivo,Ramos Administrativos,Medio Ambiente y Recursos Naturales,K025,Devengado,0.0,0.0,0.0,0.0,0.0,0.0,208360048.84,0.0,0.0,208360048.84,208360048.84,0.0,0.0,100.0
2025,Poder Ejecutivo,Ramos Administrativos,Medio Ambiente y Recursos Naturales,K025,Ejercido,0.0,0.0,0.0,0.0,0.0,0.0,208360048.84,0.0,0.0,208360048.84,208360048.84,0.0,0.0,100.0
2025,Poder Ejecutivo,Ramos Administrativos,Medio Ambiente y Recursos Naturales,K025,Porcentaje Ejer/Aprob,0.0,0.0,0.0,0.0,0.0,0.0,95.74587688210785,0.0,0.0,95.74587688210785,95.74587688210785,,0.0,
2025,Poder Ejecutivo,Ramos Administrativos,Medio Ambiente y Recursos Naturales,K025,Porcentaje Ejer/Modif,0.0,0.0,0.0,0.0,0.0,0.0,100.0,0.0,0.0,100.0,100.0,,0.0,
2025,Poder Ejecutivo,Ramos Administrativos,Medio Ambiente y Recursos Naturales,K028,Estudios de preinversión,0.0,0.0,0.0,0.0,0.0,0.0,0.0,0.0,0.0,0.0,0.0,,0.0,
2025,Poder Ejecutivo,Ramos Administrativos,Medio Ambiente y Recursos Naturales,K028,Aprobado,0.0,0.0,0.0,0.0,0.0,0.0,0.0,0.0,0.0,0.0,0.0,0.0,0.0,0.0
2025,Poder Ejecutivo,Ramos Administrativos,Medio Ambiente y Recursos Naturales,K028,Modificado,0.0,0.0,0.0,0.0,0.0,0.0,218756926.67,0.0,0.0,218756926.67,218756926.67,0.0,0.0,100.0
2025,Poder Ejecutivo,Ramos Administrativos,Medio Ambiente y Recursos Naturales,K028,Devengado,0.0,0.0,0.0,0.0,0.0,0.0,218756926.67,0.0,0.0,218756926.67,218756926.67,0.0,0.0,100.0
2025,Poder Ejecutivo,Ramos Administrativos,Medio Ambiente y Recursos Naturales,K028,Ejercido,0.0,0.0,0.0,0.0,0.0,0.0,218756926.67,0.0,0.0,218756926.67,218756926.67,0.0,0.0,100.0
2025,Poder Ejecutivo,Ramos Administrativos,Medio Ambiente y Recursos Naturales,K028,Porcentaje Ejer/Aprob,0.0,0.0,0.0,0.0,0.0,0.0,0.0,0.0,0.0,0.0,0.0,,0.0,
2025,Poder Ejecutivo,Ramos Administrativos,Medio Ambiente y Recursos Naturales,K028,Porcentaje Ejer/Modif,0.0,0.0,0.0,0.0,0.0,0.0,100.0,0.0,0.0,100.0,100.0,,0.0,
2025,Poder Ejecutivo,Ramos Administrativos,Medio Ambiente y Recursos Naturales,K111,Rehabilitación y Modernización de Presas y Estructuras de Cabeza,0.0,0.0,0.0,0.0,0.0,0.0,0.0,0.0,0.0,0.0,0.0,,0.0,
2025,Poder Ejecutivo,Ramos Administrativos,Medio Ambiente y Recursos Naturales,K111,Aprobado,0.0,0.0,0.0,0.0,0.0,0.0,0.0,0.0,0.0,0.0,0.0,0.0,0.0,0.0
2025,Poder Ejecutivo,Ramos Administrativos,Medio Ambiente y Recursos Naturales,K111,Modificado,0.0,0.0,0.0,0.0,0.0,0.0,339185147.8,0.0,0.0,339185147.8,339185147.8,0.0,0.0,100.0
2025,Poder Ejecutivo,Ramos Administrativos,Medio Ambiente y Recursos Naturales,K111,Devengado,0.0,0.0,0.0,0.0,0.0,0.0,339069913.97,0.0,0.0,339069913.97,339069913.97,0.0,0.0,100.0
2025,Poder Ejecutivo,Ramos Administrativos,Medio Ambiente y Recursos Naturales,K111,Ejercido,0.0,0.0,0.0,0.0,0.0,0.0,339069913.97,0.0,0.0,339069913.97,339069913.97,0.0,0.0,100.0
2025,Poder Ejecutivo,Ramos Administrativos,Medio Ambiente y Recursos Naturales,K111,Porcentaje Ejer/Aprob,0.0,0.0,0.0,0.0,0.0,0.0,0.0,0.0,0.0,0.0,0.0,,0.0,
2025,Poder Ejecutivo,Ramos Administrativos,Medio Ambiente y Recursos Naturales,K111,Porcentaje Ejer/Modif,0.0,0.0,0.0,0.0,0.0,0.0,99.96602627480968,0.0,0.0,99.96602627480968,99.96602627480968,,0.0,
2025,Poder Ejecutivo,Ramos Administrativos,Medio Ambiente y Recursos Naturales,K129,Infraestructura para la Protección de Centros de Población y Áreas Productivas,0.0,0.0,0.0,0.0,0.0,0.0,0.0,0.0,0.0,0.0,0.0,,0.0,
2025,Poder Ejecutivo,Ramos Administrativos,Medio Ambiente y Recursos Naturales,K129,Aprobado,0.0,0.0,0.0,0.0,0.0,0.0,4386218407.0,0.0,0.0,4386218407.0,4386218407.0,0.0,0.0,100.0
2025,Poder Ejecutivo,Ramos Administrativos,Medio Ambiente y Recursos Naturales,K129,Modificado,0.0,0.0,0.0,0.0,0.0,0.0,1626962942.83,0.0,0.0,1626962942.83,1626962942.83,0.0,0.0,100.0
2025,Poder Ejecutivo,Ramos Administrativos,Medio Ambiente y Recursos Naturales,K129,Devengado,0.0,0.0,0.0,0.0,0.0,0.0,1626962942.83,0.0,0.0,1626962942.83,1626962942.83,0.0,0.0,100.0
2025,Poder Ejecutivo,Ramos Administrativos,Medio Ambiente y Recursos Naturales,K129,Ejercido,0.0,0.0,0.0,0.0,0.0,0.0,1626962942.83,0.0,0.0,1626962942.83,1626962942.83,0.0,0.0,100.0
2025,Poder Ejecutivo,Ramos Administrativos,Medio Ambiente y Recursos Naturales,K129,Porcentaje Ejer/Aprob,0.0,0.0,0.0,0.0,0.0,0.0,37.09261126243776,0.0,0.0,37.09261126243776,37.09261126243776,,0.0,
2025,Poder Ejecutivo,Ramos Administrativos,Medio Ambiente y Recursos Naturales,K129,Porcentaje Ejer/Modif,0.0,0.0,0.0,0.0,0.0,0.0,100.0,0.0,0.0,100.0,100.0,,0.0,
2025,Poder Ejecutivo,Ramos Administrativos,Medio Ambiente y Recursos Naturales,K138,Inversión en Infraestructura Social y Protección Ambiental,0.0,0.0,0.0,0.0,0.0,0.0,0.0,0.0,0.0,0.0,0.0,,0.0,
2025,Poder Ejecutivo,Ramos Administrativos,Medio Ambiente y Recursos Naturales,K138,Aprobado,0.0,0.0,0.0,0.0,0.0,0.0,0.0,0.0,0.0,0.0,0.0,0.0,0.0,0.0
2025,Poder Ejecutivo,Ramos Administrativos,Medio Ambiente y Recursos Naturales,K138,Modificado,0.0,0.0,0.0,0.0,0.0,0.0,19559195.07,0.0,0.0,19559195.07,19559195.07,0.0,0.0,100.0
2025,Poder Ejecutivo,Ramos Administrativos,Medio Ambiente y Recursos Naturales,K138,Devengado,0.0,0.0,0.0,0.0,0.0,0.0,19559195.07,0.0,0.0,19559195.07,19559195.07,0.0,0.0,100.0
2025,Poder Ejecutivo,Ramos Administrativos,Medio Ambiente y Recursos Naturales,K138,Ejercido,0.0,0.0,0.0,0.0,0.0,0.0,19559195.07,0.0,0.0,19559195.07,19559195.07,0.0,0.0,100.0
2025,Poder Ejecutivo,Ramos Administrativos,Medio Ambiente y Recursos Naturales,K138,Porcentaje Ejer/Aprob,0.0,0.0,0.0,0.0,0.0,0.0,0.0,0.0,0.0,0.0,0.0,,0.0,
2025,Poder Ejecutivo,Ramos Administrativos,Medio Ambiente y Recursos Naturales,K138,Porcentaje Ejer/Modif,0.0,0.0,0.0,0.0,0.0,0.0,100.0,0.0,0.0,100.0,100.0,,0.0,
2025,Poder Ejecutivo,Ramos Administrativos,Medio Ambiente y Recursos Naturales,K140,Inversión del Servicio Meteorológico Nacional,0.0,0.0,0.0,0.0,0.0,0.0,0.0,0.0,0.0,0.0,0.0,,0.0,
2025,Poder Ejecutivo,Ramos Administrativos,Medio Ambiente y Recursos Naturales,K140,Aprobado,0.0,0.0,0.0,0.0,0.0,0.0,0.0,0.0,0.0,0.0,0.0,0.0,0.0,0.0
2025,Poder Ejecutivo,Ramos Administrativos,Medio Ambiente y Recursos Naturales,K140,Modificado,0.0,0.0,0.0,0.0,0.0,0.0,42911908.76,0.0,0.0,42911908.76,42911908.76,0.0,0.0,100.0
2025,Poder Ejecutivo,Ramos Administrativos,Medio Ambiente y Recursos Naturales,K140,Devengado,0.0,0.0,0.0,0.0,0.0,0.0,42911908.76,0.0,0.0,42911908.76,42911908.76,0.0,0.0,100.0
2025,Poder Ejecutivo,Ramos Administrativos,Medio Ambiente y Recursos Naturales,K140,Ejercido,0.0,0.0,0.0,0.0,0.0,0.0,42911908.76,0.0,0.0,42911908.76,42911908.76,0.0,0.0,100.0
2025,Poder Ejecutivo,Ramos Administrativos,Medio Ambiente y Recursos Naturales,K140,Porcentaje Ejer/Aprob,0.0,0.0,0.0,0.0,0.0,0.0,0.0,0.0,0.0,0.0,0.0,,0.0,
2025,Poder Ejecutivo,Ramos Administrativos,Medio Ambiente y Recursos Naturales,K140,Porcentaje Ejer/Modif,0.0,0.0,0.0,0.0,0.0,0.0,100.0,0.0,0.0,100.0,100.0,,0.0,
2025,Poder Ejecutivo,Ramos Administrativos,Medio Ambiente y Recursos Naturales,K141,Infraestructura para la modernización y rehabilitación de riego y temporal tecnificado,0.0,0.0,0.0,0.0,0.0,0.0,0.0,0.0,0.0,0.0,0.0,,0.0,
2025,Poder Ejecutivo,Ramos Administrativos,Medio Ambiente y Recursos Naturales,K141,Aprobado,0.0,0.0,0.0,0.0,0.0,0.0,2007888725.0,0.0,0.0,2007888725.0,2007888725.0,0.0,0.0,100.0
2025,Poder Ejecutivo,Ramos Administrativos,Medio Ambiente y Recursos Naturales,K141,Modificado,0.0,0.0,0.0,0.0,0.0,0.0,5902184977.07,0.0,0.0,5902184977.07,5902184977.07,0.0,0.0,100.0
2025,Poder Ejecutivo,Ramos Administrativos,Medio Ambiente y Recursos Naturales,K141,Devengado,0.0,0.0,0.0,0.0,0.0,0.0,5902093465.71,0.0,0.0,5902093465.71,5902093465.71,0.0,0.0,100.0
2025,Poder Ejecutivo,Ramos Administrativos,Medio Ambiente y Recursos Naturales,K141,Ejercido,0.0,0.0,0.0,0.0,0.0,0.0,5902093465.71,0.0,0.0,5902093465.71,5902093465.71,0.0,0.0,100.0
2025,Poder Ejecutivo,Ramos Administrativos,Medio Ambiente y Recursos Naturales,K141,Porcentaje Ejer/Aprob,0.0,0.0,0.0,0.0,0.0,0.0,293.9452466774522,0.0,0.0,293.9452466774522,293.9452466774522,,0.0,
2025,Poder Ejecutivo,Ramos Administrativos,Medio Ambiente y Recursos Naturales,K141,Porcentaje Ejer/Modif,0.0,0.0,0.0,0.0,0.0,0.0,99.99844953419192,0.0,0.0,99.99844953419192,99.99844953419192,,0.0,
2025,Poder Ejecutivo,Ramos Administrativos,Medio Ambiente y Recursos Naturales,M001,Actividades de apoyo administrativo,0.0,0.0,0.0,0.0,0.0,0.0,0.0,0.0,0.0,0.0,0.0,,0.0,
2025,Poder Ejecutivo,Ramos Administrativos,Medio Ambiente y Recursos Naturales,M001,Aprobado,2054217112.0,136657535.0,0.0,5934544.0,2196809191.0,0.0,0.0,0.0,0.0,0.0,2196809191.0,100.0,0.0,0.0
2025,Poder Ejecutivo,Ramos Administrativos,Medio Ambiente y Recursos Naturales,M001,Modificado,2253590459.33,149533480.23,0.0,14912572.58,2418036512.14,0.0,0.0,0.0,0.0,0.0,2418036512.14,100.0,0.0,0.0
2025,Poder Ejecutivo,Ramos Administrativos,Medio Ambiente y Recursos Naturales,M001,Devengado,2253590459.33,149533480.23,0.0,14912572.58,2418036512.14,0.0,0.0,0.0,0.0,0.0,2418036512.14,100.0,0.0,0.0
2025,Poder Ejecutivo,Ramos Administrativos,Medio Ambiente y Recursos Naturales,M001,Ejercido,2253590459.33,149533480.23,0.0,14912572.58,2418036512.14,0.0,0.0,0.0,0.0,0.0,2418036512.14,100.0,0.0,0.0
2025,Poder Ejecutivo,Ramos Administrativos,Medio Ambiente y Recursos Naturales,M001,Porcentaje Ejer/Aprob,109.70556355340106,109.42205289302196,0.0,251.28421964686757,110.07039309769529,0.0,0.0,0.0,0.0,0.0,110.07039309769529,,0.0,
2025,Poder Ejecutivo,Ramos Administrativos,Medio Ambiente y Recursos Naturales,M001,Porcentaje Ejer/Modif,100.0,100.0,0.0,100.0,100.0,0.0,0.0,0.0,0.0,0.0,100.0,,0.0,
2025,Poder Ejecutivo,Ramos Administrativos,Medio Ambiente y Recursos Naturales,N001,Atención de emergencias y desastres naturales,0.0,0.0,0.0,0.0,0.0,0.0,0.0,0.0,0.0,0.0,0.0,,0.0,
2025,Poder Ejecutivo,Ramos Administrativos,Medio Ambiente y Recursos Naturales,N001,Aprobado,0.0,50879559.0,0.0,0.0,50879559.0,0.0,0.0,0.0,0.0,0.0,50879559.0,100.0,0.0,0.0
2025,Poder Ejecutivo,Ramos Administrativos,Medio Ambiente y Recursos Naturales,N001,Modificado,0.0,97776456.2,0.0,0.0,97776456.2,0.0,0.0,0.0,0.0,0.0,97776456.2,100.0,0.0,0.0
2025,Poder Ejecutivo,Ramos Administrativos,Medio Ambiente y Recursos Naturales,N001,Devengado,0.0,97772641.26,0.0,0.0,97772641.26,0.0,0.0,0.0,0.0,0.0,97772641.26,100.0,0.0,0.0
2025,Poder Ejecutivo,Ramos Administrativos,Medio Ambiente y Recursos Naturales,N001,Ejercido,0.0,97772641.26,0.0,0.0,97772641.26,0.0,0.0,0.0,0.0,0.0,97772641.26,100.0,0.0,0.0
2025,Poder Ejecutivo,Ramos Administrativos,Medio Ambiente y Recursos Naturales,N001,Porcentaje Ejer/Aprob,0.0,192.16487560357982,0.0,0.0,192.16487560357982,0.0,0.0,0.0,0.0,0.0,192.16487560357982,,0.0,
2025,Poder Ejecutivo,Ramos Administrativos,Medio Ambiente y Recursos Naturales,N001,Porcentaje Ejer/Modif,0.0,99.99609830408232,0.0,0.0,99.99609830408232,0.0,0.0,0.0,0.0,0.0,99.99609830408232,,0.0,
2025,Poder Ejecutivo,Ramos Administrativos,Medio Ambiente y Recursos Naturales,O001,Actividades de apoyo a la función pública y buen gobierno,0.0,0.0,0.0,0.0,0.0,0.0,0.0,0.0,0.0,0.0,0.0,,0.0,
2025,Poder Ejecutivo,Ramos Administrativos,Medio Ambiente y Recursos Naturales,O001,Aprobado,22915398.0,5136136.0,0.0,121436.0,28172970.0,0.0,0.0,0.0,0.0,0.0,28172970.0,100.0,0.0,0.0
2025,Poder Ejecutivo,Ramos Administrativos,Medio Ambiente y Recursos Naturales,O001,Modificado,24449538.41,1314440.53,0.0,0.0,25763978.94,0.0,0.0,0.0,0.0,0.0,25763978.94,100.0,0.0,0.0
2025,Poder Ejecutivo,Ramos Administrativos,Medio Ambiente y Recursos Naturales,O001,Devengado,24449538.41,1314439.85,0.0,0.0,25763978.26,0.0,0.0,0.0,0.0,0.0,25763978.26,100.0,0.0,0.0
2025,Poder Ejecutivo,Ramos Administrativos,Medio Ambiente y Recursos Naturales,O001,Ejercido,24449538.41,1314439.85,0.0,0.0,25763978.26,0.0,0.0,0.0,0.0,0.0,25763978.26,100.0,0.0,0.0
2025,Poder Ejecutivo,Ramos Administrativos,Medio Ambiente y Recursos Naturales,O001,Porcentaje Ejer/Aprob,106.69480150421127,25.591998537421905,0.0,0.0,91.44928014334307,0.0,0.0,0.0,0.0,0.0,91.44928014334307,,0.0,
2025,Poder Ejecutivo,Ramos Administrativos,Medio Ambiente y Recursos Naturales,O001,Porcentaje Ejer/Modif,100.0,99.99994826696344,0.0,0.0,99.99999736065612,0.0,0.0,0.0,0.0,0.0,99.99999736065612,,0.0,
2025,Poder Ejecutivo,Ramos Administrativos,Medio Ambiente y Recursos Naturales,P001,Conducción de las políticas hídricas,0.0,0.0,0.0,0.0,0.0,0.0,0.0,0.0,0.0,0.0,0.0,,0.0,
2025,Poder Ejecutivo,Ramos Administrativos,Medio Ambiente y Recursos Naturales,P001,Aprobado,0.0,66483031.0,0.0,0.0,66483031.0,0.0,0.0,0.0,0.0,0.0,66483031.0,100.0,0.0,0.0
2025,Poder Ejecutivo,Ramos Administrativos,Medio Ambiente y Recursos Naturales,P001,Modificado,0.0,16781778.0,0.0,0.0,16781778.0,0.0,0.0,0.0,0.0,0.0,16781778.0,100.0,0.0,0.0
2025,Poder Ejecutivo,Ramos Administrativos,Medio Ambiente y Recursos Naturales,P001,Devengado,0.0,16781163.68,0.0,0.0,16781163.68,0.0,0.0,0.0,0.0,0.0,16781163.68,100.0,0.0,0.0
2025,Poder Ejecutivo,Ramos Administrativos,Medio Ambiente y Recursos Naturales,P001,Ejercido,0.0,16781163.68,0.0,0.0,16781163.68,0.0,0.0,0.0,0.0,0.0,16781163.68,100.0,0.0,0.0
2025,Poder Ejecutivo,Ramos Administrativos,Medio Ambiente y Recursos Naturales,P001,Porcentaje Ejer/Aprob,0.0,25.241273491276296,0.0,0.0,25.241273491276296,0.0,0.0,0.0,0.0,0.0,25.241273491276296,,0.0,
2025,Poder Ejecutivo,Ramos Administrativos,Medio Ambiente y Recursos Naturales,P001,Porcentaje Ejer/Modif,0.0,99.9963393628494,0.0,0.0,99.9963393628494,0.0,0.0,0.0,0.0,0.0,99.9963393628494,,0.0,
2025,Poder Ejecutivo,Ramos Administrativos,Medio Ambiente y Recursos Naturales,P002,"Planeación, Seguimiento y Evaluación de la Política Ambiental y de Recursos Naturales",0.0,0.0,0.0,0.0,0.0,0.0,0.0,0.0,0.0,0.0,0.0,,0.0,
2025,Poder Ejecutivo,Ramos Administrativos,Medio Ambiente y Recursos Naturales,P002,Aprobado,262190728.0,120083922.0,0.0,166657372.0,548932022.0,0.0,0.0,0.0,0.0,0.0,548932022.0,100.0,0.0,0.0
2025,Poder Ejecutivo,Ramos Administrativos,Medio Ambiente y Recursos Naturales,P002,Modificado,454138835.39,104935270.51,0.0,330665169.05,889739274.95,0.0,0.0,0.0,0.0,0.0,889739274.95,100.0,0.0,0.0
2025,Poder Ejecutivo,Ramos Administrativos,Medio Ambiente y Recursos Naturales,P002,Devengado,454138835.39,104935270.51,0.0,330665169.05,889739274.95,0.0,0.0,0.0,0.0,0.0,889739274.95,100.0,0.0,0.0
2025,Poder Ejecutivo,Ramos Administrativos,Medio Ambiente y Recursos Naturales,P002,Ejercido,454138835.39,104935270.51,0.0,330665169.05,889739274.95,0.0,0.0,0.0,0.0,0.0,889739274.95,100.0,0.0,0.0
2025,Poder Ejecutivo,Ramos Administrativos,Medio Ambiente y Recursos Naturales,P002,Porcentaje Ejer/Aprob,173.20934224264406,87.3849460962809,0.0,198.41016636815803,162.08551137320973,0.0,0.0,0.0,0.0,0.0,162.08551137320973,,0.0,
2025,Poder Ejecutivo,Ramos Administrativos,Medio Ambiente y Recursos Naturales,P002,Porcentaje Ejer/Modif,100.0,100.0,0.0,100.0,100.0,0.0,0.0,0.0,0.0,0.0,100.0,,0.0,
2025,Poder Ejecutivo,Ramos Administrativos,Medio Ambiente y Recursos Naturales,R015,Fideicomisos Ambientales,0.0,0.0,0.0,0.0,0.0,0.0,0.0,0.0,0.0,0.0,0.0,,0.0,
2025,Poder Ejecutivo,Ramos Administrativos,Medio Ambiente y Recursos Naturales,R015,Aprobado,0.0,0.0,0.0,0.0,0.0,0.0,0.0,0.0,0.0,0.0,0.0,0.0,0.0,0.0
2025,Poder Ejecutivo,Ramos Administrativos,Medio Ambiente y Recursos Naturales,R015,Modificado,0.0,0.0,8000000.0,0.0,8000000.0,0.0,0.0,0.0,0.0,0.0,8000000.0,100.0,0.0,0.0
2025,Poder Ejecutivo,Ramos Administrativos,Medio Ambiente y Recursos Naturales,R015,Devengado,0.0,0.0,8000000.0,0.0,8000000.0,0.0,0.0,0.0,0.0,0.0,8000000.0,100.0,0.0,0.0
2025,Poder Ejecutivo,Ramos Administrativos,Medio Ambiente y Recursos Naturales,R015,Ejercido,0.0,0.0,8000000.0,0.0,8000000.0,0.0,0.0,0.0,0.0,0.0,8000000.0,100.0,0.0,0.0
2025,Poder Ejecutivo,Ramos Administrativos,Medio Ambiente y Recursos Naturales,R015,Porcentaje Ejer/Aprob,0.0,0.0,0.0,0.0,0.0,0.0,0.0,0.0,0.0,0.0,0.0,,0.0,
2025,Poder Ejecutivo,Ramos Administrativos,Medio Ambiente y Recursos Naturales,R015,Porcentaje Ejer/Modif,0.0,0.0,100.0,0.0,100.0,0.0,0.0,0.0,0.0,0.0,100.0,,0.0,
2025,Poder Ejecutivo,Ramos Administrativos,Medio Ambiente y Recursos Naturales,R018,Provisiones para desarrollo de infraestructura hidráulica,0.0,0.0,0.0,0.0,0.0,0.0,0.0,0.0,0.0,0.0,0.0,,0.0,
2025,Poder Ejecutivo,Ramos Administrativos,Medio Ambiente y Recursos Naturales,R018,Aprobado,0.0,0.0,0.0,0.0,0.0,0.0,13100236178.0,0.0,0.0,13100236178.0,13100236178.0,0.0,0.0,100.0
2025,Poder Ejecutivo,Ramos Administrativos,Medio Ambiente y Recursos Naturales,R018,Modificado,0.0,0.0,0.0,0.0,0.0,0.0,0.0,0.0,0.0,0.0,0.0,0.0,0.0,0.0
2025,Poder Ejecutivo,Ramos Administrativos,Medio Ambiente y Recursos Naturales,R018,Devengado,0.0,0.0,0.0,0.0,0.0,0.0,0.0,0.0,0.0,0.0,0.0,0.0,0.0,0.0
2025,Poder Ejecutivo,Ramos Administrativos,Medio Ambiente y Recursos Naturales,R018,Ejercido,0.0,0.0,0.0,0.0,0.0,0.0,0.0,0.0,0.0,0.0,0.0,0.0,0.0,0.0
2025,Poder Ejecutivo,Ramos Administrativos,Medio Ambiente y Recursos Naturales,R018,Porcentaje Ejer/Aprob,0.0,0.0,0.0,0.0,0.0,0.0,0.0,0.0,0.0,0.0,0.0,,0.0,
2025,Poder Ejecutivo,Ramos Administrativos,Medio Ambiente y Recursos Naturales,R018,Porcentaje Ejer/Modif,0.0,0.0,0.0,0.0,0.0,0.0,0.0,0.0,0.0,0.0,0.0,,0.0,
2025,Poder Ejecutivo,Ramos Administrativos,Medio Ambiente y Recursos Naturales,S046,Programa de Conservación para el Desarrollo Sostenible,0.0,0.0,0.0,0.0,0.0,0.0,0.0,0.0,0.0,0.0,0.0,,0.0,
2025,Poder Ejecutivo,Ramos Administrativos,Medio Ambiente y Recursos Naturales,S046,Aprobado,0.0,0.0,107581.0,0.0,107581.0,0.0,0.0,160985304.0,0.0,160985304.0,161092885.0,0.1,0.0,99.93321803132397
2025,Poder Ejecutivo,Ramos Administrativos,Medio Ambiente y Recursos Naturales,S046,Modificado,0.0,93107.24,0.0,0.0,93107.24,0.0,0.0,160731354.0,0.0,160731354.0,160824461.24,0.1,0.0,99.94210629447652
2025,Poder Ejecutivo,Ramos Administrativos,Medio Ambiente y Recursos Naturales,S046,Devengado,0.0,93107.24,0.0,0.0,93107.24,0.0,0.0,160731354.0,0.0,160731354.0,160824461.24,0.1,0.0,99.94210629447652
2025,Poder Ejecutivo,Ramos Administrativos,Medio Ambiente y Recursos Naturales,S046,Ejercido,0.0,93107.24,0.0,0.0,93107.24,0.0,0.0,160731354.0,0.0,160731354.0,160824461.24,0.1,0.0,99.94210629447652
2025,Poder Ejecutivo,Ramos Administrativos,Medio Ambiente y Recursos Naturales,S046,Porcentaje Ejer/Aprob,0.0,0.0,0.0,0.0,86.54617451036893,0.0,0.0,99.8422526816485,0.0,99.8422526816485,99.83337329888903,,0.0,
2025,Poder Ejecutivo,Ramos Administrativos,Medio Ambiente y Recursos Naturales,S046,Porcentaje Ejer/Modif,0.0,100.0,0.0,0.0,100.0,0.0,0.0,100.0,0.0,100.0,100.0,,0.0,
2025,Poder Ejecutivo,Ramos Administrativos,Medio Ambiente y Recursos Naturales,S074,"Agua Potable, Drenaje y Tratamiento",0.0,0.0,0.0,0.0,0.0,0.0,0.0,0.0,0.0,0.0,0.0,,0.0,
2025,Poder Ejecutivo,Ramos Administrativos,Medio Ambiente y Recursos Naturales,S074,Aprobado,0.0,0.0,5187439.0,0.0,5187439.0,0.0,0.0,2164872791.0,0.0,2164872791.0,2170060230.0,0.2390458535798336,0.0,99.76095414642016
2025,Poder Ejecutivo,Ramos Administrativos,Medio Ambiente y Recursos Naturales,S074,Modificado,0.0,2619097.33,0.0,0.0,2619097.33,0.0,0.0,2024228535.21,0.0,2024228535.21,2026847632.54,0.12922023776981234,0.0,99.87077976223019
2025,Poder Ejecutivo,Ramos Administrativos,Medio Ambiente y Recursos Naturales,S074,Devengado,0.0,2568401.32,0.0,0.0,2568401.32,0.0,0.0,2024152315.65,0.0,2024152315.65,2026720716.97,0.1267269485378245,0.0,99.87327305146218
2025,Poder Ejecutivo,Ramos Administrativos,Medio Ambiente y Recursos Naturales,S074,Ejercido,0.0,2568401.32,0.0,0.0,2568401.32,0.0,0.0,2024152315.65,0.0,2024152315.65,2026720716.97,0.1267269485378245,0.0,99.87327305146218
2025,Poder Ejecutivo,Ramos Administrativos,Medio Ambiente y Recursos Naturales,S074,Porcentaje Ejer/Aprob,0.0,0.0,0.0,0.0,49.51193295959721,0.0,0.0,93.49982705981546,0.0,93.49982705981546,93.3946758228918,,0.0,
2025,Poder Ejecutivo,Ramos Administrativos,Medio Ambiente y Recursos Naturales,S074,Porcentaje Ejer/Modif,0.0,98.06437090293242,0.0,0.0,98.06437090293242,0.0,0.0,99.99623463661962,0.0,99.99623463661962,99.99373827770957,,0.0,
2025,Poder Ejecutivo,Ramos Administrativos,Medio Ambiente y Recursos Naturales,S217,Programa de Apoyo a la Infraestructura Hidroagrícola,0.0,0.0,0.0,0.0,0.0,0.0,0.0,0.0,0.0,0.0,0.0,,0.0,
2025,Poder Ejecutivo,Ramos Administrativos,Medio Ambiente y Recursos Naturales,S217,Aprobado,0.0,0.0,7172102.0,0.0,7172102.0,0.0,0.0,1850868761.0,0.0,1850868761.0,1858040863.0,0.38600345895621996,0.0,99.61399654104378
2025,Poder Ejecutivo,Ramos Administrativos,Medio Ambiente y Recursos Naturales,S217,Modificado,0.0,4547781.45,0.0,0.0,4547781.45,0.0,0.0,2109766625.04,0.0,2109766625.04,2114314406.49,0.21509485230958766,0.0,99.78490514769041
2025,Poder Ejecutivo,Ramos Administrativos,Medio Ambiente y Recursos Naturales,S217,Devengado,0.0,4534154.97,0.0,0.0,4534154.97,0.0,0.0,2109690658.28,0.0,2109690658.28,2114224813.25,0.21445945301484126,0.0,99.78554054698515
2025,Poder Ejecutivo,Ramos Administrativos,Medio Ambiente y Recursos Naturales,S217,Ejercido,0.0,4534154.97,0.0,0.0,4534154.97,0.0,0.0,2109690658.28,0.0,2109690658.28,2114224813.25,0.21445945301484126,0.0,99.78554054698515
2025,Poder Ejecutivo,Ramos Administrativos,Medio Ambiente y Recursos Naturales,S217,Porcentaje Ejer/Aprob,0.0,0.0,0.0,0.0,63.21933193365069,0.0,0.0,113.9838060230787,0.0,113.9838060230787,113.78785339717257,,0.0,
2025,Poder Ejecutivo,Ramos Administrativos,Medio Ambiente y Recursos Naturales,S217,Porcentaje Ejer/Modif,0.0,99.70037082586718,0.0,0.0,99.70037082586718,0.0,0.0,99.99639928136608,0.0,99.99639928136608,99.99576253939692,,0.0,
2025,Poder Ejecutivo,Ramos Administrativos,Medio Ambiente y Recursos Naturales,S219,Desarrollo Forestal Sustentable para el Bienestar,0.0,0.0,0.0,0.0,0.0,0.0,0.0,0.0,0.0,0.0,0.0,,0.0,
2025,Poder Ejecutivo,Ramos Administrativos,Medio Ambiente y Recursos Naturales,S219,Aprobado,0.0,0.0,127442056.0,0.0,127442056.0,0.0,0.0,810908104.0,0.0,810908104.0,938350160.0,13.5815030926195,0.0,86.4184969073805
2025,Poder Ejecutivo,Ramos Administrativos,Medio Ambiente y Recursos Naturales,S219,Modificado,16186745.21,0.0,86060377.89,0.0,102247123.1,0.0,0.0,725627619.21,0.0,725627619.21,827874742.31,12.350554724583358,0.0,87.64944527541665
2025,Poder Ejecutivo,Ramos Administrativos,Medio Ambiente y Recursos Naturales,S219,Devengado,16186745.21,0.0,86060377.89,0.0,102247123.1,0.0,0.0,725627619.21,0.0,725627619.21,827874742.31,12.350554724583358,0.0,87.64944527541665
2025,Poder Ejecutivo,Ramos Administrativos,Medio Ambiente y Recursos Naturales,S219,Ejercido,16186745.21,0.0,86060377.89,0.0,102247123.1,0.0,0.0,725627619.21,0.0,725627619.21,827874742.31,12.350554724583358,0.0,87.64944527541665
2025,Poder Ejecutivo,Ramos Administrativos,Medio Ambiente y Recursos Naturales,S219,Porcentaje Ejer/Aprob,0.0,0.0,67.52902502608715,0.0,80.23028371419242,0.0,0.0,89.48333548902355,0.0,89.48333548902355,88.22663197606317,,0.0,
2025,Poder Ejecutivo,Ramos Administrativos,Medio Ambiente y Recursos Naturales,S219,Porcentaje Ejer/Modif,100.0,0.0,100.0,0.0,100.0,0.0,0.0,100.0,0.0,100.0,100.0,,0.0,
2025,Poder Ejecutivo,Ramos Administrativos,Medio Ambiente y Recursos Naturales,U001,Programa de Devolución de Derechos,0.0,0.0,0.0,0.0,0.0,0.0,0.0,0.0,0.0,0.0,0.0,,0.0,
2025,Poder Ejecutivo,Ramos Administrativos,Medio Ambiente y Recursos Naturales,U001,Aprobado,0.0,0.0,0.0,0.0,0.0,0.0,0.0,15774.0,0.0,15774.0,15774.0,0.0,0.0,100.0
2025,Poder Ejecutivo,Ramos Administrativos,Medio Ambiente y Recursos Naturales,U001,Modificado,0.0,0.0,0.0,0.0,0.0,0.0,0.0,630532134.16,0.0,630532134.16,630532134.16,0.0,0.0,100.0
2025,Poder Ejecutivo,Ramos Administrativos,Medio Ambiente y Recursos Naturales,U001,Devengado,0.0,0.0,0.0,0.0,0.0,0.0,0.0,630532134.16,0.0,630532134.16,630532134.16,0.0,0.0,100.0
2025,Poder Ejecutivo,Ramos Administrativos,Medio Ambiente y Recursos Naturales,U001,Ejercido,0.0,0.0,0.0,0.0,0.0,0.0,0.0,630532134.16,0.0,630532134.16,630532134.16,0.0,0.0,100.0
2025,Poder Ejecutivo,Ramos Administrativos,Medio Ambiente y Recursos Naturales,U001,Porcentaje Ejer/Aprob,0.0,0.0,0.0,0.0,0.0,0.0,0.0,0.0,0.0,0.0,0.0,,0.0,
2025,Poder Ejecutivo,Ramos Administrativos,Medio Ambiente y Recursos Naturales,U001,Porcentaje Ejer/Modif,0.0,0.0,0.0,0.0,0.0,0.0,0.0,100.0,0.0,100.0,100.0,,0.0,
2025,Poder Ejecutivo,Ramos Administrativos,Medio Ambiente y Recursos Naturales,U007,Devolución de Aprovechamientos,0.0,0.0,0.0,0.0,0.0,0.0,0.0,0.0,0.0,0.0,0.0,,0.0,
2025,Poder Ejecutivo,Ramos Administrativos,Medio Ambiente y Recursos Naturales,U007,Aprobado,0.0,0.0,0.0,0.0,0.0,0.0,0.0,0.0,0.0,0.0,0.0,0.0,0.0,0.0
2025,Poder Ejecutivo,Ramos Administrativos,Medio Ambiente y Recursos Naturales,U007,Modificado,0.0,0.0,0.0,0.0,0.0,0.0,0.0,0.0,0.0,0.0,0.0,0.0,0.0,0.0
2025,Poder Ejecutivo,Ramos Administrativos,Medio Ambiente y Recursos Naturales,U007,Devengado,0.0,0.0,0.0,0.0,0.0,0.0,0.0,0.0,0.0,0.0,0.0,0.0,0.0,0.0
2025,Poder Ejecutivo,Ramos Administrativos,Medio Ambiente y Recursos Naturales,U007,Ejercido,0.0,0.0,0.0,0.0,0.0,0.0,0.0,0.0,0.0,0.0,0.0,0.0,0.0,0.0
2025,Poder Ejecutivo,Ramos Administrativos,Medio Ambiente y Recursos Naturales,U007,Porcentaje Ejer/Aprob,0.0,0.0,0.0,0.0,0.0,0.0,0.0,0.0,0.0,0.0,0.0,,0.0,
2025,Poder Ejecutivo,Ramos Administrativos,Medio Ambiente y Recursos Naturales,U007,Porcentaje Ejer/Modif,0.0,0.0,0.0,0.0,0.0,0.0,0.0,0.0,0.0,0.0,0.0,,0.0,
2025,Poder Ejecutivo,Ramos Administrativos,Medio Ambiente y Recursos Naturales,U008,Saneamiento de Aguas Residuales,0.0,0.0,0.0,0.0,0.0,0.0,0.0,0.0,0.0,0.0,0.0,,0.0,
2025,Poder Ejecutivo,Ramos Administrativos,Medio Ambiente y Recursos Naturales,U008,Aprobado,0.0,0.0,0.0,0.0,0.0,0.0,0.0,0.0,0.0,0.0,0.0,0.0,0.0,0.0
2025,Poder Ejecutivo,Ramos Administrativos,Medio Ambiente y Recursos Naturales,U008,Modificado,0.0,0.0,0.0,0.0,0.0,0.0,0.0,759291507.32,0.0,759291507.32,759291507.32,0.0,0.0,100.0
2025,Poder Ejecutivo,Ramos Administrativos,Medio Ambiente y Recursos Naturales,U008,Devengado,0.0,0.0,0.0,0.0,0.0,0.0,0.0,759291507.32,0.0,759291507.32,759291507.32,0.0,0.0,100.0
2025,Poder Ejecutivo,Ramos Administrativos,Medio Ambiente y Recursos Naturales,U008,Ejercido,0.0,0.0,0.0,0.0,0.0,0.0,0.0,759291507.32,0.0,759291507.32,759291507.32,0.0,0.0,100.0
2025,Poder Ejecutivo,Ramos Administrativos,Medio Ambiente y Recursos Naturales,U008,Porcentaje Ejer/Aprob,0.0,0.0,0.0,0.0,0.0,0.0,0.0,0.0,0.0,0.0,0.0,,0.0,
2025,Poder Ejecutivo,Ramos Administrativos,Medio Ambiente y Recursos Naturales,U008,Porcentaje Ejer/Modif,0.0,0.0,0.0,0.0,0.0,0.0,0.0,100.0,0.0,100.0,100.0,,0.0,
2025,Poder Ejecutivo,Ramos Administrativos,Medio Ambiente y Recursos Naturales,U040,Programa para la Protección y Restauración de Ecosistemas y Especies Prioritarias,0.0,0.0,0.0,0.0,0.0,0.0,0.0,0.0,0.0,0.0,0.0,,0.0,
2025,Poder Ejecutivo,Ramos Administrativos,Medio Ambiente y Recursos Naturales,U040,Aprobado,0.0,0.0,208380225.0,0.0,208380225.0,0.0,0.0,0.0,0.0,0.0,208380225.0,100.0,0.0,0.0
2025,Poder Ejecutivo,Ramos Administrativos,Medio Ambiente y Recursos Naturales,U040,Modificado,0.0,6055303.78,202045755.0,0.0,208101058.78,0.0,0.0,0.0,0.0,0.0,208101058.78,100.0,0.0,0.0
2025,Poder Ejecutivo,Ramos Administrativos,Medio Ambiente y Recursos Naturales,U040,Devengado,0.0,6055303.78,202045755.0,0.0,208101058.78,0.0,0.0,0.0,0.0,0.0,208101058.78,100.0,0.0,0.0
2025,Poder Ejecutivo,Ramos Administrativos,Medio Ambiente y Recursos Naturales,U040,Ejercido,0.0,6055303.78,202045755.0,0.0,208101058.78,0.0,0.0,0.0,0.0,0.0,208101058.78,100.0,0.0,0.0
2025,Poder Ejecutivo,Ramos Administrativos,Medio Ambiente y Recursos Naturales,U040,Porcentaje Ejer/Aprob,0.0,0.0,96.96013861200122,0.0,99.86603036828471,0.0,0.0,0.0,0.0,0.0,99.86603036828471,,0.0,
2025,Poder Ejecutivo,Ramos Administrativos,Medio Ambiente y Recursos Naturales,U040,Porcentaje Ejer/Modif,0.0,100.0,100.0,0.0,100.0,0.0,0.0,0.0,0.0,0.0,100.0,,0.0,
2025,Poder Ejecutivo,Ramos Administrativos,Energía,TOTAL,Aprobado,1474200235.0,177210242.0,0.0,445647759.0,2097058236.0,0.0,0.0,0.0,136210300000.0,136210300000.0,138307358236.0,1.5162304180676318,0.0,98.48376958193236
2025,Poder Ejecutivo,Ramos Administrativos,Energía,TOTAL,Modificado,2105698590.0,474347771.7,0.0,1007266751.78,3587313113.48,0.0,303286.64,0.0,396159612902.46,396159916189.1,399747229302.58,0.8973953665016302,0.0,99.10260463349836
2025,Poder Ejecutivo,Ramos Administrativos,Energía,TOTAL,Devengado,2105698590.0,474342537.63,0.0,1007266751.78,3587307879.41,0.0,303286.64,0.0,396159612902.46,396159916189.1,399747224068.51,0.8973940689067037,0.0,99.1026059310933
2025,Poder Ejecutivo,Ramos Administrativos,Energía,TOTAL,Ejercido,2105698590.0,474342536.67,0.0,1007266751.78,3587307878.45,0.0,303286.64,0.0,396159612902.46,396159916189.1,399747224067.55,0.897394068668707,0.0,99.10260593133128
2025,Poder Ejecutivo,Ramos Administrativos,Energía,TOTAL,Porcentaje Ejer/Aprob,142.83667442231823,267.6721905667281,0.0,226.02307123460704,171.06381772651923,0.0,0.0,0.0,290.84409395064836,290.84431661122545,289.0281682522224,,0.0,
2025,Poder Ejecutivo,Ramos Administrativos,Energía,TOTAL,Porcentaje Ejer/Modif,100.0,99.99889637301737,0.0,100.0,99.99985406821666,0.0,100.0,0.0,100.0,100.0,99.99999869041493,,0.0,
2025,Poder Ejecutivo,Ramos Administrativos,Energía,E004,Investigación y Desarrollo Tecnológico en Materia Petrolera,0.0,0.0,0.0,0.0,0.0,0.0,0.0,0.0,0.0,0.0,0.0,,0.0,
2025,Poder Ejecutivo,Ramos Administrativos,Energía,E004,Aprobado,0.0,0.0,0.0,0.0,0.0,0.0,0.0,0.0,0.0,0.0,0.0,0.0,0.0,0.0
2025,Poder Ejecutivo,Ramos Administrativos,Energía,E004,Modificado,0.0,0.0,0.0,272772630.0,272772630.0,0.0,0.0,0.0,0.0,0.0,272772630.0,100.0,0.0,0.0
2025,Poder Ejecutivo,Ramos Administrativos,Energía,E004,Devengado,0.0,0.0,0.0,272772630.0,272772630.0,0.0,0.0,0.0,0.0,0.0,272772630.0,100.0,0.0,0.0
2025,Poder Ejecutivo,Ramos Administrativos,Energía,E004,Ejercido,0.0,0.0,0.0,272772630.0,272772630.0,0.0,0.0,0.0,0.0,0.0,272772630.0,100.0,0.0,0.0
2025,Poder Ejecutivo,Ramos Administrativos,Energía,E004,Porcentaje Ejer/Aprob,0.0,0.0,0.0,0.0,0.0,0.0,0.0,0.0,0.0,0.0,0.0,,0.0,
2025,Poder Ejecutivo,Ramos Administrativos,Energía,E004,Porcentaje Ejer/Modif,0.0,0.0,0.0,100.0,100.0,0.0,0.0,0.0,0.0,0.0,100.0,,0.0,
2025,Poder Ejecutivo,Ramos Administrativos,Energía,E016,"Investigación, desarrollo tecnológico y prestación de servicios en materia nuclear y eléctrica",0.0,0.0,0.0,0.0,0.0,0.0,0.0,0.0,0.0,0.0,0.0,,0.0,
2025,Poder Ejecutivo,Ramos Administrativos,Energía,E016,Aprobado,667847184.0,0.0,0.0,0.0,667847184.0,0.0,0.0,0.0,0.0,0.0,667847184.0,100.0,0.0,0.0
2025,Poder Ejecutivo,Ramos Administrativos,Energía,E016,Modificado,742012952.38,0.0,0.0,0.0,742012952.38,0.0,0.0,0.0,0.0,0.0,742012952.38,100.0,0.0,0.0
2025,Poder Ejecutivo,Ramos Administrativos,Energía,E016,Devengado,742012952.38,0.0,0.0,0.0,742012952.38,0.0,0.0,0.0,0.0,0.0,742012952.38,100.0,0.0,0.0
2025,Poder Ejecutivo,Ramos Administrativos,Energía,E016,Ejercido,742012952.38,0.0,0.0,0.0,742012952.38,0.0,0.0,0.0,0.0,0.0,742012952.38,100.0,0.0,0.0
2025,Poder Ejecutivo,Ramos Administrativos,Energía,E016,Porcentaje Ejer/Aprob,111.10520043459522,0.0,0.0,0.0,111.10520043459522,0.0,0.0,0.0,0.0,0.0,111.10520043459522,,0.0,
2025,Poder Ejecutivo,Ramos Administrativos,Energía,E016,Porcentaje Ejer/Modif,100.0,0.0,0.0,0.0,100.0,0.0,0.0,0.0,0.0,0.0,100.0,,0.0,
2025,Poder Ejecutivo,Ramos Administrativos,Energía,G001,Regulación y permisos de Electricidad e Hidrocarburos,0.0,0.0,0.0,0.0,0.0,0.0,0.0,0.0,0.0,0.0,0.0,,0.0,
2025,Poder Ejecutivo,Ramos Administrativos,Energía,G001,Aprobado,0.0,0.0,0.0,0.0,0.0,0.0,0.0,0.0,0.0,0.0,0.0,0.0,0.0,0.0
2025,Poder Ejecutivo,Ramos Administrativos,Energía,G001,Modificado,248110959.15,83929114.72,0.0,0.0,332040073.87,0.0,0.0,0.0,0.0,0.0,332040073.87,100.0,0.0,0.0
2025,Poder Ejecutivo,Ramos Administrativos,Energía,G001,Devengado,248110959.15,83929114.72,0.0,0.0,332040073.87,0.0,0.0,0.0,0.0,0.0,332040073.87,100.0,0.0,0.0
2025,Poder Ejecutivo,Ramos Administrativos,Energía,G001,Ejercido,248110959.15,83929114.72,0.0,0.0,332040073.87,0.0,0.0,0.0,0.0,0.0,332040073.87,100.0,0.0,0.0
2025,Poder Ejecutivo,Ramos Administrativos,Energía,G001,Porcentaje Ejer/Aprob,0.0,0.0,0.0,0.0,0.0,0.0,0.0,0.0,0.0,0.0,0.0,,0.0,
2025,Poder Ejecutivo,Ramos Administrativos,Energía,G001,Porcentaje Ejer/Modif,100.0,100.0,0.0,0.0,100.0,0.0,0.0,0.0,0.0,0.0,100.0,,0.0,
2025,Poder Ejecutivo,Ramos Administrativos,Energía,G003,Regulación y supervisión de actividades nucleares y radiológicas,0.0,0.0,0.0,0.0,0.0,0.0,0.0,0.0,0.0,0.0,0.0,,0.0,
2025,Poder Ejecutivo,Ramos Administrativos,Energía,G003,Aprobado,73072739.0,24180388.0,0.0,0.0,97253127.0,0.0,0.0,0.0,0.0,0.0,97253127.0,100.0,0.0,0.0
2025,Poder Ejecutivo,Ramos Administrativos,Energía,G003,Modificado,77707621.64,24099096.76,0.0,0.0,101806718.4,0.0,303286.64,0.0,0.0,303286.64,102110005.04,99.70298048670041,0.0,0.2970195132995951
2025,Poder Ejecutivo,Ramos Administrativos,Energía,G003,Devengado,77707621.64,24099096.76,0.0,0.0,101806718.4,0.0,303286.64,0.0,0.0,303286.64,102110005.04,99.70298048670041,0.0,0.2970195132995951
2025,Poder Ejecutivo,Ramos Administrativos,Energía,G003,Ejercido,77707621.64,24099096.76,0.0,0.0,101806718.4,0.0,303286.64,0.0,0.0,303286.64,102110005.04,99.70298048670041,0.0,0.2970195132995951
2025,Poder Ejecutivo,Ramos Administrativos,Energía,G003,Porcentaje Ejer/Aprob,106.3428341450291,99.66381333500522,0.0,0.0,104.68220564260109,0.0,0.0,0.0,0.0,0.0,104.99405848410407,,0.0,
2025,Poder Ejecutivo,Ramos Administrativos,Energía,G003,Porcentaje Ejer/Modif,100.0,100.0,0.0,0.0,100.0,0.0,100.0,0.0,0.0,100.0,100.0,,0.0,
2025,Poder Ejecutivo,Ramos Administrativos,Energía,M001,Actividades de apoyo administrativo,0.0,0.0,0.0,0.0,0.0,0.0,0.0,0.0,0.0,0.0,0.0,,0.0,
2025,Poder Ejecutivo,Ramos Administrativos,Energía,M001,Aprobado,329868461.0,9618846.0,0.0,5447.0,339492754.0,0.0,0.0,0.0,0.0,0.0,339492754.0,100.0,0.0,0.0
2025,Poder Ejecutivo,Ramos Administrativos,Energía,M001,Modificado,350032631.73,46390543.34,0.0,266612.2,396689787.27,0.0,0.0,0.0,0.0,0.0,396689787.27,100.0,0.0,0.0
2025,Poder Ejecutivo,Ramos Administrativos,Energía,M001,Devengado,350032631.73,46390543.34,0.0,266612.2,396689787.27,0.0,0.0,0.0,0.0,0.0,396689787.27,100.0,0.0,0.0
2025,Poder Ejecutivo,Ramos Administrativos,Energía,M001,Ejercido,350032631.73,46390543.0,0.0,266612.2,396689786.93,0.0,0.0,0.0,0.0,0.0,396689786.93,100.0,0.0,0.0
2025,Poder Ejecutivo,Ramos Administrativos,Energía,M001,Porcentaje Ejer/Aprob,106.11279134381992,482.28803122536743,0.0,0.0,116.84779196495016,0.0,0.0,0.0,0.0,0.0,116.84779196495016,,0.0,
2025,Poder Ejecutivo,Ramos Administrativos,Energía,M001,Porcentaje Ejer/Modif,100.0,99.999999267092,0.0,100.0,99.99999991429071,0.0,0.0,0.0,0.0,0.0,99.99999991429071,,0.0,
2025,Poder Ejecutivo,Ramos Administrativos,Energía,O001,Actividades de apoyo a la función pública y buen gobierno,0.0,0.0,0.0,0.0,0.0,0.0,0.0,0.0,0.0,0.0,0.0,,0.0,
2025,Poder Ejecutivo,Ramos Administrativos,Energía,O001,Aprobado,13050111.0,0.0,0.0,0.0,13050111.0,0.0,0.0,0.0,0.0,0.0,13050111.0,100.0,0.0,0.0
2025,Poder Ejecutivo,Ramos Administrativos,Energía,O001,Modificado,13050111.0,0.0,0.0,0.0,13050111.0,0.0,0.0,0.0,0.0,0.0,13050111.0,100.0,0.0,0.0
2025,Poder Ejecutivo,Ramos Administrativos,Energía,O001,Devengado,13050111.0,0.0,0.0,0.0,13050111.0,0.0,0.0,0.0,0.0,0.0,13050111.0,100.0,0.0,0.0
2025,Poder Ejecutivo,Ramos Administrativos,Energía,O001,Ejercido,13050111.0,0.0,0.0,0.0,13050111.0,0.0,0.0,0.0,0.0,0.0,13050111.0,100.0,0.0,0.0
2025,Poder Ejecutivo,Ramos Administrativos,Energía,O001,Porcentaje Ejer/Aprob,100.0,0.0,0.0,0.0,100.0,0.0,0.0,0.0,0.0,0.0,100.0,,0.0,
2025,Poder Ejecutivo,Ramos Administrativos,Energía,O001,Porcentaje Ejer/Modif,100.0,0.0,0.0,0.0,100.0,0.0,0.0,0.0,0.0,0.0,100.0,,0.0,
2025,Poder Ejecutivo,Ramos Administrativos,Energía,P001,Conducción de la política energética,0.0,0.0,0.0,0.0,0.0,0.0,0.0,0.0,0.0,0.0,0.0,,0.0,
2025,Poder Ejecutivo,Ramos Administrativos,Energía,P001,Aprobado,178788834.0,46548613.0,0.0,148409410.0,373746857.0,0.0,0.0,0.0,0.0,0.0,373746857.0,100.0,0.0,0.0
2025,Poder Ejecutivo,Ramos Administrativos,Energía,P001,Modificado,291274817.16,112730343.44,0.0,97741051.46,501746212.06,0.0,0.0,0.0,0.0,0.0,501746212.06,100.0,0.0,0.0
2025,Poder Ejecutivo,Ramos Administrativos,Energía,P001,Devengado,291274817.16,112725745.37,0.0,97741051.46,501741613.99,0.0,0.0,0.0,0.0,0.0,501741613.99,100.0,0.0,0.0
2025,Poder Ejecutivo,Ramos Administrativos,Energía,P001,Ejercido,291274817.16,112725744.75,0.0,97741051.46,501741613.37,0.0,0.0,0.0,0.0,0.0,501741613.37,100.0,0.0,0.0
2025,Poder Ejecutivo,Ramos Administrativos,Energía,P001,Porcentaje Ejer/Aprob,162.9155527464316,242.16778435482064,0.0,65.85906611986397,134.2463766511353,0.0,0.0,0.0,0.0,0.0,134.2463766511353,,0.0,
2025,Poder Ejecutivo,Ramos Administrativos,Energía,P001,Porcentaje Ejer/Modif,100.0,99.99592062805837,0.0,100.0,99.99908346293614,0.0,0.0,0.0,0.0,0.0,99.99908346293614,,0.0,
2025,Poder Ejecutivo,Ramos Administrativos,Energía,P002,Coordinación de la política energética en electricidad,0.0,0.0,0.0,0.0,0.0,0.0,0.0,0.0,0.0,0.0,0.0,,0.0,
2025,Poder Ejecutivo,Ramos Administrativos,Energía,P002,Aprobado,60630417.0,21501692.0,0.0,0.0,82132109.0,0.0,0.0,0.0,0.0,0.0,82132109.0,100.0,0.0,0.0
2025,Poder Ejecutivo,Ramos Administrativos,Energía,P002,Modificado,69921380.69,52323819.38,0.0,185795.72,122430995.79,0.0,0.0,0.0,846421606.0,846421606.0,968852601.79,12.636699902937048,0.0,87.36330009706296
2025,Poder Ejecutivo,Ramos Administrativos,Energía,P002,Devengado,69921380.69,52323405.38,0.0,185795.72,122430581.79,0.0,0.0,0.0,846421606.0,846421606.0,968852187.79,12.636662571745877,0.0,87.36333742825413
2025,Poder Ejecutivo,Ramos Administrativos,Energía,P002,Ejercido,69921380.69,52323405.38,0.0,185795.72,122430581.79,0.0,0.0,0.0,846421606.0,846421606.0,968852187.79,12.636662571745877,0.0,87.36333742825413
2025,Poder Ejecutivo,Ramos Administrativos,Energía,P002,Porcentaje Ejer/Aprob,115.32393169916676,243.3455254591127,0.0,0.0,149.06543041528374,0.0,0.0,0.0,0.0,0.0,0.0,,0.0,
2025,Poder Ejecutivo,Ramos Administrativos,Energía,P002,Porcentaje Ejer/Modif,100.0,99.99920877335617,0.0,100.0,99.99966185033674,0.0,0.0,0.0,100.0,100.0,99.99995726904183,,0.0,
2025,Poder Ejecutivo,Ramos Administrativos,Energía,P003,Coordinación de la política energética en hidrocarburos,0.0,0.0,0.0,0.0,0.0,0.0,0.0,0.0,0.0,0.0,0.0,,0.0,
2025,Poder Ejecutivo,Ramos Administrativos,Energía,P003,Aprobado,100464747.0,38552153.0,0.0,0.0,139016900.0,0.0,0.0,0.0,136210300000.0,136210300000.0,136349316900.0,0.10195643305052743,0.0,99.89804356694947
2025,Poder Ejecutivo,Ramos Administrativos,Energía,P003,Modificado,248885570.65,133353333.62,0.0,153249.87,382392154.14,0.0,0.0,0.0,395313191296.46,395313191296.46,395695583450.6,0.1,0.0,99.90336203633981
2025,Poder Ejecutivo,Ramos Administrativos,Energía,P003,Devengado,248885570.65,133353111.62,0.0,153249.87,382391932.14,0.0,0.0,0.0,395313191296.46,395313191296.46,395695583228.6,0.1,0.0,99.90336209238933
2025,Poder Ejecutivo,Ramos Administrativos,Energía,P003,Ejercido,248885570.65,133353111.62,0.0,153249.87,382391932.14,0.0,0.0,0.0,395313191296.46,395313191296.46,395695583228.6,0.1,0.0,99.90336209238933
2025,Poder Ejecutivo,Ramos Administrativos,Energía,P003,Porcentaje Ejer/Aprob,247.73423323307625,345.9031500004682,0.0,0.0,275.0686658528567,0.0,0.0,0.0,290.22268602041106,290.22268602041106,290.20723552198444,,0.0,
2025,Poder Ejecutivo,Ramos Administrativos,Energía,P003,Porcentaje Ejer/Modif,100.0,99.99983352497162,0.0,100.0,99.99994194441555,0.0,0.0,0.0,100.0,100.0,99.99999994389627,,0.0,
2025,Poder Ejecutivo,Ramos Administrativos,Energía,P008,"Gestión, promoción, supervisión y evaluación del aprovechamiento sustentable de la energía",0.0,0.0,0.0,0.0,0.0,0.0,0.0,0.0,0.0,0.0,0.0,,0.0,
2025,Poder Ejecutivo,Ramos Administrativos,Energía,P008,Aprobado,50477742.0,36808550.0,0.0,22791.0,87309083.0,0.0,0.0,0.0,0.0,0.0,87309083.0,100.0,0.0,0.0
2025,Poder Ejecutivo,Ramos Administrativos,Energía,P008,Modificado,64702545.6,21521520.44,0.0,0.0,86224066.04,0.0,0.0,0.0,0.0,0.0,86224066.04,100.0,0.0,0.0
2025,Poder Ejecutivo,Ramos Administrativos,Energía,P008,Devengado,64702545.6,21521520.44,0.0,0.0,86224066.04,0.0,0.0,0.0,0.0,0.0,86224066.04,100.0,0.0,0.0
2025,Poder Ejecutivo,Ramos Administrativos,Energía,P008,Ejercido,64702545.6,21521520.44,0.0,0.0,86224066.04,0.0,0.0,0.0,0.0,0.0,86224066.04,100.0,0.0,0.0
2025,Poder Ejecutivo,Ramos Administrativos,Energía,P008,Porcentaje Ejer/Aprob,128.1803484791376,58.46880803508968,0.0,0.0,98.75726909192255,0.0,0.0,0.0,0.0,0.0,98.75726909192255,,0.0,
2025,Poder Ejecutivo,Ramos Administrativos,Energía,P008,Porcentaje Ejer/Modif,100.0,100.0,0.0,0.0,100.0,0.0,0.0,0.0,0.0,0.0,100.0,,0.0,
2025,Poder Ejecutivo,Ramos Administrativos,Energía,R002,Recursos destinados a la transición e investigación en materia energética,0.0,0.0,0.0,0.0,0.0,0.0,0.0,0.0,0.0,0.0,0.0,,0.0,
2025,Poder Ejecutivo,Ramos Administrativos,Energía,R002,Aprobado,0.0,0.0,0.0,297210111.0,297210111.0,0.0,0.0,0.0,0.0,0.0,297210111.0,100.0,0.0,0.0
2025,Poder Ejecutivo,Ramos Administrativos,Energía,R002,Modificado,0.0,0.0,0.0,636147412.53,636147412.53,0.0,0.0,0.0,0.0,0.0,636147412.53,100.0,0.0,0.0
2025,Poder Ejecutivo,Ramos Administrativos,Energía,R002,Devengado,0.0,0.0,0.0,636147412.53,636147412.53,0.0,0.0,0.0,0.0,0.0,636147412.53,100.0,0.0,0.0
2025,Poder Ejecutivo,Ramos Administrativos,Energía,R002,Ejercido,0.0,0.0,0.0,636147412.53,636147412.53,0.0,0.0,0.0,0.0,0.0,636147412.53,100.0,0.0,0.0
2025,Poder Ejecutivo,Ramos Administrativos,Energía,R002,Porcentaje Ejer/Aprob,0.0,0.0,0.0,214.03962684499652,214.03962684499652,0.0,0.0,0.0,0.0,0.0,214.03962684499652,,0.0,
2025,Poder Ejecutivo,Ramos Administrativos,Energía,R002,Porcentaje Ejer/Modif,0.0,0.0,0.0,100.0,100.0,0.0,0.0,0.0,0.0,0.0,100.0,,0.0,
2025,Poder Ejecutivo,Ramos Administrativos,Bienestar,TOTAL,Aprobado,6216613095.0,1501924585.0,572163937781.0,1391094.0,579883866555.0,0.0,0.0,0.0,0.0,0.0,579883866555.0,100.0,0.0,0.0
2025,Poder Ejecutivo,Ramos Administrativos,Bienestar,TOTAL,Modificado,11461483815.5,12719674254.01,565541279604.09,5080572111.21,594803009784.81,0.0,12139856332.71,0.0,0.0,12139856332.71,606942866117.52,97.99983540289946,0.0,2.0001645971005457
2025,Poder Ejecutivo,Ramos Administrativos,Bienestar,TOTAL,Devengado,11443335028.2,12694098357.39,565538685484.85,5080572111.21,594756690981.65,0.0,12139856332.71,0.0,0.0,12139856332.71,606896547314.36,97.99968274882576,0.0,2.0003172511742435
2025,Poder Ejecutivo,Ramos Administrativos,Bienestar,TOTAL,Ejercido,11443335028.2,12694065835.57,565538685484.85,5080572111.21,594756658459.83,0.0,12139856332.71,0.0,0.0,12139856332.71,606896514792.54,97.99968264163455,0.0,2.00031735836543
2025,Poder Ejecutivo,Ramos Administrativos,Bienestar,TOTAL,Porcentaje Ejer/Aprob,184.07668055462284,0.0,98.84207097674759,0.0,102.56478801405305,0.0,0.0,0.0,0.0,0.0,104.65828587334529,,0.0,
2025,Poder Ejecutivo,Ramos Administrativos,Bienestar,TOTAL,Porcentaje Ejer/Modif,99.8416541209485,99.79867079982864,99.99954130329057,100.0,99.99220728136584,0.0,100.0,0.0,0.0,100.0,99.99236314856512,,0.0,
2025,Poder Ejecutivo,Ramos Administrativos,Bienestar,E003,Servicios a grupos con necesidades especiales,0.0,0.0,0.0,0.0,0.0,0.0,0.0,0.0,0.0,0.0,0.0,,0.0,
2025,Poder Ejecutivo,Ramos Administrativos,Bienestar,E003,Aprobado,262709396.0,49125401.0,0.0,117159.0,311951956.0,0.0,0.0,0.0,0.0,0.0,311951956.0,100.0,0.0,0.0
2025,Poder Ejecutivo,Ramos Administrativos,Bienestar,E003,Modificado,266513080.96,27930732.55,0.0,0.0,294443813.51,0.0,0.0,0.0,0.0,0.0,294443813.51,100.0,0.0,0.0
2025,Poder Ejecutivo,Ramos Administrativos,Bienestar,E003,Devengado,266513080.96,27930732.55,0.0,0.0,294443813.51,0.0,0.0,0.0,0.0,0.0,294443813.51,100.0,0.0,0.0
2025,Poder Ejecutivo,Ramos Administrativos,Bienestar,E003,Ejercido,266513080.96,27930732.55,0.0,0.0,294443813.51,0.0,0.0,0.0,0.0,0.0,294443813.51,100.0,0.0,0.0
2025,Poder Ejecutivo,Ramos Administrativos,Bienestar,E003,Porcentaje Ejer/Aprob,101.44786787907654,56.8559889210879,0.0,0.0,94.38755162349423,0.0,0.0,0.0,0.0,0.0,94.38755162349423,,0.0,
2025,Poder Ejecutivo,Ramos Administrativos,Bienestar,E003,Porcentaje Ejer/Modif,100.0,100.0,0.0,0.0,100.0,0.0,0.0,0.0,0.0,0.0,100.0,,0.0,
2025,Poder Ejecutivo,Ramos Administrativos,Bienestar,I017,Fondo de Aportaciones para la Infraestructura Social de los Pueblos y Comunidades Indígenas y Afromexicanas,0.0,0.0,0.0,0.0,0.0,0.0,0.0,0.0,0.0,0.0,0.0,,0.0,
2025,Poder Ejecutivo,Ramos Administrativos,Bienestar,I017,Aprobado,0.0,0.0,0.0,0.0,0.0,0.0,0.0,0.0,0.0,0.0,0.0,0.0,0.0,0.0
2025,Poder Ejecutivo,Ramos Administrativos,Bienestar,I017,Modificado,0.0,0.0,0.0,0.0,0.0,0.0,11918664980.71,0.0,0.0,11918664980.71,11918664980.71,0.0,0.0,100.0
2025,Poder Ejecutivo,Ramos Administrativos,Bienestar,I017,Devengado,0.0,0.0,0.0,0.0,0.0,0.0,11918664980.71,0.0,0.0,11918664980.71,11918664980.71,0.0,0.0,100.0
2025,Poder Ejecutivo,Ramos Administrativos,Bienestar,I017,Ejercido,0.0,0.0,0.0,0.0,0.0,0.0,11918664980.71,0.0,0.0,11918664980.71,11918664980.71,0.0,0.0,100.0
2025,Poder Ejecutivo,Ramos Administrativos,Bienestar,I017,Porcentaje Ejer/Aprob,0.0,0.0,0.0,0.0,0.0,0.0,0.0,0.0,0.0,0.0,0.0,,0.0,
2025,Poder Ejecutivo,Ramos Administrativos,Bienestar,I017,Porcentaje Ejer/Modif,0.0,0.0,0.0,0.0,0.0,0.0,100.0,0.0,0.0,100.0,100.0,,0.0,
2025,Poder Ejecutivo,Ramos Administrativos,Bienestar,M001,Actividades de apoyo administrativo,0.0,0.0,0.0,0.0,0.0,0.0,0.0,0.0,0.0,0.0,0.0,,0.0,
2025,Poder Ejecutivo,Ramos Administrativos,Bienestar,M001,Aprobado,477873989.0,334312504.0,0.0,727621.0,812914114.0,0.0,0.0,0.0,0.0,0.0,812914114.0,100.0,0.0,0.0
2025,Poder Ejecutivo,Ramos Administrativos,Bienestar,M001,Modificado,659307806.41,124909423.47,0.0,114272435.44,898489665.32,0.0,0.0,0.0,0.0,0.0,898489665.32,100.0,0.0,0.0
2025,Poder Ejecutivo,Ramos Administrativos,Bienestar,M001,Devengado,649361025.35,120838791.16,0.0,114272435.44,884472251.95,0.0,0.0,0.0,0.0,0.0,884472251.95,100.0,0.0,0.0
2025,Poder Ejecutivo,Ramos Administrativos,Bienestar,M001,Ejercido,649361025.35,120838791.16,0.0,114272435.44,884472251.95,0.0,0.0,0.0,0.0,0.0,884472251.95,100.0,0.0,0.0
2025,Poder Ejecutivo,Ramos Administrativos,Bienestar,M001,Porcentaje Ejer/Aprob,135.8854091868139,36.14545962660134,0.0,0.0,108.80266890654578,0.0,0.0,0.0,0.0,0.0,108.80266890654578,,0.0,
2025,Poder Ejecutivo,Ramos Administrativos,Bienestar,M001,Porcentaje Ejer/Modif,98.49132970013488,96.74113273689261,0.0,100.0,98.43989153008147,0.0,0.0,0.0,0.0,0.0,98.43989153008147,,0.0,
2025,Poder Ejecutivo,Ramos Administrativos,Bienestar,O001,Actividades de apoyo a la función pública y buen gobierno,0.0,0.0,0.0,0.0,0.0,0.0,0.0,0.0,0.0,0.0,0.0,,0.0,
2025,Poder Ejecutivo,Ramos Administrativos,Bienestar,O001,Aprobado,10025327.0,745609.0,0.0,0.0,10770936.0,0.0,0.0,0.0,0.0,0.0,10770936.0,100.0,0.0,0.0
2025,Poder Ejecutivo,Ramos Administrativos,Bienestar,O001,Modificado,7860462.61,510297.27,0.0,0.0,8370759.88,0.0,0.0,0.0,0.0,0.0,8370759.88,100.0,0.0,0.0
2025,Poder Ejecutivo,Ramos Administrativos,Bienestar,O001,Devengado,7860462.61,506975.27,0.0,0.0,8367437.88,0.0,0.0,0.0,0.0,0.0,8367437.88,100.0,0.0,0.0
2025,Poder Ejecutivo,Ramos Administrativos,Bienestar,O001,Ejercido,7860462.61,506975.27,0.0,0.0,8367437.88,0.0,0.0,0.0,0.0,0.0,8367437.88,100.0,0.0,0.0
2025,Poder Ejecutivo,Ramos Administrativos,Bienestar,O001,Porcentaje Ejer/Aprob,78.40604710449844,67.99478949422553,0.0,0.0,77.68533653899716,0.0,0.0,0.0,0.0,0.0,77.68533653899716,,0.0,
2025,Poder Ejecutivo,Ramos Administrativos,Bienestar,O001,Porcentaje Ejer/Modif,100.0,99.3490069033683,0.0,0.0,99.96031423613121,0.0,0.0,0.0,0.0,0.0,99.96031423613121,,0.0,
2025,Poder Ejecutivo,Ramos Administrativos,Bienestar,P001,Diseño y Conducción de la Política Pública de Desarrollo Social,0.0,0.0,0.0,0.0,0.0,0.0,0.0,0.0,0.0,0.0,0.0,,0.0,
2025,Poder Ejecutivo,Ramos Administrativos,Bienestar,P001,Aprobado,103591410.0,66399610.0,0.0,0.0,169991020.0,0.0,0.0,0.0,0.0,0.0,169991020.0,100.0,0.0,0.0
2025,Poder Ejecutivo,Ramos Administrativos,Bienestar,P001,Modificado,82420982.72,12310319.12,0.0,669.0,94731970.84,0.0,0.0,0.0,0.0,0.0,94731970.84,100.0,0.0,0.0
2025,Poder Ejecutivo,Ramos Administrativos,Bienestar,P001,Devengado,82088987.81,10649972.78,0.0,669.0,92739629.59,0.0,0.0,0.0,0.0,0.0,92739629.59,100.0,0.0,0.0
2025,Poder Ejecutivo,Ramos Administrativos,Bienestar,P001,Ejercido,82088987.81,10649972.78,0.0,669.0,92739629.59,0.0,0.0,0.0,0.0,0.0,92739629.59,100.0,0.0,0.0
2025,Poder Ejecutivo,Ramos Administrativos,Bienestar,P001,Porcentaje Ejer/Aprob,79.24304516175617,16.039209838732486,0.0,0.0,54.55560510784628,0.0,0.0,0.0,0.0,0.0,54.55560510784628,,0.0,
2025,Poder Ejecutivo,Ramos Administrativos,Bienestar,P001,Porcentaje Ejer/Modif,99.59719612768045,86.51256459060828,0.0,100.0,97.89686498408756,0.0,0.0,0.0,0.0,0.0,97.89686498408756,,0.0,
2025,Poder Ejecutivo,Ramos Administrativos,Bienestar,P002,"Promoción y evaluación de la política de desarrollo social y comunitario, la participación y la cohesión social",0.0,0.0,0.0,0.0,0.0,0.0,0.0,0.0,0.0,0.0,0.0,,0.0,
2025,Poder Ejecutivo,Ramos Administrativos,Bienestar,P002,Aprobado,5247140760.0,903225207.0,0.0,546314.0,6150912281.0,0.0,0.0,0.0,0.0,0.0,6150912281.0,100.0,0.0,0.0
2025,Poder Ejecutivo,Ramos Administrativos,Bienestar,P002,Modificado,6446818490.87,1225030268.18,0.0,24481075.4,7696329834.45,0.0,0.0,0.0,0.0,0.0,7696329834.45,100.0,0.0,0.0
2025,Poder Ejecutivo,Ramos Administrativos,Bienestar,P002,Devengado,6438948479.54,1224153230.49,0.0,24481075.4,7687582785.43,0.0,0.0,0.0,0.0,0.0,7687582785.43,100.0,0.0,0.0
2025,Poder Ejecutivo,Ramos Administrativos,Bienestar,P002,Ejercido,6438948479.54,1224146405.32,0.0,24481075.4,7687575960.26,0.0,0.0,0.0,0.0,0.0,7687575960.26,100.0,0.0,0.0
2025,Poder Ejecutivo,Ramos Administrativos,Bienestar,P002,Porcentaje Ejer/Aprob,122.71346956470823,135.53058482345918,0.0,0.0,124.98269539636766,0.0,0.0,0.0,0.0,0.0,124.98269539636766,,0.0,
2025,Poder Ejecutivo,Ramos Administrativos,Bienestar,P002,Porcentaje Ejer/Modif,99.87792410564768,99.92784971253704,0.0,100.0,99.88625910819445,0.0,0.0,0.0,0.0,0.0,99.88625910819445,,0.0,
2025,Poder Ejecutivo,Ramos Administrativos,Bienestar,P003,Evaluación de los programas sociales,0.0,0.0,0.0,0.0,0.0,0.0,0.0,0.0,0.0,0.0,0.0,,0.0,
2025,Poder Ejecutivo,Ramos Administrativos,Bienestar,P003,Aprobado,96905516.0,133210764.0,0.0,0.0,230116280.0,0.0,0.0,0.0,0.0,0.0,230116280.0,100.0,0.0,0.0
2025,Poder Ejecutivo,Ramos Administrativos,Bienestar,P003,Modificado,39779487.81,28796108.23,0.0,0.0,68575596.04,0.0,0.0,0.0,0.0,0.0,68575596.04,100.0,0.0,0.0
2025,Poder Ejecutivo,Ramos Administrativos,Bienestar,P003,Devengado,39779487.81,28796108.23,0.0,0.0,68575596.04,0.0,0.0,0.0,0.0,0.0,68575596.04,100.0,0.0,0.0
2025,Poder Ejecutivo,Ramos Administrativos,Bienestar,P003,Ejercido,39779487.81,28796108.23,0.0,0.0,68575596.04,0.0,0.0,0.0,0.0,0.0,68575596.04,100.0,0.0,0.0
2025,Poder Ejecutivo,Ramos Administrativos,Bienestar,P003,Porcentaje Ejer/Aprob,41.04976625891967,21.616952988874083,0.0,0.0,29.800410488123656,0.0,0.0,0.0,0.0,0.0,29.800410488123656,,0.0,
2025,Poder Ejecutivo,Ramos Administrativos,Bienestar,P003,Porcentaje Ejer/Modif,100.0,100.0,0.0,0.0,100.0,0.0,0.0,0.0,0.0,0.0,100.0,,0.0,
2025,Poder Ejecutivo,Ramos Administrativos,Bienestar,P004,Desarrollo integral de las personas con discapacidad,0.0,0.0,0.0,0.0,0.0,0.0,0.0,0.0,0.0,0.0,0.0,,0.0,
2025,Poder Ejecutivo,Ramos Administrativos,Bienestar,P004,Aprobado,18366697.0,14905490.0,0.0,0.0,33272187.0,0.0,0.0,0.0,0.0,0.0,33272187.0,100.0,0.0,0.0
2025,Poder Ejecutivo,Ramos Administrativos,Bienestar,P004,Modificado,12647365.87,951733.26,0.0,3863719.37,17462818.5,0.0,0.0,0.0,0.0,0.0,17462818.5,100.0,0.0,0.0
2025,Poder Ejecutivo,Ramos Administrativos,Bienestar,P004,Devengado,12647365.87,951733.26,0.0,3863719.37,17462818.5,0.0,0.0,0.0,0.0,0.0,17462818.5,100.0,0.0,0.0
2025,Poder Ejecutivo,Ramos Administrativos,Bienestar,P004,Ejercido,12647365.87,951733.26,0.0,3863719.37,17462818.5,0.0,0.0,0.0,0.0,0.0,17462818.5,100.0,0.0,0.0
2025,Poder Ejecutivo,Ramos Administrativos,Bienestar,P004,Porcentaje Ejer/Aprob,68.86031750836854,6.38511890585281,0.0,0.0,52.48473296931158,0.0,0.0,0.0,0.0,0.0,52.48473296931158,,0.0,
2025,Poder Ejecutivo,Ramos Administrativos,Bienestar,P004,Porcentaje Ejer/Modif,100.0,100.0,0.0,100.0,100.0,0.0,0.0,0.0,0.0,0.0,100.0,,0.0,
2025,Poder Ejecutivo,Ramos Administrativos,Bienestar,S174,"Programa de Apoyo para el Bienestar de las Niñas y Niños, Hijos de Madres Trabajadoras",0.0,0.0,0.0,0.0,0.0,0.0,0.0,0.0,0.0,0.0,0.0,,0.0,
2025,Poder Ejecutivo,Ramos Administrativos,Bienestar,S174,Aprobado,0.0,0.0,3185000000.0,0.0,3185000000.0,0.0,0.0,0.0,0.0,0.0,3185000000.0,100.0,0.0,0.0
2025,Poder Ejecutivo,Ramos Administrativos,Bienestar,S174,Modificado,42976703.14,42793857.01,2280012440.0,0.0,2365783000.15,0.0,0.0,0.0,0.0,0.0,2365783000.15,100.0,0.0,0.0
2025,Poder Ejecutivo,Ramos Administrativos,Bienestar,S174,Devengado,42976703.14,33514031.0,2280012440.0,0.0,2356503174.14,0.0,0.0,0.0,0.0,0.0,2356503174.14,100.0,0.0,0.0
2025,Poder Ejecutivo,Ramos Administrativos,Bienestar,S174,Ejercido,42976703.14,33514031.0,2280012440.0,0.0,2356503174.14,0.0,0.0,0.0,0.0,0.0,2356503174.14,100.0,0.0,0.0
2025,Poder Ejecutivo,Ramos Administrativos,Bienestar,S174,Porcentaje Ejer/Aprob,0.0,0.0,71.58594788069074,0.0,73.98754078932495,0.0,0.0,0.0,0.0,0.0,73.98754078932495,,0.0,
2025,Poder Ejecutivo,Ramos Administrativos,Bienestar,S174,Porcentaje Ejer/Modif,100.0,78.31505113495261,100.0,0.0,99.60774821657726,0.0,0.0,0.0,0.0,0.0,99.60774821657726,,0.0,
2025,Poder Ejecutivo,Ramos Administrativos,Bienestar,S176,Pensión para el Bienestar de las Personas Adultas Mayores,0.0,0.0,0.0,0.0,0.0,0.0,0.0,0.0,0.0,0.0,0.0,,0.0,
2025,Poder Ejecutivo,Ramos Administrativos,Bienestar,S176,Aprobado,0.0,0.0,483427619205.0,0.0,483427619205.0,0.0,0.0,0.0,0.0,0.0,483427619205.0,100.0,0.0,0.0
2025,Poder Ejecutivo,Ramos Administrativos,Bienestar,S176,Modificado,1927079904.31,9134299038.35,473119466180.62,0.0,484180845123.28,0.0,0.0,0.0,0.0,0.0,484180845123.28,100.0,0.0,0.0
2025,Poder Ejecutivo,Ramos Administrativos,Bienestar,S176,Devengado,1927079904.31,9125021617.07,473119466180.62,0.0,484171567702.0,0.0,0.0,0.0,0.0,0.0,484171567702.0,100.0,0.0,0.0
2025,Poder Ejecutivo,Ramos Administrativos,Bienestar,S176,Ejercido,1927079904.31,9124995920.42,473119466180.62,0.0,484171542005.35,0.0,0.0,0.0,0.0,0.0,484171542005.35,100.0,0.0,0.0
2025,Poder Ejecutivo,Ramos Administrativos,Bienestar,S176,Porcentaje Ejer/Aprob,0.0,0.0,97.86769464240959,0.0,100.15388504313705,0.0,0.0,0.0,0.0,0.0,100.15388504313705,,0.0,
2025,Poder Ejecutivo,Ramos Administrativos,Bienestar,S176,Porcentaje Ejer/Modif,100.0,99.89815181339102,100.0,0.0,99.99807858612671,0.0,0.0,0.0,0.0,0.0,99.99807858612671,,0.0,
2025,Poder Ejecutivo,Ramos Administrativos,Bienestar,S286,Pensión para el Bienestar de las Personas con Discapacidad Permanente,0.0,0.0,0.0,0.0,0.0,0.0,0.0,0.0,0.0,0.0,0.0,,0.0,
2025,Poder Ejecutivo,Ramos Administrativos,Bienestar,S286,Aprobado,0.0,0.0,28961441920.0,0.0,28961441920.0,0.0,0.0,0.0,0.0,0.0,28961441920.0,100.0,0.0,0.0
2025,Poder Ejecutivo,Ramos Administrativos,Bienestar,S286,Modificado,200645950.27,744906026.85,22245091996.0,4601977600.0,27792621573.12,0.0,0.0,0.0,0.0,0.0,27792621573.12,100.0,0.0,0.0
2025,Poder Ejecutivo,Ramos Administrativos,Bienestar,S286,Devengado,200645950.27,744695091.65,22245091996.0,4601977600.0,27792410637.92,0.0,0.0,0.0,0.0,0.0,27792410637.92,100.0,0.0,0.0
2025,Poder Ejecutivo,Ramos Administrativos,Bienestar,S286,Ejercido,200645950.27,744695091.65,22245091996.0,4601977600.0,27792410637.92,0.0,0.0,0.0,0.0,0.0,27792410637.92,100.0,0.0,0.0
2025,Poder Ejecutivo,Ramos Administrativos,Bienestar,S286,Porcentaje Ejer/Aprob,0.0,0.0,76.80933862839933,0.0,95.96349074984177,0.0,0.0,0.0,0.0,0.0,95.96349074984177,,0.0,
2025,Poder Ejecutivo,Ramos Administrativos,Bienestar,S286,Porcentaje Ejer/Modif,100.0,99.97168297847018,100.0,100.0,99.99924103885111,0.0,0.0,0.0,0.0,0.0,99.99924103885111,,0.0,
2025,Poder Ejecutivo,Ramos Administrativos,Bienestar,S287,Sembrando Vida,0.0,0.0,0.0,0.0,0.0,0.0,0.0,0.0,0.0,0.0,0.0,,0.0,
2025,Poder Ejecutivo,Ramos Administrativos,Bienestar,S287,Aprobado,0.0,0.0,39100000000.0,0.0,39100000000.0,0.0,0.0,0.0,0.0,0.0,39100000000.0,100.0,0.0,0.0
2025,Poder Ejecutivo,Ramos Administrativos,Bienestar,S287,Modificado,1772251951.28,634104405.74,32974055086.2,0.0,35380411443.22,0.0,16072728.0,0.0,0.0,16072728.0,35396484171.22,99.95459230379421,0.0,0.0
2025,Poder Ejecutivo,Ramos Administrativos,Bienestar,S287,Devengado,1772251951.28,633911577.55,32974055086.2,0.0,35380218615.03,0.0,16072728.0,0.0,0.0,16072728.0,35396291343.03,99.95459205642693,0.0,0.0
2025,Poder Ejecutivo,Ramos Administrativos,Bienestar,S287,Ejercido,1772251951.28,633911577.55,32974055086.2,0.0,35380218615.03,0.0,16072728.0,0.0,0.0,16072728.0,35396291343.03,99.95459205642693,0.0,0.0
2025,Poder Ejecutivo,Ramos Administrativos,Bienestar,S287,Porcentaje Ejer/Aprob,0.0,0.0,84.33262170383632,0.0,90.4864926215601,0.0,0.0,0.0,0.0,0.0,90.52759934278772,,0.0,
2025,Poder Ejecutivo,Ramos Administrativos,Bienestar,S287,Porcentaje Ejer/Modif,100.0,99.96959046676626,100.0,0.0,99.99945498601589,0.0,100.0,0.0,0.0,100.0,99.99945523349419,,0.0,
2025,Poder Ejecutivo,Ramos Administrativos,Bienestar,U011,Programa para el Bienestar de las Personas en Emergencia Social o Natural,0.0,0.0,0.0,0.0,0.0,0.0,0.0,0.0,0.0,0.0,0.0,,0.0,
2025,Poder Ejecutivo,Ramos Administrativos,Bienestar,U011,Aprobado,0.0,0.0,489876656.0,0.0,489876656.0,0.0,0.0,0.0,0.0,0.0,489876656.0,100.0,0.0,0.0
2025,Poder Ejecutivo,Ramos Administrativos,Bienestar,U011,Modificado,3181629.25,0.0,10527136208.27,0.0,10530317837.52,0.0,0.0,0.0,0.0,0.0,10530317837.52,100.0,0.0,0.0
2025,Poder Ejecutivo,Ramos Administrativos,Bienestar,U011,Devengado,3181629.25,0.0,10524542089.03,0.0,10527723718.28,0.0,0.0,0.0,0.0,0.0,10527723718.28,100.0,0.0,0.0
2025,Poder Ejecutivo,Ramos Administrativos,Bienestar,U011,Ejercido,3181629.25,0.0,10524542089.03,0.0,10527723718.28,0.0,0.0,0.0,0.0,0.0,10527723718.28,100.0,0.0,0.0
2025,Poder Ejecutivo,Ramos Administrativos,Bienestar,U011,Porcentaje Ejer/Aprob,0.0,0.0,0.0,0.0,0.0,0.0,0.0,0.0,0.0,0.0,0.0,,0.0,
2025,Poder Ejecutivo,Ramos Administrativos,Bienestar,U011,Porcentaje Ejer/Modif,100.0,0.0,99.97535778782873,0.0,99.97536523322442,0.0,0.0,0.0,0.0,0.0,99.97536523322442,,0.0,
2025,Poder Ejecutivo,Ramos Administrativos,Bienestar,U316,Pensión Mujeres Bienestar,0.0,0.0,0.0,0.0,0.0,0.0,0.0,0.0,0.0,0.0,0.0,,0.0,
2025,Poder Ejecutivo,Ramos Administrativos,Bienestar,U316,Aprobado,0.0,0.0,15000000000.0,0.0,15000000000.0,0.0,0.0,0.0,0.0,0.0,15000000000.0,100.0,0.0,0.0
2025,Poder Ejecutivo,Ramos Administrativos,Bienestar,U316,Modificado,0.0,187595542.63,21353421000.0,0.0,21541016542.63,0.0,99497840.0,0.0,0.0,99497840.0,21640514382.63,99.54022423755387,0.0,0.459775762446123
2025,Poder Ejecutivo,Ramos Administrativos,Bienestar,U316,Devengado,0.0,187595542.63,21353421000.0,0.0,21541016542.63,0.0,99497840.0,0.0,0.0,99497840.0,21640514382.63,99.54022423755387,0.0,0.459775762446123
2025,Poder Ejecutivo,Ramos Administrativos,Bienestar,U316,Ejercido,0.0,187595542.63,21353421000.0,0.0,21541016542.63,0.0,99497840.0,0.0,0.0,99497840.0,21640514382.63,99.54022423755387,0.0,0.459775762446123
2025,Poder Ejecutivo,Ramos Administrativos,Bienestar,U316,Porcentaje Ejer/Aprob,0.0,0.0,142.35614,0.0,143.60677695086667,0.0,0.0,0.0,0.0,0.0,144.2700958842,,0.0,
2025,Poder Ejecutivo,Ramos Administrativos,Bienestar,U316,Porcentaje Ejer/Modif,0.0,100.0,100.0,0.0,100.0,0.0,100.0,0.0,0.0,100.0,100.0,,0.0,
2025,Poder Ejecutivo,Ramos Administrativos,Bienestar,U317,Salud Casa por casa,0.0,0.0,0.0,0.0,0.0,0.0,0.0,0.0,0.0,0.0,0.0,,0.0,
2025,Poder Ejecutivo,Ramos Administrativos,Bienestar,U317,Aprobado,0.0,0.0,2000000000.0,0.0,2000000000.0,0.0,0.0,0.0,0.0,0.0,2000000000.0,100.0,0.0,0.0
2025,Poder Ejecutivo,Ramos Administrativos,Bienestar,U317,Modificado,0.0,555536501.35,3042096693.0,335976612.0,3933609806.35,0.0,105620784.0,0.0,0.0,105620784.0,4039230590.35,97.38512616109773,0.0,2.614873838902273
2025,Poder Ejecutivo,Ramos Administrativos,Bienestar,U317,Devengado,0.0,555532953.75,3042096693.0,335976612.0,3933606258.75,0.0,105620784.0,0.0,0.0,105620784.0,4039227042.75,97.38512386448842,0.0,2.614876135511583
2025,Poder Ejecutivo,Ramos Administrativos,Bienestar,U317,Ejercido,0.0,555532953.75,3042096693.0,335976612.0,3933606258.75,0.0,105620784.0,0.0,0.0,105620784.0,4039227042.75,97.38512386448842,0.0,2.614876135511583
2025,Poder Ejecutivo,Ramos Administrativos,Bienestar,U317,Porcentaje Ejer/Aprob,0.0,0.0,152.10483465,0.0,196.6803129375,0.0,0.0,0.0,0.0,0.0,201.96135213750003,,0.0,
2025,Poder Ejecutivo,Ramos Administrativos,Bienestar,U317,Porcentaje Ejer/Modif,0.0,99.9993614100979,100.0,100.0,99.99990981311888,0.0,100.0,0.0,0.0,100.0,99.99991217139204,,0.0,
2025,Poder Ejecutivo,Ramos Administrativos,Turismo,TOTAL,Aprobado,757358784.0,963112214.0,0.0,54427240.0,1774898238.0,0.0,0.0,0.0,0.0,0.0,1774898238.0,100.0,0.0,0.0
2025,Poder Ejecutivo,Ramos Administrativos,Turismo,TOTAL,Modificado,864284986.47,538281877.25,0.0,92237329.7,1494804193.42,0.0,1044274423.77,0.0,0.0,1044274423.77,2539078617.19,58.87191453229994,0.0,41.12808546770006
2025,Poder Ejecutivo,Ramos Administrativos,Turismo,TOTAL,Devengado,864284986.47,538281877.25,0.0,92237329.7,1494804193.42,0.0,1044274423.77,0.0,0.0,1044274423.77,2539078617.19,58.87191453229994,0.0,41.12808546770006
2025,Poder Ejecutivo,Ramos Administrativos,Turismo,TOTAL,Ejercido,864284986.47,538281877.25,0.0,92237329.7,1494804193.42,0.0,1044274423.77,0.0,0.0,1044274423.77,2539078617.19,58.87191453229994,0.0,41.12808546770006
2025,Poder Ejecutivo,Ramos Administrativos,Turismo,TOTAL,Porcentaje Ejer/Aprob,114.11830228009873,55.889840189483884,0.0,169.46905575222993,84.21914909918345,0.0,0.0,0.0,0.0,0.0,143.05488409583964,,0.0,
2025,Poder Ejecutivo,Ramos Administrativos,Turismo,TOTAL,Porcentaje Ejer/Modif,100.0,100.0,0.0,100.0,100.0,0.0,100.0,0.0,0.0,100.0,100.0,,0.0,
2025,Poder Ejecutivo,Ramos Administrativos,Turismo,E005,Programa de Calidad y Atención Integral al Turismo,0.0,0.0,0.0,0.0,0.0,0.0,0.0,0.0,0.0,0.0,0.0,,0.0,
2025,Poder Ejecutivo,Ramos Administrativos,Turismo,E005,Aprobado,198947222.0,87969382.0,0.0,30931.0,286947535.0,0.0,0.0,0.0,0.0,0.0,286947535.0,100.0,0.0,0.0
2025,Poder Ejecutivo,Ramos Administrativos,Turismo,E005,Modificado,229596048.27,80226577.82,0.0,87700.0,309910326.09,0.0,0.0,0.0,0.0,0.0,309910326.09,100.0,0.0,0.0
2025,Poder Ejecutivo,Ramos Administrativos,Turismo,E005,Devengado,229596048.27,80226577.82,0.0,87700.0,309910326.09,0.0,0.0,0.0,0.0,0.0,309910326.09,100.0,0.0,0.0
2025,Poder Ejecutivo,Ramos Administrativos,Turismo,E005,Ejercido,229596048.27,80226577.82,0.0,87700.0,309910326.09,0.0,0.0,0.0,0.0,0.0,309910326.09,100.0,0.0,0.0
2025,Poder Ejecutivo,Ramos Administrativos,Turismo,E005,Porcentaje Ejer/Aprob,115.40550602410524,91.19829649365957,0.0,283.53431832142513,108.00243538945193,0.0,0.0,0.0,0.0,0.0,108.00243538945193,,0.0,
2025,Poder Ejecutivo,Ramos Administrativos,Turismo,E005,Porcentaje Ejer/Modif,100.0,100.0,0.0,100.0,100.0,0.0,0.0,0.0,0.0,0.0,100.0,,0.0,
2025,Poder Ejecutivo,Ramos Administrativos,Turismo,E007,Conservación y mantenimiento a los CIP's,0.0,0.0,0.0,0.0,0.0,0.0,0.0,0.0,0.0,0.0,0.0,,0.0,
2025,Poder Ejecutivo,Ramos Administrativos,Turismo,E007,Aprobado,0.0,142400457.0,0.0,0.0,142400457.0,0.0,0.0,0.0,0.0,0.0,142400457.0,100.0,0.0,0.0
2025,Poder Ejecutivo,Ramos Administrativos,Turismo,E007,Modificado,0.0,20267564.25,0.0,0.0,20267564.25,0.0,111056529.99,0.0,0.0,111056529.99,131324094.24,15.433241224538904,0.0,84.5667587754611
2025,Poder Ejecutivo,Ramos Administrativos,Turismo,E007,Devengado,0.0,20267564.25,0.0,0.0,20267564.25,0.0,111056529.99,0.0,0.0,111056529.99,131324094.24,15.433241224538904,0.0,84.5667587754611
2025,Poder Ejecutivo,Ramos Administrativos,Turismo,E007,Ejercido,0.0,20267564.25,0.0,0.0,20267564.25,0.0,111056529.99,0.0,0.0,111056529.99,131324094.24,15.433241224538904,0.0,84.5667587754611
2025,Poder Ejecutivo,Ramos Administrativos,Turismo,E007,Porcentaje Ejer/Aprob,0.0,14.232794386327004,0.0,0.0,14.232794386327004,0.0,0.0,0.0,0.0,0.0,92.22168032789388,,0.0,
2025,Poder Ejecutivo,Ramos Administrativos,Turismo,E007,Porcentaje Ejer/Modif,0.0,100.0,0.0,0.0,100.0,0.0,100.0,0.0,0.0,100.0,100.0,,0.0,
2025,Poder Ejecutivo,Ramos Administrativos,Turismo,F001,Promoción de México como Destino Turístico,0.0,0.0,0.0,0.0,0.0,0.0,0.0,0.0,0.0,0.0,0.0,,0.0,
2025,Poder Ejecutivo,Ramos Administrativos,Turismo,F001,Aprobado,8058612.0,38762214.0,0.0,6149166.0,52969992.0,0.0,0.0,0.0,0.0,0.0,52969992.0,100.0,0.0,0.0
2025,Poder Ejecutivo,Ramos Administrativos,Turismo,F001,Modificado,9992129.97,37966935.3,0.0,10551178.24,58510243.51,0.0,0.0,0.0,0.0,0.0,58510243.51,100.0,0.0,0.0
2025,Poder Ejecutivo,Ramos Administrativos,Turismo,F001,Devengado,9992129.97,37966935.3,0.0,10551178.24,58510243.51,0.0,0.0,0.0,0.0,0.0,58510243.51,100.0,0.0,0.0
2025,Poder Ejecutivo,Ramos Administrativos,Turismo,F001,Ejercido,9992129.97,37966935.3,0.0,10551178.24,58510243.51,0.0,0.0,0.0,0.0,0.0,58510243.51,100.0,0.0,0.0
2025,Poder Ejecutivo,Ramos Administrativos,Turismo,F001,Porcentaje Ejer/Aprob,123.99318852924053,97.94831456221772,0.0,171.58714271171084,110.4592266315615,0.0,0.0,0.0,0.0,0.0,110.4592266315615,,0.0,
2025,Poder Ejecutivo,Ramos Administrativos,Turismo,F001,Porcentaje Ejer/Modif,100.0,100.0,0.0,100.0,100.0,0.0,0.0,0.0,0.0,0.0,100.0,,0.0,
2025,Poder Ejecutivo,Ramos Administrativos,Turismo,F002,Fomento y promoción de la inversión en el sector turístico,0.0,0.0,0.0,0.0,0.0,0.0,0.0,0.0,0.0,0.0,0.0,,0.0,
2025,Poder Ejecutivo,Ramos Administrativos,Turismo,F002,Aprobado,154095900.0,545669462.0,0.0,26700798.0,726466160.0,0.0,0.0,0.0,0.0,0.0,726466160.0,100.0,0.0,0.0
2025,Poder Ejecutivo,Ramos Administrativos,Turismo,F002,Modificado,172367510.56,276205918.35,0.0,41088613.35,489662042.26,0.0,0.0,0.0,0.0,0.0,489662042.26,100.0,0.0,0.0
2025,Poder Ejecutivo,Ramos Administrativos,Turismo,F002,Devengado,172367510.56,276205918.35,0.0,41088613.35,489662042.26,0.0,0.0,0.0,0.0,0.0,489662042.26,100.0,0.0,0.0
2025,Poder Ejecutivo,Ramos Administrativos,Turismo,F002,Ejercido,172367510.56,276205918.35,0.0,41088613.35,489662042.26,0.0,0.0,0.0,0.0,0.0,489662042.26,100.0,0.0,0.0
2025,Poder Ejecutivo,Ramos Administrativos,Turismo,F002,Porcentaje Ejer/Aprob,111.85729831877423,50.61780758953303,0.0,153.88533837078577,67.4032830737773,0.0,0.0,0.0,0.0,0.0,67.4032830737773,,0.0,
2025,Poder Ejecutivo,Ramos Administrativos,Turismo,F002,Porcentaje Ejer/Modif,100.0,100.0,0.0,100.0,100.0,0.0,0.0,0.0,0.0,0.0,100.0,,0.0,
2025,Poder Ejecutivo,Ramos Administrativos,Turismo,F005,Desarrollo y promoción de proyectos turísticos sustentables,0.0,0.0,0.0,0.0,0.0,0.0,0.0,0.0,0.0,0.0,0.0,,0.0,
2025,Poder Ejecutivo,Ramos Administrativos,Turismo,F005,Aprobado,61295845.0,29918771.0,0.0,0.0,91214616.0,0.0,0.0,0.0,0.0,0.0,91214616.0,100.0,0.0,0.0
2025,Poder Ejecutivo,Ramos Administrativos,Turismo,F005,Modificado,74047573.72,22323184.53,0.0,28292.7,96399050.95,0.0,0.0,0.0,0.0,0.0,96399050.95,100.0,0.0,0.0
2025,Poder Ejecutivo,Ramos Administrativos,Turismo,F005,Devengado,74047573.72,22323184.53,0.0,28292.7,96399050.95,0.0,0.0,0.0,0.0,0.0,96399050.95,100.0,0.0,0.0
2025,Poder Ejecutivo,Ramos Administrativos,Turismo,F005,Ejercido,74047573.72,22323184.53,0.0,28292.7,96399050.95,0.0,0.0,0.0,0.0,0.0,96399050.95,100.0,0.0,0.0
2025,Poder Ejecutivo,Ramos Administrativos,Turismo,F005,Porcentaje Ejer/Aprob,120.8035776650114,74.6126387678157,0.0,0.0,105.68377654519753,0.0,0.0,0.0,0.0,0.0,105.68377654519753,,0.0,
2025,Poder Ejecutivo,Ramos Administrativos,Turismo,F005,Porcentaje Ejer/Modif,100.0,100.0,0.0,100.0,100.0,0.0,0.0,0.0,0.0,0.0,100.0,,0.0,
2025,Poder Ejecutivo,Ramos Administrativos,Turismo,G001,Regulación y certificación de estándares de calidad turística,0.0,0.0,0.0,0.0,0.0,0.0,0.0,0.0,0.0,0.0,0.0,,0.0,
2025,Poder Ejecutivo,Ramos Administrativos,Turismo,G001,Aprobado,32738365.0,12104426.0,0.0,0.0,44842791.0,0.0,0.0,0.0,0.0,0.0,44842791.0,100.0,0.0,0.0
2025,Poder Ejecutivo,Ramos Administrativos,Turismo,G001,Modificado,36455051.45,10636515.24,0.0,0.0,47091566.69,0.0,0.0,0.0,0.0,0.0,47091566.69,100.0,0.0,0.0
2025,Poder Ejecutivo,Ramos Administrativos,Turismo,G001,Devengado,36455051.45,10636515.24,0.0,0.0,47091566.69,0.0,0.0,0.0,0.0,0.0,47091566.69,100.0,0.0,0.0
2025,Poder Ejecutivo,Ramos Administrativos,Turismo,G001,Ejercido,36455051.45,10636515.24,0.0,0.0,47091566.69,0.0,0.0,0.0,0.0,0.0,47091566.69,100.0,0.0,0.0
2025,Poder Ejecutivo,Ramos Administrativos,Turismo,G001,Porcentaje Ejer/Aprob,111.35269415561835,87.87294201311157,0.0,0.0,105.01479867745074,0.0,0.0,0.0,0.0,0.0,105.01479867745074,,0.0,
2025,Poder Ejecutivo,Ramos Administrativos,Turismo,G001,Porcentaje Ejer/Modif,100.0,100.0,0.0,0.0,100.0,0.0,0.0,0.0,0.0,0.0,100.0,,0.0,
2025,Poder Ejecutivo,Ramos Administrativos,Turismo,K027,Mantenimiento de infraestructura,0.0,0.0,0.0,0.0,0.0,0.0,0.0,0.0,0.0,0.0,0.0,,0.0,
2025,Poder Ejecutivo,Ramos Administrativos,Turismo,K027,Aprobado,0.0,0.0,0.0,0.0,0.0,0.0,0.0,0.0,0.0,0.0,0.0,0.0,0.0,0.0
2025,Poder Ejecutivo,Ramos Administrativos,Turismo,K027,Modificado,0.0,0.0,0.0,0.0,0.0,0.0,212459312.99,0.0,0.0,212459312.99,212459312.99,0.0,0.0,100.0
2025,Poder Ejecutivo,Ramos Administrativos,Turismo,K027,Devengado,0.0,0.0,0.0,0.0,0.0,0.0,212459312.99,0.0,0.0,212459312.99,212459312.99,0.0,0.0,100.0
2025,Poder Ejecutivo,Ramos Administrativos,Turismo,K027,Ejercido,0.0,0.0,0.0,0.0,0.0,0.0,212459312.99,0.0,0.0,212459312.99,212459312.99,0.0,0.0,100.0
2025,Poder Ejecutivo,Ramos Administrativos,Turismo,K027,Porcentaje Ejer/Aprob,0.0,0.0,0.0,0.0,0.0,0.0,0.0,0.0,0.0,0.0,0.0,,0.0,
2025,Poder Ejecutivo,Ramos Administrativos,Turismo,K027,Porcentaje Ejer/Modif,0.0,0.0,0.0,0.0,0.0,0.0,100.0,0.0,0.0,100.0,100.0,,0.0,
2025,Poder Ejecutivo,Ramos Administrativos,Turismo,K028,Estudios de preinversión,0.0,0.0,0.0,0.0,0.0,0.0,0.0,0.0,0.0,0.0,0.0,,0.0,
2025,Poder Ejecutivo,Ramos Administrativos,Turismo,K028,Aprobado,0.0,0.0,0.0,0.0,0.0,0.0,0.0,0.0,0.0,0.0,0.0,0.0,0.0,0.0
2025,Poder Ejecutivo,Ramos Administrativos,Turismo,K028,Modificado,0.0,0.0,0.0,0.0,0.0,0.0,658177.88,0.0,0.0,658177.88,658177.88,0.0,0.0,100.0
2025,Poder Ejecutivo,Ramos Administrativos,Turismo,K028,Devengado,0.0,0.0,0.0,0.0,0.0,0.0,658177.88,0.0,0.0,658177.88,658177.88,0.0,0.0,100.0
2025,Poder Ejecutivo,Ramos Administrativos,Turismo,K028,Ejercido,0.0,0.0,0.0,0.0,0.0,0.0,658177.88,0.0,0.0,658177.88,658177.88,0.0,0.0,100.0
2025,Poder Ejecutivo,Ramos Administrativos,Turismo,K028,Porcentaje Ejer/Aprob,0.0,0.0,0.0,0.0,0.0,0.0,0.0,0.0,0.0,0.0,0.0,,0.0,
2025,Poder Ejecutivo,Ramos Administrativos,Turismo,K028,Porcentaje Ejer/Modif,0.0,0.0,0.0,0.0,0.0,0.0,100.0,0.0,0.0,100.0,100.0,,0.0,
2025,Poder Ejecutivo,Ramos Administrativos,Turismo,K041,Proyectos de Transporte Masivo de Pasajeros,0.0,0.0,0.0,0.0,0.0,0.0,0.0,0.0,0.0,0.0,0.0,,0.0,
2025,Poder Ejecutivo,Ramos Administrativos,Turismo,K041,Aprobado,0.0,0.0,0.0,0.0,0.0,0.0,0.0,0.0,0.0,0.0,0.0,0.0,0.0,0.0
2025,Poder Ejecutivo,Ramos Administrativos,Turismo,K041,Modificado,0.0,0.0,0.0,0.0,0.0,0.0,720100402.91,0.0,0.0,720100402.91,720100402.91,0.0,0.0,100.0
2025,Poder Ejecutivo,Ramos Administrativos,Turismo,K041,Devengado,0.0,0.0,0.0,0.0,0.0,0.0,720100402.91,0.0,0.0,720100402.91,720100402.91,0.0,0.0,100.0
2025,Poder Ejecutivo,Ramos Administrativos,Turismo,K041,Ejercido,0.0,0.0,0.0,0.0,0.0,0.0,720100402.91,0.0,0.0,720100402.91,720100402.91,0.0,0.0,100.0
2025,Poder Ejecutivo,Ramos Administrativos,Turismo,K041,Porcentaje Ejer/Aprob,0.0,0.0,0.0,0.0,0.0,0.0,0.0,0.0,0.0,0.0,0.0,,0.0,
2025,Poder Ejecutivo,Ramos Administrativos,Turismo,K041,Porcentaje Ejer/Modif,0.0,0.0,0.0,0.0,0.0,0.0,100.0,0.0,0.0,100.0,100.0,,0.0,
2025,Poder Ejecutivo,Ramos Administrativos,Turismo,M001,Actividades de apoyo administrativo,0.0,0.0,0.0,0.0,0.0,0.0,0.0,0.0,0.0,0.0,0.0,,0.0,
2025,Poder Ejecutivo,Ramos Administrativos,Turismo,M001,Aprobado,164214527.0,48453023.0,0.0,16746471.0,229414021.0,0.0,0.0,0.0,0.0,0.0,229414021.0,100.0,0.0,0.0
2025,Poder Ejecutivo,Ramos Administrativos,Turismo,M001,Modificado,183551405.42,35094657.61,0.0,27246320.97,245892384.0,0.0,0.0,0.0,0.0,0.0,245892384.0,100.0,0.0,0.0
2025,Poder Ejecutivo,Ramos Administrativos,Turismo,M001,Devengado,183551405.42,35094657.61,0.0,27246320.97,245892384.0,0.0,0.0,0.0,0.0,0.0,245892384.0,100.0,0.0,0.0
2025,Poder Ejecutivo,Ramos Administrativos,Turismo,M001,Ejercido,183551405.42,35094657.61,0.0,27246320.97,245892384.0,0.0,0.0,0.0,0.0,0.0,245892384.0,100.0,0.0,0.0
2025,Poder Ejecutivo,Ramos Administrativos,Turismo,M001,Porcentaje Ejer/Aprob,111.77537625523226,72.43027459814014,0.0,162.69888127474735,107.18280553567385,0.0,0.0,0.0,0.0,0.0,107.18280553567385,,0.0,
2025,Poder Ejecutivo,Ramos Administrativos,Turismo,M001,Porcentaje Ejer/Modif,100.0,100.0,0.0,100.0,100.0,0.0,0.0,0.0,0.0,0.0,100.0,,0.0,
2025,Poder Ejecutivo,Ramos Administrativos,Turismo,O001,Actividades de apoyo a la función pública y buen gobierno,0.0,0.0,0.0,0.0,0.0,0.0,0.0,0.0,0.0,0.0,0.0,,0.0,
2025,Poder Ejecutivo,Ramos Administrativos,Turismo,O001,Aprobado,20776618.0,7860175.0,0.0,2072350.0,30709143.0,0.0,0.0,0.0,0.0,0.0,30709143.0,100.0,0.0,0.0
2025,Poder Ejecutivo,Ramos Administrativos,Turismo,O001,Modificado,23123990.71,6206537.93,0.0,7315293.81,36645822.45,0.0,0.0,0.0,0.0,0.0,36645822.45,100.0,0.0,0.0
2025,Poder Ejecutivo,Ramos Administrativos,Turismo,O001,Devengado,23123990.71,6206537.93,0.0,7315293.81,36645822.45,0.0,0.0,0.0,0.0,0.0,36645822.45,100.0,0.0,0.0
2025,Poder Ejecutivo,Ramos Administrativos,Turismo,O001,Ejercido,23123990.71,6206537.93,0.0,7315293.81,36645822.45,0.0,0.0,0.0,0.0,0.0,36645822.45,100.0,0.0,0.0
2025,Poder Ejecutivo,Ramos Administrativos,Turismo,O001,Porcentaje Ejer/Aprob,111.29814635856519,78.96182883968868,0.0,352.99509301035056,119.33196068024432,0.0,0.0,0.0,0.0,0.0,119.33196068024432,,0.0,
2025,Poder Ejecutivo,Ramos Administrativos,Turismo,O001,Porcentaje Ejer/Modif,100.0,100.0,0.0,100.0,100.0,0.0,0.0,0.0,0.0,0.0,100.0,,0.0,
2025,Poder Ejecutivo,Ramos Administrativos,Turismo,P001,Planeación y conducción de la política de turismo,0.0,0.0,0.0,0.0,0.0,0.0,0.0,0.0,0.0,0.0,0.0,,0.0,
2025,Poder Ejecutivo,Ramos Administrativos,Turismo,P001,Aprobado,104625347.0,44999037.0,0.0,2727524.0,152351908.0,0.0,0.0,0.0,0.0,0.0,152351908.0,100.0,0.0,0.0
2025,Poder Ejecutivo,Ramos Administrativos,Turismo,P001,Modificado,120410326.3,45816351.91,0.0,5919930.63,172146608.84,0.0,0.0,0.0,0.0,0.0,172146608.84,100.0,0.0,0.0
2025,Poder Ejecutivo,Ramos Administrativos,Turismo,P001,Devengado,120410326.3,45816351.91,0.0,5919930.63,172146608.84,0.0,0.0,0.0,0.0,0.0,172146608.84,100.0,0.0,0.0
2025,Poder Ejecutivo,Ramos Administrativos,Turismo,P001,Ejercido,120410326.3,45816351.91,0.0,5919930.63,172146608.84,0.0,0.0,0.0,0.0,0.0,172146608.84,100.0,0.0,0.0
2025,Poder Ejecutivo,Ramos Administrativos,Turismo,P001,Porcentaje Ejer/Aprob,115.08714642542594,101.81629422425196,0.0,217.04412610118186,112.9927488929118,0.0,0.0,0.0,0.0,0.0,112.9927488929118,,0.0,
2025,Poder Ejecutivo,Ramos Administrativos,Turismo,P001,Porcentaje Ejer/Modif,100.0,100.0,0.0,100.0,100.0,0.0,0.0,0.0,0.0,0.0,100.0,,0.0,
2025,Poder Ejecutivo,Ramos Administrativos,Turismo,P002,Impulso a la competitividad del sector turismo,0.0,0.0,0.0,0.0,0.0,0.0,0.0,0.0,0.0,0.0,0.0,,0.0,
2025,Poder Ejecutivo,Ramos Administrativos,Turismo,P002,Aprobado,12606348.0,4975267.0,0.0,0.0,17581615.0,0.0,0.0,0.0,0.0,0.0,17581615.0,100.0,0.0,0.0
2025,Poder Ejecutivo,Ramos Administrativos,Turismo,P002,Modificado,14740950.07,3537634.31,0.0,0.0,18278584.38,0.0,0.0,0.0,0.0,0.0,18278584.38,100.0,0.0,0.0
2025,Poder Ejecutivo,Ramos Administrativos,Turismo,P002,Devengado,14740950.07,3537634.31,0.0,0.0,18278584.38,0.0,0.0,0.0,0.0,0.0,18278584.38,100.0,0.0,0.0
2025,Poder Ejecutivo,Ramos Administrativos,Turismo,P002,Ejercido,14740950.07,3537634.31,0.0,0.0,18278584.38,0.0,0.0,0.0,0.0,0.0,18278584.38,100.0,0.0,0.0
2025,Poder Ejecutivo,Ramos Administrativos,Turismo,P002,Porcentaje Ejer/Aprob,116.93275538641326,71.10441128084182,0.0,0.0,103.96419430183177,0.0,0.0,0.0,0.0,0.0,103.96419430183177,,0.0,
2025,Poder Ejecutivo,Ramos Administrativos,Turismo,P002,Porcentaje Ejer/Modif,100.0,100.0,0.0,0.0,100.0,0.0,0.0,0.0,0.0,0.0,100.0,,0.0,
2025,Poder Ejecutivo,Ramos Administrativos,Anticorrupción y Buen Gobierno,TOTAL,Aprobado,1586092393.0,109999102.0,0.0,2933763.0,1699025258.0,0.0,0.0,0.0,0.0,0.0,1699025258.0,100.0,0.0,0.0
2025,Poder Ejecutivo,Ramos Administrativos,Anticorrupción y Buen Gobierno,TOTAL,Modificado,1840123060.65,521154581.12,230000.0,6857138.11,2368364779.88,0.0,75664201.58,0.0,0.0,75664201.58,2444028981.46,96.9041201166608,0.0,3.095879883339196
2025,Poder Ejecutivo,Ramos Administrativos,Anticorrupción y Buen Gobierno,TOTAL,Devengado,1840123060.65,521154581.12,230000.0,6857138.11,2368364779.88,0.0,75664201.58,0.0,0.0,75664201.58,2444028981.46,96.9041201166608,0.0,3.095879883339196
2025,Poder Ejecutivo,Ramos Administrativos,Anticorrupción y Buen Gobierno,TOTAL,Ejercido,1840123060.65,521154581.12,230000.0,6857138.11,2368364779.88,0.0,75664201.58,0.0,0.0,75664201.58,2444028981.46,96.9041201166608,0.0,3.095879883339196
2025,Poder Ejecutivo,Ramos Administrativos,Anticorrupción y Buen Gobierno,TOTAL,Porcentaje Ejer/Aprob,116.01613303053023,473.780759701111,0.0,233.7318355300002,139.39550155174916,0.0,0.0,0.0,0.0,0.0,143.84889041243437,,0.0,
2025,Poder Ejecutivo,Ramos Administrativos,Anticorrupción y Buen Gobierno,TOTAL,Porcentaje Ejer/Modif,100.0,100.0,100.0,100.0,100.0,0.0,100.0,0.0,0.0,100.0,100.0,,0.0,
2025,Poder Ejecutivo,Ramos Administrativos,Anticorrupción y Buen Gobierno,E001,Ejercicio pleno del derecho de acceso a la información pública y a la protección de datos personales,0.0,0.0,0.0,0.0,0.0,0.0,0.0,0.0,0.0,0.0,0.0,,0.0,
2025,Poder Ejecutivo,Ramos Administrativos,Anticorrupción y Buen Gobierno,E001,Aprobado,0.0,0.0,0.0,0.0,0.0,0.0,0.0,0.0,0.0,0.0,0.0,0.0,0.0,0.0
2025,Poder Ejecutivo,Ramos Administrativos,Anticorrupción y Buen Gobierno,E001,Modificado,96480176.92,4149320.0,0.0,8584.01,100638080.93,0.0,0.0,0.0,0.0,0.0,100638080.93,100.0,0.0,0.0
2025,Poder Ejecutivo,Ramos Administrativos,Anticorrupción y Buen Gobierno,E001,Devengado,96480176.92,4149320.0,0.0,8584.01,100638080.93,0.0,0.0,0.0,0.0,0.0,100638080.93,100.0,0.0,0.0
2025,Poder Ejecutivo,Ramos Administrativos,Anticorrupción y Buen Gobierno,E001,Ejercido,96480176.92,4149320.0,0.0,8584.01,100638080.93,0.0,0.0,0.0,0.0,0.0,100638080.93,100.0,0.0,0.0
2025,Poder Ejecutivo,Ramos Administrativos,Anticorrupción y Buen Gobierno,E001,Porcentaje Ejer/Aprob,0.0,0.0,0.0,0.0,0.0,0.0,0.0,0.0,0.0,0.0,0.0,,0.0,
2025,Poder Ejecutivo,Ramos Administrativos,Anticorrupción y Buen Gobierno,E001,Porcentaje Ejer/Modif,100.0,100.0,0.0,100.0,100.0,0.0,0.0,0.0,0.0,0.0,100.0,,0.0,
2025,Poder Ejecutivo,Ramos Administrativos,Anticorrupción y Buen Gobierno,G001,Garantía del derecho a la protección de datos personales y al acceso a la información pública,0.0,0.0,0.0,0.0,0.0,0.0,0.0,0.0,0.0,0.0,0.0,,0.0,
2025,Poder Ejecutivo,Ramos Administrativos,Anticorrupción y Buen Gobierno,G001,Aprobado,0.0,0.0,0.0,0.0,0.0,0.0,0.0,0.0,0.0,0.0,0.0,0.0,0.0,0.0
2025,Poder Ejecutivo,Ramos Administrativos,Anticorrupción y Buen Gobierno,G001,Modificado,43348067.93,2071784.99,0.0,0.0,45419852.92,0.0,0.0,0.0,0.0,0.0,45419852.92,100.0,0.0,0.0
2025,Poder Ejecutivo,Ramos Administrativos,Anticorrupción y Buen Gobierno,G001,Devengado,43348067.93,2071784.99,0.0,0.0,45419852.92,0.0,0.0,0.0,0.0,0.0,45419852.92,100.0,0.0,0.0
2025,Poder Ejecutivo,Ramos Administrativos,Anticorrupción y Buen Gobierno,G001,Ejercido,43348067.93,2071784.99,0.0,0.0,45419852.92,0.0,0.0,0.0,0.0,0.0,45419852.92,100.0,0.0,0.0
2025,Poder Ejecutivo,Ramos Administrativos,Anticorrupción y Buen Gobierno,G001,Porcentaje Ejer/Aprob,0.0,0.0,0.0,0.0,0.0,0.0,0.0,0.0,0.0,0.0,0.0,,0.0,
2025,Poder Ejecutivo,Ramos Administrativos,Anticorrupción y Buen Gobierno,G001,Porcentaje Ejer/Modif,100.0,100.0,0.0,0.0,100.0,0.0,0.0,0.0,0.0,0.0,100.0,,0.0,
2025,Poder Ejecutivo,Ramos Administrativos,Anticorrupción y Buen Gobierno,G006,Regulación del proceso de compras y contrataciones,0.0,0.0,0.0,0.0,0.0,0.0,0.0,0.0,0.0,0.0,0.0,,0.0,
2025,Poder Ejecutivo,Ramos Administrativos,Anticorrupción y Buen Gobierno,G006,Aprobado,152366360.0,11399524.0,0.0,0.0,163765884.0,0.0,0.0,0.0,0.0,0.0,163765884.0,100.0,0.0,0.0
2025,Poder Ejecutivo,Ramos Administrativos,Anticorrupción y Buen Gobierno,G006,Modificado,103537800.7,51096112.14,0.0,28768.0,154662680.84,0.0,0.0,0.0,0.0,0.0,154662680.84,100.0,0.0,0.0
2025,Poder Ejecutivo,Ramos Administrativos,Anticorrupción y Buen Gobierno,G006,Devengado,103537800.7,51096112.14,0.0,28768.0,154662680.84,0.0,0.0,0.0,0.0,0.0,154662680.84,100.0,0.0,0.0
2025,Poder Ejecutivo,Ramos Administrativos,Anticorrupción y Buen Gobierno,G006,Ejercido,103537800.7,51096112.14,0.0,28768.0,154662680.84,0.0,0.0,0.0,0.0,0.0,154662680.84,100.0,0.0,0.0
2025,Poder Ejecutivo,Ramos Administrativos,Anticorrupción y Buen Gobierno,G006,Porcentaje Ejer/Aprob,67.95318907664395,448.2302255778399,0.0,0.0,94.44133116272252,0.0,0.0,0.0,0.0,0.0,94.44133116272252,,0.0,
2025,Poder Ejecutivo,Ramos Administrativos,Anticorrupción y Buen Gobierno,G006,Porcentaje Ejer/Modif,100.0,100.0,0.0,100.0,100.0,0.0,0.0,0.0,0.0,0.0,100.0,,0.0,
2025,Poder Ejecutivo,Ramos Administrativos,Anticorrupción y Buen Gobierno,K024,Otros proyectos de infraestructura gubernamental,0.0,0.0,0.0,0.0,0.0,0.0,0.0,0.0,0.0,0.0,0.0,,0.0,
2025,Poder Ejecutivo,Ramos Administrativos,Anticorrupción y Buen Gobierno,K024,Aprobado,0.0,0.0,0.0,0.0,0.0,0.0,0.0,0.0,0.0,0.0,0.0,0.0,0.0,0.0
2025,Poder Ejecutivo,Ramos Administrativos,Anticorrupción y Buen Gobierno,K024,Modificado,0.0,0.0,0.0,0.0,0.0,0.0,25743432.99,0.0,0.0,25743432.99,25743432.99,0.0,0.0,100.0
2025,Poder Ejecutivo,Ramos Administrativos,Anticorrupción y Buen Gobierno,K024,Devengado,0.0,0.0,0.0,0.0,0.0,0.0,25743432.99,0.0,0.0,25743432.99,25743432.99,0.0,0.0,100.0
2025,Poder Ejecutivo,Ramos Administrativos,Anticorrupción y Buen Gobierno,K024,Ejercido,0.0,0.0,0.0,0.0,0.0,0.0,25743432.99,0.0,0.0,25743432.99,25743432.99,0.0,0.0,100.0
2025,Poder Ejecutivo,Ramos Administrativos,Anticorrupción y Buen Gobierno,K024,Porcentaje Ejer/Aprob,0.0,0.0,0.0,0.0,0.0,0.0,0.0,0.0,0.0,0.0,0.0,,0.0,
2025,Poder Ejecutivo,Ramos Administrativos,Anticorrupción y Buen Gobierno,K024,Porcentaje Ejer/Modif,0.0,0.0,0.0,0.0,0.0,0.0,100.0,0.0,0.0,100.0,100.0,,0.0,
2025,Poder Ejecutivo,Ramos Administrativos,Anticorrupción y Buen Gobierno,K025,Proyectos de inmuebles (oficinas administrativas),0.0,0.0,0.0,0.0,0.0,0.0,0.0,0.0,0.0,0.0,0.0,,0.0,
2025,Poder Ejecutivo,Ramos Administrativos,Anticorrupción y Buen Gobierno,K025,Aprobado,0.0,0.0,0.0,0.0,0.0,0.0,0.0,0.0,0.0,0.0,0.0,0.0,0.0,0.0
2025,Poder Ejecutivo,Ramos Administrativos,Anticorrupción y Buen Gobierno,K025,Modificado,0.0,0.0,0.0,0.0,0.0,0.0,40361234.37,0.0,0.0,40361234.37,40361234.37,0.0,0.0,100.0
2025,Poder Ejecutivo,Ramos Administrativos,Anticorrupción y Buen Gobierno,K025,Devengado,0.0,0.0,0.0,0.0,0.0,0.0,40361234.37,0.0,0.0,40361234.37,40361234.37,0.0,0.0,100.0
2025,Poder Ejecutivo,Ramos Administrativos,Anticorrupción y Buen Gobierno,K025,Ejercido,0.0,0.0,0.0,0.0,0.0,0.0,40361234.37,0.0,0.0,40361234.37,40361234.37,0.0,0.0,100.0
2025,Poder Ejecutivo,Ramos Administrativos,Anticorrupción y Buen Gobierno,K025,Porcentaje Ejer/Aprob,0.0,0.0,0.0,0.0,0.0,0.0,0.0,0.0,0.0,0.0,0.0,,0.0,
2025,Poder Ejecutivo,Ramos Administrativos,Anticorrupción y Buen Gobierno,K025,Porcentaje Ejer/Modif,0.0,0.0,0.0,0.0,0.0,0.0,100.0,0.0,0.0,100.0,100.0,,0.0,
2025,Poder Ejecutivo,Ramos Administrativos,Anticorrupción y Buen Gobierno,K029,Programas de adquisiciones,0.0,0.0,0.0,0.0,0.0,0.0,0.0,0.0,0.0,0.0,0.0,,0.0,
2025,Poder Ejecutivo,Ramos Administrativos,Anticorrupción y Buen Gobierno,K029,Aprobado,0.0,0.0,0.0,0.0,0.0,0.0,0.0,0.0,0.0,0.0,0.0,0.0,0.0,0.0
2025,Poder Ejecutivo,Ramos Administrativos,Anticorrupción y Buen Gobierno,K029,Modificado,0.0,0.0,0.0,0.0,0.0,0.0,9559534.22,0.0,0.0,9559534.22,9559534.22,0.0,0.0,100.0
2025,Poder Ejecutivo,Ramos Administrativos,Anticorrupción y Buen Gobierno,K029,Devengado,0.0,0.0,0.0,0.0,0.0,0.0,9559534.22,0.0,0.0,9559534.22,9559534.22,0.0,0.0,100.0
2025,Poder Ejecutivo,Ramos Administrativos,Anticorrupción y Buen Gobierno,K029,Ejercido,0.0,0.0,0.0,0.0,0.0,0.0,9559534.22,0.0,0.0,9559534.22,9559534.22,0.0,0.0,100.0
2025,Poder Ejecutivo,Ramos Administrativos,Anticorrupción y Buen Gobierno,K029,Porcentaje Ejer/Aprob,0.0,0.0,0.0,0.0,0.0,0.0,0.0,0.0,0.0,0.0,0.0,,0.0,
2025,Poder Ejecutivo,Ramos Administrativos,Anticorrupción y Buen Gobierno,K029,Porcentaje Ejer/Modif,0.0,0.0,0.0,0.0,0.0,0.0,100.0,0.0,0.0,100.0,100.0,,0.0,
2025,Poder Ejecutivo,Ramos Administrativos,Anticorrupción y Buen Gobierno,M001,Actividades de apoyo administrativo,0.0,0.0,0.0,0.0,0.0,0.0,0.0,0.0,0.0,0.0,0.0,,0.0,
2025,Poder Ejecutivo,Ramos Administrativos,Anticorrupción y Buen Gobierno,M001,Aprobado,111021095.0,37257483.0,0.0,337513.0,148616091.0,0.0,0.0,0.0,0.0,0.0,148616091.0,100.0,0.0,0.0
2025,Poder Ejecutivo,Ramos Administrativos,Anticorrupción y Buen Gobierno,M001,Modificado,139213839.31,116743084.01,0.0,4927120.63,260884043.95,0.0,0.0,0.0,0.0,0.0,260884043.95,100.0,0.0,0.0
2025,Poder Ejecutivo,Ramos Administrativos,Anticorrupción y Buen Gobierno,M001,Devengado,139213839.31,116743084.01,0.0,4927120.63,260884043.95,0.0,0.0,0.0,0.0,0.0,260884043.95,100.0,0.0,0.0
2025,Poder Ejecutivo,Ramos Administrativos,Anticorrupción y Buen Gobierno,M001,Ejercido,139213839.31,116743084.01,0.0,4927120.63,260884043.95,0.0,0.0,0.0,0.0,0.0,260884043.95,100.0,0.0,0.0
2025,Poder Ejecutivo,Ramos Administrativos,Anticorrupción y Buen Gobierno,M001,Porcentaje Ejer/Aprob,125.39404273575217,313.3413065235781,0.0,0.0,175.5422593842816,0.0,0.0,0.0,0.0,0.0,175.5422593842816,,0.0,
2025,Poder Ejecutivo,Ramos Administrativos,Anticorrupción y Buen Gobierno,M001,Porcentaje Ejer/Modif,100.0,100.0,0.0,100.0,100.0,0.0,0.0,0.0,0.0,0.0,100.0,,0.0,
2025,Poder Ejecutivo,Ramos Administrativos,Anticorrupción y Buen Gobierno,O001,Actividades de apoyo a la función pública y buen gobierno,0.0,0.0,0.0,0.0,0.0,0.0,0.0,0.0,0.0,0.0,0.0,,0.0,
2025,Poder Ejecutivo,Ramos Administrativos,Anticorrupción y Buen Gobierno,O001,Aprobado,760726210.0,12690780.0,0.0,0.0,773416990.0,0.0,0.0,0.0,0.0,0.0,773416990.0,100.0,0.0,0.0
2025,Poder Ejecutivo,Ramos Administrativos,Anticorrupción y Buen Gobierno,O001,Modificado,823505594.39,46467310.24,0.0,231265.42,870204170.05,0.0,0.0,0.0,0.0,0.0,870204170.05,100.0,0.0,0.0
2025,Poder Ejecutivo,Ramos Administrativos,Anticorrupción y Buen Gobierno,O001,Devengado,823505594.39,46467310.24,0.0,231265.42,870204170.05,0.0,0.0,0.0,0.0,0.0,870204170.05,100.0,0.0,0.0
2025,Poder Ejecutivo,Ramos Administrativos,Anticorrupción y Buen Gobierno,O001,Ejercido,823505594.39,46467310.24,0.0,231265.42,870204170.05,0.0,0.0,0.0,0.0,0.0,870204170.05,100.0,0.0,0.0
2025,Poder Ejecutivo,Ramos Administrativos,Anticorrupción y Buen Gobierno,O001,Porcentaje Ejer/Aprob,108.25255966795201,366.15015184251877,0.0,0.0,112.51422987876177,0.0,0.0,0.0,0.0,0.0,112.51422987876177,,0.0,
2025,Poder Ejecutivo,Ramos Administrativos,Anticorrupción y Buen Gobierno,O001,Porcentaje Ejer/Modif,100.0,100.0,0.0,100.0,100.0,0.0,0.0,0.0,0.0,0.0,100.0,,0.0,
2025,Poder Ejecutivo,Ramos Administrativos,Anticorrupción y Buen Gobierno,O002,Fiscalización a la gestión pública,0.0,0.0,0.0,0.0,0.0,0.0,0.0,0.0,0.0,0.0,0.0,,0.0,
2025,Poder Ejecutivo,Ramos Administrativos,Anticorrupción y Buen Gobierno,O002,Aprobado,121305972.0,8821471.0,0.0,0.0,130127443.0,0.0,0.0,0.0,0.0,0.0,130127443.0,100.0,0.0,0.0
2025,Poder Ejecutivo,Ramos Administrativos,Anticorrupción y Buen Gobierno,O002,Modificado,87835714.78,162529400.81,230000.0,34999.97,250630115.56,0.0,0.0,0.0,0.0,0.0,250630115.56,100.0,0.0,0.0
2025,Poder Ejecutivo,Ramos Administrativos,Anticorrupción y Buen Gobierno,O002,Devengado,87835714.78,162529400.81,230000.0,34999.97,250630115.56,0.0,0.0,0.0,0.0,0.0,250630115.56,100.0,0.0,0.0
2025,Poder Ejecutivo,Ramos Administrativos,Anticorrupción y Buen Gobierno,O002,Ejercido,87835714.78,162529400.81,230000.0,34999.97,250630115.56,0.0,0.0,0.0,0.0,0.0,250630115.56,100.0,0.0,0.0
2025,Poder Ejecutivo,Ramos Administrativos,Anticorrupción y Buen Gobierno,O002,Porcentaje Ejer/Aprob,72.4084011131785,0.0,0.0,0.0,192.60358136753675,0.0,0.0,0.0,0.0,0.0,192.60358136753675,,0.0,
2025,Poder Ejecutivo,Ramos Administrativos,Anticorrupción y Buen Gobierno,O002,Porcentaje Ejer/Modif,100.0,100.0,100.0,100.0,100.0,0.0,0.0,0.0,0.0,0.0,100.0,,0.0,
2025,Poder Ejecutivo,Ramos Administrativos,Anticorrupción y Buen Gobierno,O003,Gobierno Eficaz y Probidad,0.0,0.0,0.0,0.0,0.0,0.0,0.0,0.0,0.0,0.0,0.0,,0.0,
2025,Poder Ejecutivo,Ramos Administrativos,Anticorrupción y Buen Gobierno,O003,Aprobado,121515842.0,5882164.0,0.0,1557750.0,128955756.0,0.0,0.0,0.0,0.0,0.0,128955756.0,100.0,0.0,0.0
2025,Poder Ejecutivo,Ramos Administrativos,Anticorrupción y Buen Gobierno,O003,Modificado,229026257.74,57942920.51,0.0,1626400.08,288595578.33,0.0,0.0,0.0,0.0,0.0,288595578.33,100.0,0.0,0.0
2025,Poder Ejecutivo,Ramos Administrativos,Anticorrupción y Buen Gobierno,O003,Devengado,229026257.74,57942920.51,0.0,1626400.08,288595578.33,0.0,0.0,0.0,0.0,0.0,288595578.33,100.0,0.0,0.0
2025,Poder Ejecutivo,Ramos Administrativos,Anticorrupción y Buen Gobierno,O003,Ejercido,229026257.74,57942920.51,0.0,1626400.08,288595578.33,0.0,0.0,0.0,0.0,0.0,288595578.33,100.0,0.0,0.0
2025,Poder Ejecutivo,Ramos Administrativos,Anticorrupción y Buen Gobierno,O003,Porcentaje Ejer/Aprob,188.4744029836044,0.0,0.0,104.40700240731826,223.7942588076487,0.0,0.0,0.0,0.0,0.0,223.7942588076487,,0.0,
2025,Poder Ejecutivo,Ramos Administrativos,Anticorrupción y Buen Gobierno,O003,Porcentaje Ejer/Modif,100.0,100.0,0.0,100.0,100.0,0.0,0.0,0.0,0.0,0.0,100.0,,0.0,
2025,Poder Ejecutivo,Ramos Administrativos,Anticorrupción y Buen Gobierno,O005,Políticas de austeridad republicana y eficacia gubernamental,0.0,0.0,0.0,0.0,0.0,0.0,0.0,0.0,0.0,0.0,0.0,,0.0,
2025,Poder Ejecutivo,Ramos Administrativos,Anticorrupción y Buen Gobierno,O005,Aprobado,128994562.0,17221812.0,0.0,1038500.0,147254874.0,0.0,0.0,0.0,0.0,0.0,147254874.0,100.0,0.0,0.0
2025,Poder Ejecutivo,Ramos Administrativos,Anticorrupción y Buen Gobierno,O005,Modificado,157181977.26,66581306.91,0.0,0.0,223763284.17,0.0,0.0,0.0,0.0,0.0,223763284.17,100.0,0.0,0.0
2025,Poder Ejecutivo,Ramos Administrativos,Anticorrupción y Buen Gobierno,O005,Devengado,157181977.26,66581306.91,0.0,0.0,223763284.17,0.0,0.0,0.0,0.0,0.0,223763284.17,100.0,0.0,0.0
2025,Poder Ejecutivo,Ramos Administrativos,Anticorrupción y Buen Gobierno,O005,Ejercido,157181977.26,66581306.91,0.0,0.0,223763284.17,0.0,0.0,0.0,0.0,0.0,223763284.17,100.0,0.0,0.0
2025,Poder Ejecutivo,Ramos Administrativos,Anticorrupción y Buen Gobierno,O005,Porcentaje Ejer/Aprob,121.8516306602134,386.6103457057829,0.0,0.0,151.95645352288983,0.0,0.0,0.0,0.0,0.0,151.95645352288983,,0.0,
2025,Poder Ejecutivo,Ramos Administrativos,Anticorrupción y Buen Gobierno,O005,Porcentaje Ejer/Modif,100.0,100.0,0.0,0.0,100.0,0.0,0.0,0.0,0.0,0.0,100.0,,0.0,
2025,Poder Ejecutivo,Ramos Administrativos,Anticorrupción y Buen Gobierno,O006,Combate a la impunidad,0.0,0.0,0.0,0.0,0.0,0.0,0.0,0.0,0.0,0.0,0.0,,0.0,
2025,Poder Ejecutivo,Ramos Administrativos,Anticorrupción y Buen Gobierno,O006,Aprobado,158103812.0,16221318.0,0.0,0.0,174325130.0,0.0,0.0,0.0,0.0,0.0,174325130.0,100.0,0.0,0.0
2025,Poder Ejecutivo,Ramos Administrativos,Anticorrupción y Buen Gobierno,O006,Modificado,158463696.49,13420944.24,0.0,0.0,171884640.73,0.0,0.0,0.0,0.0,0.0,171884640.73,100.0,0.0,0.0
2025,Poder Ejecutivo,Ramos Administrativos,Anticorrupción y Buen Gobierno,O006,Devengado,158463696.49,13420944.24,0.0,0.0,171884640.73,0.0,0.0,0.0,0.0,0.0,171884640.73,100.0,0.0,0.0
2025,Poder Ejecutivo,Ramos Administrativos,Anticorrupción y Buen Gobierno,O006,Ejercido,158463696.49,13420944.24,0.0,0.0,171884640.73,0.0,0.0,0.0,0.0,0.0,171884640.73,100.0,0.0,0.0
2025,Poder Ejecutivo,Ramos Administrativos,Anticorrupción y Buen Gobierno,O006,Porcentaje Ejer/Aprob,100.22762543511601,82.73645976239415,0.0,0.0,98.6000358812295,0.0,0.0,0.0,0.0,0.0,98.6000358812295,,0.0,
2025,Poder Ejecutivo,Ramos Administrativos,Anticorrupción y Buen Gobierno,O006,Porcentaje Ejer/Modif,100.0,100.0,0.0,0.0,100.0,0.0,0.0,0.0,0.0,0.0,100.0,,0.0,
2025,Poder Ejecutivo,Ramos Administrativos,Anticorrupción y Buen Gobierno,P006,Diseño y conducción de la política operativa de las Unidades de Administración y Finanzas,0.0,0.0,0.0,0.0,0.0,0.0,0.0,0.0,0.0,0.0,0.0,,0.0,
2025,Poder Ejecutivo,Ramos Administrativos,Anticorrupción y Buen Gobierno,P006,Aprobado,32058540.0,504550.0,0.0,0.0,32563090.0,0.0,0.0,0.0,0.0,0.0,32563090.0,100.0,0.0,0.0
2025,Poder Ejecutivo,Ramos Administrativos,Anticorrupción y Buen Gobierno,P006,Modificado,1529935.13,152397.27,0.0,0.0,1682332.4,0.0,0.0,0.0,0.0,0.0,1682332.4,100.0,0.0,0.0
2025,Poder Ejecutivo,Ramos Administrativos,Anticorrupción y Buen Gobierno,P006,Devengado,1529935.13,152397.27,0.0,0.0,1682332.4,0.0,0.0,0.0,0.0,0.0,1682332.4,100.0,0.0,0.0
2025,Poder Ejecutivo,Ramos Administrativos,Anticorrupción y Buen Gobierno,P006,Ejercido,1529935.13,152397.27,0.0,0.0,1682332.4,0.0,0.0,0.0,0.0,0.0,1682332.4,100.0,0.0,0.0
2025,Poder Ejecutivo,Ramos Administrativos,Anticorrupción y Buen Gobierno,P006,Porcentaje Ejer/Aprob,4.772316923977199,30.204592210880982,0.0,0.0,5.166378252186755,0.0,0.0,0.0,0.0,0.0,5.166378252186755,,0.0,
2025,Poder Ejecutivo,Ramos Administrativos,Anticorrupción y Buen Gobierno,P006,Porcentaje Ejer/Modif,100.0,100.0,0.0,0.0,100.0,0.0,0.0,0.0,0.0,0.0,100.0,,0.0,
2025,Poder Ejecutivo,Ramos Administrativos,Tribunales Agrarios,TOTAL,Aprobado,638253994.0,250077766.0,0.0,3500133.0,891831893.0,0.0,0.0,0.0,0.0,0.0,891831893.0,100.0,0.0,0.0
2025,Poder Ejecutivo,Ramos Administrativos,Tribunales Agrarios,TOTAL,Modificado,754266002.21,256361015.12,0.0,4295826.85,1014922844.18,0.0,0.0,0.0,0.0,0.0,1014922844.18,100.0,0.0,0.0
2025,Poder Ejecutivo,Ramos Administrativos,Tribunales Agrarios,TOTAL,Devengado,754266002.21,256361015.12,0.0,4295826.85,1014922844.18,0.0,0.0,0.0,0.0,0.0,1014922844.18,100.0,0.0,0.0
2025,Poder Ejecutivo,Ramos Administrativos,Tribunales Agrarios,TOTAL,Ejercido,754266002.21,256361015.12,0.0,4295826.85,1014922844.18,0.0,0.0,0.0,0.0,0.0,1014922844.18,100.0,0.0,0.0
2025,Poder Ejecutivo,Ramos Administrativos,Tribunales Agrarios,TOTAL,Porcentaje Ejer/Aprob,118.17646411939258,102.51251809407158,0.0,122.7332461366468,113.80203513085172,0.0,0.0,0.0,0.0,0.0,113.80203513085172,,0.0,
2025,Poder Ejecutivo,Ramos Administrativos,Tribunales Agrarios,TOTAL,Porcentaje Ejer/Modif,100.0,100.0,0.0,100.0,100.0,0.0,0.0,0.0,0.0,0.0,100.0,,0.0,
2025,Poder Ejecutivo,Ramos Administrativos,Tribunales Agrarios,E001,Resolución de asuntos relativos a conflictos y controversias por la posesión y usufructo de la tierra,0.0,0.0,0.0,0.0,0.0,0.0,0.0,0.0,0.0,0.0,0.0,,0.0,
2025,Poder Ejecutivo,Ramos Administrativos,Tribunales Agrarios,E001,Aprobado,436014667.0,164612186.0,0.0,1705861.0,602332714.0,0.0,0.0,0.0,0.0,0.0,602332714.0,100.0,0.0,0.0
2025,Poder Ejecutivo,Ramos Administrativos,Tribunales Agrarios,E001,Modificado,518553431.76,92873234.28,0.0,1361790.27,612788456.31,0.0,0.0,0.0,0.0,0.0,612788456.31,100.0,0.0,0.0
2025,Poder Ejecutivo,Ramos Administrativos,Tribunales Agrarios,E001,Devengado,518553431.76,92873234.28,0.0,1361790.27,612788456.31,0.0,0.0,0.0,0.0,0.0,612788456.31,100.0,0.0,0.0
2025,Poder Ejecutivo,Ramos Administrativos,Tribunales Agrarios,E001,Ejercido,518553431.76,92873234.28,0.0,1361790.27,612788456.31,0.0,0.0,0.0,0.0,0.0,612788456.31,100.0,0.0,0.0
2025,Poder Ejecutivo,Ramos Administrativos,Tribunales Agrarios,E001,Porcentaje Ejer/Aprob,118.93027253599246,56.419416166431326,0.0,79.83008404553478,101.73587488558688,0.0,0.0,0.0,0.0,0.0,101.73587488558688,,0.0,
2025,Poder Ejecutivo,Ramos Administrativos,Tribunales Agrarios,E001,Porcentaje Ejer/Modif,100.0,100.0,0.0,100.0,100.0,0.0,0.0,0.0,0.0,0.0,100.0,,0.0,
2025,Poder Ejecutivo,Ramos Administrativos,Tribunales Agrarios,E002,Resolución de juicios agrarios dotatorios de tierras y los recursos de revisión,0.0,0.0,0.0,0.0,0.0,0.0,0.0,0.0,0.0,0.0,0.0,,0.0,
2025,Poder Ejecutivo,Ramos Administrativos,Tribunales Agrarios,E002,Aprobado,128911770.0,82998615.0,0.0,1217430.0,213127815.0,0.0,0.0,0.0,0.0,0.0,213127815.0,100.0,0.0,0.0
2025,Poder Ejecutivo,Ramos Administrativos,Tribunales Agrarios,E002,Modificado,148574887.69,160633063.65,0.0,2264786.24,311472737.58,0.0,0.0,0.0,0.0,0.0,311472737.58,100.0,0.0,0.0
2025,Poder Ejecutivo,Ramos Administrativos,Tribunales Agrarios,E002,Devengado,148574887.69,160633063.65,0.0,2264786.24,311472737.58,0.0,0.0,0.0,0.0,0.0,311472737.58,100.0,0.0,0.0
2025,Poder Ejecutivo,Ramos Administrativos,Tribunales Agrarios,E002,Ejercido,148574887.69,160633063.65,0.0,2264786.24,311472737.58,0.0,0.0,0.0,0.0,0.0,311472737.58,100.0,0.0,0.0
2025,Poder Ejecutivo,Ramos Administrativos,Tribunales Agrarios,E002,Porcentaje Ejer/Aprob,115.2531593430142,193.53704113014416,0.0,186.03009947183824,146.1436357239434,0.0,0.0,0.0,0.0,0.0,146.1436357239434,,0.0,
2025,Poder Ejecutivo,Ramos Administrativos,Tribunales Agrarios,E002,Porcentaje Ejer/Modif,100.0,100.0,0.0,100.0,100.0,0.0,0.0,0.0,0.0,0.0,100.0,,0.0,
2025,Poder Ejecutivo,Ramos Administrativos,Tribunales Agrarios,M001,Actividades de apoyo administrativo,0.0,0.0,0.0,0.0,0.0,0.0,0.0,0.0,0.0,0.0,0.0,,0.0,
2025,Poder Ejecutivo,Ramos Administrativos,Tribunales Agrarios,M001,Aprobado,69166563.0,2341789.0,0.0,576842.0,72085194.0,0.0,0.0,0.0,0.0,0.0,72085194.0,100.0,0.0,0.0
2025,Poder Ejecutivo,Ramos Administrativos,Tribunales Agrarios,M001,Modificado,81915888.84,2714581.38,0.0,435196.85,85065667.07,0.0,0.0,0.0,0.0,0.0,85065667.07,100.0,0.0,0.0
2025,Poder Ejecutivo,Ramos Administrativos,Tribunales Agrarios,M001,Devengado,81915888.84,2714581.38,0.0,435196.85,85065667.07,0.0,0.0,0.0,0.0,0.0,85065667.07,100.0,0.0,0.0
2025,Poder Ejecutivo,Ramos Administrativos,Tribunales Agrarios,M001,Ejercido,81915888.84,2714581.38,0.0,435196.85,85065667.07,0.0,0.0,0.0,0.0,0.0,85065667.07,100.0,0.0,0.0
2025,Poder Ejecutivo,Ramos Administrativos,Tribunales Agrarios,M001,Porcentaje Ejer/Aprob,118.43278787757605,115.9191276413033,0.0,75.44472316509547,118.00712788537406,0.0,0.0,0.0,0.0,0.0,118.00712788537406,,0.0,
2025,Poder Ejecutivo,Ramos Administrativos,Tribunales Agrarios,M001,Porcentaje Ejer/Modif,100.0,100.0,0.0,100.0,100.0,0.0,0.0,0.0,0.0,0.0,100.0,,0.0,
2025,Poder Ejecutivo,Ramos Administrativos,Tribunales Agrarios,O001,Actividades de apoyo a la función pública y buen gobierno,0.0,0.0,0.0,0.0,0.0,0.0,0.0,0.0,0.0,0.0,0.0,,0.0,
2025,Poder Ejecutivo,Ramos Administrativos,Tribunales Agrarios,O001,Aprobado,4160994.0,125176.0,0.0,0.0,4286170.0,0.0,0.0,0.0,0.0,0.0,4286170.0,100.0,0.0,0.0
2025,Poder Ejecutivo,Ramos Administrativos,Tribunales Agrarios,O001,Modificado,5221793.92,140135.81,0.0,234053.49,5595983.22,0.0,0.0,0.0,0.0,0.0,5595983.22,100.0,0.0,0.0
2025,Poder Ejecutivo,Ramos Administrativos,Tribunales Agrarios,O001,Devengado,5221793.92,140135.81,0.0,234053.49,5595983.22,0.0,0.0,0.0,0.0,0.0,5595983.22,100.0,0.0,0.0
2025,Poder Ejecutivo,Ramos Administrativos,Tribunales Agrarios,O001,Ejercido,5221793.92,140135.81,0.0,234053.49,5595983.22,0.0,0.0,0.0,0.0,0.0,5595983.22,100.0,0.0,0.0
2025,Poder Ejecutivo,Ramos Administrativos,Tribunales Agrarios,O001,Porcentaje Ejer/Aprob,125.4939065040709,111.95102096248482,0.0,0.0,130.55905902005753,0.0,0.0,0.0,0.0,0.0,130.55905902005753,,0.0,
2025,Poder Ejecutivo,Ramos Administrativos,Tribunales Agrarios,O001,Porcentaje Ejer/Modif,100.0,100.0,0.0,100.0,100.0,0.0,0.0,0.0,0.0,0.0,100.0,,0.0,
2025,Poder Ejecutivo,Ramos Administrativos,Seguridad y Protección Ciudadana,TOTAL,Aprobado,32108604418.0,26921624771.0,1120918960.0,3857240461.0,64008388610.0,0.0,6413785095.0,0.0,0.0,6413785095.0,70422173705.0,90.89237841213553,0.0,9.107621587864475
2025,Poder Ejecutivo,Ramos Administrativos,Seguridad y Protección Ciudadana,TOTAL,Modificado,34860215469.65,33774241957.73,1092510299.7,478551386.3,70205519113.38,0.0,7165205346.61,0.0,0.0,7165205346.61,77370724459.99,90.73912594638392,0.0,9.260874053616073
2025,Poder Ejecutivo,Ramos Administrativos,Seguridad y Protección Ciudadana,TOTAL,Devengado,34860215469.65,33771155012.61,1092510299.7,478551386.3,70202432168.26,0.0,7165205346.61,0.0,0.0,7165205346.61,77367637514.87,90.7387564403361,0.0,9.261243559663889
2025,Poder Ejecutivo,Ramos Administrativos,Seguridad y Protección Ciudadana,TOTAL,Ejercido,34860215469.65,33771155012.61,1092510299.7,478551386.3,70202432168.26,0.0,7165205346.61,0.0,0.0,7165205346.61,77367637514.87,90.7387564403361,0.0,9.261243559663889
2025,Poder Ejecutivo,Ramos Administrativos,Seguridad y Protección Ciudadana,TOTAL,Porcentaje Ejer/Aprob,108.56969993410071,125.44248461923561,97.4655919550152,12.406573848287755,109.67692468560644,0.0,111.71570672356617,0.0,0.0,111.71570672356617,109.86260923862517,,0.0,
2025,Poder Ejecutivo,Ramos Administrativos,Seguridad y Protección Ciudadana,TOTAL,Porcentaje Ejer/Modif,100.0,99.99086006097824,100.0,100.0,99.99560298797161,0.0,100.0,0.0,0.0,100.0,99.99601018971768,,0.0,
2025,Poder Ejecutivo,Ramos Administrativos,Seguridad y Protección Ciudadana,E001,Servicios de inteligencia para la Seguridad Nacional,0.0,0.0,0.0,0.0,0.0,0.0,0.0,0.0,0.0,0.0,0.0,,0.0,
2025,Poder Ejecutivo,Ramos Administrativos,Seguridad y Protección Ciudadana,E001,Aprobado,2002247334.0,757621872.0,0.0,124620.0,2759993826.0,0.0,0.0,0.0,0.0,0.0,2759993826.0,100.0,0.0,0.0
2025,Poder Ejecutivo,Ramos Administrativos,Seguridad y Protección Ciudadana,E001,Modificado,2210957631.12,1715254383.65,0.0,4538765.22,3930750779.99,0.0,3628217649.4,0.0,0.0,3628217649.4,7558968429.39,52.0011535530015,0.0,47.99884644699849
2025,Poder Ejecutivo,Ramos Administrativos,Seguridad y Protección Ciudadana,E001,Devengado,2210957631.12,1715254383.65,0.0,4538765.22,3930750779.99,0.0,3628217649.4,0.0,0.0,3628217649.4,7558968429.39,52.0011535530015,0.0,47.99884644699849
2025,Poder Ejecutivo,Ramos Administrativos,Seguridad y Protección Ciudadana,E001,Ejercido,2210957631.12,1715254383.65,0.0,4538765.22,3930750779.99,0.0,3628217649.4,0.0,0.0,3628217649.4,7558968429.39,52.0011535530015,0.0,47.99884644699849
2025,Poder Ejecutivo,Ramos Administrativos,Seguridad y Protección Ciudadana,E001,Porcentaje Ejer/Aprob,110.4238019737076,226.3997974506734,0.0,0.0,142.41882510609645,0.0,0.0,0.0,0.0,0.0,273.8762803808533,,0.0,
2025,Poder Ejecutivo,Ramos Administrativos,Seguridad y Protección Ciudadana,E001,Porcentaje Ejer/Modif,100.0,100.0,0.0,100.0,100.0,0.0,100.0,0.0,0.0,100.0,100.0,,0.0,
2025,Poder Ejecutivo,Ramos Administrativos,Seguridad y Protección Ciudadana,E002,"Servicios de protección, custodia, vigilancia y seguridad de personas, bienes e instalaciones",0.0,0.0,0.0,0.0,0.0,0.0,0.0,0.0,0.0,0.0,0.0,,0.0,
2025,Poder Ejecutivo,Ramos Administrativos,Seguridad y Protección Ciudadana,E002,Aprobado,2066441702.0,0.0,0.0,0.0,2066441702.0,0.0,0.0,0.0,0.0,0.0,2066441702.0,100.0,0.0,0.0
2025,Poder Ejecutivo,Ramos Administrativos,Seguridad y Protección Ciudadana,E002,Modificado,4802820204.09,3605835322.84,0.0,4343992.86,8412999519.79,0.0,0.0,0.0,0.0,0.0,8412999519.79,100.0,0.0,0.0
2025,Poder Ejecutivo,Ramos Administrativos,Seguridad y Protección Ciudadana,E002,Devengado,4802820204.09,3605835322.84,0.0,4343992.86,8412999519.79,0.0,0.0,0.0,0.0,0.0,8412999519.79,100.0,0.0,0.0
2025,Poder Ejecutivo,Ramos Administrativos,Seguridad y Protección Ciudadana,E002,Ejercido,4802820204.09,3605835322.84,0.0,4343992.86,8412999519.79,0.0,0.0,0.0,0.0,0.0,8412999519.79,100.0,0.0,0.0
2025,Poder Ejecutivo,Ramos Administrativos,Seguridad y Protección Ciudadana,E002,Porcentaje Ejer/Aprob,232.41982580208304,0.0,0.0,0.0,407.12493905090577,0.0,0.0,0.0,0.0,0.0,407.12493905090577,,0.0,
2025,Poder Ejecutivo,Ramos Administrativos,Seguridad y Protección Ciudadana,E002,Porcentaje Ejer/Modif,100.0,100.0,0.0,100.0,100.0,0.0,0.0,0.0,0.0,0.0,100.0,,0.0,
2025,Poder Ejecutivo,Ramos Administrativos,Seguridad y Protección Ciudadana,E004,Administración del Sistema Federal Penitenciario,0.0,0.0,0.0,0.0,0.0,0.0,0.0,0.0,0.0,0.0,0.0,,0.0,
2025,Poder Ejecutivo,Ramos Administrativos,Seguridad y Protección Ciudadana,E004,Aprobado,4634603716.0,18629605336.0,0.0,41647458.0,23305856510.0,0.0,0.0,0.0,0.0,0.0,23305856510.0,100.0,0.0,0.0
2025,Poder Ejecutivo,Ramos Administrativos,Seguridad y Protección Ciudadana,E004,Modificado,3939540190.06,18470445455.13,0.0,122803187.7,22532788832.89,0.0,1593354121.41,0.0,0.0,1593354121.41,24126142954.3,93.39573621681613,0.0,6.604263783183863
2025,Poder Ejecutivo,Ramos Administrativos,Seguridad y Protección Ciudadana,E004,Devengado,3939540190.06,18467358510.01,0.0,122803187.7,22529701887.77,0.0,1593354121.41,0.0,0.0,1593354121.41,24123056009.18,93.39489109172715,0.0,6.605108908272863
2025,Poder Ejecutivo,Ramos Administrativos,Seguridad y Protección Ciudadana,E004,Ejercido,3939540190.06,18467358510.01,0.0,122803187.7,22529701887.77,0.0,1593354121.41,0.0,0.0,1593354121.41,24123056009.18,93.39489109172715,0.0,6.605108908272863
2025,Poder Ejecutivo,Ramos Administrativos,Seguridad y Protección Ciudadana,E004,Porcentaje Ejer/Aprob,85.00274093466851,99.12909144845663,0.0,294.86358495157134,96.6697013606989,0.0,0.0,0.0,0.0,0.0,103.50641264280229,,0.0,
2025,Poder Ejecutivo,Ramos Administrativos,Seguridad y Protección Ciudadana,E004,Porcentaje Ejer/Modif,100.0,99.98328711060324,0.0,100.0,99.9863002083635,0.0,100.0,0.0,0.0,100.0,99.98720497874092,,0.0,
2025,Poder Ejecutivo,Ramos Administrativos,Seguridad y Protección Ciudadana,E006,"Operación de la Guardia Nacional para la prevención, investigación y persecución de delitos",0.0,0.0,0.0,0.0,0.0,0.0,0.0,0.0,0.0,0.0,0.0,,0.0,
2025,Poder Ejecutivo,Ramos Administrativos,Seguridad y Protección Ciudadana,E006,Aprobado,14373706815.0,5831931720.0,0.0,0.0,20205638535.0,0.0,0.0,0.0,0.0,0.0,20205638535.0,100.0,0.0,0.0
2025,Poder Ejecutivo,Ramos Administrativos,Seguridad y Protección Ciudadana,E006,Modificado,18944217508.83,6799678546.6,0.0,111178867.03,25855074922.46,0.0,0.0,0.0,0.0,0.0,25855074922.46,100.0,0.0,0.0
2025,Poder Ejecutivo,Ramos Administrativos,Seguridad y Protección Ciudadana,E006,Devengado,18944217508.83,6799678546.6,0.0,111178867.03,25855074922.46,0.0,0.0,0.0,0.0,0.0,25855074922.46,100.0,0.0,0.0
2025,Poder Ejecutivo,Ramos Administrativos,Seguridad y Protección Ciudadana,E006,Ejercido,18944217508.83,6799678546.6,0.0,111178867.03,25855074922.46,0.0,0.0,0.0,0.0,0.0,25855074922.46,100.0,0.0,0.0
2025,Poder Ejecutivo,Ramos Administrativos,Seguridad y Protección Ciudadana,E006,Porcentaje Ejer/Aprob,131.79771754534707,116.59393273212054,0.0,0.0,127.95970232603193,0.0,0.0,0.0,0.0,0.0,127.95970232603193,,0.0,
2025,Poder Ejecutivo,Ramos Administrativos,Seguridad y Protección Ciudadana,E006,Porcentaje Ejer/Modif,100.0,100.0,0.0,100.0,100.0,0.0,0.0,0.0,0.0,0.0,100.0,,0.0,
2025,Poder Ejecutivo,Ramos Administrativos,Seguridad y Protección Ciudadana,G005,Regulación de los servicios de seguridad privada para coadyuvar a la prevención del delito,0.0,0.0,0.0,0.0,0.0,0.0,0.0,0.0,0.0,0.0,0.0,,0.0,
2025,Poder Ejecutivo,Ramos Administrativos,Seguridad y Protección Ciudadana,G005,Aprobado,49324658.0,1696210.0,0.0,0.0,51020868.0,0.0,0.0,0.0,0.0,0.0,51020868.0,100.0,0.0,0.0
2025,Poder Ejecutivo,Ramos Administrativos,Seguridad y Protección Ciudadana,G005,Modificado,60102441.12,2631341.7,0.0,0.0,62733782.82,0.0,0.0,0.0,0.0,0.0,62733782.82,100.0,0.0,0.0
2025,Poder Ejecutivo,Ramos Administrativos,Seguridad y Protección Ciudadana,G005,Devengado,60102441.12,2631341.7,0.0,0.0,62733782.82,0.0,0.0,0.0,0.0,0.0,62733782.82,100.0,0.0,0.0
2025,Poder Ejecutivo,Ramos Administrativos,Seguridad y Protección Ciudadana,G005,Ejercido,60102441.12,2631341.7,0.0,0.0,62733782.82,0.0,0.0,0.0,0.0,0.0,62733782.82,100.0,0.0,0.0
2025,Poder Ejecutivo,Ramos Administrativos,Seguridad y Protección Ciudadana,G005,Porcentaje Ejer/Aprob,121.85070015082518,155.1306559918878,0.0,0.0,122.95710613939379,0.0,0.0,0.0,0.0,0.0,122.95710613939379,,0.0,
2025,Poder Ejecutivo,Ramos Administrativos,Seguridad y Protección Ciudadana,G005,Porcentaje Ejer/Modif,100.0,100.0,0.0,0.0,100.0,0.0,0.0,0.0,0.0,0.0,100.0,,0.0,
2025,Poder Ejecutivo,Ramos Administrativos,Seguridad y Protección Ciudadana,K023,Proyectos de infraestructura gubernamental de Seguridad Pública,0.0,0.0,0.0,0.0,0.0,0.0,0.0,0.0,0.0,0.0,0.0,,0.0,
2025,Poder Ejecutivo,Ramos Administrativos,Seguridad y Protección Ciudadana,K023,Aprobado,0.0,0.0,0.0,0.0,0.0,0.0,0.0,0.0,0.0,0.0,0.0,0.0,0.0,0.0
2025,Poder Ejecutivo,Ramos Administrativos,Seguridad y Protección Ciudadana,K023,Modificado,0.0,0.0,0.0,0.0,0.0,0.0,153297378.36,0.0,0.0,153297378.36,153297378.36,0.0,0.0,100.0
2025,Poder Ejecutivo,Ramos Administrativos,Seguridad y Protección Ciudadana,K023,Devengado,0.0,0.0,0.0,0.0,0.0,0.0,153297378.36,0.0,0.0,153297378.36,153297378.36,0.0,0.0,100.0
2025,Poder Ejecutivo,Ramos Administrativos,Seguridad y Protección Ciudadana,K023,Ejercido,0.0,0.0,0.0,0.0,0.0,0.0,153297378.36,0.0,0.0,153297378.36,153297378.36,0.0,0.0,100.0
2025,Poder Ejecutivo,Ramos Administrativos,Seguridad y Protección Ciudadana,K023,Porcentaje Ejer/Aprob,0.0,0.0,0.0,0.0,0.0,0.0,0.0,0.0,0.0,0.0,0.0,,0.0,
2025,Poder Ejecutivo,Ramos Administrativos,Seguridad y Protección Ciudadana,K023,Porcentaje Ejer/Modif,0.0,0.0,0.0,0.0,0.0,0.0,100.0,0.0,0.0,100.0,100.0,,0.0,
2025,Poder Ejecutivo,Ramos Administrativos,Seguridad y Protección Ciudadana,M001,Actividades de apoyo administrativo,0.0,0.0,0.0,0.0,0.0,0.0,0.0,0.0,0.0,0.0,0.0,,0.0,
2025,Poder Ejecutivo,Ramos Administrativos,Seguridad y Protección Ciudadana,M001,Aprobado,7981347804.0,1287202399.0,0.0,16127109.0,9284677312.0,0.0,0.0,0.0,0.0,0.0,9284677312.0,100.0,0.0,0.0
2025,Poder Ejecutivo,Ramos Administrativos,Seguridad y Protección Ciudadana,M001,Modificado,3737677170.0,711630669.42,0.0,85098931.06,4534406770.48,0.0,0.0,0.0,0.0,0.0,4534406770.48,100.0,0.0,0.0
2025,Poder Ejecutivo,Ramos Administrativos,Seguridad y Protección Ciudadana,M001,Devengado,3737677170.0,711630669.42,0.0,85098931.06,4534406770.48,0.0,0.0,0.0,0.0,0.0,4534406770.48,100.0,0.0,0.0
2025,Poder Ejecutivo,Ramos Administrativos,Seguridad y Protección Ciudadana,M001,Ejercido,3737677170.0,711630669.42,0.0,85098931.06,4534406770.48,0.0,0.0,0.0,0.0,0.0,4534406770.48,100.0,0.0,0.0
2025,Poder Ejecutivo,Ramos Administrativos,Seguridad y Protección Ciudadana,M001,Porcentaje Ejer/Aprob,46.8301502676878,55.285063947429755,0.0,0.0,48.8375267993374,0.0,0.0,0.0,0.0,0.0,48.8375267993374,,0.0,
2025,Poder Ejecutivo,Ramos Administrativos,Seguridad y Protección Ciudadana,M001,Porcentaje Ejer/Modif,100.0,100.0,0.0,100.0,100.0,0.0,0.0,0.0,0.0,0.0,100.0,,0.0,
2025,Poder Ejecutivo,Ramos Administrativos,Seguridad y Protección Ciudadana,N001,Coordinación del Sistema Nacional de Protección Civil,0.0,0.0,0.0,0.0,0.0,0.0,0.0,0.0,0.0,0.0,0.0,,0.0,
2025,Poder Ejecutivo,Ramos Administrativos,Seguridad y Protección Ciudadana,N001,Aprobado,140957024.0,35090974.0,0.0,0.0,176047998.0,0.0,0.0,0.0,0.0,0.0,176047998.0,100.0,0.0,0.0
2025,Poder Ejecutivo,Ramos Administrativos,Seguridad y Protección Ciudadana,N001,Modificado,159358605.27,45113254.95,10665668.55,0.0,215137528.77,0.0,15741892.8,0.0,0.0,15741892.8,230879421.57,93.18176878088408,0.0,6.818231219115923
2025,Poder Ejecutivo,Ramos Administrativos,Seguridad y Protección Ciudadana,N001,Devengado,159358605.27,45113254.95,10665668.55,0.0,215137528.77,0.0,15741892.8,0.0,0.0,15741892.8,230879421.57,93.18176878088408,0.0,6.818231219115923
2025,Poder Ejecutivo,Ramos Administrativos,Seguridad y Protección Ciudadana,N001,Ejercido,159358605.27,45113254.95,10665668.55,0.0,215137528.77,0.0,15741892.8,0.0,0.0,15741892.8,230879421.57,93.18176878088408,0.0,6.818231219115923
2025,Poder Ejecutivo,Ramos Administrativos,Seguridad y Protección Ciudadana,N001,Porcentaje Ejer/Aprob,113.05474587062791,128.5608514314821,0.0,0.0,122.20390530655169,0.0,0.0,0.0,0.0,0.0,131.1457240030642,,0.0,
2025,Poder Ejecutivo,Ramos Administrativos,Seguridad y Protección Ciudadana,N001,Porcentaje Ejer/Modif,100.0,100.0,100.0,0.0,100.0,0.0,100.0,0.0,0.0,100.0,100.0,,0.0,
2025,Poder Ejecutivo,Ramos Administrativos,Seguridad y Protección Ciudadana,P001,"Implementar las políticas, programas y acciones tendientes a garantizar la seguridad pública de la Nación y sus habitantes",0.0,0.0,0.0,0.0,0.0,0.0,0.0,0.0,0.0,0.0,0.0,,0.0,
2025,Poder Ejecutivo,Ramos Administrativos,Seguridad y Protección Ciudadana,P001,Aprobado,476090300.0,55518975.0,0.0,4154000.0,535763275.0,0.0,0.0,0.0,0.0,0.0,535763275.0,100.0,0.0,0.0
2025,Poder Ejecutivo,Ramos Administrativos,Seguridad y Protección Ciudadana,P001,Modificado,568213322.34,1874234939.64,0.0,149659870.86,2592108132.84,0.0,1774594304.64,0.0,0.0,1774594304.64,4366702437.48,59.360768679623874,0.0,40.63923132037613
2025,Poder Ejecutivo,Ramos Administrativos,Seguridad y Protección Ciudadana,P001,Devengado,568213322.34,1874234939.64,0.0,149659870.86,2592108132.84,0.0,1774594304.64,0.0,0.0,1774594304.64,4366702437.48,59.360768679623874,0.0,40.63923132037613
2025,Poder Ejecutivo,Ramos Administrativos,Seguridad y Protección Ciudadana,P001,Ejercido,568213322.34,1874234939.64,0.0,149659870.86,2592108132.84,0.0,1774594304.64,0.0,0.0,1774594304.64,4366702437.48,59.360768679623874,0.0,40.63923132037613
2025,Poder Ejecutivo,Ramos Administrativos,Seguridad y Protección Ciudadana,P001,Porcentaje Ejer/Aprob,119.34990533098448,0.0,0.0,0.0,483.81594144167497,0.0,0.0,0.0,0.0,0.0,0.0,,0.0,
2025,Poder Ejecutivo,Ramos Administrativos,Seguridad y Protección Ciudadana,P001,Porcentaje Ejer/Modif,100.0,100.0,0.0,100.0,100.0,0.0,100.0,0.0,0.0,100.0,100.0,,0.0,
2025,Poder Ejecutivo,Ramos Administrativos,Seguridad y Protección Ciudadana,P002,Coordinación con las instancias que integran el Sistema Nacional de Seguridad Pública,0.0,0.0,0.0,0.0,0.0,0.0,0.0,0.0,0.0,0.0,0.0,,0.0,
2025,Poder Ejecutivo,Ramos Administrativos,Seguridad y Protección Ciudadana,P002,Aprobado,212984235.0,57900317.0,0.0,27477.0,270912029.0,0.0,0.0,0.0,0.0,0.0,270912029.0,100.0,0.0,0.0
2025,Poder Ejecutivo,Ramos Administrativos,Seguridad y Protección Ciudadana,P002,Modificado,230434537.88,99159451.02,0.0,927771.57,330521760.47,0.0,0.0,0.0,0.0,0.0,330521760.47,100.0,0.0,0.0
2025,Poder Ejecutivo,Ramos Administrativos,Seguridad y Protección Ciudadana,P002,Devengado,230434537.88,99159451.02,0.0,927771.57,330521760.47,0.0,0.0,0.0,0.0,0.0,330521760.47,100.0,0.0,0.0
2025,Poder Ejecutivo,Ramos Administrativos,Seguridad y Protección Ciudadana,P002,Ejercido,230434537.88,99159451.02,0.0,927771.57,330521760.47,0.0,0.0,0.0,0.0,0.0,330521760.47,100.0,0.0,0.0
2025,Poder Ejecutivo,Ramos Administrativos,Seguridad y Protección Ciudadana,P002,Porcentaje Ejer/Aprob,108.19323687502033,171.25890868611307,0.0,0.0,122.00335352034148,0.0,0.0,0.0,0.0,0.0,122.00335352034148,,0.0,
2025,Poder Ejecutivo,Ramos Administrativos,Seguridad y Protección Ciudadana,P002,Porcentaje Ejer/Modif,100.0,100.0,0.0,100.0,100.0,0.0,0.0,0.0,0.0,0.0,100.0,,0.0,
2025,Poder Ejecutivo,Ramos Administrativos,Seguridad y Protección Ciudadana,R001,Provisiones para infraestructura de seguridad,0.0,0.0,0.0,0.0,0.0,0.0,0.0,0.0,0.0,0.0,0.0,,0.0,
2025,Poder Ejecutivo,Ramos Administrativos,Seguridad y Protección Ciudadana,R001,Aprobado,0.0,0.0,0.0,3795159797.0,3795159797.0,0.0,6413785095.0,0.0,0.0,6413785095.0,10208944892.0,37.17484849951524,0.0,62.82515150048476
2025,Poder Ejecutivo,Ramos Administrativos,Seguridad y Protección Ciudadana,R001,Modificado,0.0,0.0,0.0,0.0,0.0,0.0,0.0,0.0,0.0,0.0,0.0,0.0,0.0,0.0
2025,Poder Ejecutivo,Ramos Administrativos,Seguridad y Protección Ciudadana,R001,Devengado,0.0,0.0,0.0,0.0,0.0,0.0,0.0,0.0,0.0,0.0,0.0,0.0,0.0,0.0
2025,Poder Ejecutivo,Ramos Administrativos,Seguridad y Protección Ciudadana,R001,Ejercido,0.0,0.0,0.0,0.0,0.0,0.0,0.0,0.0,0.0,0.0,0.0,0.0,0.0,0.0
2025,Poder Ejecutivo,Ramos Administrativos,Seguridad y Protección Ciudadana,R001,Porcentaje Ejer/Aprob,0.0,0.0,0.0,0.0,0.0,0.0,0.0,0.0,0.0,0.0,0.0,,0.0,
2025,Poder Ejecutivo,Ramos Administrativos,Seguridad y Protección Ciudadana,R001,Porcentaje Ejer/Modif,0.0,0.0,0.0,0.0,0.0,0.0,0.0,0.0,0.0,0.0,0.0,,0.0,
2025,Poder Ejecutivo,Ramos Administrativos,Seguridad y Protección Ciudadana,R002,Plataforma México,0.0,0.0,0.0,0.0,0.0,0.0,0.0,0.0,0.0,0.0,0.0,,0.0,
2025,Poder Ejecutivo,Ramos Administrativos,Seguridad y Protección Ciudadana,R002,Aprobado,170900830.0,265056968.0,0.0,0.0,435957798.0,0.0,0.0,0.0,0.0,0.0,435957798.0,100.0,0.0,0.0
2025,Poder Ejecutivo,Ramos Administrativos,Seguridad y Protección Ciudadana,R002,Modificado,206893858.94,450258592.78,0.0,0.0,657152451.72,0.0,0.0,0.0,0.0,0.0,657152451.72,100.0,0.0,0.0
2025,Poder Ejecutivo,Ramos Administrativos,Seguridad y Protección Ciudadana,R002,Devengado,206893858.94,450258592.78,0.0,0.0,657152451.72,0.0,0.0,0.0,0.0,0.0,657152451.72,100.0,0.0,0.0
2025,Poder Ejecutivo,Ramos Administrativos,Seguridad y Protección Ciudadana,R002,Ejercido,206893858.94,450258592.78,0.0,0.0,657152451.72,0.0,0.0,0.0,0.0,0.0,657152451.72,100.0,0.0,0.0
2025,Poder Ejecutivo,Ramos Administrativos,Seguridad y Protección Ciudadana,R002,Porcentaje Ejer/Aprob,121.06076895003962,169.87238486029918,0.0,0.0,150.73762981984785,0.0,0.0,0.0,0.0,0.0,150.73762981984785,,0.0,
2025,Poder Ejecutivo,Ramos Administrativos,Seguridad y Protección Ciudadana,R002,Porcentaje Ejer/Modif,100.0,100.0,0.0,0.0,100.0,0.0,0.0,0.0,0.0,0.0,100.0,,0.0,
2025,Poder Ejecutivo,Ramos Administrativos,Seguridad y Protección Ciudadana,U002,Fondo para el Fortalecimiento de las Instituciones de Seguridad Pública,0.0,0.0,0.0,0.0,0.0,0.0,0.0,0.0,0.0,0.0,0.0,,0.0,
2025,Poder Ejecutivo,Ramos Administrativos,Seguridad y Protección Ciudadana,U002,Aprobado,0.0,0.0,1120918960.0,0.0,1120918960.0,0.0,0.0,0.0,0.0,0.0,1120918960.0,100.0,0.0,0.0
2025,Poder Ejecutivo,Ramos Administrativos,Seguridad y Protección Ciudadana,U002,Modificado,0.0,0.0,1081844631.15,0.0,1081844631.15,0.0,0.0,0.0,0.0,0.0,1081844631.15,100.0,0.0,0.0
2025,Poder Ejecutivo,Ramos Administrativos,Seguridad y Protección Ciudadana,U002,Devengado,0.0,0.0,1081844631.15,0.0,1081844631.15,0.0,0.0,0.0,0.0,0.0,1081844631.15,100.0,0.0,0.0
2025,Poder Ejecutivo,Ramos Administrativos,Seguridad y Protección Ciudadana,U002,Ejercido,0.0,0.0,1081844631.15,0.0,1081844631.15,0.0,0.0,0.0,0.0,0.0,1081844631.15,100.0,0.0,0.0
2025,Poder Ejecutivo,Ramos Administrativos,Seguridad y Protección Ciudadana,U002,Porcentaje Ejer/Aprob,0.0,0.0,96.51408083506769,0.0,96.51408083506769,0.0,0.0,0.0,0.0,0.0,96.51408083506769,,0.0,
2025,Poder Ejecutivo,Ramos Administrativos,Seguridad y Protección Ciudadana,U002,Porcentaje Ejer/Modif,0.0,0.0,100.0,0.0,100.0,0.0,0.0,0.0,0.0,0.0,100.0,,0.0,
2025,Poder Ejecutivo,Ramos Administrativos,Consejería Jurídica del Ejecutivo Federal,TOTAL,Aprobado,124004143.0,25616503.0,0.0,0.0,149620646.0,0.0,0.0,0.0,0.0,0.0,149620646.0,100.0,0.0,0.0
2025,Poder Ejecutivo,Ramos Administrativos,Consejería Jurídica del Ejecutivo Federal,TOTAL,Modificado,137714652.07,23979671.86,0.0,0.0,161694323.93,0.0,0.0,0.0,0.0,0.0,161694323.93,100.0,0.0,0.0
2025,Poder Ejecutivo,Ramos Administrativos,Consejería Jurídica del Ejecutivo Federal,TOTAL,Devengado,137714652.07,23979671.86,0.0,0.0,161694323.93,0.0,0.0,0.0,0.0,0.0,161694323.93,100.0,0.0,0.0
2025,Poder Ejecutivo,Ramos Administrativos,Consejería Jurídica del Ejecutivo Federal,TOTAL,Ejercido,137714652.07,23979671.86,0.0,0.0,161694323.93,0.0,0.0,0.0,0.0,0.0,161694323.93,100.0,0.0,0.0
2025,Poder Ejecutivo,Ramos Administrativos,Consejería Jurídica del Ejecutivo Federal,TOTAL,Porcentaje Ejer/Aprob,111.05649274153686,93.61024750333799,0.0,0.0,108.06952666813108,0.0,0.0,0.0,0.0,0.0,108.06952666813108,,0.0,
2025,Poder Ejecutivo,Ramos Administrativos,Consejería Jurídica del Ejecutivo Federal,TOTAL,Porcentaje Ejer/Modif,100.0,100.0,0.0,0.0,100.0,0.0,0.0,0.0,0.0,0.0,100.0,,0.0,
2025,Poder Ejecutivo,Ramos Administrativos,Consejería Jurídica del Ejecutivo Federal,M001,Actividades de apoyo administrativo,0.0,0.0,0.0,0.0,0.0,0.0,0.0,0.0,0.0,0.0,0.0,,0.0,
2025,Poder Ejecutivo,Ramos Administrativos,Consejería Jurídica del Ejecutivo Federal,M001,Aprobado,29941876.0,3619353.0,0.0,0.0,33561229.0,0.0,0.0,0.0,0.0,0.0,33561229.0,100.0,0.0,0.0
2025,Poder Ejecutivo,Ramos Administrativos,Consejería Jurídica del Ejecutivo Federal,M001,Modificado,30034658.78,3199856.62,0.0,0.0,33234515.4,0.0,0.0,0.0,0.0,0.0,33234515.4,100.0,0.0,0.0
2025,Poder Ejecutivo,Ramos Administrativos,Consejería Jurídica del Ejecutivo Federal,M001,Devengado,30034658.78,3199856.62,0.0,0.0,33234515.4,0.0,0.0,0.0,0.0,0.0,33234515.4,100.0,0.0,0.0
2025,Poder Ejecutivo,Ramos Administrativos,Consejería Jurídica del Ejecutivo Federal,M001,Ejercido,30034658.78,3199856.62,0.0,0.0,33234515.4,0.0,0.0,0.0,0.0,0.0,33234515.4,100.0,0.0,0.0
2025,Poder Ejecutivo,Ramos Administrativos,Consejería Jurídica del Ejecutivo Federal,M001,Porcentaje Ejer/Aprob,100.30987630835155,88.40963067155926,0.0,0.0,99.02651479181527,0.0,0.0,0.0,0.0,0.0,99.02651479181527,,0.0,
2025,Poder Ejecutivo,Ramos Administrativos,Consejería Jurídica del Ejecutivo Federal,M001,Porcentaje Ejer/Modif,100.0,100.0,0.0,0.0,100.0,0.0,0.0,0.0,0.0,0.0,100.0,,0.0,
2025,Poder Ejecutivo,Ramos Administrativos,Consejería Jurídica del Ejecutivo Federal,P001,Asesoramiento en materia jurídica al Presidente de la Republica y al Gobierno Federal,0.0,0.0,0.0,0.0,0.0,0.0,0.0,0.0,0.0,0.0,0.0,,0.0,
2025,Poder Ejecutivo,Ramos Administrativos,Consejería Jurídica del Ejecutivo Federal,P001,Aprobado,94062267.0,21997150.0,0.0,0.0,116059417.0,0.0,0.0,0.0,0.0,0.0,116059417.0,100.0,0.0,0.0
2025,Poder Ejecutivo,Ramos Administrativos,Consejería Jurídica del Ejecutivo Federal,P001,Modificado,107679993.29,20779815.24,0.0,0.0,128459808.53,0.0,0.0,0.0,0.0,0.0,128459808.53,100.0,0.0,0.0
2025,Poder Ejecutivo,Ramos Administrativos,Consejería Jurídica del Ejecutivo Federal,P001,Devengado,107679993.29,20779815.24,0.0,0.0,128459808.53,0.0,0.0,0.0,0.0,0.0,128459808.53,100.0,0.0,0.0
2025,Poder Ejecutivo,Ramos Administrativos,Consejería Jurídica del Ejecutivo Federal,P001,Ejercido,107679993.29,20779815.24,0.0,0.0,128459808.53,0.0,0.0,0.0,0.0,0.0,128459808.53,100.0,0.0,0.0
2025,Poder Ejecutivo,Ramos Administrativos,Consejería Jurídica del Ejecutivo Federal,P001,Porcentaje Ejer/Aprob,114.47735284755576,94.46594326992359,0.0,0.0,110.68451992137787,0.0,0.0,0.0,0.0,0.0,110.68451992137787,,0.0,
2025,Poder Ejecutivo,Ramos Administrativos,Consejería Jurídica del Ejecutivo Federal,P001,Porcentaje Ejer/Modif,100.0,100.0,0.0,0.0,100.0,0.0,0.0,0.0,0.0,0.0,100.0,,0.0,
2025,Poder Ejecutivo,Ramos Administrativos,"Ciencia, Humanidades, Tecnología e Innovación",TOTAL,Aprobado,6443896275.0,2121639549.0,14486628027.0,10243760512.0,33295924363.0,0.0,0.0,0.0,0.0,0.0,33295924363.0,100.0,0.0,0.0
2025,Poder Ejecutivo,Ramos Administrativos,"Ciencia, Humanidades, Tecnología e Innovación",TOTAL,Modificado,8133948673.9,1878693658.27,14923569663.03,13976856467.95,38913068463.15,0.0,2320996.73,0.0,0.0,2320996.73,38915389459.88,99.99403578696703,0.0,0.0
2025,Poder Ejecutivo,Ramos Administrativos,"Ciencia, Humanidades, Tecnología e Innovación",TOTAL,Devengado,8133948673.9,1878693658.27,14923569663.03,13976856467.95,38913068463.15,0.0,2320996.73,0.0,0.0,2320996.73,38915389459.88,99.99403578696703,0.0,0.0
2025,Poder Ejecutivo,Ramos Administrativos,"Ciencia, Humanidades, Tecnología e Innovación",TOTAL,Ejercido,8133948673.9,1878693658.27,14923569663.03,13976856467.95,38913068463.15,0.0,2320996.73,0.0,0.0,2320996.73,38915389459.88,99.99403578696703,0.0,0.0
2025,Poder Ejecutivo,Ramos Administrativos,"Ciencia, Humanidades, Tecnología e Innovación",TOTAL,Porcentaje Ejer/Aprob,126.22718192185674,88.5491439465055,103.01617212242651,136.4426320937207,116.87036539040207,0.0,0.0,0.0,0.0,0.0,116.87733620372052,,0.0,
2025,Poder Ejecutivo,Ramos Administrativos,"Ciencia, Humanidades, Tecnología e Innovación",TOTAL,Porcentaje Ejer/Modif,100.0,100.0,100.0,100.0,100.0,0.0,100.0,0.0,0.0,100.0,100.0,,0.0,
2025,Poder Ejecutivo,Ramos Administrativos,"Ciencia, Humanidades, Tecnología e Innovación",E003,"Investigación científica, desarrollo e innovación",0.0,0.0,0.0,0.0,0.0,0.0,0.0,0.0,0.0,0.0,0.0,,0.0,
2025,Poder Ejecutivo,Ramos Administrativos,"Ciencia, Humanidades, Tecnología e Innovación",E003,Aprobado,4078857207.0,1782212413.0,183699963.0,19884545.0,6064654128.0,0.0,0.0,0.0,0.0,0.0,6064654128.0,100.0,0.0,0.0
2025,Poder Ejecutivo,Ramos Administrativos,"Ciencia, Humanidades, Tecnología e Innovación",E003,Modificado,4919980790.73,1442422388.82,171698880.53,43741175.36,6577843235.44,0.0,2320996.73,0.0,0.0,2320996.73,6580164232.17,99.96472737384497,0.0,0.0
2025,Poder Ejecutivo,Ramos Administrativos,"Ciencia, Humanidades, Tecnología e Innovación",E003,Devengado,4919980790.73,1442422388.82,171698880.53,43741175.36,6577843235.44,0.0,2320996.73,0.0,0.0,2320996.73,6580164232.17,99.96472737384497,0.0,0.0
2025,Poder Ejecutivo,Ramos Administrativos,"Ciencia, Humanidades, Tecnología e Innovación",E003,Ejercido,4919980790.73,1442422388.82,171698880.53,43741175.36,6577843235.44,0.0,2320996.73,0.0,0.0,2320996.73,6580164232.17,99.96472737384497,0.0,0.0
2025,Poder Ejecutivo,Ramos Administrativos,"Ciencia, Humanidades, Tecnología e Innovación",E003,Porcentaje Ejer/Aprob,120.62155013140668,80.93437001664515,93.46701965857228,219.97574176326387,108.46196826082213,0.0,0.0,0.0,0.0,0.0,108.5002391445529,,0.0,
2025,Poder Ejecutivo,Ramos Administrativos,"Ciencia, Humanidades, Tecnología e Innovación",E003,Porcentaje Ejer/Modif,100.0,100.0,100.0,100.0,100.0,0.0,100.0,0.0,0.0,100.0,100.0,,0.0,
2025,Poder Ejecutivo,Ramos Administrativos,"Ciencia, Humanidades, Tecnología e Innovación",E004,Fortalecimiento para el acceso a la educación superior y posgrado,0.0,0.0,0.0,0.0,0.0,0.0,0.0,0.0,0.0,0.0,0.0,,0.0,
2025,Poder Ejecutivo,Ramos Administrativos,"Ciencia, Humanidades, Tecnología e Innovación",E004,Aprobado,0.0,0.0,0.0,0.0,0.0,0.0,0.0,0.0,0.0,0.0,0.0,0.0,0.0,0.0
2025,Poder Ejecutivo,Ramos Administrativos,"Ciencia, Humanidades, Tecnología e Innovación",E004,Modificado,576714796.35,68833942.22,12000000.0,425559.65,657974298.22,0.0,0.0,0.0,0.0,0.0,657974298.22,100.0,0.0,0.0
2025,Poder Ejecutivo,Ramos Administrativos,"Ciencia, Humanidades, Tecnología e Innovación",E004,Devengado,576714796.35,68833942.22,12000000.0,425559.65,657974298.22,0.0,0.0,0.0,0.0,0.0,657974298.22,100.0,0.0,0.0
2025,Poder Ejecutivo,Ramos Administrativos,"Ciencia, Humanidades, Tecnología e Innovación",E004,Ejercido,576714796.35,68833942.22,12000000.0,425559.65,657974298.22,0.0,0.0,0.0,0.0,0.0,657974298.22,100.0,0.0,0.0
2025,Poder Ejecutivo,Ramos Administrativos,"Ciencia, Humanidades, Tecnología e Innovación",E004,Porcentaje Ejer/Aprob,0.0,0.0,0.0,0.0,0.0,0.0,0.0,0.0,0.0,0.0,0.0,,0.0,
2025,Poder Ejecutivo,Ramos Administrativos,"Ciencia, Humanidades, Tecnología e Innovación",E004,Porcentaje Ejer/Modif,100.0,100.0,100.0,100.0,100.0,0.0,0.0,0.0,0.0,0.0,100.0,,0.0,
2025,Poder Ejecutivo,Ramos Administrativos,"Ciencia, Humanidades, Tecnología e Innovación",F003,"Programas nacionales estratégicos de ciencia, tecnología y vinculación con el sector social, público y privado",0.0,0.0,0.0,0.0,0.0,0.0,0.0,0.0,0.0,0.0,0.0,,0.0,
2025,Poder Ejecutivo,Ramos Administrativos,"Ciencia, Humanidades, Tecnología e Innovación",F003,Aprobado,0.0,58078903.0,0.0,1393893689.0,1451972592.0,0.0,0.0,0.0,0.0,0.0,1451972592.0,100.0,0.0,0.0
2025,Poder Ejecutivo,Ramos Administrativos,"Ciencia, Humanidades, Tecnología e Innovación",F003,Modificado,0.0,63161447.17,0.0,1445236014.03,1508397461.2,0.0,0.0,0.0,0.0,0.0,1508397461.2,100.0,0.0,0.0
2025,Poder Ejecutivo,Ramos Administrativos,"Ciencia, Humanidades, Tecnología e Innovación",F003,Devengado,0.0,63161447.17,0.0,1445236014.03,1508397461.2,0.0,0.0,0.0,0.0,0.0,1508397461.2,100.0,0.0,0.0
2025,Poder Ejecutivo,Ramos Administrativos,"Ciencia, Humanidades, Tecnología e Innovación",F003,Ejercido,0.0,63161447.17,0.0,1445236014.03,1508397461.2,0.0,0.0,0.0,0.0,0.0,1508397461.2,100.0,0.0,0.0
2025,Poder Ejecutivo,Ramos Administrativos,"Ciencia, Humanidades, Tecnología e Innovación",F003,Porcentaje Ejer/Aprob,0.0,108.75110222037078,0.0,103.68337452383716,103.88608362932514,0.0,0.0,0.0,0.0,0.0,103.88608362932514,,0.0,
2025,Poder Ejecutivo,Ramos Administrativos,"Ciencia, Humanidades, Tecnología e Innovación",F003,Porcentaje Ejer/Modif,0.0,100.0,0.0,100.0,100.0,0.0,0.0,0.0,0.0,0.0,100.0,,0.0,
2025,Poder Ejecutivo,Ramos Administrativos,"Ciencia, Humanidades, Tecnología e Innovación",M001,Actividades de apoyo administrativo,0.0,0.0,0.0,0.0,0.0,0.0,0.0,0.0,0.0,0.0,0.0,,0.0,
2025,Poder Ejecutivo,Ramos Administrativos,"Ciencia, Humanidades, Tecnología e Innovación",M001,Aprobado,864042217.0,35699196.0,0.0,4234.0,899745647.0,0.0,0.0,0.0,0.0,0.0,899745647.0,100.0,0.0,0.0
2025,Poder Ejecutivo,Ramos Administrativos,"Ciencia, Humanidades, Tecnología e Innovación",M001,Modificado,1013817404.79,28126383.49,0.0,0.0,1041943788.28,0.0,0.0,0.0,0.0,0.0,1041943788.28,100.0,0.0,0.0
2025,Poder Ejecutivo,Ramos Administrativos,"Ciencia, Humanidades, Tecnología e Innovación",M001,Devengado,1013817404.79,28126383.49,0.0,0.0,1041943788.28,0.0,0.0,0.0,0.0,0.0,1041943788.28,100.0,0.0,0.0
2025,Poder Ejecutivo,Ramos Administrativos,"Ciencia, Humanidades, Tecnología e Innovación",M001,Ejercido,1013817404.79,28126383.49,0.0,0.0,1041943788.28,0.0,0.0,0.0,0.0,0.0,1041943788.28,100.0,0.0,0.0
2025,Poder Ejecutivo,Ramos Administrativos,"Ciencia, Humanidades, Tecnología e Innovación",M001,Porcentaje Ejer/Aprob,117.33424418890401,78.78716229351495,0.0,0.0,115.80425998771184,0.0,0.0,0.0,0.0,0.0,115.80425998771184,,0.0,
2025,Poder Ejecutivo,Ramos Administrativos,"Ciencia, Humanidades, Tecnología e Innovación",M001,Porcentaje Ejer/Modif,100.0,100.0,0.0,0.0,100.0,0.0,0.0,0.0,0.0,0.0,100.0,,0.0,
2025,Poder Ejecutivo,Ramos Administrativos,"Ciencia, Humanidades, Tecnología e Innovación",O001,Actividades de apoyo a la función pública y buen gobierno,0.0,0.0,0.0,0.0,0.0,0.0,0.0,0.0,0.0,0.0,0.0,,0.0,
2025,Poder Ejecutivo,Ramos Administrativos,"Ciencia, Humanidades, Tecnología e Innovación",O001,Aprobado,70547622.0,5686520.0,0.0,0.0,76234142.0,0.0,0.0,0.0,0.0,0.0,76234142.0,100.0,0.0,0.0
2025,Poder Ejecutivo,Ramos Administrativos,"Ciencia, Humanidades, Tecnología e Innovación",O001,Modificado,53357685.26,3181427.96,0.0,0.0,56539113.22,0.0,0.0,0.0,0.0,0.0,56539113.22,100.0,0.0,0.0
2025,Poder Ejecutivo,Ramos Administrativos,"Ciencia, Humanidades, Tecnología e Innovación",O001,Devengado,53357685.26,3181427.96,0.0,0.0,56539113.22,0.0,0.0,0.0,0.0,0.0,56539113.22,100.0,0.0,0.0
2025,Poder Ejecutivo,Ramos Administrativos,"Ciencia, Humanidades, Tecnología e Innovación",O001,Ejercido,53357685.26,3181427.96,0.0,0.0,56539113.22,0.0,0.0,0.0,0.0,0.0,56539113.22,100.0,0.0,0.0
2025,Poder Ejecutivo,Ramos Administrativos,"Ciencia, Humanidades, Tecnología e Innovación",O001,Porcentaje Ejer/Aprob,75.63357027115669,55.946834971124694,0.0,0.0,74.1650810735169,0.0,0.0,0.0,0.0,0.0,74.1650810735169,,0.0,
2025,Poder Ejecutivo,Ramos Administrativos,"Ciencia, Humanidades, Tecnología e Innovación",O001,Porcentaje Ejer/Modif,100.0,100.0,0.0,0.0,100.0,0.0,0.0,0.0,0.0,0.0,100.0,,0.0,
2025,Poder Ejecutivo,Ramos Administrativos,"Ciencia, Humanidades, Tecnología e Innovación",P001,"Diseño y evaluación de políticas en ciencia, tecnología e innovación",0.0,0.0,0.0,0.0,0.0,0.0,0.0,0.0,0.0,0.0,0.0,,0.0,
2025,Poder Ejecutivo,Ramos Administrativos,"Ciencia, Humanidades, Tecnología e Innovación",P001,Aprobado,1430449229.0,239962517.0,0.0,15308782.0,1685720528.0,0.0,0.0,0.0,0.0,0.0,1685720528.0,100.0,0.0,0.0
2025,Poder Ejecutivo,Ramos Administrativos,"Ciencia, Humanidades, Tecnología e Innovación",P001,Modificado,1570077996.77,269338914.57,0.0,32036516.06,1871453427.4,0.0,0.0,0.0,0.0,0.0,1871453427.4,100.0,0.0,0.0
2025,Poder Ejecutivo,Ramos Administrativos,"Ciencia, Humanidades, Tecnología e Innovación",P001,Devengado,1570077996.77,269338914.57,0.0,32036516.06,1871453427.4,0.0,0.0,0.0,0.0,0.0,1871453427.4,100.0,0.0,0.0
2025,Poder Ejecutivo,Ramos Administrativos,"Ciencia, Humanidades, Tecnología e Innovación",P001,Ejercido,1570077996.77,269338914.57,0.0,32036516.06,1871453427.4,0.0,0.0,0.0,0.0,0.0,1871453427.4,100.0,0.0,0.0
2025,Poder Ejecutivo,Ramos Administrativos,"Ciencia, Humanidades, Tecnología e Innovación",P001,Porcentaje Ejer/Aprob,109.76118305629147,112.24207761164632,0.0,209.2688762567786,111.01801255397656,0.0,0.0,0.0,0.0,0.0,111.01801255397656,,0.0,
2025,Poder Ejecutivo,Ramos Administrativos,"Ciencia, Humanidades, Tecnología e Innovación",P001,Porcentaje Ejer/Modif,100.0,100.0,0.0,100.0,100.0,0.0,0.0,0.0,0.0,0.0,100.0,,0.0,
2025,Poder Ejecutivo,Ramos Administrativos,"Ciencia, Humanidades, Tecnología e Innovación",S190,Becas de posgrado y apoyos a la calidad,0.0,0.0,0.0,0.0,0.0,0.0,0.0,0.0,0.0,0.0,0.0,,0.0,
2025,Poder Ejecutivo,Ramos Administrativos,"Ciencia, Humanidades, Tecnología e Innovación",S190,Aprobado,0.0,0.0,14302928064.0,0.0,14302928064.0,0.0,0.0,0.0,0.0,0.0,14302928064.0,100.0,0.0,0.0
2025,Poder Ejecutivo,Ramos Administrativos,"Ciencia, Humanidades, Tecnología e Innovación",S190,Modificado,0.0,3629154.04,14739870782.5,0.0,14743499936.54,0.0,0.0,0.0,0.0,0.0,14743499936.54,100.0,0.0,0.0
2025,Poder Ejecutivo,Ramos Administrativos,"Ciencia, Humanidades, Tecnología e Innovación",S190,Devengado,0.0,3629154.04,14739870782.5,0.0,14743499936.54,0.0,0.0,0.0,0.0,0.0,14743499936.54,100.0,0.0,0.0
2025,Poder Ejecutivo,Ramos Administrativos,"Ciencia, Humanidades, Tecnología e Innovación",S190,Ejercido,0.0,3629154.04,14739870782.5,0.0,14743499936.54,0.0,0.0,0.0,0.0,0.0,14743499936.54,100.0,0.0,0.0
2025,Poder Ejecutivo,Ramos Administrativos,"Ciencia, Humanidades, Tecnología e Innovación",S190,Porcentaje Ejer/Aprob,0.0,0.0,103.05491796186664,0.0,103.08029146597546,0.0,0.0,0.0,0.0,0.0,103.08029146597546,,0.0,
2025,Poder Ejecutivo,Ramos Administrativos,"Ciencia, Humanidades, Tecnología e Innovación",S190,Porcentaje Ejer/Modif,0.0,100.0,100.0,0.0,100.0,0.0,0.0,0.0,0.0,0.0,100.0,,0.0,
2025,Poder Ejecutivo,Ramos Administrativos,"Ciencia, Humanidades, Tecnología e Innovación",S191,Sistema Nacional de Investigadoras e Investigadores,0.0,0.0,0.0,0.0,0.0,0.0,0.0,0.0,0.0,0.0,0.0,,0.0,
2025,Poder Ejecutivo,Ramos Administrativos,"Ciencia, Humanidades, Tecnología e Innovación",S191,Aprobado,0.0,0.0,0.0,8814669262.0,8814669262.0,0.0,0.0,0.0,0.0,0.0,8814669262.0,100.0,0.0,0.0
2025,Poder Ejecutivo,Ramos Administrativos,"Ciencia, Humanidades, Tecnología e Innovación",S191,Modificado,0.0,0.0,0.0,12455417202.85,12455417202.85,0.0,0.0,0.0,0.0,0.0,12455417202.85,100.0,0.0,0.0
2025,Poder Ejecutivo,Ramos Administrativos,"Ciencia, Humanidades, Tecnología e Innovación",S191,Devengado,0.0,0.0,0.0,12455417202.85,12455417202.85,0.0,0.0,0.0,0.0,0.0,12455417202.85,100.0,0.0,0.0
2025,Poder Ejecutivo,Ramos Administrativos,"Ciencia, Humanidades, Tecnología e Innovación",S191,Ejercido,0.0,0.0,0.0,12455417202.85,12455417202.85,0.0,0.0,0.0,0.0,0.0,12455417202.85,100.0,0.0,0.0
2025,Poder Ejecutivo,Ramos Administrativos,"Ciencia, Humanidades, Tecnología e Innovación",S191,Porcentaje Ejer/Aprob,0.0,0.0,0.0,141.30328470230015,141.30328470230015,0.0,0.0,0.0,0.0,0.0,141.30328470230015,,0.0,
2025,Poder Ejecutivo,Ramos Administrativos,"Ciencia, Humanidades, Tecnología e Innovación",S191,Porcentaje Ejer/Modif,0.0,0.0,0.0,100.0,100.0,0.0,0.0,0.0,0.0,0.0,100.0,,0.0,
2025,Poder Ejecutivo,Ramos Administrativos,Comisión Reguladora de Energía,TOTAL,Aprobado,199592339.0,262524.0,0.0,0.0,199854863.0,0.0,0.0,0.0,0.0,0.0,199854863.0,100.0,0.0,0.0
2025,Poder Ejecutivo,Ramos Administrativos,Comisión Reguladora de Energía,TOTAL,Modificado,63665783.96,120971.74,0.0,0.0,63786755.7,0.0,0.0,0.0,0.0,0.0,63786755.7,100.0,0.0,0.0
2025,Poder Ejecutivo,Ramos Administrativos,Comisión Reguladora de Energía,TOTAL,Devengado,63665783.96,120971.74,0.0,0.0,63786755.7,0.0,0.0,0.0,0.0,0.0,63786755.7,100.0,0.0,0.0
2025,Poder Ejecutivo,Ramos Administrativos,Comisión Reguladora de Energía,TOTAL,Ejercido,63665783.96,120971.74,0.0,0.0,63786755.7,0.0,0.0,0.0,0.0,0.0,63786755.7,100.0,0.0,0.0
2025,Poder Ejecutivo,Ramos Administrativos,Comisión Reguladora de Energía,TOTAL,Porcentaje Ejer/Aprob,31.897909648726547,46.080259328670905,0.0,0.0,31.916539203752077,0.0,0.0,0.0,0.0,0.0,31.916539203752077,,0.0,
2025,Poder Ejecutivo,Ramos Administrativos,Comisión Reguladora de Energía,TOTAL,Porcentaje Ejer/Modif,100.0,100.0,0.0,0.0,100.0,0.0,0.0,0.0,0.0,0.0,100.0,,0.0,
2025,Poder Ejecutivo,Ramos Administrativos,Comisión Reguladora de Energía,G001,Regulación y permisos de electricidad,0.0,0.0,0.0,0.0,0.0,0.0,0.0,0.0,0.0,0.0,0.0,,0.0,
2025,Poder Ejecutivo,Ramos Administrativos,Comisión Reguladora de Energía,G001,Aprobado,70599455.0,58153.0,0.0,0.0,70657608.0,0.0,0.0,0.0,0.0,0.0,70657608.0,100.0,0.0,0.0
2025,Poder Ejecutivo,Ramos Administrativos,Comisión Reguladora de Energía,G001,Modificado,22213252.23,28289.58,0.0,0.0,22241541.81,0.0,0.0,0.0,0.0,0.0,22241541.81,100.0,0.0,0.0
2025,Poder Ejecutivo,Ramos Administrativos,Comisión Reguladora de Energía,G001,Devengado,22213252.23,28289.58,0.0,0.0,22241541.81,0.0,0.0,0.0,0.0,0.0,22241541.81,100.0,0.0,0.0
2025,Poder Ejecutivo,Ramos Administrativos,Comisión Reguladora de Energía,G001,Ejercido,22213252.23,28289.58,0.0,0.0,22241541.81,0.0,0.0,0.0,0.0,0.0,22241541.81,100.0,0.0,0.0
2025,Poder Ejecutivo,Ramos Administrativos,Comisión Reguladora de Energía,G001,Porcentaje Ejer/Aprob,31.46377295688756,48.64681099857273,0.0,0.0,31.477915032164688,0.0,0.0,0.0,0.0,0.0,31.477915032164688,,0.0,
2025,Poder Ejecutivo,Ramos Administrativos,Comisión Reguladora de Energía,G001,Porcentaje Ejer/Modif,100.0,100.0,0.0,0.0,100.0,0.0,0.0,0.0,0.0,0.0,100.0,,0.0,
2025,Poder Ejecutivo,Ramos Administrativos,Comisión Reguladora de Energía,G002,Regulación y permisos de Hidrocarburos,0.0,0.0,0.0,0.0,0.0,0.0,0.0,0.0,0.0,0.0,0.0,,0.0,
2025,Poder Ejecutivo,Ramos Administrativos,Comisión Reguladora de Energía,G002,Aprobado,88836170.0,90361.0,0.0,0.0,88926531.0,0.0,0.0,0.0,0.0,0.0,88926531.0,100.0,0.0,0.0
2025,Poder Ejecutivo,Ramos Administrativos,Comisión Reguladora de Energía,G002,Modificado,29705921.53,50922.16,0.0,0.0,29756843.69,0.0,0.0,0.0,0.0,0.0,29756843.69,100.0,0.0,0.0
2025,Poder Ejecutivo,Ramos Administrativos,Comisión Reguladora de Energía,G002,Devengado,29705921.53,50922.16,0.0,0.0,29756843.69,0.0,0.0,0.0,0.0,0.0,29756843.69,100.0,0.0,0.0
2025,Poder Ejecutivo,Ramos Administrativos,Comisión Reguladora de Energía,G002,Ejercido,29705921.53,50922.16,0.0,0.0,29756843.69,0.0,0.0,0.0,0.0,0.0,29756843.69,100.0,0.0,0.0
2025,Poder Ejecutivo,Ramos Administrativos,Comisión Reguladora de Energía,G002,Porcentaje Ejer/Aprob,33.43899397058653,56.354135080399736,0.0,0.0,33.46227875458225,0.0,0.0,0.0,0.0,0.0,33.46227875458225,,0.0,
2025,Poder Ejecutivo,Ramos Administrativos,Comisión Reguladora de Energía,G002,Porcentaje Ejer/Modif,100.0,100.0,0.0,0.0,100.0,0.0,0.0,0.0,0.0,0.0,100.0,,0.0,
2025,Poder Ejecutivo,Ramos Administrativos,Comisión Reguladora de Energía,M001,Actividades de apoyo administrativo,0.0,0.0,0.0,0.0,0.0,0.0,0.0,0.0,0.0,0.0,0.0,,0.0,
2025,Poder Ejecutivo,Ramos Administrativos,Comisión Reguladora de Energía,M001,Aprobado,40156714.0,114010.0,0.0,0.0,40270724.0,0.0,0.0,0.0,0.0,0.0,40270724.0,100.0,0.0,0.0
2025,Poder Ejecutivo,Ramos Administrativos,Comisión Reguladora de Energía,M001,Modificado,11746610.2,41760.0,0.0,0.0,11788370.2,0.0,0.0,0.0,0.0,0.0,11788370.2,100.0,0.0,0.0
2025,Poder Ejecutivo,Ramos Administrativos,Comisión Reguladora de Energía,M001,Devengado,11746610.2,41760.0,0.0,0.0,11788370.2,0.0,0.0,0.0,0.0,0.0,11788370.2,100.0,0.0,0.0
2025,Poder Ejecutivo,Ramos Administrativos,Comisión Reguladora de Energía,M001,Ejercido,11746610.2,41760.0,0.0,0.0,11788370.2,0.0,0.0,0.0,0.0,0.0,11788370.2,100.0,0.0,0.0
2025,Poder Ejecutivo,Ramos Administrativos,Comisión Reguladora de Energía,M001,Porcentaje Ejer/Aprob,29.251920861851392,36.62836593281291,0.0,0.0,29.272804233666122,0.0,0.0,0.0,0.0,0.0,29.272804233666122,,0.0,
2025,Poder Ejecutivo,Ramos Administrativos,Comisión Reguladora de Energía,M001,Porcentaje Ejer/Modif,100.0,100.0,0.0,0.0,100.0,0.0,0.0,0.0,0.0,0.0,100.0,,0.0,
2025,Poder Ejecutivo,Ramos Administrativos,Comisión Nacional de Hidrocarburos,TOTAL,Aprobado,172459490.0,826451.0,0.0,0.0,173285941.0,0.0,0.0,0.0,0.0,0.0,173285941.0,100.0,0.0,0.0
2025,Poder Ejecutivo,Ramos Administrativos,Comisión Nacional de Hidrocarburos,TOTAL,Modificado,72833589.54,0.0,0.0,0.0,72833589.54,0.0,0.0,0.0,0.0,0.0,72833589.54,100.0,0.0,0.0
2025,Poder Ejecutivo,Ramos Administrativos,Comisión Nacional de Hidrocarburos,TOTAL,Devengado,72833589.54,0.0,0.0,0.0,72833589.54,0.0,0.0,0.0,0.0,0.0,72833589.54,100.0,0.0,0.0
2025,Poder Ejecutivo,Ramos Administrativos,Comisión Nacional de Hidrocarburos,TOTAL,Ejercido,72833589.54,0.0,0.0,0.0,72833589.54,0.0,0.0,0.0,0.0,0.0,72833589.54,100.0,0.0,0.0
2025,Poder Ejecutivo,Ramos Administrativos,Comisión Nacional de Hidrocarburos,TOTAL,Porcentaje Ejer/Aprob,42.2322886029641,0.0,0.0,0.0,42.030870548234496,0.0,0.0,0.0,0.0,0.0,42.030870548234496,,0.0,
2025,Poder Ejecutivo,Ramos Administrativos,Comisión Nacional de Hidrocarburos,TOTAL,Porcentaje Ejer/Modif,100.0,0.0,0.0,0.0,100.0,0.0,0.0,0.0,0.0,0.0,100.0,,0.0,
2025,Poder Ejecutivo,Ramos Administrativos,Comisión Nacional de Hidrocarburos,G001,Promoción y regulación de Hidrocarburos,0.0,0.0,0.0,0.0,0.0,0.0,0.0,0.0,0.0,0.0,0.0,,0.0,
2025,Poder Ejecutivo,Ramos Administrativos,Comisión Nacional de Hidrocarburos,G001,Aprobado,74725280.0,736550.0,0.0,0.0,75461830.0,0.0,0.0,0.0,0.0,0.0,75461830.0,100.0,0.0,0.0
2025,Poder Ejecutivo,Ramos Administrativos,Comisión Nacional de Hidrocarburos,G001,Modificado,30836059.61,0.0,0.0,0.0,30836059.61,0.0,0.0,0.0,0.0,0.0,30836059.61,100.0,0.0,0.0
2025,Poder Ejecutivo,Ramos Administrativos,Comisión Nacional de Hidrocarburos,G001,Devengado,30836059.61,0.0,0.0,0.0,30836059.61,0.0,0.0,0.0,0.0,0.0,30836059.61,100.0,0.0,0.0
2025,Poder Ejecutivo,Ramos Administrativos,Comisión Nacional de Hidrocarburos,G001,Ejercido,30836059.61,0.0,0.0,0.0,30836059.61,0.0,0.0,0.0,0.0,0.0,30836059.61,100.0,0.0,0.0
2025,Poder Ejecutivo,Ramos Administrativos,Comisión Nacional de Hidrocarburos,G001,Porcentaje Ejer/Aprob,41.26590038873056,0.0,0.0,0.0,40.863121938601275,0.0,0.0,0.0,0.0,0.0,40.863121938601275,,0.0,
2025,Poder Ejecutivo,Ramos Administrativos,Comisión Nacional de Hidrocarburos,G001,Porcentaje Ejer/Modif,100.0,0.0,0.0,0.0,100.0,0.0,0.0,0.0,0.0,0.0,100.0,,0.0,
2025,Poder Ejecutivo,Ramos Administrativos,Comisión Nacional de Hidrocarburos,G002,Administración Técnica de Asignaciones y Contratos,0.0,0.0,0.0,0.0,0.0,0.0,0.0,0.0,0.0,0.0,0.0,,0.0,
2025,Poder Ejecutivo,Ramos Administrativos,Comisión Nacional de Hidrocarburos,G002,Aprobado,53173369.0,61240.0,0.0,0.0,53234609.0,0.0,0.0,0.0,0.0,0.0,53234609.0,100.0,0.0,0.0
2025,Poder Ejecutivo,Ramos Administrativos,Comisión Nacional de Hidrocarburos,G002,Modificado,22788916.68,0.0,0.0,0.0,22788916.68,0.0,0.0,0.0,0.0,0.0,22788916.68,100.0,0.0,0.0
2025,Poder Ejecutivo,Ramos Administrativos,Comisión Nacional de Hidrocarburos,G002,Devengado,22788916.68,0.0,0.0,0.0,22788916.68,0.0,0.0,0.0,0.0,0.0,22788916.68,100.0,0.0,0.0
2025,Poder Ejecutivo,Ramos Administrativos,Comisión Nacional de Hidrocarburos,G002,Ejercido,22788916.68,0.0,0.0,0.0,22788916.68,0.0,0.0,0.0,0.0,0.0,22788916.68,100.0,0.0,0.0
2025,Poder Ejecutivo,Ramos Administrativos,Comisión Nacional de Hidrocarburos,G002,Porcentaje Ejer/Aprob,42.857763404082974,0.0,0.0,0.0,42.80846071396899,0.0,0.0,0.0,0.0,0.0,42.80846071396899,,0.0,
2025,Poder Ejecutivo,Ramos Administrativos,Comisión Nacional de Hidrocarburos,G002,Porcentaje Ejer/Modif,100.0,0.0,0.0,0.0,100.0,0.0,0.0,0.0,0.0,0.0,100.0,,0.0,
2025,Poder Ejecutivo,Ramos Administrativos,Comisión Nacional de Hidrocarburos,M001,Actividades de apoyo administrativo,0.0,0.0,0.0,0.0,0.0,0.0,0.0,0.0,0.0,0.0,0.0,,0.0,
2025,Poder Ejecutivo,Ramos Administrativos,Comisión Nacional de Hidrocarburos,M001,Aprobado,32566872.0,25766.0,0.0,0.0,32592638.0,0.0,0.0,0.0,0.0,0.0,32592638.0,100.0,0.0,0.0
2025,Poder Ejecutivo,Ramos Administrativos,Comisión Nacional de Hidrocarburos,M001,Modificado,14041496.3,0.0,0.0,0.0,14041496.3,0.0,0.0,0.0,0.0,0.0,14041496.3,100.0,0.0,0.0
2025,Poder Ejecutivo,Ramos Administrativos,Comisión Nacional de Hidrocarburos,M001,Devengado,14041496.3,0.0,0.0,0.0,14041496.3,0.0,0.0,0.0,0.0,0.0,14041496.3,100.0,0.0,0.0
2025,Poder Ejecutivo,Ramos Administrativos,Comisión Nacional de Hidrocarburos,M001,Ejercido,14041496.3,0.0,0.0,0.0,14041496.3,0.0,0.0,0.0,0.0,0.0,14041496.3,100.0,0.0,0.0
2025,Poder Ejecutivo,Ramos Administrativos,Comisión Nacional de Hidrocarburos,M001,Porcentaje Ejer/Aprob,43.11588874731353,0.0,0.0,0.0,43.08180362694177,0.0,0.0,0.0,0.0,0.0,43.08180362694177,,0.0,
2025,Poder Ejecutivo,Ramos Administrativos,Comisión Nacional de Hidrocarburos,M001,Porcentaje Ejer/Modif,100.0,0.0,0.0,0.0,100.0,0.0,0.0,0.0,0.0,0.0,100.0,,0.0,
2025,Poder Ejecutivo,Ramos Administrativos,Comisión Nacional de Hidrocarburos,P001,Estudios de Evaluación y Verificación de Hidrocarburos,0.0,0.0,0.0,0.0,0.0,0.0,0.0,0.0,0.0,0.0,0.0,,0.0,
2025,Poder Ejecutivo,Ramos Administrativos,Comisión Nacional de Hidrocarburos,P001,Aprobado,11993969.0,2895.0,0.0,0.0,11996864.0,0.0,0.0,0.0,0.0,0.0,11996864.0,100.0,0.0,0.0
2025,Poder Ejecutivo,Ramos Administrativos,Comisión Nacional de Hidrocarburos,P001,Modificado,5167116.95,0.0,0.0,0.0,5167116.95,0.0,0.0,0.0,0.0,0.0,5167116.95,100.0,0.0,0.0
2025,Poder Ejecutivo,Ramos Administrativos,Comisión Nacional de Hidrocarburos,P001,Devengado,5167116.95,0.0,0.0,0.0,5167116.95,0.0,0.0,0.0,0.0,0.0,5167116.95,100.0,0.0,0.0
2025,Poder Ejecutivo,Ramos Administrativos,Comisión Nacional de Hidrocarburos,P001,Ejercido,5167116.95,0.0,0.0,0.0,5167116.95,0.0,0.0,0.0,0.0,0.0,5167116.95,100.0,0.0,0.0
2025,Poder Ejecutivo,Ramos Administrativos,Comisión Nacional de Hidrocarburos,P001,Porcentaje Ejer/Aprob,43.08095968899036,0.0,0.0,0.0,43.07056369064449,0.0,0.0,0.0,0.0,0.0,43.07056369064449,,0.0,
2025,Poder Ejecutivo,Ramos Administrativos,Comisión Nacional de Hidrocarburos,P001,Porcentaje Ejer/Modif,100.0,0.0,0.0,0.0,100.0,0.0,0.0,0.0,0.0,0.0,100.0,,0.0,
2025,Poder Ejecutivo,Ramos Administrativos,Entidades no Sectorizadas,TOTAL,Aprobado,62166760118.0,18947562354.0,78286712595.0,11717061028.0,171118096095.0,0.0,2538314333.0,0.0,0.0,2538314333.0,173656410428.0,98.53831233368007,0.0,1.461687666319934
2025,Poder Ejecutivo,Ramos Administrativos,Entidades no Sectorizadas,TOTAL,Modificado,93938602265.92,35518599117.21,48856125316.91,18318967204.14,196632293904.18,0.0,4689828063.78,0.0,0.0,4689828063.78,201322121967.96,97.67048547971973,0.0,2.329514520280278
2025,Poder Ejecutivo,Ramos Administrativos,Entidades no Sectorizadas,TOTAL,Devengado,93938602265.92,35518599117.21,48856125316.91,18318967204.14,196632293904.18,0.0,4689828063.78,0.0,0.0,4689828063.78,201322121967.96,97.67048547971973,0.0,2.329514520280278
2025,Poder Ejecutivo,Ramos Administrativos,Entidades no Sectorizadas,TOTAL,Ejercido,93938602265.92,35518599117.21,48856125316.91,18318967204.14,196632293904.18,0.0,4689828063.78,0.0,0.0,4689828063.78,201322121967.96,97.67048547971973,0.0,2.329514520280278
2025,Poder Ejecutivo,Ramos Administrativos,Entidades no Sectorizadas,TOTAL,Porcentaje Ejer/Aprob,151.1074440546897,187.45735442697568,62.4066635287868,156.34438670553624,114.91028616576895,0.0,184.76151683850574,0.0,0.0,184.76151683850574,115.93129298928501,,0.0,
2025,Poder Ejecutivo,Ramos Administrativos,Entidades no Sectorizadas,TOTAL,Porcentaje Ejer/Modif,100.0,100.0,100.0,100.0,100.0,0.0,100.0,0.0,0.0,100.0,100.0,,0.0,
2025,Poder Ejecutivo,Ramos Administrativos,Entidades no Sectorizadas,E001,Atención a la salud de personas sin seguridad social,0.0,0.0,0.0,0.0,0.0,0.0,0.0,0.0,0.0,0.0,0.0,,0.0,
2025,Poder Ejecutivo,Ramos Administrativos,Entidades no Sectorizadas,E001,Aprobado,52213607887.0,11857940282.0,2077000000.0,0.0,66148548169.0,0.0,0.0,0.0,0.0,0.0,66148548169.0,100.0,0.0,0.0
2025,Poder Ejecutivo,Ramos Administrativos,Entidades no Sectorizadas,E001,Modificado,83512166903.66,20936368792.72,0.0,5245036403.66,109693572100.04,0.0,0.0,0.0,0.0,0.0,109693572100.04,100.0,0.0,0.0
2025,Poder Ejecutivo,Ramos Administrativos,Entidades no Sectorizadas,E001,Devengado,83512166903.66,20936368792.72,0.0,5245036403.66,109693572100.04,0.0,0.0,0.0,0.0,0.0,109693572100.04,100.0,0.0,0.0
2025,Poder Ejecutivo,Ramos Administrativos,Entidades no Sectorizadas,E001,Ejercido,83512166903.66,20936368792.72,0.0,5245036403.66,109693572100.04,0.0,0.0,0.0,0.0,0.0,109693572100.04,100.0,0.0,0.0
2025,Poder Ejecutivo,Ramos Administrativos,Entidades no Sectorizadas,E001,Porcentaje Ejer/Aprob,159.94329885112694,176.55991086833845,0.0,0.0,165.8291453650483,0.0,0.0,0.0,0.0,0.0,165.8291453650483,,0.0,
2025,Poder Ejecutivo,Ramos Administrativos,Entidades no Sectorizadas,E001,Porcentaje Ejer/Modif,100.0,100.0,0.0,100.0,100.0,0.0,0.0,0.0,0.0,0.0,100.0,,0.0,
2025,Poder Ejecutivo,Ramos Administrativos,Entidades no Sectorizadas,E002,Preservación y divulgación del patrimonio documental que resguarda el Archivo General de la Nación y de la memoria histórica de México,0.0,0.0,0.0,0.0,0.0,0.0,0.0,0.0,0.0,0.0,0.0,,0.0,
2025,Poder Ejecutivo,Ramos Administrativos,Entidades no Sectorizadas,E002,Aprobado,144035453.0,74468399.0,0.0,781057.0,219284909.0,0.0,0.0,0.0,0.0,0.0,219284909.0,100.0,0.0,0.0
2025,Poder Ejecutivo,Ramos Administrativos,Entidades no Sectorizadas,E002,Modificado,159749021.68,69281811.6,0.0,926775.4,229957608.68,0.0,0.0,0.0,0.0,0.0,229957608.68,100.0,0.0,0.0
2025,Poder Ejecutivo,Ramos Administrativos,Entidades no Sectorizadas,E002,Devengado,159749021.68,69281811.6,0.0,926775.4,229957608.68,0.0,0.0,0.0,0.0,0.0,229957608.68,100.0,0.0,0.0
2025,Poder Ejecutivo,Ramos Administrativos,Entidades no Sectorizadas,E002,Ejercido,159749021.68,69281811.6,0.0,926775.4,229957608.68,0.0,0.0,0.0,0.0,0.0,229957608.68,100.0,0.0,0.0
2025,Poder Ejecutivo,Ramos Administrativos,Entidades no Sectorizadas,E002,Porcentaje Ejer/Aprob,110.90951453459171,93.03518342055399,0.0,118.65656411759961,104.86704704335126,0.0,0.0,0.0,0.0,0.0,104.86704704335126,,0.0,
2025,Poder Ejecutivo,Ramos Administrativos,Entidades no Sectorizadas,E002,Porcentaje Ejer/Modif,100.0,100.0,0.0,100.0,100.0,0.0,0.0,0.0,0.0,0.0,100.0,,0.0,
2025,Poder Ejecutivo,Ramos Administrativos,Entidades no Sectorizadas,E003,Atención a la salud en Centros y Hospitales Regionales de Alta Especialidad,0.0,0.0,0.0,0.0,0.0,0.0,0.0,0.0,0.0,0.0,0.0,,0.0,
2025,Poder Ejecutivo,Ramos Administrativos,Entidades no Sectorizadas,E003,Aprobado,3747102027.0,3234280816.0,0.0,0.0,6981382843.0,0.0,0.0,0.0,0.0,0.0,6981382843.0,100.0,0.0,0.0
2025,Poder Ejecutivo,Ramos Administrativos,Entidades no Sectorizadas,E003,Modificado,4360931995.2,3192246040.42,0.0,44269157.33,7597447192.95,0.0,1506410962.06,0.0,0.0,1506410962.06,9103858155.01,83.45304884576878,0.0,16.546951154231216
2025,Poder Ejecutivo,Ramos Administrativos,Entidades no Sectorizadas,E003,Devengado,4360931995.2,3192246040.42,0.0,44269157.33,7597447192.95,0.0,1506410962.06,0.0,0.0,1506410962.06,9103858155.01,83.45304884576878,0.0,16.546951154231216
2025,Poder Ejecutivo,Ramos Administrativos,Entidades no Sectorizadas,E003,Ejercido,4360931995.2,3192246040.42,0.0,44269157.33,7597447192.95,0.0,1506410962.06,0.0,0.0,1506410962.06,9103858155.01,83.45304884576878,0.0,16.546951154231216
2025,Poder Ejecutivo,Ramos Administrativos,Entidades no Sectorizadas,E003,Porcentaje Ejer/Aprob,116.38145862527911,98.70033624254104,0.0,0.0,108.82438857464616,0.0,0.0,0.0,0.0,0.0,130.40193267925616,,0.0,
2025,Poder Ejecutivo,Ramos Administrativos,Entidades no Sectorizadas,E003,Porcentaje Ejer/Modif,100.0,100.0,0.0,100.0,100.0,0.0,100.0,0.0,0.0,100.0,100.0,,0.0,
2025,Poder Ejecutivo,Ramos Administrativos,Entidades no Sectorizadas,E004,Formación y capacitación de recursos humanos para la atención a la salud en Centros y Hospitales Regionales de Alta Especialidad,0.0,0.0,0.0,0.0,0.0,0.0,0.0,0.0,0.0,0.0,0.0,,0.0,
2025,Poder Ejecutivo,Ramos Administrativos,Entidades no Sectorizadas,E004,Aprobado,36796959.0,0.0,0.0,0.0,36796959.0,0.0,0.0,0.0,0.0,0.0,36796959.0,100.0,0.0,0.0
2025,Poder Ejecutivo,Ramos Administrativos,Entidades no Sectorizadas,E004,Modificado,18882091.03,438882.85,0.0,0.0,19320973.88,0.0,0.0,0.0,0.0,0.0,19320973.88,100.0,0.0,0.0
2025,Poder Ejecutivo,Ramos Administrativos,Entidades no Sectorizadas,E004,Devengado,18882091.03,438882.85,0.0,0.0,19320973.88,0.0,0.0,0.0,0.0,0.0,19320973.88,100.0,0.0,0.0
2025,Poder Ejecutivo,Ramos Administrativos,Entidades no Sectorizadas,E004,Ejercido,18882091.03,438882.85,0.0,0.0,19320973.88,0.0,0.0,0.0,0.0,0.0,19320973.88,100.0,0.0,0.0
2025,Poder Ejecutivo,Ramos Administrativos,Entidades no Sectorizadas,E004,Porcentaje Ejer/Aprob,51.31427037217941,0.0,0.0,0.0,52.506985373438056,0.0,0.0,0.0,0.0,0.0,52.506985373438056,,0.0,
2025,Poder Ejecutivo,Ramos Administrativos,Entidades no Sectorizadas,E004,Porcentaje Ejer/Modif,100.0,100.0,0.0,0.0,100.0,0.0,0.0,0.0,0.0,0.0,100.0,,0.0,
2025,Poder Ejecutivo,Ramos Administrativos,Entidades no Sectorizadas,E006,Investigación y desarrollo tecnológico en salud de Centros y Hospitales Regionales de Alta Especialidad,0.0,0.0,0.0,0.0,0.0,0.0,0.0,0.0,0.0,0.0,0.0,,0.0,
2025,Poder Ejecutivo,Ramos Administrativos,Entidades no Sectorizadas,E006,Aprobado,109548920.0,0.0,0.0,0.0,109548920.0,0.0,0.0,0.0,0.0,0.0,109548920.0,100.0,0.0,0.0
2025,Poder Ejecutivo,Ramos Administrativos,Entidades no Sectorizadas,E006,Modificado,3806089.61,90003.77,0.0,0.0,3896093.38,0.0,0.0,0.0,0.0,0.0,3896093.38,100.0,0.0,0.0
2025,Poder Ejecutivo,Ramos Administrativos,Entidades no Sectorizadas,E006,Devengado,3806089.61,90003.77,0.0,0.0,3896093.38,0.0,0.0,0.0,0.0,0.0,3896093.38,100.0,0.0,0.0
2025,Poder Ejecutivo,Ramos Administrativos,Entidades no Sectorizadas,E006,Ejercido,3806089.61,90003.77,0.0,0.0,3896093.38,0.0,0.0,0.0,0.0,0.0,3896093.38,100.0,0.0,0.0
2025,Poder Ejecutivo,Ramos Administrativos,Entidades no Sectorizadas,E006,Porcentaje Ejer/Aprob,3.4743287382477157,0.0,0.0,0.0,3.5564872570172303,0.0,0.0,0.0,0.0,0.0,3.5564872570172303,,0.0,
2025,Poder Ejecutivo,Ramos Administrativos,Entidades no Sectorizadas,E006,Porcentaje Ejer/Modif,100.0,100.0,0.0,0.0,100.0,0.0,0.0,0.0,0.0,0.0,100.0,,0.0,
2025,Poder Ejecutivo,Ramos Administrativos,Entidades no Sectorizadas,E013,"Producción y transmisión de materiales Radiofónicos de contenidos informativo, educativo, cultural, de orientación, servicio y participación social, y recreativos",0.0,0.0,0.0,0.0,0.0,0.0,0.0,0.0,0.0,0.0,0.0,,0.0,
2025,Poder Ejecutivo,Ramos Administrativos,Entidades no Sectorizadas,E013,Aprobado,116037898.0,62267105.0,0.0,3385931.0,181690934.0,0.0,0.0,0.0,0.0,0.0,181690934.0,100.0,0.0,0.0
2025,Poder Ejecutivo,Ramos Administrativos,Entidades no Sectorizadas,E013,Modificado,133113851.47,58879440.73,0.0,5274347.6,197267639.8,0.0,0.0,0.0,0.0,0.0,197267639.8,100.0,0.0,0.0
2025,Poder Ejecutivo,Ramos Administrativos,Entidades no Sectorizadas,E013,Devengado,133113851.47,58879440.73,0.0,5274347.6,197267639.8,0.0,0.0,0.0,0.0,0.0,197267639.8,100.0,0.0,0.0
2025,Poder Ejecutivo,Ramos Administrativos,Entidades no Sectorizadas,E013,Ejercido,133113851.47,58879440.73,0.0,5274347.6,197267639.8,0.0,0.0,0.0,0.0,0.0,197267639.8,100.0,0.0,0.0
2025,Poder Ejecutivo,Ramos Administrativos,Entidades no Sectorizadas,E013,Porcentaje Ejer/Aprob,114.71584177610663,94.55946398985468,0.0,155.7724478142053,108.57318824724629,0.0,0.0,0.0,0.0,0.0,108.57318824724629,,0.0,
2025,Poder Ejecutivo,Ramos Administrativos,Entidades no Sectorizadas,E013,Porcentaje Ejer/Modif,100.0,100.0,0.0,100.0,100.0,0.0,0.0,0.0,0.0,0.0,100.0,,0.0,
2025,Poder Ejecutivo,Ramos Administrativos,Entidades no Sectorizadas,E028,Protección y Defensa de los Contribuyentes,0.0,0.0,0.0,0.0,0.0,0.0,0.0,0.0,0.0,0.0,0.0,,0.0,
2025,Poder Ejecutivo,Ramos Administrativos,Entidades no Sectorizadas,E028,Aprobado,359466148.0,415382380.0,0.0,500000.0,775348528.0,0.0,0.0,0.0,0.0,0.0,775348528.0,100.0,0.0,0.0
2025,Poder Ejecutivo,Ramos Administrativos,Entidades no Sectorizadas,E028,Modificado,386054342.01,304709004.7,0.0,2962881.8,693726228.51,0.0,0.0,0.0,0.0,0.0,693726228.51,100.0,0.0,0.0
2025,Poder Ejecutivo,Ramos Administrativos,Entidades no Sectorizadas,E028,Devengado,386054342.01,304709004.7,0.0,2962881.8,693726228.51,0.0,0.0,0.0,0.0,0.0,693726228.51,100.0,0.0,0.0
2025,Poder Ejecutivo,Ramos Administrativos,Entidades no Sectorizadas,E028,Ejercido,386054342.01,304709004.7,0.0,2962881.8,693726228.51,0.0,0.0,0.0,0.0,0.0,693726228.51,100.0,0.0,0.0
2025,Poder Ejecutivo,Ramos Administrativos,Entidades no Sectorizadas,E028,Porcentaje Ejer/Aprob,107.39657799710251,73.35626626724033,0.0,0.0,89.47282460178991,0.0,0.0,0.0,0.0,0.0,89.47282460178991,,0.0,
2025,Poder Ejecutivo,Ramos Administrativos,Entidades no Sectorizadas,E028,Porcentaje Ejer/Modif,100.0,100.0,0.0,100.0,100.0,0.0,0.0,0.0,0.0,0.0,100.0,,0.0,
2025,Poder Ejecutivo,Ramos Administrativos,Entidades no Sectorizadas,E033,Atención a Víctimas,0.0,0.0,0.0,0.0,0.0,0.0,0.0,0.0,0.0,0.0,0.0,,0.0,
2025,Poder Ejecutivo,Ramos Administrativos,Entidades no Sectorizadas,E033,Aprobado,170226554.0,195453058.0,0.0,658232000.0,1023911612.0,0.0,0.0,0.0,0.0,0.0,1023911612.0,100.0,0.0,0.0
2025,Poder Ejecutivo,Ramos Administrativos,Entidades no Sectorizadas,E033,Modificado,171031532.55,117157120.24,0.0,1862056828.39,2150245481.18,0.0,0.0,0.0,0.0,0.0,2150245481.18,100.0,0.0,0.0
2025,Poder Ejecutivo,Ramos Administrativos,Entidades no Sectorizadas,E033,Devengado,171031532.55,117157120.24,0.0,1862056828.39,2150245481.18,0.0,0.0,0.0,0.0,0.0,2150245481.18,100.0,0.0,0.0
2025,Poder Ejecutivo,Ramos Administrativos,Entidades no Sectorizadas,E033,Ejercido,171031532.55,117157120.24,0.0,1862056828.39,2150245481.18,0.0,0.0,0.0,0.0,0.0,2150245481.18,100.0,0.0,0.0
2025,Poder Ejecutivo,Ramos Administrativos,Entidades no Sectorizadas,E033,Porcentaje Ejer/Aprob,100.47288659206484,59.94130838311058,0.0,282.88761840658003,210.00303697893798,0.0,0.0,0.0,0.0,0.0,210.00303697893798,,0.0,
2025,Poder Ejecutivo,Ramos Administrativos,Entidades no Sectorizadas,E033,Porcentaje Ejer/Modif,100.0,100.0,0.0,100.0,100.0,0.0,0.0,0.0,0.0,0.0,100.0,,0.0,
2025,Poder Ejecutivo,Ramos Administrativos,Entidades no Sectorizadas,E036,Producción y Difusión de Materiales Audiovisuales,0.0,0.0,0.0,0.0,0.0,0.0,0.0,0.0,0.0,0.0,0.0,,0.0,
2025,Poder Ejecutivo,Ramos Administrativos,Entidades no Sectorizadas,E036,Aprobado,91310282.0,143090896.0,0.0,0.0,234401178.0,0.0,0.0,0.0,0.0,0.0,234401178.0,100.0,0.0,0.0
2025,Poder Ejecutivo,Ramos Administrativos,Entidades no Sectorizadas,E036,Modificado,172801232.19,274109698.96,0.0,105212.0,447016143.15,0.0,0.0,0.0,0.0,0.0,447016143.15,100.0,0.0,0.0
2025,Poder Ejecutivo,Ramos Administrativos,Entidades no Sectorizadas,E036,Devengado,172801232.19,274109698.96,0.0,105212.0,447016143.15,0.0,0.0,0.0,0.0,0.0,447016143.15,100.0,0.0,0.0
2025,Poder Ejecutivo,Ramos Administrativos,Entidades no Sectorizadas,E036,Ejercido,172801232.19,274109698.96,0.0,105212.0,447016143.15,0.0,0.0,0.0,0.0,0.0,447016143.15,100.0,0.0,0.0
2025,Poder Ejecutivo,Ramos Administrativos,Entidades no Sectorizadas,E036,Porcentaje Ejer/Aprob,189.24619265768996,191.56333954327883,0.0,0.0,190.70558730297847,0.0,0.0,0.0,0.0,0.0,190.70558730297847,,0.0,
2025,Poder Ejecutivo,Ramos Administrativos,Entidades no Sectorizadas,E036,Porcentaje Ejer/Modif,100.0,100.0,0.0,100.0,100.0,0.0,0.0,0.0,0.0,0.0,100.0,,0.0,
2025,Poder Ejecutivo,Ramos Administrativos,Entidades no Sectorizadas,K011,Proyectos de infraestructura social de salud,0.0,0.0,0.0,0.0,0.0,0.0,0.0,0.0,0.0,0.0,0.0,,0.0,
2025,Poder Ejecutivo,Ramos Administrativos,Entidades no Sectorizadas,K011,Aprobado,0.0,0.0,0.0,0.0,0.0,0.0,0.0,0.0,0.0,0.0,0.0,0.0,0.0,0.0
2025,Poder Ejecutivo,Ramos Administrativos,Entidades no Sectorizadas,K011,Modificado,0.0,0.0,0.0,0.0,0.0,0.0,709235752.99,0.0,0.0,709235752.99,709235752.99,0.0,0.0,100.0
2025,Poder Ejecutivo,Ramos Administrativos,Entidades no Sectorizadas,K011,Devengado,0.0,0.0,0.0,0.0,0.0,0.0,709235752.99,0.0,0.0,709235752.99,709235752.99,0.0,0.0,100.0
2025,Poder Ejecutivo,Ramos Administrativos,Entidades no Sectorizadas,K011,Ejercido,0.0,0.0,0.0,0.0,0.0,0.0,709235752.99,0.0,0.0,709235752.99,709235752.99,0.0,0.0,100.0
2025,Poder Ejecutivo,Ramos Administrativos,Entidades no Sectorizadas,K011,Porcentaje Ejer/Aprob,0.0,0.0,0.0,0.0,0.0,0.0,0.0,0.0,0.0,0.0,0.0,,0.0,
2025,Poder Ejecutivo,Ramos Administrativos,Entidades no Sectorizadas,K011,Porcentaje Ejer/Modif,0.0,0.0,0.0,0.0,0.0,0.0,100.0,0.0,0.0,100.0,100.0,,0.0,
2025,Poder Ejecutivo,Ramos Administrativos,Entidades no Sectorizadas,K024,Otros proyectos de infraestructura gubernamental,0.0,0.0,0.0,0.0,0.0,0.0,0.0,0.0,0.0,0.0,0.0,,0.0,
2025,Poder Ejecutivo,Ramos Administrativos,Entidades no Sectorizadas,K024,Aprobado,0.0,0.0,0.0,0.0,0.0,0.0,100000000.0,0.0,0.0,100000000.0,100000000.0,0.0,0.0,100.0
2025,Poder Ejecutivo,Ramos Administrativos,Entidades no Sectorizadas,K024,Modificado,0.0,0.0,0.0,0.0,0.0,0.0,35867015.73,0.0,0.0,35867015.73,35867015.73,0.0,0.0,100.0
2025,Poder Ejecutivo,Ramos Administrativos,Entidades no Sectorizadas,K024,Devengado,0.0,0.0,0.0,0.0,0.0,0.0,35867015.73,0.0,0.0,35867015.73,35867015.73,0.0,0.0,100.0
2025,Poder Ejecutivo,Ramos Administrativos,Entidades no Sectorizadas,K024,Ejercido,0.0,0.0,0.0,0.0,0.0,0.0,35867015.73,0.0,0.0,35867015.73,35867015.73,0.0,0.0,100.0
2025,Poder Ejecutivo,Ramos Administrativos,Entidades no Sectorizadas,K024,Porcentaje Ejer/Aprob,0.0,0.0,0.0,0.0,0.0,0.0,35.86701573,0.0,0.0,35.86701573,35.86701573,,0.0,
2025,Poder Ejecutivo,Ramos Administrativos,Entidades no Sectorizadas,K024,Porcentaje Ejer/Modif,0.0,0.0,0.0,0.0,0.0,0.0,100.0,0.0,0.0,100.0,100.0,,0.0,
2025,Poder Ejecutivo,Ramos Administrativos,Entidades no Sectorizadas,M001,Actividades de apoyo Administrativo,0.0,0.0,0.0,0.0,0.0,0.0,0.0,0.0,0.0,0.0,0.0,,0.0,
2025,Poder Ejecutivo,Ramos Administrativos,Entidades no Sectorizadas,M001,Aprobado,1283489441.0,2452274040.0,0.0,9826837.0,3745590318.0,0.0,0.0,0.0,0.0,0.0,3745590318.0,100.0,0.0,0.0
2025,Poder Ejecutivo,Ramos Administrativos,Entidades no Sectorizadas,M001,Modificado,2923659165.13,374025997.4,0.0,13003772.49,3310688935.02,0.0,0.0,0.0,0.0,0.0,3310688935.02,100.0,0.0,0.0
2025,Poder Ejecutivo,Ramos Administrativos,Entidades no Sectorizadas,M001,Devengado,2923659165.13,374025997.4,0.0,13003772.49,3310688935.02,0.0,0.0,0.0,0.0,0.0,3310688935.02,100.0,0.0,0.0
2025,Poder Ejecutivo,Ramos Administrativos,Entidades no Sectorizadas,M001,Ejercido,2923659165.13,374025997.4,0.0,13003772.49,3310688935.02,0.0,0.0,0.0,0.0,0.0,3310688935.02,100.0,0.0,0.0
2025,Poder Ejecutivo,Ramos Administrativos,Entidades no Sectorizadas,M001,Porcentaje Ejer/Aprob,227.78988838833777,15.252210450345915,0.0,132.3291766211244,88.38897620783524,0.0,0.0,0.0,0.0,0.0,88.38897620783524,,0.0,
2025,Poder Ejecutivo,Ramos Administrativos,Entidades no Sectorizadas,M001,Porcentaje Ejer/Modif,100.0,100.0,0.0,100.0,100.0,0.0,0.0,0.0,0.0,0.0,100.0,,0.0,
2025,Poder Ejecutivo,Ramos Administrativos,Entidades no Sectorizadas,O001,Actividades de apoyo a la función pública y buen gobierno,0.0,0.0,0.0,0.0,0.0,0.0,0.0,0.0,0.0,0.0,0.0,,0.0,
2025,Poder Ejecutivo,Ramos Administrativos,Entidades no Sectorizadas,O001,Aprobado,141655000.0,5304966.0,0.0,0.0,146959966.0,0.0,0.0,0.0,0.0,0.0,146959966.0,100.0,0.0,0.0
2025,Poder Ejecutivo,Ramos Administrativos,Entidades no Sectorizadas,O001,Modificado,140698880.18,4448988.27,0.0,0.0,145147868.45,0.0,0.0,0.0,0.0,0.0,145147868.45,100.0,0.0,0.0
2025,Poder Ejecutivo,Ramos Administrativos,Entidades no Sectorizadas,O001,Devengado,140698880.18,4448988.27,0.0,0.0,145147868.45,0.0,0.0,0.0,0.0,0.0,145147868.45,100.0,0.0,0.0
2025,Poder Ejecutivo,Ramos Administrativos,Entidades no Sectorizadas,O001,Ejercido,140698880.18,4448988.27,0.0,0.0,145147868.45,0.0,0.0,0.0,0.0,0.0,145147868.45,100.0,0.0,0.0
2025,Poder Ejecutivo,Ramos Administrativos,Entidades no Sectorizadas,O001,Porcentaje Ejer/Aprob,99.32503630651937,83.86459536215688,0.0,0.0,98.76694476780159,0.0,0.0,0.0,0.0,0.0,98.76694476780159,,0.0,
2025,Poder Ejecutivo,Ramos Administrativos,Entidades no Sectorizadas,O001,Porcentaje Ejer/Modif,100.0,100.0,0.0,0.0,100.0,0.0,0.0,0.0,0.0,0.0,100.0,,0.0,
2025,Poder Ejecutivo,Ramos Administrativos,Entidades no Sectorizadas,P013,Planeación y Articulación de la Acción Pública hacia los Pueblos Indígenas,0.0,0.0,0.0,0.0,0.0,0.0,0.0,0.0,0.0,0.0,0.0,,0.0,
2025,Poder Ejecutivo,Ramos Administrativos,Entidades no Sectorizadas,P013,Aprobado,572135671.0,407142898.0,0.0,71920706.0,1051199275.0,0.0,0.0,0.0,0.0,0.0,1051199275.0,100.0,0.0,0.0
2025,Poder Ejecutivo,Ramos Administrativos,Entidades no Sectorizadas,P013,Modificado,783446408.32,382231665.09,0.0,68858164.41,1234536237.82,0.0,0.0,0.0,0.0,0.0,1234536237.82,100.0,0.0,0.0
2025,Poder Ejecutivo,Ramos Administrativos,Entidades no Sectorizadas,P013,Devengado,783446408.32,382231665.09,0.0,68858164.41,1234536237.82,0.0,0.0,0.0,0.0,0.0,1234536237.82,100.0,0.0,0.0
2025,Poder Ejecutivo,Ramos Administrativos,Entidades no Sectorizadas,P013,Ejercido,783446408.32,382231665.09,0.0,68858164.41,1234536237.82,0.0,0.0,0.0,0.0,0.0,1234536237.82,100.0,0.0,0.0
2025,Poder Ejecutivo,Ramos Administrativos,Entidades no Sectorizadas,P013,Porcentaje Ejer/Aprob,136.93367640417583,93.88145217996654,0.0,95.74178041300094,117.44074289054281,0.0,0.0,0.0,0.0,0.0,117.44074289054281,,0.0,
2025,Poder Ejecutivo,Ramos Administrativos,Entidades no Sectorizadas,P013,Porcentaje Ejer/Modif,100.0,100.0,0.0,100.0,100.0,0.0,0.0,0.0,0.0,0.0,100.0,,0.0,
2025,Poder Ejecutivo,Ramos Administrativos,Entidades no Sectorizadas,P014,Impulso y seguimiento a la implementación de la normatividad en materia de gestión documental,0.0,0.0,0.0,0.0,0.0,0.0,0.0,0.0,0.0,0.0,0.0,,0.0,
2025,Poder Ejecutivo,Ramos Administrativos,Entidades no Sectorizadas,P014,Aprobado,21671967.0,12817390.0,0.0,0.0,34489357.0,0.0,0.0,0.0,0.0,0.0,34489357.0,100.0,0.0,0.0
2025,Poder Ejecutivo,Ramos Administrativos,Entidades no Sectorizadas,P014,Modificado,26080279.28,11700613.26,0.0,0.0,37780892.54,0.0,0.0,0.0,0.0,0.0,37780892.54,100.0,0.0,0.0
2025,Poder Ejecutivo,Ramos Administrativos,Entidades no Sectorizadas,P014,Devengado,26080279.28,11700613.26,0.0,0.0,37780892.54,0.0,0.0,0.0,0.0,0.0,37780892.54,100.0,0.0,0.0
2025,Poder Ejecutivo,Ramos Administrativos,Entidades no Sectorizadas,P014,Ejercido,26080279.28,11700613.26,0.0,0.0,37780892.54,0.0,0.0,0.0,0.0,0.0,37780892.54,100.0,0.0,0.0
2025,Poder Ejecutivo,Ramos Administrativos,Entidades no Sectorizadas,P014,Porcentaje Ejer/Aprob,120.34108062272335,91.28701912011728,0.0,0.0,109.54362686436863,0.0,0.0,0.0,0.0,0.0,109.54362686436863,,0.0,
2025,Poder Ejecutivo,Ramos Administrativos,Entidades no Sectorizadas,P014,Porcentaje Ejer/Modif,100.0,100.0,0.0,0.0,100.0,0.0,0.0,0.0,0.0,0.0,100.0,,0.0,
2025,Poder Ejecutivo,Ramos Administrativos,Entidades no Sectorizadas,P015,"Promover el desarrollo, seguimiento y evaluación de políticas públicas integrales anticorrupción y la administración de la Plataforma Digital Nacional",0.0,0.0,0.0,0.0,0.0,0.0,0.0,0.0,0.0,0.0,0.0,,0.0,
2025,Poder Ejecutivo,Ramos Administrativos,Entidades no Sectorizadas,P015,Aprobado,58988545.0,29369209.0,0.0,0.0,88357754.0,0.0,0.0,0.0,0.0,0.0,88357754.0,100.0,0.0,0.0
2025,Poder Ejecutivo,Ramos Administrativos,Entidades no Sectorizadas,P015,Modificado,60271425.74,7056054.69,0.0,0.0,67327480.43,0.0,0.0,0.0,0.0,0.0,67327480.43,100.0,0.0,0.0
2025,Poder Ejecutivo,Ramos Administrativos,Entidades no Sectorizadas,P015,Devengado,60271425.74,7056054.69,0.0,0.0,67327480.43,0.0,0.0,0.0,0.0,0.0,67327480.43,100.0,0.0,0.0
2025,Poder Ejecutivo,Ramos Administrativos,Entidades no Sectorizadas,P015,Ejercido,60271425.74,7056054.69,0.0,0.0,67327480.43,0.0,0.0,0.0,0.0,0.0,67327480.43,100.0,0.0,0.0
2025,Poder Ejecutivo,Ramos Administrativos,Entidades no Sectorizadas,P015,Porcentaje Ejer/Aprob,102.17479637783913,24.025348077981945,0.0,0.0,76.19872323825706,0.0,0.0,0.0,0.0,0.0,76.19872323825706,,0.0,
2025,Poder Ejecutivo,Ramos Administrativos,Entidades no Sectorizadas,P015,Porcentaje Ejer/Modif,100.0,100.0,0.0,0.0,100.0,0.0,0.0,0.0,0.0,0.0,100.0,,0.0,
2025,Poder Ejecutivo,Ramos Administrativos,Entidades no Sectorizadas,P016,"Planeación, diseño, ejecución y evaluación del Sistema Nacional de Mejora Continua de la Educación",0.0,0.0,0.0,0.0,0.0,0.0,0.0,0.0,0.0,0.0,0.0,,0.0,
2025,Poder Ejecutivo,Ramos Administrativos,Entidades no Sectorizadas,P016,Aprobado,163692101.0,57770915.0,0.0,0.0,221463016.0,0.0,0.0,0.0,0.0,0.0,221463016.0,100.0,0.0,0.0
2025,Poder Ejecutivo,Ramos Administrativos,Entidades no Sectorizadas,P016,Modificado,166479252.23,3377707.35,0.0,2384627.7,172241587.28,0.0,0.0,0.0,0.0,0.0,172241587.28,100.0,0.0,0.0
2025,Poder Ejecutivo,Ramos Administrativos,Entidades no Sectorizadas,P016,Devengado,166479252.23,3377707.35,0.0,2384627.7,172241587.28,0.0,0.0,0.0,0.0,0.0,172241587.28,100.0,0.0,0.0
2025,Poder Ejecutivo,Ramos Administrativos,Entidades no Sectorizadas,P016,Ejercido,166479252.23,3377707.35,0.0,2384627.7,172241587.28,0.0,0.0,0.0,0.0,0.0,172241587.28,100.0,0.0,0.0
2025,Poder Ejecutivo,Ramos Administrativos,Entidades no Sectorizadas,P016,Porcentaje Ejer/Aprob,101.70267912316673,5.846726419340944,0.0,0.0,77.77442499925135,0.0,0.0,0.0,0.0,0.0,77.77442499925135,,0.0,
2025,Poder Ejecutivo,Ramos Administrativos,Entidades no Sectorizadas,P016,Porcentaje Ejer/Modif,100.0,100.0,0.0,100.0,100.0,0.0,0.0,0.0,0.0,0.0,100.0,,0.0,
2025,Poder Ejecutivo,Ramos Administrativos,Entidades no Sectorizadas,S178,Programa de Apoyo a la Educación Indígena,0.0,0.0,0.0,0.0,0.0,0.0,0.0,0.0,0.0,0.0,0.0,,0.0,
2025,Poder Ejecutivo,Ramos Administrativos,Entidades no Sectorizadas,S178,Aprobado,83295857.0,0.0,1896938295.0,0.0,1980234152.0,0.0,0.0,0.0,0.0,0.0,1980234152.0,100.0,0.0,0.0
2025,Poder Ejecutivo,Ramos Administrativos,Entidades no Sectorizadas,S178,Modificado,119676236.75,15172985.3,1811626419.37,0.0,1946475641.42,0.0,0.0,0.0,0.0,0.0,1946475641.42,100.0,0.0,0.0
2025,Poder Ejecutivo,Ramos Administrativos,Entidades no Sectorizadas,S178,Devengado,119676236.75,15172985.3,1811626419.37,0.0,1946475641.42,0.0,0.0,0.0,0.0,0.0,1946475641.42,100.0,0.0,0.0
2025,Poder Ejecutivo,Ramos Administrativos,Entidades no Sectorizadas,S178,Ejercido,119676236.75,15172985.3,1811626419.37,0.0,1946475641.42,0.0,0.0,0.0,0.0,0.0,1946475641.42,100.0,0.0,0.0
2025,Poder Ejecutivo,Ramos Administrativos,Entidades no Sectorizadas,S178,Porcentaje Ejer/Aprob,143.67609753988125,0.0,95.50265415301766,0.0,98.29522632230615,0.0,0.0,0.0,0.0,0.0,98.29522632230615,,0.0,
2025,Poder Ejecutivo,Ramos Administrativos,Entidades no Sectorizadas,S178,Porcentaje Ejer/Modif,100.0,100.0,100.0,0.0,100.0,0.0,0.0,0.0,0.0,0.0,100.0,,0.0,
2025,Poder Ejecutivo,Ramos Administrativos,Entidades no Sectorizadas,S200,Fortalecimiento a la atención médica,0.0,0.0,0.0,0.0,0.0,0.0,0.0,0.0,0.0,0.0,0.0,,0.0,
2025,Poder Ejecutivo,Ramos Administrativos,Entidades no Sectorizadas,S200,Aprobado,2824657023.0,0.0,264782967.0,0.0,3089439990.0,0.0,0.0,0.0,0.0,0.0,3089439990.0,100.0,0.0,0.0
2025,Poder Ejecutivo,Ramos Administrativos,Entidades no Sectorizadas,S200,Modificado,758685021.29,19581210.86,166086665.41,0.0,944352897.56,0.0,0.0,0.0,0.0,0.0,944352897.56,100.0,0.0,0.0
2025,Poder Ejecutivo,Ramos Administrativos,Entidades no Sectorizadas,S200,Devengado,758685021.29,19581210.86,166086665.41,0.0,944352897.56,0.0,0.0,0.0,0.0,0.0,944352897.56,100.0,0.0,0.0
2025,Poder Ejecutivo,Ramos Administrativos,Entidades no Sectorizadas,S200,Ejercido,758685021.29,19581210.86,166086665.41,0.0,944352897.56,0.0,0.0,0.0,0.0,0.0,944352897.56,100.0,0.0,0.0
2025,Poder Ejecutivo,Ramos Administrativos,Entidades no Sectorizadas,S200,Porcentaje Ejer/Aprob,26.85936788475009,0.0,62.72558514309571,0.0,30.567122216864938,0.0,0.0,0.0,0.0,0.0,30.567122216864938,,0.0,
2025,Poder Ejecutivo,Ramos Administrativos,Entidades no Sectorizadas,S200,Porcentaje Ejer/Modif,100.0,100.0,100.0,0.0,100.0,0.0,0.0,0.0,0.0,0.0,100.0,,0.0,
2025,Poder Ejecutivo,Ramos Administrativos,Entidades no Sectorizadas,S249,Programa para el Bienestar Integral de los Pueblos Indígenas,0.0,0.0,0.0,0.0,0.0,0.0,0.0,0.0,0.0,0.0,0.0,,0.0,
2025,Poder Ejecutivo,Ramos Administrativos,Entidades no Sectorizadas,S249,Aprobado,29042385.0,0.0,1613065928.0,0.0,1642108313.0,0.0,0.0,0.0,0.0,0.0,1642108313.0,100.0,0.0,0.0
2025,Poder Ejecutivo,Ramos Administrativos,Entidades no Sectorizadas,S249,Modificado,41068537.6,10661328.81,1083266265.51,0.0,1134996131.92,0.0,0.0,0.0,0.0,0.0,1134996131.92,100.0,0.0,0.0
2025,Poder Ejecutivo,Ramos Administrativos,Entidades no Sectorizadas,S249,Devengado,41068537.6,10661328.81,1083266265.51,0.0,1134996131.92,0.0,0.0,0.0,0.0,0.0,1134996131.92,100.0,0.0,0.0
2025,Poder Ejecutivo,Ramos Administrativos,Entidades no Sectorizadas,S249,Ejercido,41068537.6,10661328.81,1083266265.51,0.0,1134996131.92,0.0,0.0,0.0,0.0,0.0,1134996131.92,100.0,0.0,0.0
2025,Poder Ejecutivo,Ramos Administrativos,Entidades no Sectorizadas,S249,Porcentaje Ejer/Aprob,141.40897037209584,0.0,67.15573410276632,0.0,69.11822581583874,0.0,0.0,0.0,0.0,0.0,69.11822581583874,,0.0,
2025,Poder Ejecutivo,Ramos Administrativos,Entidades no Sectorizadas,S249,Porcentaje Ejer/Modif,100.0,100.0,100.0,0.0,100.0,0.0,0.0,0.0,0.0,0.0,100.0,,0.0,
2025,Poder Ejecutivo,Ramos Administrativos,Entidades no Sectorizadas,U013,Atención a la salud y medicamentos gratuitos para la población sin seguridad social laboral,0.0,0.0,0.0,0.0,0.0,0.0,0.0,0.0,0.0,0.0,0.0,,0.0,
2025,Poder Ejecutivo,Ramos Administrativos,Entidades no Sectorizadas,U013,Aprobado,0.0,0.0,72434925405.0,10972414497.0,83407339902.0,0.0,2438314333.0,0.0,0.0,2438314333.0,85845654235.0,97.15965315340812,0.0,2.84034684659189
2025,Poder Ejecutivo,Ramos Administrativos,Entidades no Sectorizadas,U013,Modificado,0.0,9737061770.19,41186745966.62,11074089033.36,61997896770.17,0.0,2438314333.0,0.0,0.0,2438314333.0,64436211103.17,96.2159253449959,0.0,3.7840746550041096
2025,Poder Ejecutivo,Ramos Administrativos,Entidades no Sectorizadas,U013,Devengado,0.0,9737061770.19,41186745966.62,11074089033.36,61997896770.17,0.0,2438314333.0,0.0,0.0,2438314333.0,64436211103.17,96.2159253449959,0.0,3.7840746550041096
2025,Poder Ejecutivo,Ramos Administrativos,Entidades no Sectorizadas,U013,Ejercido,0.0,9737061770.19,41186745966.62,11074089033.36,61997896770.17,0.0,2438314333.0,0.0,0.0,2438314333.0,64436211103.17,96.2159253449959,0.0,3.7840746550041096
2025,Poder Ejecutivo,Ramos Administrativos,Entidades no Sectorizadas,U013,Porcentaje Ejer/Aprob,0.0,0.0,56.86034152218093,100.92663776407463,74.33146392513517,0.0,100.0,0.0,0.0,100.0,75.06053938010389,,0.0,
2025,Poder Ejecutivo,Ramos Administrativos,Entidades no Sectorizadas,U013,Porcentaje Ejer/Modif,0.0,100.0,100.0,100.0,100.0,0.0,100.0,0.0,0.0,100.0,100.0,,0.0,
2025,Poder Ejecutivo,Ramos Administrativos,Entidades no Sectorizadas,U313,La Clínica es Nuestra,0.0,0.0,0.0,0.0,0.0,0.0,0.0,0.0,0.0,0.0,0.0,,0.0,
2025,Poder Ejecutivo,Ramos Administrativos,Entidades no Sectorizadas,U313,Aprobado,0.0,0.0,0.0,0.0,0.0,0.0,0.0,0.0,0.0,0.0,0.0,0.0,0.0,0.0
2025,Poder Ejecutivo,Ramos Administrativos,Entidades no Sectorizadas,U313,Modificado,0.0,0.0,4608400000.0,0.0,4608400000.0,0.0,0.0,0.0,0.0,0.0,4608400000.0,100.0,0.0,0.0
2025,Poder Ejecutivo,Ramos Administrativos,Entidades no Sectorizadas,U313,Devengado,0.0,0.0,4608400000.0,0.0,4608400000.0,0.0,0.0,0.0,0.0,0.0,4608400000.0,100.0,0.0,0.0
2025,Poder Ejecutivo,Ramos Administrativos,Entidades no Sectorizadas,U313,Ejercido,0.0,0.0,4608400000.0,0.0,4608400000.0,0.0,0.0,0.0,0.0,0.0,4608400000.0,100.0,0.0,0.0
2025,Poder Ejecutivo,Ramos Administrativos,Entidades no Sectorizadas,U313,Porcentaje Ejer/Aprob,0.0,0.0,0.0,0.0,0.0,0.0,0.0,0.0,0.0,0.0,0.0,,0.0,
2025,Poder Ejecutivo,Ramos Administrativos,Entidades no Sectorizadas,U313,Porcentaje Ejer/Modif,0.0,0.0,100.0,0.0,100.0,0.0,0.0,0.0,0.0,0.0,100.0,,0.0,
2025,Poder Ejecutivo,Ramos Administrativos,Cultura,TOTAL,Aprobado,7963724721.0,3685985469.0,1127971361.0,2291353448.0,15069034999.0,0.0,0.0,12462000.0,0.0,12462000.0,15081496999.0,99.9173689455309,0.0,0.1
2025,Poder Ejecutivo,Ramos Administrativos,Cultura,TOTAL,Modificado,8926196821.43,4468163912.58,474603054.43,748172868.5,14617136656.94,0.0,1349190439.16,4385229.58,0.0,1353575668.74,15970712325.68,91.52463809292009,0.0,8.475361907079918
2025,Poder Ejecutivo,Ramos Administrativos,Cultura,TOTAL,Devengado,8926195204.07,4464910985.24,474603054.43,748172868.5,14613882112.24,0.0,1349190439.16,4385229.58,0.0,1353575668.74,15967457780.98,91.52291061415961,0.0,8.477089385840383
2025,Poder Ejecutivo,Ramos Administrativos,Cultura,TOTAL,Ejercido,8926195204.07,4464910985.24,474603054.43,748172868.5,14613882112.24,0.0,1349190439.16,4385229.58,0.0,1353575668.74,15967457780.98,91.52291061415961,0.0,8.477089385840383
2025,Poder Ejecutivo,Ramos Administrativos,Cultura,TOTAL,Porcentaje Ejer/Aprob,112.08568247634183,121.13208320518206,42.0758071383339,32.65200613868804,96.97954854580799,0.0,0.0,35.188810624297865,0.0,0.0,105.87448833520136,,0.0,
2025,Poder Ejecutivo,Ramos Administrativos,Cultura,TOTAL,Porcentaje Ejer/Modif,99.99998188074906,99.92719767216145,100.0,100.0,99.977734731662,0.0,100.0,100.0,0.0,100.0,99.97962179373322,,0.0,
2025,Poder Ejecutivo,Ramos Administrativos,Cultura,E010,Servicios de Educación Superior y Posgrado,0.0,0.0,0.0,0.0,0.0,0.0,0.0,0.0,0.0,0.0,0.0,,0.0,
2025,Poder Ejecutivo,Ramos Administrativos,Cultura,E010,Aprobado,641610959.0,26735564.0,0.0,935.0,668347458.0,0.0,0.0,0.0,0.0,0.0,668347458.0,100.0,0.0,0.0
2025,Poder Ejecutivo,Ramos Administrativos,Cultura,E010,Modificado,687013119.75,55114811.48,0.0,264192.2,742392123.43,0.0,7181980.85,0.0,0.0,7181980.85,749574104.28,99.04185846215984,0.0,0.9581415378401604
2025,Poder Ejecutivo,Ramos Administrativos,Cultura,E010,Devengado,687013119.75,55114811.48,0.0,264192.2,742392123.43,0.0,7181980.85,0.0,0.0,7181980.85,749574104.28,99.04185846215984,0.0,0.9581415378401604
2025,Poder Ejecutivo,Ramos Administrativos,Cultura,E010,Ejercido,687013119.75,55114811.48,0.0,264192.2,742392123.43,0.0,7181980.85,0.0,0.0,7181980.85,749574104.28,99.04185846215984,0.0,0.9581415378401604
2025,Poder Ejecutivo,Ramos Administrativos,Cultura,E010,Porcentaje Ejer/Aprob,107.07627575762777,206.14792895335964,0.0,0.0,111.07876816821826,0.0,0.0,0.0,0.0,0.0,112.15335605869842,,0.0,
2025,Poder Ejecutivo,Ramos Administrativos,Cultura,E010,Porcentaje Ejer/Modif,100.0,100.0,0.0,100.0,100.0,0.0,100.0,0.0,0.0,100.0,100.0,,0.0,
2025,Poder Ejecutivo,Ramos Administrativos,Cultura,E011,Desarrollo Cultural,0.0,0.0,0.0,0.0,0.0,0.0,0.0,0.0,0.0,0.0,0.0,,0.0,
2025,Poder Ejecutivo,Ramos Administrativos,Cultura,E011,Aprobado,1955160762.0,2037073239.0,0.0,231792235.0,4224026236.0,0.0,0.0,0.0,0.0,0.0,4224026236.0,100.0,0.0,0.0
2025,Poder Ejecutivo,Ramos Administrativos,Cultura,E011,Modificado,2365125579.52,2385254852.93,3700000.0,85049631.52,4839130063.97,0.0,6554560.0,0.0,0.0,6554560.0,4845684623.97,99.86473407766621,0.0,0.13526592233379692
2025,Poder Ejecutivo,Ramos Administrativos,Cultura,E011,Devengado,2365125579.52,2384995295.39,3700000.0,85049631.52,4838870506.43,0.0,6554560.0,0.0,0.0,6554560.0,4845425066.43,99.86472683180241,0.0,0.13527316819758914
2025,Poder Ejecutivo,Ramos Administrativos,Cultura,E011,Ejercido,2365125579.52,2384995295.39,3700000.0,85049631.52,4838870506.43,0.0,6554560.0,0.0,0.0,6554560.0,4845425066.43,99.86472683180241,0.0,0.13527316819758914
2025,Poder Ejecutivo,Ramos Administrativos,Cultura,E011,Porcentaje Ejer/Aprob,120.96834314026603,117.07950650614775,0.0,36.692183204497766,114.55588190219754,0.0,0.0,0.0,0.0,0.0,114.71105518081353,,0.0,
2025,Poder Ejecutivo,Ramos Administrativos,Cultura,E011,Porcentaje Ejer/Modif,100.0,99.98911824706357,100.0,100.0,99.99463627683967,0.0,100.0,0.0,0.0,100.0,99.99464353212927,,0.0,
2025,Poder Ejecutivo,Ramos Administrativos,Cultura,E012,Protección y conservación del Patrimonio Cultural,0.0,0.0,0.0,0.0,0.0,0.0,0.0,0.0,0.0,0.0,0.0,,0.0,
2025,Poder Ejecutivo,Ramos Administrativos,Cultura,E012,Aprobado,1954498585.0,799307723.0,0.0,140551.0,2753946859.0,0.0,0.0,0.0,0.0,0.0,2753946859.0,100.0,0.0,0.0
2025,Poder Ejecutivo,Ramos Administrativos,Cultura,E012,Modificado,2255363125.08,867562439.75,0.0,29884922.86,3152810487.69,0.0,9896000.0,0.0,0.0,9896000.0,3162706487.69,99.68710343376732,0.0,0.3128965662326734
2025,Poder Ejecutivo,Ramos Administrativos,Cultura,E012,Devengado,2255363125.08,864579344.75,0.0,29884922.86,3149827392.69,0.0,9896000.0,0.0,0.0,9896000.0,3159723392.69,99.68680802810479,0.0,0.3131919718952087
2025,Poder Ejecutivo,Ramos Administrativos,Cultura,E012,Ejercido,2255363125.08,864579344.75,0.0,29884922.86,3149827392.69,0.0,9896000.0,0.0,0.0,9896000.0,3159723392.69,99.68680802810479,0.0,0.3131919718952087
2025,Poder Ejecutivo,Ramos Administrativos,Cultura,E012,Porcentaje Ejer/Aprob,115.39343862354343,108.16601915280131,0.0,0.0,114.3750244270781,0.0,0.0,0.0,0.0,0.0,114.73436324175637,,0.0,
2025,Poder Ejecutivo,Ramos Administrativos,Cultura,E012,Porcentaje Ejer/Modif,100.0,99.65615212654208,0.0,100.0,99.90538299045733,0.0,100.0,0.0,0.0,100.0,99.90567904383127,,0.0,
2025,Poder Ejecutivo,Ramos Administrativos,Cultura,E013,Producción y transmisión de materiales culturales y artísticos,0.0,0.0,0.0,0.0,0.0,0.0,0.0,0.0,0.0,0.0,0.0,,0.0,
2025,Poder Ejecutivo,Ramos Administrativos,Cultura,E013,Aprobado,56093581.0,87026238.0,0.0,0.0,143119819.0,0.0,0.0,0.0,0.0,0.0,143119819.0,100.0,0.0,0.0
2025,Poder Ejecutivo,Ramos Administrativos,Cultura,E013,Modificado,85950066.61,77815387.3,0.0,384818.4,164150272.31,0.0,2518084.95,0.0,0.0,2518084.95,166668357.26,98.48916435525203,0.0,1.5108356447479876
2025,Poder Ejecutivo,Ramos Administrativos,Cultura,E013,Devengado,85950066.61,77815387.3,0.0,384818.4,164150272.31,0.0,2518084.95,0.0,0.0,2518084.95,166668357.26,98.48916435525203,0.0,1.5108356447479876
2025,Poder Ejecutivo,Ramos Administrativos,Cultura,E013,Ejercido,85950066.61,77815387.3,0.0,384818.4,164150272.31,0.0,2518084.95,0.0,0.0,2518084.95,166668357.26,98.48916435525203,0.0,1.5108356447479876
2025,Poder Ejecutivo,Ramos Administrativos,Cultura,E013,Porcentaje Ejer/Aprob,153.22620713054494,89.4160072735765,0.0,0.0,114.69429842557307,0.0,0.0,0.0,0.0,0.0,116.45372277895348,,0.0,
2025,Poder Ejecutivo,Ramos Administrativos,Cultura,E013,Porcentaje Ejer/Modif,100.0,100.0,0.0,100.0,100.0,0.0,100.0,0.0,0.0,100.0,100.0,,0.0,
2025,Poder Ejecutivo,Ramos Administrativos,Cultura,E021,"Investigación Científica, Arqueológica y Antropológica",0.0,0.0,0.0,0.0,0.0,0.0,0.0,0.0,0.0,0.0,0.0,,0.0,
2025,Poder Ejecutivo,Ramos Administrativos,Cultura,E021,Aprobado,95442751.0,82087470.0,0.0,285685.0,177815906.0,0.0,0.0,0.0,0.0,0.0,177815906.0,100.0,0.0,0.0
2025,Poder Ejecutivo,Ramos Administrativos,Cultura,E021,Modificado,114483402.91,99670694.67,0.0,528067.07,214682164.65,0.0,0.0,0.0,0.0,0.0,214682164.65,100.0,0.0,0.0
2025,Poder Ejecutivo,Ramos Administrativos,Cultura,E021,Devengado,114483402.91,99670694.67,0.0,528067.07,214682164.65,0.0,0.0,0.0,0.0,0.0,214682164.65,100.0,0.0,0.0
2025,Poder Ejecutivo,Ramos Administrativos,Cultura,E021,Ejercido,114483402.91,99670694.67,0.0,528067.07,214682164.65,0.0,0.0,0.0,0.0,0.0,214682164.65,100.0,0.0,0.0
2025,Poder Ejecutivo,Ramos Administrativos,Cultura,E021,Porcentaje Ejer/Aprob,119.94981463809651,121.42010792877403,0.0,184.84242084813692,120.732823895968,0.0,0.0,0.0,0.0,0.0,120.732823895968,,0.0,
2025,Poder Ejecutivo,Ramos Administrativos,Cultura,E021,Porcentaje Ejer/Modif,100.0,100.0,0.0,100.0,100.0,0.0,0.0,0.0,0.0,0.0,100.0,,0.0,
2025,Poder Ejecutivo,Ramos Administrativos,Cultura,E022,Servicios Cinematográficos,0.0,0.0,0.0,0.0,0.0,0.0,0.0,0.0,0.0,0.0,0.0,,0.0,
2025,Poder Ejecutivo,Ramos Administrativos,Cultura,E022,Aprobado,80272848.0,107650443.0,0.0,13852710.0,201776001.0,0.0,0.0,0.0,0.0,0.0,201776001.0,100.0,0.0,0.0
2025,Poder Ejecutivo,Ramos Administrativos,Cultura,E022,Modificado,94117606.04,151230125.65,0.0,26047279.56,271395011.25,0.0,19242721.55,0.0,0.0,19242721.55,290637732.8,93.37913857068183,0.0,6.620861429318168
2025,Poder Ejecutivo,Ramos Administrativos,Cultura,E022,Devengado,94115988.68,151230125.65,0.0,26047279.56,271393393.89,0.0,19242721.55,0.0,0.0,19242721.55,290636115.44,93.37910172627099,0.0,6.620898273729006
2025,Poder Ejecutivo,Ramos Administrativos,Cultura,E022,Ejercido,94115988.68,151230125.65,0.0,26047279.56,271393393.89,0.0,19242721.55,0.0,0.0,19242721.55,290636115.44,93.37910172627099,0.0,6.620898273729006
2025,Poder Ejecutivo,Ramos Administrativos,Cultura,E022,Porcentaje Ejer/Aprob,117.24510967892905,140.48258551987567,0.0,188.0302089627228,134.50231570899257,0.0,0.0,0.0,0.0,0.0,144.0389907618399,,0.0,
2025,Poder Ejecutivo,Ramos Administrativos,Cultura,E022,Porcentaje Ejer/Modif,99.99828155425105,100.0,0.0,100.0,99.99940405684225,0.0,100.0,0.0,0.0,100.0,99.99944351341293,,0.0,
2025,Poder Ejecutivo,Ramos Administrativos,Cultura,E041,Protección de los derechos tutelados por la Ley Federal del Derecho de Autor,0.0,0.0,0.0,0.0,0.0,0.0,0.0,0.0,0.0,0.0,0.0,,0.0,
2025,Poder Ejecutivo,Ramos Administrativos,Cultura,E041,Aprobado,1103681.0,15873305.0,0.0,314140.0,17291126.0,0.0,0.0,0.0,0.0,0.0,17291126.0,100.0,0.0,0.0
2025,Poder Ejecutivo,Ramos Administrativos,Cultura,E041,Modificado,435741.83,5650912.24,0.0,662142.84,6748796.91,0.0,0.0,0.0,0.0,0.0,6748796.91,100.0,0.0,0.0
2025,Poder Ejecutivo,Ramos Administrativos,Cultura,E041,Devengado,435741.83,5650912.24,0.0,662142.84,6748796.91,0.0,0.0,0.0,0.0,0.0,6748796.91,100.0,0.0,0.0
2025,Poder Ejecutivo,Ramos Administrativos,Cultura,E041,Ejercido,435741.83,5650912.24,0.0,662142.84,6748796.91,0.0,0.0,0.0,0.0,0.0,6748796.91,100.0,0.0,0.0
2025,Poder Ejecutivo,Ramos Administrativos,Cultura,E041,Porcentaje Ejer/Aprob,39.48077660120995,35.60009865620298,0.0,210.77953778570065,39.03040733148321,0.0,0.0,0.0,0.0,0.0,39.03040733148321,,0.0,
2025,Poder Ejecutivo,Ramos Administrativos,Cultura,E041,Porcentaje Ejer/Modif,100.0,100.0,0.0,100.0,100.0,0.0,0.0,0.0,0.0,0.0,100.0,,0.0,
2025,Poder Ejecutivo,Ramos Administrativos,Cultura,E042,Servicios educativos culturales y artísticos,0.0,0.0,0.0,0.0,0.0,0.0,0.0,0.0,0.0,0.0,0.0,,0.0,
2025,Poder Ejecutivo,Ramos Administrativos,Cultura,E042,Aprobado,1692213668.0,30574564.0,0.0,19722626.0,1742510858.0,0.0,0.0,0.0,0.0,0.0,1742510858.0,100.0,0.0,0.0
2025,Poder Ejecutivo,Ramos Administrativos,Cultura,E042,Modificado,1341567721.35,255039076.72,0.0,1402564.15,1598009362.22,0.0,121797975.61,0.0,0.0,121797975.61,1719807337.83,92.9179290650265,0.0,7.082070934973504
2025,Poder Ejecutivo,Ramos Administrativos,Cultura,E042,Devengado,1341567721.35,255039076.72,0.0,1402564.15,1598009362.22,0.0,121797975.61,0.0,0.0,121797975.61,1719807337.83,92.9179290650265,0.0,7.082070934973504
2025,Poder Ejecutivo,Ramos Administrativos,Cultura,E042,Ejercido,1341567721.35,255039076.72,0.0,1402564.15,1598009362.22,0.0,121797975.61,0.0,0.0,121797975.61,1719807337.83,92.9179290650265,0.0,7.082070934973504
2025,Poder Ejecutivo,Ramos Administrativos,Cultura,E042,Porcentaje Ejer/Aprob,79.27886098069266,0.0,0.0,7.111447278876555,91.70728290635421,0.0,0.0,0.0,0.0,0.0,98.6970801320539,,0.0,
2025,Poder Ejecutivo,Ramos Administrativos,Cultura,E042,Porcentaje Ejer/Modif,100.0,100.0,0.0,100.0,100.0,0.0,100.0,0.0,0.0,100.0,100.0,,0.0,
2025,Poder Ejecutivo,Ramos Administrativos,Cultura,K009,Proyectos de infraestructura social del sector cultura,0.0,0.0,0.0,0.0,0.0,0.0,0.0,0.0,0.0,0.0,0.0,,0.0,
2025,Poder Ejecutivo,Ramos Administrativos,Cultura,K009,Aprobado,0.0,0.0,0.0,0.0,0.0,0.0,0.0,0.0,0.0,0.0,0.0,0.0,0.0,0.0
2025,Poder Ejecutivo,Ramos Administrativos,Cultura,K009,Modificado,0.0,0.0,0.0,0.0,0.0,0.0,1181999116.2,0.0,0.0,1181999116.2,1181999116.2,0.0,0.0,100.0
2025,Poder Ejecutivo,Ramos Administrativos,Cultura,K009,Devengado,0.0,0.0,0.0,0.0,0.0,0.0,1181999116.2,0.0,0.0,1181999116.2,1181999116.2,0.0,0.0,100.0
2025,Poder Ejecutivo,Ramos Administrativos,Cultura,K009,Ejercido,0.0,0.0,0.0,0.0,0.0,0.0,1181999116.2,0.0,0.0,1181999116.2,1181999116.2,0.0,0.0,100.0
2025,Poder Ejecutivo,Ramos Administrativos,Cultura,K009,Porcentaje Ejer/Aprob,0.0,0.0,0.0,0.0,0.0,0.0,0.0,0.0,0.0,0.0,0.0,,0.0,
2025,Poder Ejecutivo,Ramos Administrativos,Cultura,K009,Porcentaje Ejer/Modif,0.0,0.0,0.0,0.0,0.0,0.0,100.0,0.0,0.0,100.0,100.0,,0.0,
2025,Poder Ejecutivo,Ramos Administrativos,Cultura,M001,Actividades de apoyo administrativo,0.0,0.0,0.0,0.0,0.0,0.0,0.0,0.0,0.0,0.0,0.0,,0.0,
2025,Poder Ejecutivo,Ramos Administrativos,Cultura,M001,Aprobado,1398910105.0,467300060.0,0.0,17986265.0,1884196430.0,0.0,0.0,0.0,0.0,0.0,1884196430.0,100.0,0.0,0.0
2025,Poder Ejecutivo,Ramos Administrativos,Cultura,M001,Modificado,1894074372.14,542232021.63,0.0,26788984.62,2463095378.39,0.0,0.0,0.0,0.0,0.0,2463095378.39,100.0,0.0,0.0
2025,Poder Ejecutivo,Ramos Administrativos,Cultura,M001,Devengado,1894074372.14,542221746.83,0.0,26788984.62,2463085103.59,0.0,0.0,0.0,0.0,0.0,2463085103.59,100.0,0.0,0.0
2025,Poder Ejecutivo,Ramos Administrativos,Cultura,M001,Ejercido,1894074372.14,542221746.83,0.0,26788984.62,2463085103.59,0.0,0.0,0.0,0.0,0.0,2463085103.59,100.0,0.0,0.0
2025,Poder Ejecutivo,Ramos Administrativos,Cultura,M001,Porcentaje Ejer/Aprob,135.39643222035346,116.03288619950104,0.0,148.9413428524488,130.72337174473896,0.0,0.0,0.0,0.0,0.0,130.72337174473896,,0.0,
2025,Poder Ejecutivo,Ramos Administrativos,Cultura,M001,Porcentaje Ejer/Modif,100.0,99.99810509162313,0.0,100.0,99.99958285009627,0.0,0.0,0.0,0.0,0.0,99.99958285009627,,0.0,
2025,Poder Ejecutivo,Ramos Administrativos,Cultura,O001,Actividades de apoyo a la función pública y buen gobierno,0.0,0.0,0.0,0.0,0.0,0.0,0.0,0.0,0.0,0.0,0.0,,0.0,
2025,Poder Ejecutivo,Ramos Administrativos,Cultura,O001,Aprobado,59155027.0,2409621.0,0.0,0.0,61564648.0,0.0,0.0,0.0,0.0,0.0,61564648.0,100.0,0.0,0.0
2025,Poder Ejecutivo,Ramos Administrativos,Cultura,O001,Modificado,58287505.77,1698768.19,0.0,0.0,59986273.96,0.0,0.0,0.0,0.0,0.0,59986273.96,100.0,0.0,0.0
2025,Poder Ejecutivo,Ramos Administrativos,Cultura,O001,Devengado,58287505.77,1698768.19,0.0,0.0,59986273.96,0.0,0.0,0.0,0.0,0.0,59986273.96,100.0,0.0,0.0
2025,Poder Ejecutivo,Ramos Administrativos,Cultura,O001,Ejercido,58287505.77,1698768.19,0.0,0.0,59986273.96,0.0,0.0,0.0,0.0,0.0,59986273.96,100.0,0.0,0.0
2025,Poder Ejecutivo,Ramos Administrativos,Cultura,O001,Porcentaje Ejer/Aprob,98.53347843117373,70.49939347308145,0.0,0.0,97.43623314470995,0.0,0.0,0.0,0.0,0.0,97.43623314470995,,0.0,
2025,Poder Ejecutivo,Ramos Administrativos,Cultura,O001,Porcentaje Ejer/Modif,100.0,100.0,0.0,0.0,100.0,0.0,0.0,0.0,0.0,0.0,100.0,,0.0,
2025,Poder Ejecutivo,Ramos Administrativos,Cultura,P003,Educación y cultura indígena,0.0,0.0,0.0,0.0,0.0,0.0,0.0,0.0,0.0,0.0,0.0,,0.0,
2025,Poder Ejecutivo,Ramos Administrativos,Cultura,P003,Aprobado,29262754.0,29947242.0,0.0,7258301.0,66468297.0,0.0,0.0,0.0,0.0,0.0,66468297.0,100.0,0.0,0.0
2025,Poder Ejecutivo,Ramos Administrativos,Cultura,P003,Modificado,27889037.92,23211189.55,0.0,7243304.56,58343532.03,0.0,0.0,0.0,0.0,0.0,58343532.03,100.0,0.0,0.0
2025,Poder Ejecutivo,Ramos Administrativos,Cultura,P003,Devengado,27889037.92,23211189.55,0.0,7243304.56,58343532.03,0.0,0.0,0.0,0.0,0.0,58343532.03,100.0,0.0,0.0
2025,Poder Ejecutivo,Ramos Administrativos,Cultura,P003,Ejercido,27889037.92,23211189.55,0.0,7243304.56,58343532.03,0.0,0.0,0.0,0.0,0.0,58343532.03,100.0,0.0,0.0
2025,Poder Ejecutivo,Ramos Administrativos,Cultura,P003,Porcentaje Ejer/Aprob,95.3055816961042,77.50693553015667,0.0,99.79338911406401,87.77648091390095,0.0,0.0,0.0,0.0,0.0,87.77648091390095,,0.0,
2025,Poder Ejecutivo,Ramos Administrativos,Cultura,P003,Porcentaje Ejer/Modif,100.0,100.0,0.0,100.0,100.0,0.0,0.0,0.0,0.0,0.0,100.0,,0.0,
2025,Poder Ejecutivo,Ramos Administrativos,Cultura,R003,Provisiones para el Instituto Nacional de Bellas Artes y Literatura (INBAL) e Instituto Nacional de Antropología e Historia (INAH),0.0,0.0,0.0,0.0,0.0,0.0,0.0,0.0,0.0,0.0,0.0,,0.0,
2025,Poder Ejecutivo,Ramos Administrativos,Cultura,R003,Aprobado,0.0,0.0,0.0,2000000000.0,2000000000.0,0.0,0.0,0.0,0.0,0.0,2000000000.0,100.0,0.0,0.0
2025,Poder Ejecutivo,Ramos Administrativos,Cultura,R003,Modificado,0.0,0.0,0.0,0.0,0.0,0.0,0.0,0.0,0.0,0.0,0.0,0.0,0.0,0.0
2025,Poder Ejecutivo,Ramos Administrativos,Cultura,R003,Devengado,0.0,0.0,0.0,0.0,0.0,0.0,0.0,0.0,0.0,0.0,0.0,0.0,0.0,0.0
2025,Poder Ejecutivo,Ramos Administrativos,Cultura,R003,Ejercido,0.0,0.0,0.0,0.0,0.0,0.0,0.0,0.0,0.0,0.0,0.0,0.0,0.0,0.0
2025,Poder Ejecutivo,Ramos Administrativos,Cultura,R003,Porcentaje Ejer/Aprob,0.0,0.0,0.0,0.0,0.0,0.0,0.0,0.0,0.0,0.0,0.0,,0.0,
2025,Poder Ejecutivo,Ramos Administrativos,Cultura,R003,Porcentaje Ejer/Modif,0.0,0.0,0.0,0.0,0.0,0.0,0.0,0.0,0.0,0.0,0.0,,0.0,
2025,Poder Ejecutivo,Ramos Administrativos,Cultura,S057,Programas del Fondo Nacional de Fomento a las Artesanías (FONART),0.0,0.0,0.0,0.0,0.0,0.0,0.0,0.0,0.0,0.0,0.0,,0.0,
2025,Poder Ejecutivo,Ramos Administrativos,Cultura,S057,Aprobado,0.0,0.0,53670624.0,0.0,53670624.0,0.0,0.0,0.0,0.0,0.0,53670624.0,100.0,0.0,0.0
2025,Poder Ejecutivo,Ramos Administrativos,Cultura,S057,Modificado,1889542.51,0.0,42005779.19,0.0,43895321.7,0.0,0.0,0.0,0.0,0.0,43895321.7,100.0,0.0,0.0
2025,Poder Ejecutivo,Ramos Administrativos,Cultura,S057,Devengado,1889542.51,0.0,42005779.19,0.0,43895321.7,0.0,0.0,0.0,0.0,0.0,43895321.7,100.0,0.0,0.0
2025,Poder Ejecutivo,Ramos Administrativos,Cultura,S057,Ejercido,1889542.51,0.0,42005779.19,0.0,43895321.7,0.0,0.0,0.0,0.0,0.0,43895321.7,100.0,0.0,0.0
2025,Poder Ejecutivo,Ramos Administrativos,Cultura,S057,Porcentaje Ejer/Aprob,0.0,0.0,78.2658669852618,0.0,81.78649404188035,0.0,0.0,0.0,0.0,0.0,81.78649404188035,,0.0,
2025,Poder Ejecutivo,Ramos Administrativos,Cultura,S057,Porcentaje Ejer/Modif,100.0,0.0,100.0,0.0,100.0,0.0,0.0,0.0,0.0,0.0,100.0,,0.0,
2025,Poder Ejecutivo,Ramos Administrativos,Cultura,S268,Programa de Apoyos a la Cultura,0.0,0.0,0.0,0.0,0.0,0.0,0.0,0.0,0.0,0.0,0.0,,0.0,
2025,Poder Ejecutivo,Ramos Administrativos,Cultura,S268,Aprobado,0.0,0.0,204637042.0,0.0,204637042.0,0.0,0.0,0.0,0.0,0.0,204637042.0,100.0,0.0,0.0
2025,Poder Ejecutivo,Ramos Administrativos,Cultura,S268,Modificado,0.0,0.0,229662679.17,0.0,229662679.17,0.0,0.0,0.0,0.0,0.0,229662679.17,100.0,0.0,0.0
2025,Poder Ejecutivo,Ramos Administrativos,Cultura,S268,Devengado,0.0,0.0,229662679.17,0.0,229662679.17,0.0,0.0,0.0,0.0,0.0,229662679.17,100.0,0.0,0.0
2025,Poder Ejecutivo,Ramos Administrativos,Cultura,S268,Ejercido,0.0,0.0,229662679.17,0.0,229662679.17,0.0,0.0,0.0,0.0,0.0,229662679.17,100.0,0.0,0.0
2025,Poder Ejecutivo,Ramos Administrativos,Cultura,S268,Porcentaje Ejer/Aprob,0.0,0.0,112.22928015642447,0.0,112.22928015642447,0.0,0.0,0.0,0.0,0.0,112.22928015642447,,0.0,
2025,Poder Ejecutivo,Ramos Administrativos,Cultura,S268,Porcentaje Ejer/Modif,0.0,0.0,100.0,0.0,100.0,0.0,0.0,0.0,0.0,0.0,100.0,,0.0,
2025,Poder Ejecutivo,Ramos Administrativos,Cultura,S303,Programa Nacional de Becas Artísticas y Culturales,0.0,0.0,0.0,0.0,0.0,0.0,0.0,0.0,0.0,0.0,0.0,,0.0,
2025,Poder Ejecutivo,Ramos Administrativos,Cultura,S303,Aprobado,0.0,0.0,14520757.0,0.0,14520757.0,0.0,0.0,0.0,0.0,0.0,14520757.0,100.0,0.0,0.0
2025,Poder Ejecutivo,Ramos Administrativos,Cultura,S303,Modificado,0.0,0.0,14498478.0,0.0,14498478.0,0.0,0.0,0.0,0.0,0.0,14498478.0,100.0,0.0,0.0
2025,Poder Ejecutivo,Ramos Administrativos,Cultura,S303,Devengado,0.0,0.0,14498478.0,0.0,14498478.0,0.0,0.0,0.0,0.0,0.0,14498478.0,100.0,0.0,0.0
2025,Poder Ejecutivo,Ramos Administrativos,Cultura,S303,Ejercido,0.0,0.0,14498478.0,0.0,14498478.0,0.0,0.0,0.0,0.0,0.0,14498478.0,100.0,0.0,0.0
2025,Poder Ejecutivo,Ramos Administrativos,Cultura,S303,Porcentaje Ejer/Aprob,0.0,0.0,99.84657135988158,0.0,99.84657135988158,0.0,0.0,0.0,0.0,0.0,99.84657135988158,,0.0,
2025,Poder Ejecutivo,Ramos Administrativos,Cultura,S303,Porcentaje Ejer/Modif,0.0,0.0,100.0,0.0,100.0,0.0,0.0,0.0,0.0,0.0,100.0,,0.0,
2025,Poder Ejecutivo,Ramos Administrativos,Cultura,U282,"Estímulos a la creación artística, reconocimientos a las trayectorias y apoyo al desarrollo de proyectos culturales",0.0,0.0,0.0,0.0,0.0,0.0,0.0,0.0,0.0,0.0,0.0,,0.0,
2025,Poder Ejecutivo,Ramos Administrativos,Cultura,U282,Aprobado,0.0,0.0,653233479.0,0.0,653233479.0,0.0,0.0,0.0,0.0,0.0,653233479.0,100.0,0.0,0.0
2025,Poder Ejecutivo,Ramos Administrativos,Cultura,U282,Modificado,0.0,347000.0,13693926.67,569916960.72,583957887.39,0.0,0.0,0.0,0.0,0.0,583957887.39,100.0,0.0,0.0
2025,Poder Ejecutivo,Ramos Administrativos,Cultura,U282,Devengado,0.0,347000.0,13693926.67,569916960.72,583957887.39,0.0,0.0,0.0,0.0,0.0,583957887.39,100.0,0.0,0.0
2025,Poder Ejecutivo,Ramos Administrativos,Cultura,U282,Ejercido,0.0,347000.0,13693926.67,569916960.72,583957887.39,0.0,0.0,0.0,0.0,0.0,583957887.39,100.0,0.0,0.0
2025,Poder Ejecutivo,Ramos Administrativos,Cultura,U282,Porcentaje Ejer/Aprob,0.0,0.0,2.0963295835607347,0.0,89.39497226687611,0.0,0.0,0.0,0.0,0.0,89.39497226687611,,0.0,
2025,Poder Ejecutivo,Ramos Administrativos,Cultura,U282,Porcentaje Ejer/Modif,0.0,100.0,100.0,100.0,100.0,0.0,0.0,0.0,0.0,0.0,100.0,,0.0,
2025,Poder Ejecutivo,Ramos Administrativos,Cultura,U283,Fomento al Cine Mexicano,0.0,0.0,0.0,0.0,0.0,0.0,0.0,0.0,0.0,0.0,0.0,,0.0,
2025,Poder Ejecutivo,Ramos Administrativos,Cultura,U283,Aprobado,0.0,0.0,201909459.0,0.0,201909459.0,0.0,0.0,12462000.0,0.0,12462000.0,214371459.0,94.18672613503088,0.0,5.813273864969124
2025,Poder Ejecutivo,Ramos Administrativos,Cultura,U283,Modificado,0.0,3336632.47,171042191.4,0.0,174378823.87,0.0,0.0,4385229.58,0.0,4385229.58,178764053.45,97.54691757354533,0.0,2.4530824264546798
2025,Poder Ejecutivo,Ramos Administrativos,Cultura,U283,Devengado,0.0,3336632.47,171042191.4,0.0,174378823.87,0.0,0.0,4385229.58,0.0,4385229.58,178764053.45,97.54691757354533,0.0,2.4530824264546798
2025,Poder Ejecutivo,Ramos Administrativos,Cultura,U283,Ejercido,0.0,3336632.47,171042191.4,0.0,174378823.87,0.0,0.0,4385229.58,0.0,4385229.58,178764053.45,97.54691757354533,0.0,2.4530824264546798
2025,Poder Ejecutivo,Ramos Administrativos,Cultura,U283,Porcentaje Ejer/Aprob,0.0,0.0,84.71232217010694,0.0,86.36486112817529,0.0,0.0,35.188810624297865,0.0,35.188810624297865,83.38985715910997,,0.0,
2025,Poder Ejecutivo,Ramos Administrativos,Cultura,U283,Porcentaje Ejer/Modif,0.0,100.0,100.0,0.0,100.0,0.0,0.0,100.0,0.0,100.0,100.0,,0.0,
2025,Poder Ejecutivo,Ramos Administrativos,Mujeres,TOTAL,Aprobado,185325215.0,297139157.0,1487160726.0,123895097.0,2093520195.0,0.0,0.0,0.0,0.0,0.0,2093520195.0,100.0,0.0,0.0
2025,Poder Ejecutivo,Ramos Administrativos,Mujeres,TOTAL,Modificado,181709229.55,231686526.45,1295500359.55,93973812.56,1802869928.11,0.0,0.0,0.0,0.0,0.0,1802869928.11,100.0,0.0,0.0
2025,Poder Ejecutivo,Ramos Administrativos,Mujeres,TOTAL,Devengado,181709229.55,231686526.45,1295500359.55,93973812.56,1802869928.11,0.0,0.0,0.0,0.0,0.0,1802869928.11,100.0,0.0,0.0
2025,Poder Ejecutivo,Ramos Administrativos,Mujeres,TOTAL,Ejercido,181709229.55,231686526.45,1295500359.55,93973812.56,1802869928.11,0.0,0.0,0.0,0.0,0.0,1802869928.11,100.0,0.0,0.0
2025,Poder Ejecutivo,Ramos Administrativos,Mujeres,TOTAL,Porcentaje Ejer/Aprob,98.04884324564253,77.97239811446325,87.11233001926382,75.8495007756441,86.11667240735645,0.0,0.0,0.0,0.0,0.0,86.11667240735645,,0.0,
2025,Poder Ejecutivo,Ramos Administrativos,Mujeres,TOTAL,Porcentaje Ejer/Modif,100.0,100.0,100.0,100.0,100.0,0.0,0.0,0.0,0.0,0.0,100.0,,0.0,
2025,Poder Ejecutivo,Ramos Administrativos,Mujeres,E015,Promover la Atención y Prevención de la Violencia contra las Mujeres,0.0,0.0,0.0,0.0,0.0,0.0,0.0,0.0,0.0,0.0,0.0,,0.0,
2025,Poder Ejecutivo,Ramos Administrativos,Mujeres,E015,Aprobado,35980326.0,23351708.0,247880944.0,0.0,307212978.0,0.0,0.0,0.0,0.0,0.0,307212978.0,100.0,0.0,0.0
2025,Poder Ejecutivo,Ramos Administrativos,Mujeres,E015,Modificado,35457036.38,14194294.25,186560864.88,0.0,236212195.51,0.0,0.0,0.0,0.0,0.0,236212195.51,100.0,0.0,0.0
2025,Poder Ejecutivo,Ramos Administrativos,Mujeres,E015,Devengado,35457036.38,14194294.25,186560864.88,0.0,236212195.51,0.0,0.0,0.0,0.0,0.0,236212195.51,100.0,0.0,0.0
2025,Poder Ejecutivo,Ramos Administrativos,Mujeres,E015,Ejercido,35457036.38,14194294.25,186560864.88,0.0,236212195.51,0.0,0.0,0.0,0.0,0.0,236212195.51,100.0,0.0,0.0
2025,Poder Ejecutivo,Ramos Administrativos,Mujeres,E015,Porcentaje Ejer/Aprob,98.54562290513988,60.78482246352173,75.26228594643402,0.0,76.88874247688847,0.0,0.0,0.0,0.0,0.0,76.88874247688847,,0.0,
2025,Poder Ejecutivo,Ramos Administrativos,Mujeres,E015,Porcentaje Ejer/Modif,100.0,100.0,100.0,0.0,100.0,0.0,0.0,0.0,0.0,0.0,100.0,,0.0,
2025,Poder Ejecutivo,Ramos Administrativos,Mujeres,M001,Actividades de apoyo administrativo,0.0,0.0,0.0,0.0,0.0,0.0,0.0,0.0,0.0,0.0,0.0,,0.0,
2025,Poder Ejecutivo,Ramos Administrativos,Mujeres,M001,Aprobado,142953821.0,194180321.0,0.0,10440270.0,347574412.0,0.0,0.0,0.0,0.0,0.0,347574412.0,100.0,0.0,0.0
2025,Poder Ejecutivo,Ramos Administrativos,Mujeres,M001,Modificado,134970574.53,91334954.62,0.0,12000.0,226317529.15,0.0,0.0,0.0,0.0,0.0,226317529.15,100.0,0.0,0.0
2025,Poder Ejecutivo,Ramos Administrativos,Mujeres,M001,Devengado,134970574.53,91334954.62,0.0,12000.0,226317529.15,0.0,0.0,0.0,0.0,0.0,226317529.15,100.0,0.0,0.0
2025,Poder Ejecutivo,Ramos Administrativos,Mujeres,M001,Ejercido,134970574.53,91334954.62,0.0,12000.0,226317529.15,0.0,0.0,0.0,0.0,0.0,226317529.15,100.0,0.0,0.0
2025,Poder Ejecutivo,Ramos Administrativos,Mujeres,M001,Porcentaje Ejer/Aprob,94.41550676004667,47.03615389532702,0.0,0.11493955616090389,65.11340344294389,0.0,0.0,0.0,0.0,0.0,65.11340344294389,,0.0,
2025,Poder Ejecutivo,Ramos Administrativos,Mujeres,M001,Porcentaje Ejer/Modif,100.0,100.0,0.0,100.0,100.0,0.0,0.0,0.0,0.0,0.0,100.0,,0.0,
2025,Poder Ejecutivo,Ramos Administrativos,Mujeres,O001,Actividades de apoyo a la función pública y buen gobierno,0.0,0.0,0.0,0.0,0.0,0.0,0.0,0.0,0.0,0.0,0.0,,0.0,
2025,Poder Ejecutivo,Ramos Administrativos,Mujeres,O001,Aprobado,6391068.0,344734.0,0.0,0.0,6735802.0,0.0,0.0,0.0,0.0,0.0,6735802.0,100.0,0.0,0.0
2025,Poder Ejecutivo,Ramos Administrativos,Mujeres,O001,Modificado,4916483.07,0.0,0.0,0.0,4916483.07,0.0,0.0,0.0,0.0,0.0,4916483.07,100.0,0.0,0.0
2025,Poder Ejecutivo,Ramos Administrativos,Mujeres,O001,Devengado,4916483.07,0.0,0.0,0.0,4916483.07,0.0,0.0,0.0,0.0,0.0,4916483.07,100.0,0.0,0.0
2025,Poder Ejecutivo,Ramos Administrativos,Mujeres,O001,Ejercido,4916483.07,0.0,0.0,0.0,4916483.07,0.0,0.0,0.0,0.0,0.0,4916483.07,100.0,0.0,0.0
2025,Poder Ejecutivo,Ramos Administrativos,Mujeres,O001,Porcentaje Ejer/Aprob,76.92740978503124,0.0,0.0,0.0,72.99031459060109,0.0,0.0,0.0,0.0,0.0,72.99031459060109,,0.0,
2025,Poder Ejecutivo,Ramos Administrativos,Mujeres,O001,Porcentaje Ejer/Modif,100.0,0.0,0.0,0.0,100.0,0.0,0.0,0.0,0.0,0.0,100.0,,0.0,
2025,Poder Ejecutivo,Ramos Administrativos,Mujeres,P010,Fortalecimiento de la Igualdad Sustantiva entre Mujeres y Hombres,0.0,0.0,0.0,0.0,0.0,0.0,0.0,0.0,0.0,0.0,0.0,,0.0,
2025,Poder Ejecutivo,Ramos Administrativos,Mujeres,P010,Aprobado,0.0,79262394.0,0.0,113454827.0,192717221.0,0.0,0.0,0.0,0.0,0.0,192717221.0,100.0,0.0,0.0
2025,Poder Ejecutivo,Ramos Administrativos,Mujeres,P010,Modificado,0.0,126157277.58,0.0,93961812.56,220119090.14,0.0,0.0,0.0,0.0,0.0,220119090.14,100.0,0.0,0.0
2025,Poder Ejecutivo,Ramos Administrativos,Mujeres,P010,Devengado,0.0,126157277.58,0.0,93961812.56,220119090.14,0.0,0.0,0.0,0.0,0.0,220119090.14,100.0,0.0,0.0
2025,Poder Ejecutivo,Ramos Administrativos,Mujeres,P010,Ejercido,0.0,126157277.58,0.0,93961812.56,220119090.14,0.0,0.0,0.0,0.0,0.0,220119090.14,100.0,0.0,0.0
2025,Poder Ejecutivo,Ramos Administrativos,Mujeres,P010,Porcentaje Ejer/Aprob,0.0,159.1641019321218,0.0,82.81869978083877,114.2186925474605,0.0,0.0,0.0,0.0,0.0,114.2186925474605,,0.0,
2025,Poder Ejecutivo,Ramos Administrativos,Mujeres,P010,Porcentaje Ejer/Modif,0.0,100.0,0.0,100.0,100.0,0.0,0.0,0.0,0.0,0.0,100.0,,0.0,
2025,Poder Ejecutivo,Ramos Administrativos,Mujeres,S010,"Programa para el Adelanto, Bienestar e Igualdad de las Mujeres",0.0,0.0,0.0,0.0,0.0,0.0,0.0,0.0,0.0,0.0,0.0,,0.0,
2025,Poder Ejecutivo,Ramos Administrativos,Mujeres,S010,Aprobado,0.0,0.0,419591040.0,0.0,419591040.0,0.0,0.0,0.0,0.0,0.0,419591040.0,100.0,0.0,0.0
2025,Poder Ejecutivo,Ramos Administrativos,Mujeres,S010,Modificado,0.0,0.0,0.0,0.0,0.0,0.0,0.0,0.0,0.0,0.0,0.0,0.0,0.0,0.0
2025,Poder Ejecutivo,Ramos Administrativos,Mujeres,S010,Devengado,0.0,0.0,0.0,0.0,0.0,0.0,0.0,0.0,0.0,0.0,0.0,0.0,0.0,0.0
2025,Poder Ejecutivo,Ramos Administrativos,Mujeres,S010,Ejercido,0.0,0.0,0.0,0.0,0.0,0.0,0.0,0.0,0.0,0.0,0.0,0.0,0.0,0.0
2025,Poder Ejecutivo,Ramos Administrativos,Mujeres,S010,Porcentaje Ejer/Aprob,0.0,0.0,0.0,0.0,0.0,0.0,0.0,0.0,0.0,0.0,0.0,,0.0,
2025,Poder Ejecutivo,Ramos Administrativos,Mujeres,S010,Porcentaje Ejer/Modif,0.0,0.0,0.0,0.0,0.0,0.0,0.0,0.0,0.0,0.0,0.0,,0.0,
2025,Poder Ejecutivo,Ramos Administrativos,Mujeres,S155,Programa de Apoyo a las Instancias de Mujeres en las Entidades Federativas (PAIMEF),0.0,0.0,0.0,0.0,0.0,0.0,0.0,0.0,0.0,0.0,0.0,,0.0,
2025,Poder Ejecutivo,Ramos Administrativos,Mujeres,S155,Aprobado,0.0,0.0,334947832.0,0.0,334947832.0,0.0,0.0,0.0,0.0,0.0,334947832.0,100.0,0.0,0.0
2025,Poder Ejecutivo,Ramos Administrativos,Mujeres,S155,Modificado,0.0,0.0,0.0,0.0,0.0,0.0,0.0,0.0,0.0,0.0,0.0,0.0,0.0,0.0
2025,Poder Ejecutivo,Ramos Administrativos,Mujeres,S155,Devengado,0.0,0.0,0.0,0.0,0.0,0.0,0.0,0.0,0.0,0.0,0.0,0.0,0.0,0.0
2025,Poder Ejecutivo,Ramos Administrativos,Mujeres,S155,Ejercido,0.0,0.0,0.0,0.0,0.0,0.0,0.0,0.0,0.0,0.0,0.0,0.0,0.0,0.0
2025,Poder Ejecutivo,Ramos Administrativos,Mujeres,S155,Porcentaje Ejer/Aprob,0.0,0.0,0.0,0.0,0.0,0.0,0.0,0.0,0.0,0.0,0.0,,0.0,
2025,Poder Ejecutivo,Ramos Administrativos,Mujeres,S155,Porcentaje Ejer/Modif,0.0,0.0,0.0,0.0,0.0,0.0,0.0,0.0,0.0,0.0,0.0,,0.0,
2025,Poder Ejecutivo,Ramos Administrativos,Mujeres,U001,Programa de Atención Integral para el Bienestar de las Mujeres (PAIBIM),0.0,0.0,0.0,0.0,0.0,0.0,0.0,0.0,0.0,0.0,0.0,,0.0,
2025,Poder Ejecutivo,Ramos Administrativos,Mujeres,U001,Aprobado,0.0,0.0,0.0,0.0,0.0,0.0,0.0,0.0,0.0,0.0,0.0,0.0,0.0,0.0
2025,Poder Ejecutivo,Ramos Administrativos,Mujeres,U001,Modificado,4621505.2,0.0,703628843.23,0.0,708250348.43,0.0,0.0,0.0,0.0,0.0,708250348.43,100.0,0.0,0.0
2025,Poder Ejecutivo,Ramos Administrativos,Mujeres,U001,Devengado,4621505.2,0.0,703628843.23,0.0,708250348.43,0.0,0.0,0.0,0.0,0.0,708250348.43,100.0,0.0,0.0
2025,Poder Ejecutivo,Ramos Administrativos,Mujeres,U001,Ejercido,4621505.2,0.0,703628843.23,0.0,708250348.43,0.0,0.0,0.0,0.0,0.0,708250348.43,100.0,0.0,0.0
2025,Poder Ejecutivo,Ramos Administrativos,Mujeres,U001,Porcentaje Ejer/Aprob,0.0,0.0,0.0,0.0,0.0,0.0,0.0,0.0,0.0,0.0,0.0,,0.0,
2025,Poder Ejecutivo,Ramos Administrativos,Mujeres,U001,Porcentaje Ejer/Modif,100.0,0.0,100.0,0.0,100.0,0.0,0.0,0.0,0.0,0.0,100.0,,0.0,
2025,Poder Ejecutivo,Ramos Administrativos,Mujeres,U012,"Programa de Apoyo para Refugios Especializados para Mujeres Víctimas de Violencia de Género, sus Hijas e Hijos",0.0,0.0,0.0,0.0,0.0,0.0,0.0,0.0,0.0,0.0,0.0,,0.0,
2025,Poder Ejecutivo,Ramos Administrativos,Mujeres,U012,Aprobado,0.0,0.0,484740910.0,0.0,484740910.0,0.0,0.0,0.0,0.0,0.0,484740910.0,100.0,0.0,0.0
2025,Poder Ejecutivo,Ramos Administrativos,Mujeres,U012,Modificado,1743630.37,0.0,405310651.44,0.0,407054281.81,0.0,0.0,0.0,0.0,0.0,407054281.81,100.0,0.0,0.0
2025,Poder Ejecutivo,Ramos Administrativos,Mujeres,U012,Devengado,1743630.37,0.0,405310651.44,0.0,407054281.81,0.0,0.0,0.0,0.0,0.0,407054281.81,100.0,0.0,0.0
2025,Poder Ejecutivo,Ramos Administrativos,Mujeres,U012,Ejercido,1743630.37,0.0,405310651.44,0.0,407054281.81,0.0,0.0,0.0,0.0,0.0,407054281.81,100.0,0.0,0.0
2025,Poder Ejecutivo,Ramos Administrativos,Mujeres,U012,Porcentaje Ejer/Aprob,0.0,0.0,83.61387353091366,0.0,83.97357710328184,0.0,0.0,0.0,0.0,0.0,83.97357710328184,,0.0,
2025,Poder Ejecutivo,Ramos Administrativos,Mujeres,U012,Porcentaje Ejer/Modif,100.0,0.0,100.0,0.0,100.0,0.0,0.0,0.0,0.0,0.0,100.0,,0.0,
2025,Poder Ejecutivo,Ramos Administrativos,Agencia de Transformación Digital y Telecomunicaciones,TOTAL,Aprobado,1794415939.0,1192517489.0,0.0,23263035.0,3010196463.0,0.0,0.0,0.0,0.0,0.0,3010196463.0,100.0,0.0,0.0
2025,Poder Ejecutivo,Ramos Administrativos,Agencia de Transformación Digital y Telecomunicaciones,TOTAL,Modificado,3354304875.47,1729558802.7,0.0,65780524.31,5149644202.48,0.0,0.0,0.0,0.0,0.0,5149644202.48,100.0,0.0,0.0
2025,Poder Ejecutivo,Ramos Administrativos,Agencia de Transformación Digital y Telecomunicaciones,TOTAL,Devengado,3354304875.47,1729558802.7,0.0,65780524.31,5149644202.48,0.0,0.0,0.0,0.0,0.0,5149644202.48,100.0,0.0,0.0
2025,Poder Ejecutivo,Ramos Administrativos,Agencia de Transformación Digital y Telecomunicaciones,TOTAL,Ejercido,3354304875.47,1729558802.7,0.0,65780524.31,5149644202.48,0.0,0.0,0.0,0.0,0.0,5149644202.48,100.0,0.0,0.0
2025,Poder Ejecutivo,Ramos Administrativos,Agencia de Transformación Digital y Telecomunicaciones,TOTAL,Porcentaje Ejer/Aprob,186.9301761407281,145.0342505375198,0.0,282.76845351434156,171.07335902414152,0.0,0.0,0.0,0.0,0.0,171.07335902414152,,0.0,
2025,Poder Ejecutivo,Ramos Administrativos,Agencia de Transformación Digital y Telecomunicaciones,TOTAL,Porcentaje Ejer/Modif,100.0,100.0,0.0,100.0,100.0,0.0,0.0,0.0,0.0,0.0,100.0,,0.0,
2025,Poder Ejecutivo,Ramos Administrativos,Agencia de Transformación Digital y Telecomunicaciones,E001,"Servicios de telecomunicaciones, satelitales y telegráficos",0.0,0.0,0.0,0.0,0.0,0.0,0.0,0.0,0.0,0.0,0.0,,0.0,
2025,Poder Ejecutivo,Ramos Administrativos,Agencia de Transformación Digital y Telecomunicaciones,E001,Aprobado,0.0,0.0,0.0,0.0,0.0,0.0,0.0,0.0,0.0,0.0,0.0,0.0,0.0,0.0
2025,Poder Ejecutivo,Ramos Administrativos,Agencia de Transformación Digital y Telecomunicaciones,E001,Modificado,0.0,207036800.0,0.0,0.0,207036800.0,0.0,0.0,0.0,0.0,0.0,207036800.0,100.0,0.0,0.0
2025,Poder Ejecutivo,Ramos Administrativos,Agencia de Transformación Digital y Telecomunicaciones,E001,Devengado,0.0,207036800.0,0.0,0.0,207036800.0,0.0,0.0,0.0,0.0,0.0,207036800.0,100.0,0.0,0.0
2025,Poder Ejecutivo,Ramos Administrativos,Agencia de Transformación Digital y Telecomunicaciones,E001,Ejercido,0.0,207036800.0,0.0,0.0,207036800.0,0.0,0.0,0.0,0.0,0.0,207036800.0,100.0,0.0,0.0
2025,Poder Ejecutivo,Ramos Administrativos,Agencia de Transformación Digital y Telecomunicaciones,E001,Porcentaje Ejer/Aprob,0.0,0.0,0.0,0.0,0.0,0.0,0.0,0.0,0.0,0.0,0.0,,0.0,
2025,Poder Ejecutivo,Ramos Administrativos,Agencia de Transformación Digital y Telecomunicaciones,E001,Porcentaje Ejer/Modif,0.0,100.0,0.0,0.0,100.0,0.0,0.0,0.0,0.0,0.0,100.0,,0.0,
2025,Poder Ejecutivo,Ramos Administrativos,Agencia de Transformación Digital y Telecomunicaciones,E002,"Investigación, estudios y proyectos en materia espacial",0.0,0.0,0.0,0.0,0.0,0.0,0.0,0.0,0.0,0.0,0.0,,0.0,
2025,Poder Ejecutivo,Ramos Administrativos,Agencia de Transformación Digital y Telecomunicaciones,E002,Aprobado,35766440.0,29936490.0,0.0,25532.0,65728462.0,0.0,0.0,0.0,0.0,0.0,65728462.0,100.0,0.0,0.0
2025,Poder Ejecutivo,Ramos Administrativos,Agencia de Transformación Digital y Telecomunicaciones,E002,Modificado,28398356.92,19619607.2,0.0,0.0,48017964.12,0.0,0.0,0.0,0.0,0.0,48017964.12,100.0,0.0,0.0
2025,Poder Ejecutivo,Ramos Administrativos,Agencia de Transformación Digital y Telecomunicaciones,E002,Devengado,28398356.92,19619607.2,0.0,0.0,48017964.12,0.0,0.0,0.0,0.0,0.0,48017964.12,100.0,0.0,0.0
2025,Poder Ejecutivo,Ramos Administrativos,Agencia de Transformación Digital y Telecomunicaciones,E002,Ejercido,28398356.92,19619607.2,0.0,0.0,48017964.12,0.0,0.0,0.0,0.0,0.0,48017964.12,100.0,0.0,0.0
2025,Poder Ejecutivo,Ramos Administrativos,Agencia de Transformación Digital y Telecomunicaciones,E002,Porcentaje Ejer/Aprob,79.39945077005149,65.53743341320242,0.0,0.0,73.05505508405172,0.0,0.0,0.0,0.0,0.0,73.05505508405172,,0.0,
2025,Poder Ejecutivo,Ramos Administrativos,Agencia de Transformación Digital y Telecomunicaciones,E002,Porcentaje Ejer/Modif,100.0,100.0,0.0,0.0,100.0,0.0,0.0,0.0,0.0,0.0,100.0,,0.0,
2025,Poder Ejecutivo,Ramos Administrativos,Agencia de Transformación Digital y Telecomunicaciones,E003,Servicios de correo,0.0,0.0,0.0,0.0,0.0,0.0,0.0,0.0,0.0,0.0,0.0,,0.0,
2025,Poder Ejecutivo,Ramos Administrativos,Agencia de Transformación Digital y Telecomunicaciones,E003,Aprobado,1596955268.0,1014667222.0,0.0,18829743.0,2630452233.0,0.0,0.0,0.0,0.0,0.0,2630452233.0,100.0,0.0,0.0
2025,Poder Ejecutivo,Ramos Administrativos,Agencia de Transformación Digital y Telecomunicaciones,E003,Modificado,2847604094.0,1198973958.96,0.0,39760524.0,4086338576.96,0.0,0.0,0.0,0.0,0.0,4086338576.96,100.0,0.0,0.0
2025,Poder Ejecutivo,Ramos Administrativos,Agencia de Transformación Digital y Telecomunicaciones,E003,Devengado,2847604094.0,1198973958.96,0.0,39760524.0,4086338576.96,0.0,0.0,0.0,0.0,0.0,4086338576.96,100.0,0.0,0.0
2025,Poder Ejecutivo,Ramos Administrativos,Agencia de Transformación Digital y Telecomunicaciones,E003,Ejercido,2847604094.0,1198973958.96,0.0,39760524.0,4086338576.96,0.0,0.0,0.0,0.0,0.0,4086338576.96,100.0,0.0,0.0
2025,Poder Ejecutivo,Ramos Administrativos,Agencia de Transformación Digital y Telecomunicaciones,E003,Porcentaje Ejer/Aprob,178.31458094416706,118.16425454216555,0.0,211.15808112728888,155.34737813123408,0.0,0.0,0.0,0.0,0.0,155.34737813123408,,0.0,
2025,Poder Ejecutivo,Ramos Administrativos,Agencia de Transformación Digital y Telecomunicaciones,E003,Porcentaje Ejer/Modif,100.0,100.0,0.0,100.0,100.0,0.0,0.0,0.0,0.0,0.0,100.0,,0.0,
2025,Poder Ejecutivo,Ramos Administrativos,Agencia de Transformación Digital y Telecomunicaciones,G001,Supervisión y verificación de concesiones en telecomunicaciones,0.0,0.0,0.0,0.0,0.0,0.0,0.0,0.0,0.0,0.0,0.0,,0.0,
2025,Poder Ejecutivo,Ramos Administrativos,Agencia de Transformación Digital y Telecomunicaciones,G001,Aprobado,66003672.0,77844567.0,0.0,0.0,143848239.0,0.0,0.0,0.0,0.0,0.0,143848239.0,100.0,0.0,0.0
2025,Poder Ejecutivo,Ramos Administrativos,Agencia de Transformación Digital y Telecomunicaciones,G001,Modificado,0.0,0.0,0.0,0.0,0.0,0.0,0.0,0.0,0.0,0.0,0.0,0.0,0.0,0.0
2025,Poder Ejecutivo,Ramos Administrativos,Agencia de Transformación Digital y Telecomunicaciones,G001,Devengado,0.0,0.0,0.0,0.0,0.0,0.0,0.0,0.0,0.0,0.0,0.0,0.0,0.0,0.0
2025,Poder Ejecutivo,Ramos Administrativos,Agencia de Transformación Digital y Telecomunicaciones,G001,Ejercido,0.0,0.0,0.0,0.0,0.0,0.0,0.0,0.0,0.0,0.0,0.0,0.0,0.0,0.0
2025,Poder Ejecutivo,Ramos Administrativos,Agencia de Transformación Digital y Telecomunicaciones,G001,Porcentaje Ejer/Aprob,0.0,0.0,0.0,0.0,0.0,0.0,0.0,0.0,0.0,0.0,0.0,,0.0,
2025,Poder Ejecutivo,Ramos Administrativos,Agencia de Transformación Digital y Telecomunicaciones,G001,Porcentaje Ejer/Modif,0.0,0.0,0.0,0.0,0.0,0.0,0.0,0.0,0.0,0.0,0.0,,0.0,
2025,Poder Ejecutivo,Ramos Administrativos,Agencia de Transformación Digital y Telecomunicaciones,G002,Regulación y supervisión de las telecomunicaciones y la radiodifusión.,0.0,0.0,0.0,0.0,0.0,0.0,0.0,0.0,0.0,0.0,0.0,,0.0,
2025,Poder Ejecutivo,Ramos Administrativos,Agencia de Transformación Digital y Telecomunicaciones,G002,Aprobado,0.0,0.0,0.0,0.0,0.0,0.0,0.0,0.0,0.0,0.0,0.0,0.0,0.0,0.0
2025,Poder Ejecutivo,Ramos Administrativos,Agencia de Transformación Digital y Telecomunicaciones,G002,Modificado,104358139.25,3606033.67,0.0,22425705.31,130389878.23,0.0,0.0,0.0,0.0,0.0,130389878.23,100.0,0.0,0.0
2025,Poder Ejecutivo,Ramos Administrativos,Agencia de Transformación Digital y Telecomunicaciones,G002,Devengado,104358139.25,3606033.67,0.0,22425705.31,130389878.23,0.0,0.0,0.0,0.0,0.0,130389878.23,100.0,0.0,0.0
2025,Poder Ejecutivo,Ramos Administrativos,Agencia de Transformación Digital y Telecomunicaciones,G002,Ejercido,104358139.25,3606033.67,0.0,22425705.31,130389878.23,0.0,0.0,0.0,0.0,0.0,130389878.23,100.0,0.0,0.0
2025,Poder Ejecutivo,Ramos Administrativos,Agencia de Transformación Digital y Telecomunicaciones,G002,Porcentaje Ejer/Aprob,0.0,0.0,0.0,0.0,0.0,0.0,0.0,0.0,0.0,0.0,0.0,,0.0,
2025,Poder Ejecutivo,Ramos Administrativos,Agencia de Transformación Digital y Telecomunicaciones,G002,Porcentaje Ejer/Modif,100.0,100.0,0.0,100.0,100.0,0.0,0.0,0.0,0.0,0.0,100.0,,0.0,
2025,Poder Ejecutivo,Ramos Administrativos,Agencia de Transformación Digital y Telecomunicaciones,M001,Actividades de apoyo administrativo,0.0,0.0,0.0,0.0,0.0,0.0,0.0,0.0,0.0,0.0,0.0,,0.0,
2025,Poder Ejecutivo,Ramos Administrativos,Agencia de Transformación Digital y Telecomunicaciones,M001,Aprobado,5040599.0,56402792.0,0.0,4407760.0,65851151.0,0.0,0.0,0.0,0.0,0.0,65851151.0,100.0,0.0,0.0
2025,Poder Ejecutivo,Ramos Administrativos,Agencia de Transformación Digital y Telecomunicaciones,M001,Modificado,223493616.92,62866335.46,0.0,3594295.0,289954247.38,0.0,0.0,0.0,0.0,0.0,289954247.38,100.0,0.0,0.0
2025,Poder Ejecutivo,Ramos Administrativos,Agencia de Transformación Digital y Telecomunicaciones,M001,Devengado,223493616.92,62866335.46,0.0,3594295.0,289954247.38,0.0,0.0,0.0,0.0,0.0,289954247.38,100.0,0.0,0.0
2025,Poder Ejecutivo,Ramos Administrativos,Agencia de Transformación Digital y Telecomunicaciones,M001,Ejercido,223493616.92,62866335.46,0.0,3594295.0,289954247.38,0.0,0.0,0.0,0.0,0.0,289954247.38,100.0,0.0,0.0
2025,Poder Ejecutivo,Ramos Administrativos,Agencia de Transformación Digital y Telecomunicaciones,M001,Porcentaje Ejer/Aprob,0.0,111.45961614808004,0.0,81.54470751583571,440.3176603245705,0.0,0.0,0.0,0.0,0.0,440.3176603245705,,0.0,
2025,Poder Ejecutivo,Ramos Administrativos,Agencia de Transformación Digital y Telecomunicaciones,M001,Porcentaje Ejer/Modif,100.0,100.0,0.0,100.0,100.0,0.0,0.0,0.0,0.0,0.0,100.0,,0.0,
2025,Poder Ejecutivo,Ramos Administrativos,Agencia de Transformación Digital y Telecomunicaciones,O001,Actividades de apoyo a la función pública y buen gobierno,0.0,0.0,0.0,0.0,0.0,0.0,0.0,0.0,0.0,0.0,0.0,,0.0,
2025,Poder Ejecutivo,Ramos Administrativos,Agencia de Transformación Digital y Telecomunicaciones,O001,Aprobado,0.0,977560.0,0.0,0.0,977560.0,0.0,0.0,0.0,0.0,0.0,977560.0,100.0,0.0,0.0
2025,Poder Ejecutivo,Ramos Administrativos,Agencia de Transformación Digital y Telecomunicaciones,O001,Modificado,0.0,947255.0,0.0,0.0,947255.0,0.0,0.0,0.0,0.0,0.0,947255.0,100.0,0.0,0.0
2025,Poder Ejecutivo,Ramos Administrativos,Agencia de Transformación Digital y Telecomunicaciones,O001,Devengado,0.0,947255.0,0.0,0.0,947255.0,0.0,0.0,0.0,0.0,0.0,947255.0,100.0,0.0,0.0
2025,Poder Ejecutivo,Ramos Administrativos,Agencia de Transformación Digital y Telecomunicaciones,O001,Ejercido,0.0,947255.0,0.0,0.0,947255.0,0.0,0.0,0.0,0.0,0.0,947255.0,100.0,0.0,0.0
2025,Poder Ejecutivo,Ramos Administrativos,Agencia de Transformación Digital y Telecomunicaciones,O001,Porcentaje Ejer/Aprob,0.0,96.89993453087278,0.0,0.0,96.89993453087278,0.0,0.0,0.0,0.0,0.0,96.89993453087278,,0.0,
2025,Poder Ejecutivo,Ramos Administrativos,Agencia de Transformación Digital y Telecomunicaciones,O001,Porcentaje Ejer/Modif,0.0,100.0,0.0,0.0,100.0,0.0,0.0,0.0,0.0,0.0,100.0,,0.0,
2025,Poder Ejecutivo,Ramos Administrativos,Agencia de Transformación Digital y Telecomunicaciones,P001,"Definición, conducción y supervisión de la política de comunicaciones",0.0,0.0,0.0,0.0,0.0,0.0,0.0,0.0,0.0,0.0,0.0,,0.0,
2025,Poder Ejecutivo,Ramos Administrativos,Agencia de Transformación Digital y Telecomunicaciones,P001,Aprobado,42456246.0,1655023.0,0.0,0.0,44111269.0,0.0,0.0,0.0,0.0,0.0,44111269.0,100.0,0.0,0.0
2025,Poder Ejecutivo,Ramos Administrativos,Agencia de Transformación Digital y Telecomunicaciones,P001,Modificado,129469741.01,235767551.71,0.0,0.0,365237292.72,0.0,0.0,0.0,0.0,0.0,365237292.72,100.0,0.0,0.0
2025,Poder Ejecutivo,Ramos Administrativos,Agencia de Transformación Digital y Telecomunicaciones,P001,Devengado,129469741.01,235767551.71,0.0,0.0,365237292.72,0.0,0.0,0.0,0.0,0.0,365237292.72,100.0,0.0,0.0
2025,Poder Ejecutivo,Ramos Administrativos,Agencia de Transformación Digital y Telecomunicaciones,P001,Ejercido,129469741.01,235767551.71,0.0,0.0,365237292.72,0.0,0.0,0.0,0.0,0.0,365237292.72,100.0,0.0,0.0
2025,Poder Ejecutivo,Ramos Administrativos,Agencia de Transformación Digital y Telecomunicaciones,P001,Porcentaje Ejer/Aprob,304.94863113898487,0.0,0.0,0.0,0.0,0.0,0.0,0.0,0.0,0.0,0.0,,0.0,
2025,Poder Ejecutivo,Ramos Administrativos,Agencia de Transformación Digital y Telecomunicaciones,P001,Porcentaje Ejer/Modif,100.0,100.0,0.0,0.0,100.0,0.0,0.0,0.0,0.0,0.0,100.0,,0.0,
2025,Poder Ejecutivo,Ramos Administrativos,Agencia de Transformación Digital y Telecomunicaciones,P002,Fortalecimiento de la competitividad y transparencia del marco regulatorio que aplica a los particulares,0.0,0.0,0.0,0.0,0.0,0.0,0.0,0.0,0.0,0.0,0.0,,0.0,
2025,Poder Ejecutivo,Ramos Administrativos,Agencia de Transformación Digital y Telecomunicaciones,P002,Aprobado,48193714.0,11033835.0,0.0,0.0,59227549.0,0.0,0.0,0.0,0.0,0.0,59227549.0,100.0,0.0,0.0
2025,Poder Ejecutivo,Ramos Administrativos,Agencia de Transformación Digital y Telecomunicaciones,P002,Modificado,20980927.37,741260.7,0.0,0.0,21722188.07,0.0,0.0,0.0,0.0,0.0,21722188.07,100.0,0.0,0.0
2025,Poder Ejecutivo,Ramos Administrativos,Agencia de Transformación Digital y Telecomunicaciones,P002,Devengado,20980927.37,741260.7,0.0,0.0,21722188.07,0.0,0.0,0.0,0.0,0.0,21722188.07,100.0,0.0,0.0
2025,Poder Ejecutivo,Ramos Administrativos,Agencia de Transformación Digital y Telecomunicaciones,P002,Ejercido,20980927.37,741260.7,0.0,0.0,21722188.07,0.0,0.0,0.0,0.0,0.0,21722188.07,100.0,0.0,0.0
2025,Poder Ejecutivo,Ramos Administrativos,Agencia de Transformación Digital y Telecomunicaciones,P002,Porcentaje Ejer/Aprob,43.53457251707142,6.718069465421587,0.0,0.0,36.67581798801095,0.0,0.0,0.0,0.0,0.0,36.67581798801095,,0.0,
2025,Poder Ejecutivo,Ramos Administrativos,Agencia de Transformación Digital y Telecomunicaciones,P002,Porcentaje Ejer/Modif,100.0,100.0,0.0,0.0,100.0,0.0,0.0,0.0,0.0,0.0,100.0,,0.0,
2025,Poder Ejecutivo,Ramos Generales,Aportaciones a Seguridad Social,TOTAL,Aprobado,0.0,0.0,1181554124.0,199706189894.0,200887744018.0,1221898355516.0,0.0,0.0,0.0,0.0,1422786099534.0,14.119321525828516,85.88067847417148,0.0
2025,Poder Ejecutivo,Ramos Generales,Aportaciones a Seguridad Social,TOTAL,Modificado,0.0,0.0,699879356.42,197770588939.88,198470468296.3,1200234998873.6,0.0,0.0,0.0,0.0,1398705467169.9,14.189582650154318,85.81041734984571,0.0
2025,Poder Ejecutivo,Ramos Generales,Aportaciones a Seguridad Social,TOTAL,Devengado,0.0,0.0,699879356.42,197770588939.88,198470468296.3,1200234998873.6,0.0,0.0,0.0,0.0,1398705467169.9,14.189582650154318,85.81041734984571,0.0
2025,Poder Ejecutivo,Ramos Generales,Aportaciones a Seguridad Social,TOTAL,Ejercido,0.0,0.0,699879356.42,197770588939.88,198470468296.3,1200234998873.6,0.0,0.0,0.0,0.0,1398705467169.9,14.189582650154318,85.81041734984571,0.0
2025,Poder Ejecutivo,Ramos Generales,Aportaciones a Seguridad Social,TOTAL,Porcentaje Ejer/Aprob,0.0,0.0,59.233795744425834,99.03077568344408,98.79670323666762,98.2270737541625,0.0,0.0,0.0,0.0,98.3075015723033,,99.9181875066964,
2025,Poder Ejecutivo,Ramos Generales,Aportaciones a Seguridad Social,TOTAL,Porcentaje Ejer/Modif,0.0,0.0,100.0,100.0,100.0,100.0,0.0,0.0,0.0,0.0,100.0,,100.0,
2025,Poder Ejecutivo,Ramos Generales,Aportaciones a Seguridad Social,J006,Apoyo para cubrir el déficit de la nómina de pensiones del ISSSTE,0.0,0.0,0.0,0.0,0.0,0.0,0.0,0.0,0.0,0.0,0.0,,0.0,
2025,Poder Ejecutivo,Ramos Generales,Aportaciones a Seguridad Social,J006,Aprobado,0.0,0.0,0.0,0.0,0.0,386051583242.0,0.0,0.0,0.0,0.0,386051583242.0,0.0,100.0,0.0
2025,Poder Ejecutivo,Ramos Generales,Aportaciones a Seguridad Social,J006,Modificado,0.0,0.0,0.0,0.0,0.0,378567976053.46,0.0,0.0,0.0,0.0,378567976053.46,0.0,100.0,0.0
2025,Poder Ejecutivo,Ramos Generales,Aportaciones a Seguridad Social,J006,Devengado,0.0,0.0,0.0,0.0,0.0,378567976053.46,0.0,0.0,0.0,0.0,378567976053.46,0.0,100.0,0.0
2025,Poder Ejecutivo,Ramos Generales,Aportaciones a Seguridad Social,J006,Ejercido,0.0,0.0,0.0,0.0,0.0,378567976053.46,0.0,0.0,0.0,0.0,378567976053.46,0.0,100.0,0.0
2025,Poder Ejecutivo,Ramos Generales,Aportaciones a Seguridad Social,J006,Porcentaje Ejer/Aprob,0.0,0.0,0.0,0.0,0.0,98.06150071301512,0.0,0.0,0.0,0.0,98.06150071301512,,100.0,
2025,Poder Ejecutivo,Ramos Generales,Aportaciones a Seguridad Social,J006,Porcentaje Ejer/Modif,0.0,0.0,0.0,0.0,0.0,100.0,0.0,0.0,0.0,0.0,100.0,,100.0,
2025,Poder Ejecutivo,Ramos Generales,Aportaciones a Seguridad Social,J008,Pensiones y Jubilaciones en curso de Pago,0.0,0.0,0.0,0.0,0.0,0.0,0.0,0.0,0.0,0.0,0.0,,0.0,
2025,Poder Ejecutivo,Ramos Generales,Aportaciones a Seguridad Social,J008,Aprobado,0.0,0.0,0.0,0.0,0.0,753202100919.0,0.0,0.0,0.0,0.0,753202100919.0,0.0,100.0,0.0
2025,Poder Ejecutivo,Ramos Generales,Aportaciones a Seguridad Social,J008,Modificado,0.0,0.0,0.0,0.0,0.0,746162719107.77,0.0,0.0,0.0,0.0,746162719107.77,0.0,100.0,0.0
2025,Poder Ejecutivo,Ramos Generales,Aportaciones a Seguridad Social,J008,Devengado,0.0,0.0,0.0,0.0,0.0,746162719107.77,0.0,0.0,0.0,0.0,746162719107.77,0.0,100.0,0.0
2025,Poder Ejecutivo,Ramos Generales,Aportaciones a Seguridad Social,J008,Ejercido,0.0,0.0,0.0,0.0,0.0,746162719107.77,0.0,0.0,0.0,0.0,746162719107.77,0.0,100.0,0.0
2025,Poder Ejecutivo,Ramos Generales,Aportaciones a Seguridad Social,J008,Porcentaje Ejer/Aprob,0.0,0.0,0.0,0.0,0.0,99.06540597767305,0.0,0.0,0.0,0.0,99.06540597767305,,100.0,
2025,Poder Ejecutivo,Ramos Generales,Aportaciones a Seguridad Social,J008,Porcentaje Ejer/Modif,0.0,0.0,0.0,0.0,0.0,100.0,0.0,0.0,0.0,0.0,100.0,,100.0,
2025,Poder Ejecutivo,Ramos Generales,Aportaciones a Seguridad Social,J009,Pensiones Civiles Militares y de Gracia,0.0,0.0,0.0,0.0,0.0,0.0,0.0,0.0,0.0,0.0,0.0,,0.0,
2025,Poder Ejecutivo,Ramos Generales,Aportaciones a Seguridad Social,J009,Aprobado,0.0,0.0,0.0,0.0,0.0,42600000000.0,0.0,0.0,0.0,0.0,42600000000.0,0.0,100.0,0.0
2025,Poder Ejecutivo,Ramos Generales,Aportaciones a Seguridad Social,J009,Modificado,0.0,0.0,0.0,0.0,0.0,40414651116.03,0.0,0.0,0.0,0.0,40414651116.03,0.0,100.0,0.0
2025,Poder Ejecutivo,Ramos Generales,Aportaciones a Seguridad Social,J009,Devengado,0.0,0.0,0.0,0.0,0.0,40414651116.03,0.0,0.0,0.0,0.0,40414651116.03,0.0,100.0,0.0
2025,Poder Ejecutivo,Ramos Generales,Aportaciones a Seguridad Social,J009,Ejercido,0.0,0.0,0.0,0.0,0.0,40414651116.03,0.0,0.0,0.0,0.0,40414651116.03,0.0,100.0,0.0
2025,Poder Ejecutivo,Ramos Generales,Aportaciones a Seguridad Social,J009,Porcentaje Ejer/Aprob,0.0,0.0,0.0,0.0,0.0,94.87007304232394,0.0,0.0,0.0,0.0,94.87007304232394,,100.0,
2025,Poder Ejecutivo,Ramos Generales,Aportaciones a Seguridad Social,J009,Porcentaje Ejer/Modif,0.0,0.0,0.0,0.0,0.0,100.0,0.0,0.0,0.0,0.0,100.0,,100.0,
2025,Poder Ejecutivo,Ramos Generales,Aportaciones a Seguridad Social,J011,"Aportaciones Estatutarias al Seguro de Retiro, Cesantía en Edad Avanzada y Vejez",0.0,0.0,0.0,0.0,0.0,0.0,0.0,0.0,0.0,0.0,0.0,,0.0,
2025,Poder Ejecutivo,Ramos Generales,Aportaciones a Seguridad Social,J011,Aprobado,0.0,0.0,0.0,0.0,0.0,0.0,0.0,0.0,0.0,0.0,0.0,0.0,0.0,0.0
2025,Poder Ejecutivo,Ramos Generales,Aportaciones a Seguridad Social,J011,Modificado,0.0,0.0,0.0,0.0,0.0,0.0,0.0,0.0,0.0,0.0,0.0,0.0,0.0,0.0
2025,Poder Ejecutivo,Ramos Generales,Aportaciones a Seguridad Social,J011,Devengado,0.0,0.0,0.0,0.0,0.0,0.0,0.0,0.0,0.0,0.0,0.0,0.0,0.0,0.0
2025,Poder Ejecutivo,Ramos Generales,Aportaciones a Seguridad Social,J011,Ejercido,0.0,0.0,0.0,0.0,0.0,0.0,0.0,0.0,0.0,0.0,0.0,0.0,0.0,0.0
2025,Poder Ejecutivo,Ramos Generales,Aportaciones a Seguridad Social,J011,Porcentaje Ejer/Aprob,0.0,0.0,0.0,0.0,0.0,0.0,0.0,0.0,0.0,0.0,0.0,,0.0,
2025,Poder Ejecutivo,Ramos Generales,Aportaciones a Seguridad Social,J011,Porcentaje Ejer/Modif,0.0,0.0,0.0,0.0,0.0,0.0,0.0,0.0,0.0,0.0,0.0,,0.0,
2025,Poder Ejecutivo,Ramos Generales,Aportaciones a Seguridad Social,J012,"Cuota Social al Seguro de Retiro, Cesantía en Edad Avanzada y Vejez",0.0,0.0,0.0,0.0,0.0,0.0,0.0,0.0,0.0,0.0,0.0,,0.0,
2025,Poder Ejecutivo,Ramos Generales,Aportaciones a Seguridad Social,J012,Aprobado,0.0,0.0,0.0,0.0,0.0,0.0,0.0,0.0,0.0,0.0,0.0,0.0,0.0,0.0
2025,Poder Ejecutivo,Ramos Generales,Aportaciones a Seguridad Social,J012,Modificado,0.0,0.0,0.0,0.0,0.0,0.0,0.0,0.0,0.0,0.0,0.0,0.0,0.0,0.0
2025,Poder Ejecutivo,Ramos Generales,Aportaciones a Seguridad Social,J012,Devengado,0.0,0.0,0.0,0.0,0.0,0.0,0.0,0.0,0.0,0.0,0.0,0.0,0.0,0.0
2025,Poder Ejecutivo,Ramos Generales,Aportaciones a Seguridad Social,J012,Ejercido,0.0,0.0,0.0,0.0,0.0,0.0,0.0,0.0,0.0,0.0,0.0,0.0,0.0,0.0
2025,Poder Ejecutivo,Ramos Generales,Aportaciones a Seguridad Social,J012,Porcentaje Ejer/Aprob,0.0,0.0,0.0,0.0,0.0,0.0,0.0,0.0,0.0,0.0,0.0,,0.0,
2025,Poder Ejecutivo,Ramos Generales,Aportaciones a Seguridad Social,J012,Porcentaje Ejer/Modif,0.0,0.0,0.0,0.0,0.0,0.0,0.0,0.0,0.0,0.0,0.0,,0.0,
2025,Poder Ejecutivo,Ramos Generales,Aportaciones a Seguridad Social,J014,Apoyo Económico a Viudas de Veteranos de la Revolución Mexicana,0.0,0.0,0.0,0.0,0.0,0.0,0.0,0.0,0.0,0.0,0.0,,0.0,
2025,Poder Ejecutivo,Ramos Generales,Aportaciones a Seguridad Social,J014,Aprobado,0.0,0.0,0.0,206234.0,206234.0,0.0,0.0,0.0,0.0,0.0,206234.0,100.0,0.0,0.0
2025,Poder Ejecutivo,Ramos Generales,Aportaciones a Seguridad Social,J014,Modificado,0.0,0.0,0.0,157482.3,157482.3,0.0,0.0,0.0,0.0,0.0,157482.3,100.0,0.0,0.0
2025,Poder Ejecutivo,Ramos Generales,Aportaciones a Seguridad Social,J014,Devengado,0.0,0.0,0.0,157482.3,157482.3,0.0,0.0,0.0,0.0,0.0,157482.3,100.0,0.0,0.0
2025,Poder Ejecutivo,Ramos Generales,Aportaciones a Seguridad Social,J014,Ejercido,0.0,0.0,0.0,157482.3,157482.3,0.0,0.0,0.0,0.0,0.0,157482.3,100.0,0.0,0.0
2025,Poder Ejecutivo,Ramos Generales,Aportaciones a Seguridad Social,J014,Porcentaje Ejer/Aprob,0.0,0.0,0.0,76.36097830619588,76.36097830619588,0.0,0.0,0.0,0.0,0.0,76.36097830619588,,0.0,
2025,Poder Ejecutivo,Ramos Generales,Aportaciones a Seguridad Social,J014,Porcentaje Ejer/Modif,0.0,0.0,0.0,100.0,100.0,0.0,0.0,0.0,0.0,0.0,100.0,,0.0,
2025,Poder Ejecutivo,Ramos Generales,Aportaciones a Seguridad Social,J017,Fondo de Reserva para el Retiro IMSS,0.0,0.0,0.0,0.0,0.0,0.0,0.0,0.0,0.0,0.0,0.0,,0.0,
2025,Poder Ejecutivo,Ramos Generales,Aportaciones a Seguridad Social,J017,Aprobado,0.0,0.0,0.0,0.0,0.0,0.0,0.0,0.0,0.0,0.0,0.0,0.0,0.0,0.0
2025,Poder Ejecutivo,Ramos Generales,Aportaciones a Seguridad Social,J017,Modificado,0.0,0.0,0.0,0.0,0.0,0.0,0.0,0.0,0.0,0.0,0.0,0.0,0.0,0.0
2025,Poder Ejecutivo,Ramos Generales,Aportaciones a Seguridad Social,J017,Devengado,0.0,0.0,0.0,0.0,0.0,0.0,0.0,0.0,0.0,0.0,0.0,0.0,0.0,0.0
2025,Poder Ejecutivo,Ramos Generales,Aportaciones a Seguridad Social,J017,Ejercido,0.0,0.0,0.0,0.0,0.0,0.0,0.0,0.0,0.0,0.0,0.0,0.0,0.0,0.0
2025,Poder Ejecutivo,Ramos Generales,Aportaciones a Seguridad Social,J017,Porcentaje Ejer/Aprob,0.0,0.0,0.0,0.0,0.0,0.0,0.0,0.0,0.0,0.0,0.0,,0.0,
2025,Poder Ejecutivo,Ramos Generales,Aportaciones a Seguridad Social,J017,Porcentaje Ejer/Modif,0.0,0.0,0.0,0.0,0.0,0.0,0.0,0.0,0.0,0.0,0.0,,0.0,
2025,Poder Ejecutivo,Ramos Generales,Aportaciones a Seguridad Social,J021,Pensión Mínima Garantizada IMSS,0.0,0.0,0.0,0.0,0.0,0.0,0.0,0.0,0.0,0.0,0.0,,0.0,
2025,Poder Ejecutivo,Ramos Generales,Aportaciones a Seguridad Social,J021,Aprobado,0.0,0.0,0.0,0.0,0.0,8772737469.0,0.0,0.0,0.0,0.0,8772737469.0,0.0,100.0,0.0
2025,Poder Ejecutivo,Ramos Generales,Aportaciones a Seguridad Social,J021,Modificado,0.0,0.0,0.0,0.0,0.0,8078805095.82,0.0,0.0,0.0,0.0,8078805095.82,0.0,100.0,0.0
2025,Poder Ejecutivo,Ramos Generales,Aportaciones a Seguridad Social,J021,Devengado,0.0,0.0,0.0,0.0,0.0,8078805095.82,0.0,0.0,0.0,0.0,8078805095.82,0.0,100.0,0.0
2025,Poder Ejecutivo,Ramos Generales,Aportaciones a Seguridad Social,J021,Ejercido,0.0,0.0,0.0,0.0,0.0,8078805095.82,0.0,0.0,0.0,0.0,8078805095.82,0.0,100.0,0.0
2025,Poder Ejecutivo,Ramos Generales,Aportaciones a Seguridad Social,J021,Porcentaje Ejer/Aprob,0.0,0.0,0.0,0.0,0.0,92.08989924032115,0.0,0.0,0.0,0.0,92.08989924032115,,100.0,
2025,Poder Ejecutivo,Ramos Generales,Aportaciones a Seguridad Social,J021,Porcentaje Ejer/Modif,0.0,0.0,0.0,0.0,0.0,100.0,0.0,0.0,0.0,0.0,100.0,,100.0,
2025,Poder Ejecutivo,Ramos Generales,Aportaciones a Seguridad Social,J022,Cuota Social Seguro de Retiro ISSSTE,0.0,0.0,0.0,0.0,0.0,0.0,0.0,0.0,0.0,0.0,0.0,,0.0,
2025,Poder Ejecutivo,Ramos Generales,Aportaciones a Seguridad Social,J022,Aprobado,0.0,0.0,0.0,0.0,0.0,0.0,0.0,0.0,0.0,0.0,0.0,0.0,0.0,0.0
2025,Poder Ejecutivo,Ramos Generales,Aportaciones a Seguridad Social,J022,Modificado,0.0,0.0,0.0,0.0,0.0,0.0,0.0,0.0,0.0,0.0,0.0,0.0,0.0,0.0
2025,Poder Ejecutivo,Ramos Generales,Aportaciones a Seguridad Social,J022,Devengado,0.0,0.0,0.0,0.0,0.0,0.0,0.0,0.0,0.0,0.0,0.0,0.0,0.0,0.0
2025,Poder Ejecutivo,Ramos Generales,Aportaciones a Seguridad Social,J022,Ejercido,0.0,0.0,0.0,0.0,0.0,0.0,0.0,0.0,0.0,0.0,0.0,0.0,0.0,0.0
2025,Poder Ejecutivo,Ramos Generales,Aportaciones a Seguridad Social,J022,Porcentaje Ejer/Aprob,0.0,0.0,0.0,0.0,0.0,0.0,0.0,0.0,0.0,0.0,0.0,,0.0,
2025,Poder Ejecutivo,Ramos Generales,Aportaciones a Seguridad Social,J022,Porcentaje Ejer/Modif,0.0,0.0,0.0,0.0,0.0,0.0,0.0,0.0,0.0,0.0,0.0,,0.0,
2025,Poder Ejecutivo,Ramos Generales,Aportaciones a Seguridad Social,J025,Previsiones para las pensiones en curso de pago de los Extrabajadores de Luz y Fuerza del Centro,0.0,0.0,0.0,0.0,0.0,0.0,0.0,0.0,0.0,0.0,0.0,,0.0,
2025,Poder Ejecutivo,Ramos Generales,Aportaciones a Seguridad Social,J025,Aprobado,0.0,0.0,0.0,0.0,0.0,28074109000.0,0.0,0.0,0.0,0.0,28074109000.0,0.0,100.0,0.0
2025,Poder Ejecutivo,Ramos Generales,Aportaciones a Seguridad Social,J025,Modificado,0.0,0.0,0.0,0.0,0.0,24355950112.88,0.0,0.0,0.0,0.0,24355950112.88,0.0,100.0,0.0
2025,Poder Ejecutivo,Ramos Generales,Aportaciones a Seguridad Social,J025,Devengado,0.0,0.0,0.0,0.0,0.0,24355950112.88,0.0,0.0,0.0,0.0,24355950112.88,0.0,100.0,0.0
2025,Poder Ejecutivo,Ramos Generales,Aportaciones a Seguridad Social,J025,Ejercido,0.0,0.0,0.0,0.0,0.0,24355950112.88,0.0,0.0,0.0,0.0,24355950112.88,0.0,100.0,0.0
2025,Poder Ejecutivo,Ramos Generales,Aportaciones a Seguridad Social,J025,Porcentaje Ejer/Aprob,0.0,0.0,0.0,0.0,0.0,86.75591489966787,0.0,0.0,0.0,0.0,86.75591489966787,,100.0,
2025,Poder Ejecutivo,Ramos Generales,Aportaciones a Seguridad Social,J025,Porcentaje Ejer/Modif,0.0,0.0,0.0,0.0,0.0,100.0,0.0,0.0,0.0,0.0,100.0,,100.0,
2025,Poder Ejecutivo,Ramos Generales,Aportaciones a Seguridad Social,J026,Previsiones para el Pago de las Pensiones de los Jubilados de Ferrocarriles Nacionales de México,0.0,0.0,0.0,0.0,0.0,0.0,0.0,0.0,0.0,0.0,0.0,,0.0,
2025,Poder Ejecutivo,Ramos Generales,Aportaciones a Seguridad Social,J026,Aprobado,0.0,0.0,0.0,0.0,0.0,2827824886.0,0.0,0.0,0.0,0.0,2827824886.0,0.0,100.0,0.0
2025,Poder Ejecutivo,Ramos Generales,Aportaciones a Seguridad Social,J026,Modificado,0.0,0.0,0.0,0.0,0.0,2400098598.21,0.0,0.0,0.0,0.0,2400098598.21,0.0,100.0,0.0
2025,Poder Ejecutivo,Ramos Generales,Aportaciones a Seguridad Social,J026,Devengado,0.0,0.0,0.0,0.0,0.0,2400098598.21,0.0,0.0,0.0,0.0,2400098598.21,0.0,100.0,0.0
2025,Poder Ejecutivo,Ramos Generales,Aportaciones a Seguridad Social,J026,Ejercido,0.0,0.0,0.0,0.0,0.0,2400098598.21,0.0,0.0,0.0,0.0,2400098598.21,0.0,100.0,0.0
2025,Poder Ejecutivo,Ramos Generales,Aportaciones a Seguridad Social,J026,Porcentaje Ejer/Aprob,0.0,0.0,0.0,0.0,0.0,84.8743714680641,0.0,0.0,0.0,0.0,84.8743714680641,,100.0,
2025,Poder Ejecutivo,Ramos Generales,Aportaciones a Seguridad Social,J026,Porcentaje Ejer/Modif,0.0,0.0,0.0,0.0,0.0,100.0,0.0,0.0,0.0,0.0,100.0,,100.0,
2025,Poder Ejecutivo,Ramos Generales,Aportaciones a Seguridad Social,R010,Pagas de Defunción y Ayuda para Gastos de Sepelio,0.0,0.0,0.0,0.0,0.0,0.0,0.0,0.0,0.0,0.0,0.0,,0.0,
2025,Poder Ejecutivo,Ramos Generales,Aportaciones a Seguridad Social,R010,Aprobado,0.0,0.0,0.0,0.0,0.0,180000000.0,0.0,0.0,0.0,0.0,180000000.0,0.0,100.0,0.0
2025,Poder Ejecutivo,Ramos Generales,Aportaciones a Seguridad Social,R010,Modificado,0.0,0.0,0.0,0.0,0.0,154424482.14,0.0,0.0,0.0,0.0,154424482.14,0.0,100.0,0.0
2025,Poder Ejecutivo,Ramos Generales,Aportaciones a Seguridad Social,R010,Devengado,0.0,0.0,0.0,0.0,0.0,154424482.14,0.0,0.0,0.0,0.0,154424482.14,0.0,100.0,0.0
2025,Poder Ejecutivo,Ramos Generales,Aportaciones a Seguridad Social,R010,Ejercido,0.0,0.0,0.0,0.0,0.0,154424482.14,0.0,0.0,0.0,0.0,154424482.14,0.0,100.0,0.0
2025,Poder Ejecutivo,Ramos Generales,Aportaciones a Seguridad Social,R010,Porcentaje Ejer/Aprob,0.0,0.0,0.0,0.0,0.0,85.79137896666666,0.0,0.0,0.0,0.0,85.79137896666666,,100.0,
2025,Poder Ejecutivo,Ramos Generales,Aportaciones a Seguridad Social,R010,Porcentaje Ejer/Modif,0.0,0.0,0.0,0.0,0.0,100.0,0.0,0.0,0.0,0.0,100.0,,100.0,
2025,Poder Ejecutivo,Ramos Generales,Aportaciones a Seguridad Social,R013,Compensaciones de Carácter Militar con Pago único,0.0,0.0,0.0,0.0,0.0,0.0,0.0,0.0,0.0,0.0,0.0,,0.0,
2025,Poder Ejecutivo,Ramos Generales,Aportaciones a Seguridad Social,R013,Aprobado,0.0,0.0,0.0,0.0,0.0,190000000.0,0.0,0.0,0.0,0.0,190000000.0,0.0,100.0,0.0
2025,Poder Ejecutivo,Ramos Generales,Aportaciones a Seguridad Social,R013,Modificado,0.0,0.0,0.0,0.0,0.0,100374307.29,0.0,0.0,0.0,0.0,100374307.29,0.0,100.0,0.0
2025,Poder Ejecutivo,Ramos Generales,Aportaciones a Seguridad Social,R013,Devengado,0.0,0.0,0.0,0.0,0.0,100374307.29,0.0,0.0,0.0,0.0,100374307.29,0.0,100.0,0.0
2025,Poder Ejecutivo,Ramos Generales,Aportaciones a Seguridad Social,R013,Ejercido,0.0,0.0,0.0,0.0,0.0,100374307.29,0.0,0.0,0.0,0.0,100374307.29,0.0,100.0,0.0
2025,Poder Ejecutivo,Ramos Generales,Aportaciones a Seguridad Social,R013,Porcentaje Ejer/Aprob,0.0,0.0,0.0,0.0,0.0,52.82858278421053,0.0,0.0,0.0,0.0,52.82858278421053,,100.0,
2025,Poder Ejecutivo,Ramos Generales,Aportaciones a Seguridad Social,R013,Porcentaje Ejer/Modif,0.0,0.0,0.0,0.0,0.0,100.0,0.0,0.0,0.0,0.0,100.0,,100.0,
2025,Poder Ejecutivo,Ramos Generales,Aportaciones a Seguridad Social,R015,Apoyo a jubilados del IMSS e ISSSTE,0.0,0.0,0.0,0.0,0.0,0.0,0.0,0.0,0.0,0.0,0.0,,0.0,
2025,Poder Ejecutivo,Ramos Generales,Aportaciones a Seguridad Social,R015,Aprobado,0.0,0.0,0.0,0.0,0.0,0.0,0.0,0.0,0.0,0.0,0.0,0.0,0.0,0.0
2025,Poder Ejecutivo,Ramos Generales,Aportaciones a Seguridad Social,R015,Modificado,0.0,0.0,0.0,0.0,0.0,0.0,0.0,0.0,0.0,0.0,0.0,0.0,0.0,0.0
2025,Poder Ejecutivo,Ramos Generales,Aportaciones a Seguridad Social,R015,Devengado,0.0,0.0,0.0,0.0,0.0,0.0,0.0,0.0,0.0,0.0,0.0,0.0,0.0,0.0
2025,Poder Ejecutivo,Ramos Generales,Aportaciones a Seguridad Social,R015,Ejercido,0.0,0.0,0.0,0.0,0.0,0.0,0.0,0.0,0.0,0.0,0.0,0.0,0.0,0.0
2025,Poder Ejecutivo,Ramos Generales,Aportaciones a Seguridad Social,R015,Porcentaje Ejer/Aprob,0.0,0.0,0.0,0.0,0.0,0.0,0.0,0.0,0.0,0.0,0.0,,0.0,
2025,Poder Ejecutivo,Ramos Generales,Aportaciones a Seguridad Social,R015,Porcentaje Ejer/Modif,0.0,0.0,0.0,0.0,0.0,0.0,0.0,0.0,0.0,0.0,0.0,,0.0,
2025,Poder Ejecutivo,Ramos Generales,Aportaciones a Seguridad Social,R018,Apoyo para cubrir el gasto de operación del ISSSTE,0.0,0.0,0.0,0.0,0.0,0.0,0.0,0.0,0.0,0.0,0.0,,0.0,
2025,Poder Ejecutivo,Ramos Generales,Aportaciones a Seguridad Social,R018,Aprobado,0.0,0.0,0.0,17428698799.0,17428698799.0,0.0,0.0,0.0,0.0,0.0,17428698799.0,100.0,0.0,0.0
2025,Poder Ejecutivo,Ramos Generales,Aportaciones a Seguridad Social,R018,Modificado,0.0,0.0,0.0,18149539629.0,18149539629.0,0.0,0.0,0.0,0.0,0.0,18149539629.0,100.0,0.0,0.0
2025,Poder Ejecutivo,Ramos Generales,Aportaciones a Seguridad Social,R018,Devengado,0.0,0.0,0.0,18149539629.0,18149539629.0,0.0,0.0,0.0,0.0,0.0,18149539629.0,100.0,0.0,0.0
2025,Poder Ejecutivo,Ramos Generales,Aportaciones a Seguridad Social,R018,Ejercido,0.0,0.0,0.0,18149539629.0,18149539629.0,0.0,0.0,0.0,0.0,0.0,18149539629.0,100.0,0.0,0.0
2025,Poder Ejecutivo,Ramos Generales,Aportaciones a Seguridad Social,R018,Porcentaje Ejer/Aprob,0.0,0.0,0.0,104.13594174937121,104.13594174937121,0.0,0.0,0.0,0.0,0.0,104.13594174937121,,0.0,
2025,Poder Ejecutivo,Ramos Generales,Aportaciones a Seguridad Social,R018,Porcentaje Ejer/Modif,0.0,0.0,0.0,100.0,100.0,0.0,0.0,0.0,0.0,0.0,100.0,,0.0,
2025,Poder Ejecutivo,Ramos Generales,Aportaciones a Seguridad Social,R023,Adeudos con el IMSS e ISSSTE y fortalecimiento del Modelo de Atención Integral de Salud,0.0,0.0,0.0,0.0,0.0,0.0,0.0,0.0,0.0,0.0,0.0,,0.0,
2025,Poder Ejecutivo,Ramos Generales,Aportaciones a Seguridad Social,R023,Aprobado,0.0,0.0,0.0,0.0,0.0,0.0,0.0,0.0,0.0,0.0,0.0,0.0,0.0,0.0
2025,Poder Ejecutivo,Ramos Generales,Aportaciones a Seguridad Social,R023,Modificado,0.0,0.0,0.0,0.0,0.0,0.0,0.0,0.0,0.0,0.0,0.0,0.0,0.0,0.0
2025,Poder Ejecutivo,Ramos Generales,Aportaciones a Seguridad Social,R023,Devengado,0.0,0.0,0.0,0.0,0.0,0.0,0.0,0.0,0.0,0.0,0.0,0.0,0.0,0.0
2025,Poder Ejecutivo,Ramos Generales,Aportaciones a Seguridad Social,R023,Ejercido,0.0,0.0,0.0,0.0,0.0,0.0,0.0,0.0,0.0,0.0,0.0,0.0,0.0,0.0
2025,Poder Ejecutivo,Ramos Generales,Aportaciones a Seguridad Social,R023,Porcentaje Ejer/Aprob,0.0,0.0,0.0,0.0,0.0,0.0,0.0,0.0,0.0,0.0,0.0,,0.0,
2025,Poder Ejecutivo,Ramos Generales,Aportaciones a Seguridad Social,R023,Porcentaje Ejer/Modif,0.0,0.0,0.0,0.0,0.0,0.0,0.0,0.0,0.0,0.0,0.0,,0.0,
2025,Poder Ejecutivo,Ramos Generales,Aportaciones a Seguridad Social,T001,Seguro de Enfermedad y Maternidad,0.0,0.0,0.0,0.0,0.0,0.0,0.0,0.0,0.0,0.0,0.0,,0.0,
2025,Poder Ejecutivo,Ramos Generales,Aportaciones a Seguridad Social,T001,Aprobado,0.0,0.0,0.0,146130558204.0,146130558204.0,0.0,0.0,0.0,0.0,0.0,146130558204.0,100.0,0.0,0.0
2025,Poder Ejecutivo,Ramos Generales,Aportaciones a Seguridad Social,T001,Modificado,0.0,0.0,0.0,145153528156.74,145153528156.74,0.0,0.0,0.0,0.0,0.0,145153528156.74,100.0,0.0,0.0
2025,Poder Ejecutivo,Ramos Generales,Aportaciones a Seguridad Social,T001,Devengado,0.0,0.0,0.0,145153528156.74,145153528156.74,0.0,0.0,0.0,0.0,0.0,145153528156.74,100.0,0.0,0.0
2025,Poder Ejecutivo,Ramos Generales,Aportaciones a Seguridad Social,T001,Ejercido,0.0,0.0,0.0,145153528156.74,145153528156.74,0.0,0.0,0.0,0.0,0.0,145153528156.74,100.0,0.0,0.0
2025,Poder Ejecutivo,Ramos Generales,Aportaciones a Seguridad Social,T001,Porcentaje Ejer/Aprob,0.0,0.0,0.0,99.33139922322334,99.33139922322334,0.0,0.0,0.0,0.0,0.0,99.33139922322334,,0.0,
2025,Poder Ejecutivo,Ramos Generales,Aportaciones a Seguridad Social,T001,Porcentaje Ejer/Modif,0.0,0.0,0.0,100.0,100.0,0.0,0.0,0.0,0.0,0.0,100.0,,0.0,
2025,Poder Ejecutivo,Ramos Generales,Aportaciones a Seguridad Social,T002,Seguro de Invalidez y Vida,0.0,0.0,0.0,0.0,0.0,0.0,0.0,0.0,0.0,0.0,0.0,,0.0,
2025,Poder Ejecutivo,Ramos Generales,Aportaciones a Seguridad Social,T002,Aprobado,0.0,0.0,0.0,6509178252.0,6509178252.0,0.0,0.0,0.0,0.0,0.0,6509178252.0,100.0,0.0,0.0
2025,Poder Ejecutivo,Ramos Generales,Aportaciones a Seguridad Social,T002,Modificado,0.0,0.0,0.0,6468783148.84,6468783148.84,0.0,0.0,0.0,0.0,0.0,6468783148.84,100.0,0.0,0.0
2025,Poder Ejecutivo,Ramos Generales,Aportaciones a Seguridad Social,T002,Devengado,0.0,0.0,0.0,6468783148.84,6468783148.84,0.0,0.0,0.0,0.0,0.0,6468783148.84,100.0,0.0,0.0
2025,Poder Ejecutivo,Ramos Generales,Aportaciones a Seguridad Social,T002,Ejercido,0.0,0.0,0.0,6468783148.84,6468783148.84,0.0,0.0,0.0,0.0,0.0,6468783148.84,100.0,0.0,0.0
2025,Poder Ejecutivo,Ramos Generales,Aportaciones a Seguridad Social,T002,Porcentaje Ejer/Aprob,0.0,0.0,0.0,99.37941316712923,99.37941316712923,0.0,0.0,0.0,0.0,0.0,99.37941316712923,,0.0,
2025,Poder Ejecutivo,Ramos Generales,Aportaciones a Seguridad Social,T002,Porcentaje Ejer/Modif,0.0,0.0,0.0,100.0,100.0,0.0,0.0,0.0,0.0,0.0,100.0,,0.0,
2025,Poder Ejecutivo,Ramos Generales,Aportaciones a Seguridad Social,T003,Seguro de Salud para la Familia,0.0,0.0,0.0,0.0,0.0,0.0,0.0,0.0,0.0,0.0,0.0,,0.0,
2025,Poder Ejecutivo,Ramos Generales,Aportaciones a Seguridad Social,T003,Aprobado,0.0,0.0,0.0,636183828.0,636183828.0,0.0,0.0,0.0,0.0,0.0,636183828.0,100.0,0.0,0.0
2025,Poder Ejecutivo,Ramos Generales,Aportaciones a Seguridad Social,T003,Modificado,0.0,0.0,0.0,636183828.0,636183828.0,0.0,0.0,0.0,0.0,0.0,636183828.0,100.0,0.0,0.0
2025,Poder Ejecutivo,Ramos Generales,Aportaciones a Seguridad Social,T003,Devengado,0.0,0.0,0.0,636183828.0,636183828.0,0.0,0.0,0.0,0.0,0.0,636183828.0,100.0,0.0,0.0
2025,Poder Ejecutivo,Ramos Generales,Aportaciones a Seguridad Social,T003,Ejercido,0.0,0.0,0.0,636183828.0,636183828.0,0.0,0.0,0.0,0.0,0.0,636183828.0,100.0,0.0,0.0
2025,Poder Ejecutivo,Ramos Generales,Aportaciones a Seguridad Social,T003,Porcentaje Ejer/Aprob,0.0,0.0,0.0,100.0,100.0,0.0,0.0,0.0,0.0,0.0,100.0,,0.0,
2025,Poder Ejecutivo,Ramos Generales,Aportaciones a Seguridad Social,T003,Porcentaje Ejer/Modif,0.0,0.0,0.0,100.0,100.0,0.0,0.0,0.0,0.0,0.0,100.0,,0.0,
2025,Poder Ejecutivo,Ramos Generales,Aportaciones a Seguridad Social,T005,"Cuota correspondiente de los Haberes, Haberes de Retiro y Pensiones",0.0,0.0,0.0,0.0,0.0,0.0,0.0,0.0,0.0,0.0,0.0,,0.0,
2025,Poder Ejecutivo,Ramos Generales,Aportaciones a Seguridad Social,T005,Aprobado,0.0,0.0,0.0,0.0,0.0,0.0,0.0,0.0,0.0,0.0,0.0,0.0,0.0,0.0
2025,Poder Ejecutivo,Ramos Generales,Aportaciones a Seguridad Social,T005,Modificado,0.0,0.0,0.0,0.0,0.0,0.0,0.0,0.0,0.0,0.0,0.0,0.0,0.0,0.0
2025,Poder Ejecutivo,Ramos Generales,Aportaciones a Seguridad Social,T005,Devengado,0.0,0.0,0.0,0.0,0.0,0.0,0.0,0.0,0.0,0.0,0.0,0.0,0.0,0.0
2025,Poder Ejecutivo,Ramos Generales,Aportaciones a Seguridad Social,T005,Ejercido,0.0,0.0,0.0,0.0,0.0,0.0,0.0,0.0,0.0,0.0,0.0,0.0,0.0,0.0
2025,Poder Ejecutivo,Ramos Generales,Aportaciones a Seguridad Social,T005,Porcentaje Ejer/Aprob,0.0,0.0,0.0,0.0,0.0,0.0,0.0,0.0,0.0,0.0,0.0,,0.0,
2025,Poder Ejecutivo,Ramos Generales,Aportaciones a Seguridad Social,T005,Porcentaje Ejer/Modif,0.0,0.0,0.0,0.0,0.0,0.0,0.0,0.0,0.0,0.0,0.0,,0.0,
2025,Poder Ejecutivo,Ramos Generales,Aportaciones a Seguridad Social,T006,Cuota Social Seguro de Salud ISSSTE,0.0,0.0,0.0,0.0,0.0,0.0,0.0,0.0,0.0,0.0,0.0,,0.0,
2025,Poder Ejecutivo,Ramos Generales,Aportaciones a Seguridad Social,T006,Aprobado,0.0,0.0,0.0,28702110370.0,28702110370.0,0.0,0.0,0.0,0.0,0.0,28702110370.0,100.0,0.0,0.0
2025,Poder Ejecutivo,Ramos Generales,Aportaciones a Seguridad Social,T006,Modificado,0.0,0.0,0.0,27063142488.0,27063142488.0,0.0,0.0,0.0,0.0,0.0,27063142488.0,100.0,0.0,0.0
2025,Poder Ejecutivo,Ramos Generales,Aportaciones a Seguridad Social,T006,Devengado,0.0,0.0,0.0,27063142488.0,27063142488.0,0.0,0.0,0.0,0.0,0.0,27063142488.0,100.0,0.0,0.0
2025,Poder Ejecutivo,Ramos Generales,Aportaciones a Seguridad Social,T006,Ejercido,0.0,0.0,0.0,27063142488.0,27063142488.0,0.0,0.0,0.0,0.0,0.0,27063142488.0,100.0,0.0,0.0
2025,Poder Ejecutivo,Ramos Generales,Aportaciones a Seguridad Social,T006,Porcentaje Ejer/Aprob,0.0,0.0,0.0,94.28973040354175,94.28973040354175,0.0,0.0,0.0,0.0,0.0,94.28973040354175,,0.0,
2025,Poder Ejecutivo,Ramos Generales,Aportaciones a Seguridad Social,T006,Porcentaje Ejer/Modif,0.0,0.0,0.0,100.0,100.0,0.0,0.0,0.0,0.0,0.0,100.0,,0.0,
2025,Poder Ejecutivo,Ramos Generales,Aportaciones a Seguridad Social,U001,Seguridad Social Cañeros,0.0,0.0,0.0,0.0,0.0,0.0,0.0,0.0,0.0,0.0,0.0,,0.0,
2025,Poder Ejecutivo,Ramos Generales,Aportaciones a Seguridad Social,U001,Aprobado,0.0,0.0,332278374.0,0.0,332278374.0,0.0,0.0,0.0,0.0,0.0,332278374.0,100.0,0.0,0.0
2025,Poder Ejecutivo,Ramos Generales,Aportaciones a Seguridad Social,U001,Modificado,0.0,0.0,332278374.0,0.0,332278374.0,0.0,0.0,0.0,0.0,0.0,332278374.0,100.0,0.0,0.0
2025,Poder Ejecutivo,Ramos Generales,Aportaciones a Seguridad Social,U001,Devengado,0.0,0.0,332278374.0,0.0,332278374.0,0.0,0.0,0.0,0.0,0.0,332278374.0,100.0,0.0,0.0
2025,Poder Ejecutivo,Ramos Generales,Aportaciones a Seguridad Social,U001,Ejercido,0.0,0.0,332278374.0,0.0,332278374.0,0.0,0.0,0.0,0.0,0.0,332278374.0,100.0,0.0,0.0
2025,Poder Ejecutivo,Ramos Generales,Aportaciones a Seguridad Social,U001,Porcentaje Ejer/Aprob,0.0,0.0,100.0,0.0,100.0,0.0,0.0,0.0,0.0,0.0,100.0,,0.0,
2025,Poder Ejecutivo,Ramos Generales,Aportaciones a Seguridad Social,U001,Porcentaje Ejer/Modif,0.0,0.0,100.0,0.0,100.0,0.0,0.0,0.0,0.0,0.0,100.0,,0.0,
2025,Poder Ejecutivo,Ramos Generales,Aportaciones a Seguridad Social,U002,Régimen de Incorporación,0.0,0.0,0.0,0.0,0.0,0.0,0.0,0.0,0.0,0.0,0.0,,0.0,
2025,Poder Ejecutivo,Ramos Generales,Aportaciones a Seguridad Social,U002,Aprobado,0.0,0.0,655379622.0,0.0,655379622.0,0.0,0.0,0.0,0.0,0.0,655379622.0,100.0,0.0,0.0
2025,Poder Ejecutivo,Ramos Generales,Aportaciones a Seguridad Social,U002,Modificado,0.0,0.0,344942277.92,0.0,344942277.92,0.0,0.0,0.0,0.0,0.0,344942277.92,100.0,0.0,0.0
2025,Poder Ejecutivo,Ramos Generales,Aportaciones a Seguridad Social,U002,Devengado,0.0,0.0,344942277.92,0.0,344942277.92,0.0,0.0,0.0,0.0,0.0,344942277.92,100.0,0.0,0.0
2025,Poder Ejecutivo,Ramos Generales,Aportaciones a Seguridad Social,U002,Ejercido,0.0,0.0,344942277.92,0.0,344942277.92,0.0,0.0,0.0,0.0,0.0,344942277.92,100.0,0.0,0.0
2025,Poder Ejecutivo,Ramos Generales,Aportaciones a Seguridad Social,U002,Porcentaje Ejer/Aprob,0.0,0.0,52.63243871809002,0.0,52.63243871809002,0.0,0.0,0.0,0.0,0.0,52.63243871809002,,0.0,
2025,Poder Ejecutivo,Ramos Generales,Aportaciones a Seguridad Social,U002,Porcentaje Ejer/Modif,0.0,0.0,100.0,0.0,100.0,0.0,0.0,0.0,0.0,0.0,100.0,,0.0,
2025,Poder Ejecutivo,Ramos Generales,Aportaciones a Seguridad Social,U003,Subsidio por cáncer IMSS y ayudas guardería ABC,0.0,0.0,0.0,0.0,0.0,0.0,0.0,0.0,0.0,0.0,0.0,,0.0,
2025,Poder Ejecutivo,Ramos Generales,Aportaciones a Seguridad Social,U003,Aprobado,0.0,0.0,25896128.0,299254207.0,325150335.0,0.0,0.0,0.0,0.0,0.0,325150335.0,100.0,0.0,0.0
2025,Poder Ejecutivo,Ramos Generales,Aportaciones a Seguridad Social,U003,Modificado,0.0,0.0,22475725.54,299254207.0,321729932.54,0.0,0.0,0.0,0.0,0.0,321729932.54,100.0,0.0,0.0
2025,Poder Ejecutivo,Ramos Generales,Aportaciones a Seguridad Social,U003,Devengado,0.0,0.0,22475725.54,299254207.0,321729932.54,0.0,0.0,0.0,0.0,0.0,321729932.54,100.0,0.0,0.0
2025,Poder Ejecutivo,Ramos Generales,Aportaciones a Seguridad Social,U003,Ejercido,0.0,0.0,22475725.54,299254207.0,321729932.54,0.0,0.0,0.0,0.0,0.0,321729932.54,100.0,0.0,0.0
2025,Poder Ejecutivo,Ramos Generales,Aportaciones a Seguridad Social,U003,Porcentaje Ejer/Aprob,0.0,0.0,86.79183830107729,100.0,98.94805507120269,0.0,0.0,0.0,0.0,0.0,98.94805507120269,,0.0,
2025,Poder Ejecutivo,Ramos Generales,Aportaciones a Seguridad Social,U003,Porcentaje Ejer/Modif,0.0,0.0,100.0,100.0,100.0,0.0,0.0,0.0,0.0,0.0,100.0,,0.0,
2025,Poder Ejecutivo,Ramos Generales,Aportaciones a Seguridad Social,U004,Subsidio por cáncer ISSSTE,0.0,0.0,0.0,0.0,0.0,0.0,0.0,0.0,0.0,0.0,0.0,,0.0,
2025,Poder Ejecutivo,Ramos Generales,Aportaciones a Seguridad Social,U004,Aprobado,0.0,0.0,168000000.0,0.0,168000000.0,0.0,0.0,0.0,0.0,0.0,168000000.0,100.0,0.0,0.0
2025,Poder Ejecutivo,Ramos Generales,Aportaciones a Seguridad Social,U004,Modificado,0.0,0.0,182978.96,0.0,182978.96,0.0,0.0,0.0,0.0,0.0,182978.96,100.0,0.0,0.0
2025,Poder Ejecutivo,Ramos Generales,Aportaciones a Seguridad Social,U004,Devengado,0.0,0.0,182978.96,0.0,182978.96,0.0,0.0,0.0,0.0,0.0,182978.96,100.0,0.0,0.0
2025,Poder Ejecutivo,Ramos Generales,Aportaciones a Seguridad Social,U004,Ejercido,0.0,0.0,182978.96,0.0,182978.96,0.0,0.0,0.0,0.0,0.0,182978.96,100.0,0.0,0.0
2025,Poder Ejecutivo,Ramos Generales,Aportaciones a Seguridad Social,U004,Porcentaje Ejer/Aprob,0.0,0.0,0.10891604761904762,0.0,0.10891604761904762,0.0,0.0,0.0,0.0,0.0,0.10891604761904762,,0.0,
2025,Poder Ejecutivo,Ramos Generales,Aportaciones a Seguridad Social,U004,Porcentaje Ejer/Modif,0.0,0.0,100.0,0.0,100.0,0.0,0.0,0.0,0.0,0.0,100.0,,0.0,
2025,Poder Ejecutivo,Ramos Generales,Provisiones Salariales y Económicas,TOTAL,Aprobado,34514166978.0,166160000.0,89565134129.0,15107407.0,124260568514.0,0.0,28678146858.0,7140100000.0,0.0,35818246858.0,160078815372.0,77.62461773922828,0.0,22.37538226077172
2025,Poder Ejecutivo,Ramos Generales,Provisiones Salariales y Económicas,TOTAL,Modificado,1530349281.79,0.0,90068132555.94,5275393702.34,96873875540.07,0.0,22945377120.0,7421770361.55,0.0,30367147481.55,127241023021.62,76.13415330966791,0.0,23.8658466903321
2025,Poder Ejecutivo,Ramos Generales,Provisiones Salariales y Económicas,TOTAL,Devengado,1530349281.79,0.0,90068132555.94,5275393702.34,96873875540.07,0.0,22945377120.0,7421770361.55,0.0,30367147481.55,127241023021.62,76.13415330966791,0.0,23.8658466903321
2025,Poder Ejecutivo,Ramos Generales,Provisiones Salariales y Económicas,TOTAL,Ejercido,1530349281.79,0.0,90068132555.94,5275393702.34,96873875540.07,0.0,22945377120.0,7421770361.55,0.0,30367147481.55,127241023021.62,76.13415330966791,0.0,23.8658466903321
2025,Poder Ejecutivo,Ramos Generales,Provisiones Salariales y Económicas,TOTAL,Porcentaje Ejer/Aprob,4.433974265597875,0.0,100.561600707498,0.0,77.96027066233451,0.0,80.00997147275297,103.9449077961093,0.0,84.78122226902767,79.48648465815434,,0.0,
2025,Poder Ejecutivo,Ramos Generales,Provisiones Salariales y Económicas,TOTAL,Porcentaje Ejer/Modif,100.0,0.0,100.0,100.0,100.0,0.0,100.0,100.0,0.0,100.0,100.0,,0.0,
2025,Poder Ejecutivo,Ramos Generales,Provisiones Salariales y Económicas,N001,Fondo de Desastres Naturales (FONDEN),0.0,0.0,0.0,0.0,0.0,0.0,0.0,0.0,0.0,0.0,0.0,,0.0,
2025,Poder Ejecutivo,Ramos Generales,Provisiones Salariales y Económicas,N001,Aprobado,0.0,0.0,0.0,0.0,0.0,0.0,18677174735.0,0.0,0.0,18677174735.0,18677174735.0,0.0,0.0,100.0
2025,Poder Ejecutivo,Ramos Generales,Provisiones Salariales y Económicas,N001,Modificado,0.0,0.0,0.0,0.0,0.0,0.0,0.0,0.0,0.0,0.0,0.0,0.0,0.0,0.0
2025,Poder Ejecutivo,Ramos Generales,Provisiones Salariales y Económicas,N001,Devengado,0.0,0.0,0.0,0.0,0.0,0.0,0.0,0.0,0.0,0.0,0.0,0.0,0.0,0.0
2025,Poder Ejecutivo,Ramos Generales,Provisiones Salariales y Económicas,N001,Ejercido,0.0,0.0,0.0,0.0,0.0,0.0,0.0,0.0,0.0,0.0,0.0,0.0,0.0,0.0
2025,Poder Ejecutivo,Ramos Generales,Provisiones Salariales y Económicas,N001,Porcentaje Ejer/Aprob,0.0,0.0,0.0,0.0,0.0,0.0,0.0,0.0,0.0,0.0,0.0,,0.0,
2025,Poder Ejecutivo,Ramos Generales,Provisiones Salariales y Económicas,N001,Porcentaje Ejer/Modif,0.0,0.0,0.0,0.0,0.0,0.0,0.0,0.0,0.0,0.0,0.0,,0.0,
2025,Poder Ejecutivo,Ramos Generales,Provisiones Salariales y Económicas,N002,Fondo de Prevención de Desastres Naturales (FOPREDEN),0.0,0.0,0.0,0.0,0.0,0.0,0.0,0.0,0.0,0.0,0.0,,0.0,
2025,Poder Ejecutivo,Ramos Generales,Provisiones Salariales y Económicas,N002,Aprobado,0.0,0.0,0.0,0.0,0.0,0.0,237110803.0,0.0,0.0,237110803.0,237110803.0,0.0,0.0,100.0
2025,Poder Ejecutivo,Ramos Generales,Provisiones Salariales y Económicas,N002,Modificado,0.0,0.0,0.0,0.0,0.0,0.0,0.0,0.0,0.0,0.0,0.0,0.0,0.0,0.0
2025,Poder Ejecutivo,Ramos Generales,Provisiones Salariales y Económicas,N002,Devengado,0.0,0.0,0.0,0.0,0.0,0.0,0.0,0.0,0.0,0.0,0.0,0.0,0.0,0.0
2025,Poder Ejecutivo,Ramos Generales,Provisiones Salariales y Económicas,N002,Ejercido,0.0,0.0,0.0,0.0,0.0,0.0,0.0,0.0,0.0,0.0,0.0,0.0,0.0,0.0
2025,Poder Ejecutivo,Ramos Generales,Provisiones Salariales y Económicas,N002,Porcentaje Ejer/Aprob,0.0,0.0,0.0,0.0,0.0,0.0,0.0,0.0,0.0,0.0,0.0,,0.0,
2025,Poder Ejecutivo,Ramos Generales,Provisiones Salariales y Económicas,N002,Porcentaje Ejer/Modif,0.0,0.0,0.0,0.0,0.0,0.0,0.0,0.0,0.0,0.0,0.0,,0.0,
2025,Poder Ejecutivo,Ramos Generales,Provisiones Salariales y Económicas,R001,Situaciones laborales supervenientes,0.0,0.0,0.0,0.0,0.0,0.0,0.0,0.0,0.0,0.0,0.0,,0.0,
2025,Poder Ejecutivo,Ramos Generales,Provisiones Salariales y Económicas,R001,Aprobado,9510379771.0,0.0,0.0,0.0,9510379771.0,0.0,0.0,0.0,0.0,0.0,9510379771.0,100.0,0.0,0.0
2025,Poder Ejecutivo,Ramos Generales,Provisiones Salariales y Económicas,R001,Modificado,0.0,0.0,0.0,0.0,0.0,0.0,0.0,0.0,0.0,0.0,0.0,0.0,0.0,0.0
2025,Poder Ejecutivo,Ramos Generales,Provisiones Salariales y Económicas,R001,Devengado,0.0,0.0,0.0,0.0,0.0,0.0,0.0,0.0,0.0,0.0,0.0,0.0,0.0,0.0
2025,Poder Ejecutivo,Ramos Generales,Provisiones Salariales y Económicas,R001,Ejercido,0.0,0.0,0.0,0.0,0.0,0.0,0.0,0.0,0.0,0.0,0.0,0.0,0.0,0.0
2025,Poder Ejecutivo,Ramos Generales,Provisiones Salariales y Económicas,R001,Porcentaje Ejer/Aprob,0.0,0.0,0.0,0.0,0.0,0.0,0.0,0.0,0.0,0.0,0.0,,0.0,
2025,Poder Ejecutivo,Ramos Generales,Provisiones Salariales y Económicas,R001,Porcentaje Ejer/Modif,0.0,0.0,0.0,0.0,0.0,0.0,0.0,0.0,0.0,0.0,0.0,,0.0,
2025,Poder Ejecutivo,Ramos Generales,Provisiones Salariales y Económicas,R004,Fondo de Ahorro Capitalizable (FONAC),0.0,0.0,0.0,0.0,0.0,0.0,0.0,0.0,0.0,0.0,0.0,,0.0,
2025,Poder Ejecutivo,Ramos Generales,Provisiones Salariales y Económicas,R004,Aprobado,0.0,0.0,0.0,0.0,0.0,0.0,0.0,0.0,0.0,0.0,0.0,0.0,0.0,0.0
2025,Poder Ejecutivo,Ramos Generales,Provisiones Salariales y Económicas,R004,Modificado,0.0,0.0,0.0,5250131984.47,5250131984.47,0.0,0.0,0.0,0.0,0.0,5250131984.47,100.0,0.0,0.0
2025,Poder Ejecutivo,Ramos Generales,Provisiones Salariales y Económicas,R004,Devengado,0.0,0.0,0.0,5250131984.47,5250131984.47,0.0,0.0,0.0,0.0,0.0,5250131984.47,100.0,0.0,0.0
2025,Poder Ejecutivo,Ramos Generales,Provisiones Salariales y Económicas,R004,Ejercido,0.0,0.0,0.0,5250131984.47,5250131984.47,0.0,0.0,0.0,0.0,0.0,5250131984.47,100.0,0.0,0.0
2025,Poder Ejecutivo,Ramos Generales,Provisiones Salariales y Económicas,R004,Porcentaje Ejer/Aprob,0.0,0.0,0.0,0.0,0.0,0.0,0.0,0.0,0.0,0.0,0.0,,0.0,
2025,Poder Ejecutivo,Ramos Generales,Provisiones Salariales y Económicas,R004,Porcentaje Ejer/Modif,0.0,0.0,0.0,100.0,100.0,0.0,0.0,0.0,0.0,0.0,100.0,,0.0,
2025,Poder Ejecutivo,Ramos Generales,Provisiones Salariales y Económicas,R007,Comisiones y pago a CECOBAN,0.0,0.0,0.0,0.0,0.0,0.0,0.0,0.0,0.0,0.0,0.0,,0.0,
2025,Poder Ejecutivo,Ramos Generales,Provisiones Salariales y Económicas,R007,Aprobado,0.0,166160000.0,0.0,0.0,166160000.0,0.0,0.0,0.0,0.0,0.0,166160000.0,100.0,0.0,0.0
2025,Poder Ejecutivo,Ramos Generales,Provisiones Salariales y Económicas,R007,Modificado,0.0,0.0,0.0,0.0,0.0,0.0,0.0,0.0,0.0,0.0,0.0,0.0,0.0,0.0
2025,Poder Ejecutivo,Ramos Generales,Provisiones Salariales y Económicas,R007,Devengado,0.0,0.0,0.0,0.0,0.0,0.0,0.0,0.0,0.0,0.0,0.0,0.0,0.0,0.0
2025,Poder Ejecutivo,Ramos Generales,Provisiones Salariales y Económicas,R007,Ejercido,0.0,0.0,0.0,0.0,0.0,0.0,0.0,0.0,0.0,0.0,0.0,0.0,0.0,0.0
2025,Poder Ejecutivo,Ramos Generales,Provisiones Salariales y Económicas,R007,Porcentaje Ejer/Aprob,0.0,0.0,0.0,0.0,0.0,0.0,0.0,0.0,0.0,0.0,0.0,,0.0,
2025,Poder Ejecutivo,Ramos Generales,Provisiones Salariales y Económicas,R007,Porcentaje Ejer/Modif,0.0,0.0,0.0,0.0,0.0,0.0,0.0,0.0,0.0,0.0,0.0,,0.0,
2025,Poder Ejecutivo,Ramos Generales,Provisiones Salariales y Económicas,R010,Investigación en materia de hidrocarburos y sustentabilidad energética,0.0,0.0,0.0,0.0,0.0,0.0,0.0,0.0,0.0,0.0,0.0,,0.0,
2025,Poder Ejecutivo,Ramos Generales,Provisiones Salariales y Económicas,R010,Aprobado,0.0,0.0,0.0,0.0,0.0,0.0,1818484200.0,0.0,0.0,1818484200.0,1818484200.0,0.0,0.0,100.0
2025,Poder Ejecutivo,Ramos Generales,Provisiones Salariales y Económicas,R010,Modificado,0.0,0.0,0.0,0.0,0.0,0.0,0.0,0.0,0.0,0.0,0.0,0.0,0.0,0.0
2025,Poder Ejecutivo,Ramos Generales,Provisiones Salariales y Económicas,R010,Devengado,0.0,0.0,0.0,0.0,0.0,0.0,0.0,0.0,0.0,0.0,0.0,0.0,0.0,0.0
2025,Poder Ejecutivo,Ramos Generales,Provisiones Salariales y Económicas,R010,Ejercido,0.0,0.0,0.0,0.0,0.0,0.0,0.0,0.0,0.0,0.0,0.0,0.0,0.0,0.0
2025,Poder Ejecutivo,Ramos Generales,Provisiones Salariales y Económicas,R010,Porcentaje Ejer/Aprob,0.0,0.0,0.0,0.0,0.0,0.0,0.0,0.0,0.0,0.0,0.0,,0.0,
2025,Poder Ejecutivo,Ramos Generales,Provisiones Salariales y Económicas,R010,Porcentaje Ejer/Modif,0.0,0.0,0.0,0.0,0.0,0.0,0.0,0.0,0.0,0.0,0.0,,0.0,
2025,Poder Ejecutivo,Ramos Generales,Provisiones Salariales y Económicas,R011,Fiscalización,0.0,0.0,0.0,0.0,0.0,0.0,0.0,0.0,0.0,0.0,0.0,,0.0,
2025,Poder Ejecutivo,Ramos Generales,Provisiones Salariales y Económicas,R011,Aprobado,0.0,0.0,0.0,15107407.0,15107407.0,0.0,0.0,0.0,0.0,0.0,15107407.0,100.0,0.0,0.0
2025,Poder Ejecutivo,Ramos Generales,Provisiones Salariales y Económicas,R011,Modificado,0.0,0.0,0.0,0.0,0.0,0.0,0.0,0.0,0.0,0.0,0.0,0.0,0.0,0.0
2025,Poder Ejecutivo,Ramos Generales,Provisiones Salariales y Económicas,R011,Devengado,0.0,0.0,0.0,0.0,0.0,0.0,0.0,0.0,0.0,0.0,0.0,0.0,0.0,0.0
2025,Poder Ejecutivo,Ramos Generales,Provisiones Salariales y Económicas,R011,Ejercido,0.0,0.0,0.0,0.0,0.0,0.0,0.0,0.0,0.0,0.0,0.0,0.0,0.0,0.0
2025,Poder Ejecutivo,Ramos Generales,Provisiones Salariales y Económicas,R011,Porcentaje Ejer/Aprob,0.0,0.0,0.0,0.0,0.0,0.0,0.0,0.0,0.0,0.0,0.0,,0.0,
2025,Poder Ejecutivo,Ramos Generales,Provisiones Salariales y Económicas,R011,Porcentaje Ejer/Modif,0.0,0.0,0.0,0.0,0.0,0.0,0.0,0.0,0.0,0.0,0.0,,0.0,
2025,Poder Ejecutivo,Ramos Generales,Provisiones Salariales y Económicas,R013,Medidas de Racionalidad y Austeridad Servicios Personales (Seguridad Social),0.0,0.0,0.0,0.0,0.0,0.0,0.0,0.0,0.0,0.0,0.0,,0.0,
2025,Poder Ejecutivo,Ramos Generales,Provisiones Salariales y Económicas,R013,Aprobado,0.0,0.0,0.0,0.0,0.0,0.0,0.0,0.0,0.0,0.0,0.0,0.0,0.0,0.0
2025,Poder Ejecutivo,Ramos Generales,Provisiones Salariales y Económicas,R013,Modificado,0.0,0.0,0.0,0.0,0.0,0.0,0.0,0.0,0.0,0.0,0.0,0.0,0.0,0.0
2025,Poder Ejecutivo,Ramos Generales,Provisiones Salariales y Económicas,R013,Devengado,0.0,0.0,0.0,0.0,0.0,0.0,0.0,0.0,0.0,0.0,0.0,0.0,0.0,0.0
2025,Poder Ejecutivo,Ramos Generales,Provisiones Salariales y Económicas,R013,Ejercido,0.0,0.0,0.0,0.0,0.0,0.0,0.0,0.0,0.0,0.0,0.0,0.0,0.0,0.0
2025,Poder Ejecutivo,Ramos Generales,Provisiones Salariales y Económicas,R013,Porcentaje Ejer/Aprob,0.0,0.0,0.0,0.0,0.0,0.0,0.0,0.0,0.0,0.0,0.0,,0.0,
2025,Poder Ejecutivo,Ramos Generales,Provisiones Salariales y Económicas,R013,Porcentaje Ejer/Modif,0.0,0.0,0.0,0.0,0.0,0.0,0.0,0.0,0.0,0.0,0.0,,0.0,
2025,Poder Ejecutivo,Ramos Generales,Provisiones Salariales y Económicas,R019,Concentración de Recursos por Conversión de Plazas,0.0,0.0,0.0,0.0,0.0,0.0,0.0,0.0,0.0,0.0,0.0,,0.0,
2025,Poder Ejecutivo,Ramos Generales,Provisiones Salariales y Económicas,R019,Aprobado,0.0,0.0,0.0,0.0,0.0,0.0,0.0,0.0,0.0,0.0,0.0,0.0,0.0,0.0
2025,Poder Ejecutivo,Ramos Generales,Provisiones Salariales y Económicas,R019,Modificado,0.0,0.0,0.0,0.0,0.0,0.0,0.0,0.0,0.0,0.0,0.0,0.0,0.0,0.0
2025,Poder Ejecutivo,Ramos Generales,Provisiones Salariales y Económicas,R019,Devengado,0.0,0.0,0.0,0.0,0.0,0.0,0.0,0.0,0.0,0.0,0.0,0.0,0.0,0.0
2025,Poder Ejecutivo,Ramos Generales,Provisiones Salariales y Económicas,R019,Ejercido,0.0,0.0,0.0,0.0,0.0,0.0,0.0,0.0,0.0,0.0,0.0,0.0,0.0,0.0
2025,Poder Ejecutivo,Ramos Generales,Provisiones Salariales y Económicas,R019,Porcentaje Ejer/Aprob,0.0,0.0,0.0,0.0,0.0,0.0,0.0,0.0,0.0,0.0,0.0,,0.0,
2025,Poder Ejecutivo,Ramos Generales,Provisiones Salariales y Económicas,R019,Porcentaje Ejer/Modif,0.0,0.0,0.0,0.0,0.0,0.0,0.0,0.0,0.0,0.0,0.0,,0.0,
2025,Poder Ejecutivo,Ramos Generales,Provisiones Salariales y Económicas,R031,Regularización contable y compensada (Ingresos Excedentes),0.0,0.0,0.0,0.0,0.0,0.0,0.0,0.0,0.0,0.0,0.0,,0.0,
2025,Poder Ejecutivo,Ramos Generales,Provisiones Salariales y Económicas,R031,Aprobado,0.0,0.0,0.0,0.0,0.0,0.0,0.0,0.0,0.0,0.0,0.0,0.0,0.0,0.0
2025,Poder Ejecutivo,Ramos Generales,Provisiones Salariales y Económicas,R031,Modificado,0.0,0.0,0.0,0.0,0.0,0.0,0.0,0.0,0.0,0.0,0.0,0.0,0.0,0.0
2025,Poder Ejecutivo,Ramos Generales,Provisiones Salariales y Económicas,R031,Devengado,0.0,0.0,0.0,0.0,0.0,0.0,0.0,0.0,0.0,0.0,0.0,0.0,0.0,0.0
2025,Poder Ejecutivo,Ramos Generales,Provisiones Salariales y Económicas,R031,Ejercido,0.0,0.0,0.0,0.0,0.0,0.0,0.0,0.0,0.0,0.0,0.0,0.0,0.0,0.0
2025,Poder Ejecutivo,Ramos Generales,Provisiones Salariales y Económicas,R031,Porcentaje Ejer/Aprob,0.0,0.0,0.0,0.0,0.0,0.0,0.0,0.0,0.0,0.0,0.0,,0.0,
2025,Poder Ejecutivo,Ramos Generales,Provisiones Salariales y Económicas,R031,Porcentaje Ejer/Modif,0.0,0.0,0.0,0.0,0.0,0.0,0.0,0.0,0.0,0.0,0.0,,0.0,
2025,Poder Ejecutivo,Ramos Generales,Provisiones Salariales y Económicas,R032,Reasignaciones presupuestarias entre dependencias y entidades,0.0,0.0,0.0,0.0,0.0,0.0,0.0,0.0,0.0,0.0,0.0,,0.0,
2025,Poder Ejecutivo,Ramos Generales,Provisiones Salariales y Económicas,R032,Aprobado,0.0,0.0,0.0,0.0,0.0,0.0,0.0,0.0,0.0,0.0,0.0,0.0,0.0,0.0
2025,Poder Ejecutivo,Ramos Generales,Provisiones Salariales y Económicas,R032,Modificado,0.0,0.0,0.0,0.0,0.0,0.0,0.0,0.0,0.0,0.0,0.0,0.0,0.0,0.0
2025,Poder Ejecutivo,Ramos Generales,Provisiones Salariales y Económicas,R032,Devengado,0.0,0.0,0.0,0.0,0.0,0.0,0.0,0.0,0.0,0.0,0.0,0.0,0.0,0.0
2025,Poder Ejecutivo,Ramos Generales,Provisiones Salariales y Económicas,R032,Ejercido,0.0,0.0,0.0,0.0,0.0,0.0,0.0,0.0,0.0,0.0,0.0,0.0,0.0,0.0
2025,Poder Ejecutivo,Ramos Generales,Provisiones Salariales y Económicas,R032,Porcentaje Ejer/Aprob,0.0,0.0,0.0,0.0,0.0,0.0,0.0,0.0,0.0,0.0,0.0,,0.0,
2025,Poder Ejecutivo,Ramos Generales,Provisiones Salariales y Económicas,R032,Porcentaje Ejer/Modif,0.0,0.0,0.0,0.0,0.0,0.0,0.0,0.0,0.0,0.0,0.0,,0.0,
2025,Poder Ejecutivo,Ramos Generales,Provisiones Salariales y Económicas,R034,Restitución de Remanentes de Paquete Salarial,0.0,0.0,0.0,0.0,0.0,0.0,0.0,0.0,0.0,0.0,0.0,,0.0,
2025,Poder Ejecutivo,Ramos Generales,Provisiones Salariales y Económicas,R034,Aprobado,0.0,0.0,0.0,0.0,0.0,0.0,0.0,0.0,0.0,0.0,0.0,0.0,0.0,0.0
2025,Poder Ejecutivo,Ramos Generales,Provisiones Salariales y Económicas,R034,Modificado,0.0,0.0,0.0,0.0,0.0,0.0,0.0,0.0,0.0,0.0,0.0,0.0,0.0,0.0
2025,Poder Ejecutivo,Ramos Generales,Provisiones Salariales y Económicas,R034,Devengado,0.0,0.0,0.0,0.0,0.0,0.0,0.0,0.0,0.0,0.0,0.0,0.0,0.0,0.0
2025,Poder Ejecutivo,Ramos Generales,Provisiones Salariales y Económicas,R034,Ejercido,0.0,0.0,0.0,0.0,0.0,0.0,0.0,0.0,0.0,0.0,0.0,0.0,0.0,0.0
2025,Poder Ejecutivo,Ramos Generales,Provisiones Salariales y Económicas,R034,Porcentaje Ejer/Aprob,0.0,0.0,0.0,0.0,0.0,0.0,0.0,0.0,0.0,0.0,0.0,,0.0,
2025,Poder Ejecutivo,Ramos Generales,Provisiones Salariales y Económicas,R034,Porcentaje Ejer/Modif,0.0,0.0,0.0,0.0,0.0,0.0,0.0,0.0,0.0,0.0,0.0,,0.0,
2025,Poder Ejecutivo,Ramos Generales,Provisiones Salariales y Económicas,R065,Medidas de Racionalidad y Ahorro Congelamiento de Plazas (Vacancia),0.0,0.0,0.0,0.0,0.0,0.0,0.0,0.0,0.0,0.0,0.0,,0.0,
2025,Poder Ejecutivo,Ramos Generales,Provisiones Salariales y Económicas,R065,Aprobado,0.0,0.0,0.0,0.0,0.0,0.0,0.0,0.0,0.0,0.0,0.0,0.0,0.0,0.0
2025,Poder Ejecutivo,Ramos Generales,Provisiones Salariales y Económicas,R065,Modificado,0.0,0.0,0.0,0.0,0.0,0.0,0.0,0.0,0.0,0.0,0.0,0.0,0.0,0.0
2025,Poder Ejecutivo,Ramos Generales,Provisiones Salariales y Económicas,R065,Devengado,0.0,0.0,0.0,0.0,0.0,0.0,0.0,0.0,0.0,0.0,0.0,0.0,0.0,0.0
2025,Poder Ejecutivo,Ramos Generales,Provisiones Salariales y Económicas,R065,Ejercido,0.0,0.0,0.0,0.0,0.0,0.0,0.0,0.0,0.0,0.0,0.0,0.0,0.0,0.0
2025,Poder Ejecutivo,Ramos Generales,Provisiones Salariales y Económicas,R065,Porcentaje Ejer/Aprob,0.0,0.0,0.0,0.0,0.0,0.0,0.0,0.0,0.0,0.0,0.0,,0.0,
2025,Poder Ejecutivo,Ramos Generales,Provisiones Salariales y Económicas,R065,Porcentaje Ejer/Modif,0.0,0.0,0.0,0.0,0.0,0.0,0.0,0.0,0.0,0.0,0.0,,0.0,
2025,Poder Ejecutivo,Ramos Generales,Provisiones Salariales y Económicas,R066,Programa de Separación Laboral,0.0,0.0,0.0,0.0,0.0,0.0,0.0,0.0,0.0,0.0,0.0,,0.0,
2025,Poder Ejecutivo,Ramos Generales,Provisiones Salariales y Económicas,R066,Aprobado,1161330328.0,0.0,0.0,0.0,1161330328.0,0.0,0.0,0.0,0.0,0.0,1161330328.0,100.0,0.0,0.0
2025,Poder Ejecutivo,Ramos Generales,Provisiones Salariales y Económicas,R066,Modificado,0.0,0.0,0.0,0.0,0.0,0.0,0.0,0.0,0.0,0.0,0.0,0.0,0.0,0.0
2025,Poder Ejecutivo,Ramos Generales,Provisiones Salariales y Económicas,R066,Devengado,0.0,0.0,0.0,0.0,0.0,0.0,0.0,0.0,0.0,0.0,0.0,0.0,0.0,0.0
2025,Poder Ejecutivo,Ramos Generales,Provisiones Salariales y Económicas,R066,Ejercido,0.0,0.0,0.0,0.0,0.0,0.0,0.0,0.0,0.0,0.0,0.0,0.0,0.0,0.0
2025,Poder Ejecutivo,Ramos Generales,Provisiones Salariales y Económicas,R066,Porcentaje Ejer/Aprob,0.0,0.0,0.0,0.0,0.0,0.0,0.0,0.0,0.0,0.0,0.0,,0.0,
2025,Poder Ejecutivo,Ramos Generales,Provisiones Salariales y Económicas,R066,Porcentaje Ejer/Modif,0.0,0.0,0.0,0.0,0.0,0.0,0.0,0.0,0.0,0.0,0.0,,0.0,
2025,Poder Ejecutivo,Ramos Generales,Provisiones Salariales y Económicas,R068,Seguro de vida de las Dependencias y Entidades de la APF,0.0,0.0,0.0,0.0,0.0,0.0,0.0,0.0,0.0,0.0,0.0,,0.0,
2025,Poder Ejecutivo,Ramos Generales,Provisiones Salariales y Económicas,R068,Aprobado,0.0,0.0,0.0,0.0,0.0,0.0,0.0,0.0,0.0,0.0,0.0,0.0,0.0,0.0
2025,Poder Ejecutivo,Ramos Generales,Provisiones Salariales y Económicas,R068,Modificado,1424900281.05,0.0,0.0,0.0,1424900281.05,0.0,0.0,0.0,0.0,0.0,1424900281.05,100.0,0.0,0.0
2025,Poder Ejecutivo,Ramos Generales,Provisiones Salariales y Económicas,R068,Devengado,1424900281.05,0.0,0.0,0.0,1424900281.05,0.0,0.0,0.0,0.0,0.0,1424900281.05,100.0,0.0,0.0
2025,Poder Ejecutivo,Ramos Generales,Provisiones Salariales y Económicas,R068,Ejercido,1424900281.05,0.0,0.0,0.0,1424900281.05,0.0,0.0,0.0,0.0,0.0,1424900281.05,100.0,0.0,0.0
2025,Poder Ejecutivo,Ramos Generales,Provisiones Salariales y Económicas,R068,Porcentaje Ejer/Aprob,0.0,0.0,0.0,0.0,0.0,0.0,0.0,0.0,0.0,0.0,0.0,,0.0,
2025,Poder Ejecutivo,Ramos Generales,Provisiones Salariales y Económicas,R068,Porcentaje Ejer/Modif,100.0,0.0,0.0,0.0,100.0,0.0,0.0,0.0,0.0,0.0,100.0,,0.0,
2025,Poder Ejecutivo,Ramos Generales,Provisiones Salariales y Económicas,R069,Seguro Colectivo de Retiro,0.0,0.0,0.0,0.0,0.0,0.0,0.0,0.0,0.0,0.0,0.0,,0.0,
2025,Poder Ejecutivo,Ramos Generales,Provisiones Salariales y Económicas,R069,Aprobado,0.0,0.0,0.0,0.0,0.0,0.0,0.0,0.0,0.0,0.0,0.0,0.0,0.0,0.0
2025,Poder Ejecutivo,Ramos Generales,Provisiones Salariales y Económicas,R069,Modificado,105449000.74,0.0,0.0,0.0,105449000.74,0.0,0.0,0.0,0.0,0.0,105449000.74,100.0,0.0,0.0
2025,Poder Ejecutivo,Ramos Generales,Provisiones Salariales y Económicas,R069,Devengado,105449000.74,0.0,0.0,0.0,105449000.74,0.0,0.0,0.0,0.0,0.0,105449000.74,100.0,0.0,0.0
2025,Poder Ejecutivo,Ramos Generales,Provisiones Salariales y Económicas,R069,Ejercido,105449000.74,0.0,0.0,0.0,105449000.74,0.0,0.0,0.0,0.0,0.0,105449000.74,100.0,0.0,0.0
2025,Poder Ejecutivo,Ramos Generales,Provisiones Salariales y Económicas,R069,Porcentaje Ejer/Aprob,0.0,0.0,0.0,0.0,0.0,0.0,0.0,0.0,0.0,0.0,0.0,,0.0,
2025,Poder Ejecutivo,Ramos Generales,Provisiones Salariales y Económicas,R069,Porcentaje Ejer/Modif,100.0,0.0,0.0,0.0,100.0,0.0,0.0,0.0,0.0,0.0,100.0,,0.0,
2025,Poder Ejecutivo,Ramos Generales,Provisiones Salariales y Económicas,R073,Medidas de Racionalidad y Austeridad Gastos de Operación,0.0,0.0,0.0,0.0,0.0,0.0,0.0,0.0,0.0,0.0,0.0,,0.0,
2025,Poder Ejecutivo,Ramos Generales,Provisiones Salariales y Económicas,R073,Aprobado,0.0,0.0,0.0,0.0,0.0,0.0,0.0,0.0,0.0,0.0,0.0,0.0,0.0,0.0
2025,Poder Ejecutivo,Ramos Generales,Provisiones Salariales y Económicas,R073,Modificado,0.0,0.0,0.0,0.0,0.0,0.0,0.0,0.0,0.0,0.0,0.0,0.0,0.0,0.0
2025,Poder Ejecutivo,Ramos Generales,Provisiones Salariales y Económicas,R073,Devengado,0.0,0.0,0.0,0.0,0.0,0.0,0.0,0.0,0.0,0.0,0.0,0.0,0.0,0.0
2025,Poder Ejecutivo,Ramos Generales,Provisiones Salariales y Económicas,R073,Ejercido,0.0,0.0,0.0,0.0,0.0,0.0,0.0,0.0,0.0,0.0,0.0,0.0,0.0,0.0
2025,Poder Ejecutivo,Ramos Generales,Provisiones Salariales y Económicas,R073,Porcentaje Ejer/Aprob,0.0,0.0,0.0,0.0,0.0,0.0,0.0,0.0,0.0,0.0,0.0,,0.0,
2025,Poder Ejecutivo,Ramos Generales,Provisiones Salariales y Económicas,R073,Porcentaje Ejer/Modif,0.0,0.0,0.0,0.0,0.0,0.0,0.0,0.0,0.0,0.0,0.0,,0.0,
2025,Poder Ejecutivo,Ramos Generales,Provisiones Salariales y Económicas,R080,FEIEF,0.0,0.0,0.0,0.0,0.0,0.0,0.0,0.0,0.0,0.0,0.0,,0.0,
2025,Poder Ejecutivo,Ramos Generales,Provisiones Salariales y Económicas,R080,Aprobado,0.0,0.0,0.0,0.0,0.0,0.0,1790507520.0,0.0,0.0,1790507520.0,1790507520.0,0.0,0.0,100.0
2025,Poder Ejecutivo,Ramos Generales,Provisiones Salariales y Económicas,R080,Modificado,0.0,0.0,0.0,0.0,0.0,0.0,0.0,0.0,0.0,0.0,0.0,0.0,0.0,0.0
2025,Poder Ejecutivo,Ramos Generales,Provisiones Salariales y Económicas,R080,Devengado,0.0,0.0,0.0,0.0,0.0,0.0,0.0,0.0,0.0,0.0,0.0,0.0,0.0,0.0
2025,Poder Ejecutivo,Ramos Generales,Provisiones Salariales y Económicas,R080,Ejercido,0.0,0.0,0.0,0.0,0.0,0.0,0.0,0.0,0.0,0.0,0.0,0.0,0.0,0.0
2025,Poder Ejecutivo,Ramos Generales,Provisiones Salariales y Económicas,R080,Porcentaje Ejer/Aprob,0.0,0.0,0.0,0.0,0.0,0.0,0.0,0.0,0.0,0.0,0.0,,0.0,
2025,Poder Ejecutivo,Ramos Generales,Provisiones Salariales y Económicas,R080,Porcentaje Ejer/Modif,0.0,0.0,0.0,0.0,0.0,0.0,0.0,0.0,0.0,0.0,0.0,,0.0,
2025,Poder Ejecutivo,Ramos Generales,Provisiones Salariales y Económicas,R081,FEIP,0.0,0.0,0.0,0.0,0.0,0.0,0.0,0.0,0.0,0.0,0.0,,0.0,
2025,Poder Ejecutivo,Ramos Generales,Provisiones Salariales y Económicas,R081,Aprobado,0.0,0.0,0.0,0.0,0.0,0.0,6154869600.0,0.0,0.0,6154869600.0,6154869600.0,0.0,0.0,100.0
2025,Poder Ejecutivo,Ramos Generales,Provisiones Salariales y Económicas,R081,Modificado,0.0,0.0,0.0,0.0,0.0,0.0,0.0,0.0,0.0,0.0,0.0,0.0,0.0,0.0
2025,Poder Ejecutivo,Ramos Generales,Provisiones Salariales y Económicas,R081,Devengado,0.0,0.0,0.0,0.0,0.0,0.0,0.0,0.0,0.0,0.0,0.0,0.0,0.0,0.0
2025,Poder Ejecutivo,Ramos Generales,Provisiones Salariales y Económicas,R081,Ejercido,0.0,0.0,0.0,0.0,0.0,0.0,0.0,0.0,0.0,0.0,0.0,0.0,0.0,0.0
2025,Poder Ejecutivo,Ramos Generales,Provisiones Salariales y Económicas,R081,Porcentaje Ejer/Aprob,0.0,0.0,0.0,0.0,0.0,0.0,0.0,0.0,0.0,0.0,0.0,,0.0,
2025,Poder Ejecutivo,Ramos Generales,Provisiones Salariales y Económicas,R081,Porcentaje Ejer/Modif,0.0,0.0,0.0,0.0,0.0,0.0,0.0,0.0,0.0,0.0,0.0,,0.0,
2025,Poder Ejecutivo,Ramos Generales,Provisiones Salariales y Económicas,R114,Apoyo al Instituto de Seguridad Social para las Fuerzas Armadas Mexicanas (ISSFAM),0.0,0.0,0.0,0.0,0.0,0.0,0.0,0.0,0.0,0.0,0.0,,0.0,
2025,Poder Ejecutivo,Ramos Generales,Provisiones Salariales y Económicas,R114,Aprobado,0.0,0.0,0.0,0.0,0.0,0.0,0.0,0.0,0.0,0.0,0.0,0.0,0.0,0.0
2025,Poder Ejecutivo,Ramos Generales,Provisiones Salariales y Económicas,R114,Modificado,0.0,0.0,0.0,25261717.87,25261717.87,0.0,0.0,0.0,0.0,0.0,25261717.87,100.0,0.0,0.0
2025,Poder Ejecutivo,Ramos Generales,Provisiones Salariales y Económicas,R114,Devengado,0.0,0.0,0.0,25261717.87,25261717.87,0.0,0.0,0.0,0.0,0.0,25261717.87,100.0,0.0,0.0
2025,Poder Ejecutivo,Ramos Generales,Provisiones Salariales y Económicas,R114,Ejercido,0.0,0.0,0.0,25261717.87,25261717.87,0.0,0.0,0.0,0.0,0.0,25261717.87,100.0,0.0,0.0
2025,Poder Ejecutivo,Ramos Generales,Provisiones Salariales y Económicas,R114,Porcentaje Ejer/Aprob,0.0,0.0,0.0,0.0,0.0,0.0,0.0,0.0,0.0,0.0,0.0,,0.0,
2025,Poder Ejecutivo,Ramos Generales,Provisiones Salariales y Económicas,R114,Porcentaje Ejer/Modif,0.0,0.0,0.0,100.0,100.0,0.0,0.0,0.0,0.0,0.0,100.0,,0.0,
2025,Poder Ejecutivo,Ramos Generales,Provisiones Salariales y Económicas,R120,Apoyo Federal para Pago de Adeudos de Suministro de Energía Eléctrica,0.0,0.0,0.0,0.0,0.0,0.0,0.0,0.0,0.0,0.0,0.0,,0.0,
2025,Poder Ejecutivo,Ramos Generales,Provisiones Salariales y Económicas,R120,Aprobado,0.0,0.0,4700000000.0,0.0,4700000000.0,0.0,0.0,0.0,0.0,0.0,4700000000.0,100.0,0.0,0.0
2025,Poder Ejecutivo,Ramos Generales,Provisiones Salariales y Económicas,R120,Modificado,0.0,0.0,5204664206.25,0.0,5204664206.25,0.0,0.0,0.0,0.0,0.0,5204664206.25,100.0,0.0,0.0
2025,Poder Ejecutivo,Ramos Generales,Provisiones Salariales y Económicas,R120,Devengado,0.0,0.0,5204664206.25,0.0,5204664206.25,0.0,0.0,0.0,0.0,0.0,5204664206.25,100.0,0.0,0.0
2025,Poder Ejecutivo,Ramos Generales,Provisiones Salariales y Económicas,R120,Ejercido,0.0,0.0,5204664206.25,0.0,5204664206.25,0.0,0.0,0.0,0.0,0.0,5204664206.25,100.0,0.0,0.0
2025,Poder Ejecutivo,Ramos Generales,Provisiones Salariales y Económicas,R120,Porcentaje Ejer/Aprob,0.0,0.0,110.73753630319149,0.0,110.73753630319149,0.0,0.0,0.0,0.0,0.0,110.73753630319149,,0.0,
2025,Poder Ejecutivo,Ramos Generales,Provisiones Salariales y Económicas,R120,Porcentaje Ejer/Modif,0.0,0.0,100.0,0.0,100.0,0.0,0.0,0.0,0.0,0.0,100.0,,0.0,
2025,Poder Ejecutivo,Ramos Generales,Provisiones Salariales y Económicas,R122,Reasignaciones Presupuestarias medidas de cierre,0.0,0.0,0.0,0.0,0.0,0.0,0.0,0.0,0.0,0.0,0.0,,0.0,
2025,Poder Ejecutivo,Ramos Generales,Provisiones Salariales y Económicas,R122,Aprobado,0.0,0.0,0.0,0.0,0.0,0.0,0.0,0.0,0.0,0.0,0.0,0.0,0.0,0.0
2025,Poder Ejecutivo,Ramos Generales,Provisiones Salariales y Económicas,R122,Modificado,0.0,0.0,0.0,0.0,0.0,0.0,0.0,0.0,0.0,0.0,0.0,0.0,0.0,0.0
2025,Poder Ejecutivo,Ramos Generales,Provisiones Salariales y Económicas,R122,Devengado,0.0,0.0,0.0,0.0,0.0,0.0,0.0,0.0,0.0,0.0,0.0,0.0,0.0,0.0
2025,Poder Ejecutivo,Ramos Generales,Provisiones Salariales y Económicas,R122,Ejercido,0.0,0.0,0.0,0.0,0.0,0.0,0.0,0.0,0.0,0.0,0.0,0.0,0.0,0.0
2025,Poder Ejecutivo,Ramos Generales,Provisiones Salariales y Económicas,R122,Porcentaje Ejer/Aprob,0.0,0.0,0.0,0.0,0.0,0.0,0.0,0.0,0.0,0.0,0.0,,0.0,
2025,Poder Ejecutivo,Ramos Generales,Provisiones Salariales y Económicas,R122,Porcentaje Ejer/Modif,0.0,0.0,0.0,0.0,0.0,0.0,0.0,0.0,0.0,0.0,0.0,,0.0,
2025,Poder Ejecutivo,Ramos Generales,Provisiones Salariales y Económicas,R123,Reasignaciones presupuestarias medidas de cierre Servicios Personales,0.0,0.0,0.0,0.0,0.0,0.0,0.0,0.0,0.0,0.0,0.0,,0.0,
2025,Poder Ejecutivo,Ramos Generales,Provisiones Salariales y Económicas,R123,Aprobado,0.0,0.0,0.0,0.0,0.0,0.0,0.0,0.0,0.0,0.0,0.0,0.0,0.0,0.0
2025,Poder Ejecutivo,Ramos Generales,Provisiones Salariales y Económicas,R123,Modificado,0.0,0.0,0.0,0.0,0.0,0.0,0.0,0.0,0.0,0.0,0.0,0.0,0.0,0.0
2025,Poder Ejecutivo,Ramos Generales,Provisiones Salariales y Económicas,R123,Devengado,0.0,0.0,0.0,0.0,0.0,0.0,0.0,0.0,0.0,0.0,0.0,0.0,0.0,0.0
2025,Poder Ejecutivo,Ramos Generales,Provisiones Salariales y Económicas,R123,Ejercido,0.0,0.0,0.0,0.0,0.0,0.0,0.0,0.0,0.0,0.0,0.0,0.0,0.0,0.0
2025,Poder Ejecutivo,Ramos Generales,Provisiones Salariales y Económicas,R123,Porcentaje Ejer/Aprob,0.0,0.0,0.0,0.0,0.0,0.0,0.0,0.0,0.0,0.0,0.0,,0.0,
2025,Poder Ejecutivo,Ramos Generales,Provisiones Salariales y Económicas,R123,Porcentaje Ejer/Modif,0.0,0.0,0.0,0.0,0.0,0.0,0.0,0.0,0.0,0.0,0.0,,0.0,
2025,Poder Ejecutivo,Ramos Generales,Provisiones Salariales y Económicas,R124,Reasignaciones presupuestarias medidas de cierre Servicios Personales (Seguridad Social),0.0,0.0,0.0,0.0,0.0,0.0,0.0,0.0,0.0,0.0,0.0,,0.0,
2025,Poder Ejecutivo,Ramos Generales,Provisiones Salariales y Económicas,R124,Aprobado,0.0,0.0,0.0,0.0,0.0,0.0,0.0,0.0,0.0,0.0,0.0,0.0,0.0,0.0
2025,Poder Ejecutivo,Ramos Generales,Provisiones Salariales y Económicas,R124,Modificado,0.0,0.0,0.0,0.0,0.0,0.0,0.0,0.0,0.0,0.0,0.0,0.0,0.0,0.0
2025,Poder Ejecutivo,Ramos Generales,Provisiones Salariales y Económicas,R124,Devengado,0.0,0.0,0.0,0.0,0.0,0.0,0.0,0.0,0.0,0.0,0.0,0.0,0.0,0.0
2025,Poder Ejecutivo,Ramos Generales,Provisiones Salariales y Económicas,R124,Ejercido,0.0,0.0,0.0,0.0,0.0,0.0,0.0,0.0,0.0,0.0,0.0,0.0,0.0,0.0
2025,Poder Ejecutivo,Ramos Generales,Provisiones Salariales y Económicas,R124,Porcentaje Ejer/Aprob,0.0,0.0,0.0,0.0,0.0,0.0,0.0,0.0,0.0,0.0,0.0,,0.0,
2025,Poder Ejecutivo,Ramos Generales,Provisiones Salariales y Económicas,R124,Porcentaje Ejer/Modif,0.0,0.0,0.0,0.0,0.0,0.0,0.0,0.0,0.0,0.0,0.0,,0.0,
2025,Poder Ejecutivo,Ramos Generales,Provisiones Salariales y Económicas,R125,Provisiones Salariales y Económicas,0.0,0.0,0.0,0.0,0.0,0.0,0.0,0.0,0.0,0.0,0.0,,0.0,
2025,Poder Ejecutivo,Ramos Generales,Provisiones Salariales y Económicas,R125,Aprobado,23842456879.0,0.0,0.0,0.0,23842456879.0,0.0,0.0,0.0,0.0,0.0,23842456879.0,100.0,0.0,0.0
2025,Poder Ejecutivo,Ramos Generales,Provisiones Salariales y Económicas,R125,Modificado,0.0,0.0,0.0,0.0,0.0,0.0,0.0,0.0,0.0,0.0,0.0,0.0,0.0,0.0
2025,Poder Ejecutivo,Ramos Generales,Provisiones Salariales y Económicas,R125,Devengado,0.0,0.0,0.0,0.0,0.0,0.0,0.0,0.0,0.0,0.0,0.0,0.0,0.0,0.0
2025,Poder Ejecutivo,Ramos Generales,Provisiones Salariales y Económicas,R125,Ejercido,0.0,0.0,0.0,0.0,0.0,0.0,0.0,0.0,0.0,0.0,0.0,0.0,0.0,0.0
2025,Poder Ejecutivo,Ramos Generales,Provisiones Salariales y Económicas,R125,Porcentaje Ejer/Aprob,0.0,0.0,0.0,0.0,0.0,0.0,0.0,0.0,0.0,0.0,0.0,,0.0,
2025,Poder Ejecutivo,Ramos Generales,Provisiones Salariales y Económicas,R125,Porcentaje Ejer/Modif,0.0,0.0,0.0,0.0,0.0,0.0,0.0,0.0,0.0,0.0,0.0,,0.0,
2025,Poder Ejecutivo,Ramos Generales,Provisiones Salariales y Económicas,R130,Multas impuestas por la Condusef y cobradas a través del SAT,0.0,0.0,0.0,0.0,0.0,0.0,0.0,0.0,0.0,0.0,0.0,,0.0,
2025,Poder Ejecutivo,Ramos Generales,Provisiones Salariales y Económicas,R130,Aprobado,0.0,0.0,0.0,0.0,0.0,0.0,0.0,0.0,0.0,0.0,0.0,0.0,0.0,0.0
2025,Poder Ejecutivo,Ramos Generales,Provisiones Salariales y Económicas,R130,Modificado,0.0,0.0,0.0,0.0,0.0,0.0,0.0,0.0,0.0,0.0,0.0,0.0,0.0,0.0
2025,Poder Ejecutivo,Ramos Generales,Provisiones Salariales y Económicas,R130,Devengado,0.0,0.0,0.0,0.0,0.0,0.0,0.0,0.0,0.0,0.0,0.0,0.0,0.0,0.0
2025,Poder Ejecutivo,Ramos Generales,Provisiones Salariales y Económicas,R130,Ejercido,0.0,0.0,0.0,0.0,0.0,0.0,0.0,0.0,0.0,0.0,0.0,0.0,0.0,0.0
2025,Poder Ejecutivo,Ramos Generales,Provisiones Salariales y Económicas,R130,Porcentaje Ejer/Aprob,0.0,0.0,0.0,0.0,0.0,0.0,0.0,0.0,0.0,0.0,0.0,,0.0,
2025,Poder Ejecutivo,Ramos Generales,Provisiones Salariales y Económicas,R130,Porcentaje Ejer/Modif,0.0,0.0,0.0,0.0,0.0,0.0,0.0,0.0,0.0,0.0,0.0,,0.0,
2025,Poder Ejecutivo,Ramos Generales,Provisiones Salariales y Económicas,U083,"Apoyo a municipios para obras de infraestructura y seguridad de los museos, monumentos y zonas arqueológicas (derecho a museos)",0.0,0.0,0.0,0.0,0.0,0.0,0.0,0.0,0.0,0.0,0.0,,0.0,
2025,Poder Ejecutivo,Ramos Generales,Provisiones Salariales y Económicas,U083,Aprobado,0.0,0.0,0.0,0.0,0.0,0.0,0.0,0.0,0.0,0.0,0.0,0.0,0.0,0.0
2025,Poder Ejecutivo,Ramos Generales,Provisiones Salariales y Económicas,U083,Modificado,0.0,0.0,0.0,0.0,0.0,0.0,0.0,21014867.14,0.0,21014867.14,21014867.14,0.0,0.0,100.0
2025,Poder Ejecutivo,Ramos Generales,Provisiones Salariales y Económicas,U083,Devengado,0.0,0.0,0.0,0.0,0.0,0.0,0.0,21014867.14,0.0,21014867.14,21014867.14,0.0,0.0,100.0
2025,Poder Ejecutivo,Ramos Generales,Provisiones Salariales y Económicas,U083,Ejercido,0.0,0.0,0.0,0.0,0.0,0.0,0.0,21014867.14,0.0,21014867.14,21014867.14,0.0,0.0,100.0
2025,Poder Ejecutivo,Ramos Generales,Provisiones Salariales y Económicas,U083,Porcentaje Ejer/Aprob,0.0,0.0,0.0,0.0,0.0,0.0,0.0,0.0,0.0,0.0,0.0,,0.0,
2025,Poder Ejecutivo,Ramos Generales,Provisiones Salariales y Económicas,U083,Porcentaje Ejer/Modif,0.0,0.0,0.0,0.0,0.0,0.0,0.0,100.0,0.0,100.0,100.0,,0.0,
2025,Poder Ejecutivo,Ramos Generales,Provisiones Salariales y Económicas,U093,Fondo para entidades federativas y municipios productores de hidrocarburos,0.0,0.0,0.0,0.0,0.0,0.0,0.0,0.0,0.0,0.0,0.0,,0.0,
2025,Poder Ejecutivo,Ramos Generales,Provisiones Salariales y Económicas,U093,Aprobado,0.0,0.0,0.0,0.0,0.0,0.0,0.0,7140100000.0,0.0,7140100000.0,7140100000.0,0.0,0.0,100.0
2025,Poder Ejecutivo,Ramos Generales,Provisiones Salariales y Económicas,U093,Modificado,0.0,0.0,0.0,0.0,0.0,0.0,0.0,6787093176.79,0.0,6787093176.79,6787093176.79,0.0,0.0,100.0
2025,Poder Ejecutivo,Ramos Generales,Provisiones Salariales y Económicas,U093,Devengado,0.0,0.0,0.0,0.0,0.0,0.0,0.0,6787093176.79,0.0,6787093176.79,6787093176.79,0.0,0.0,100.0
2025,Poder Ejecutivo,Ramos Generales,Provisiones Salariales y Económicas,U093,Ejercido,0.0,0.0,0.0,0.0,0.0,0.0,0.0,6787093176.79,0.0,6787093176.79,6787093176.79,0.0,0.0,100.0
2025,Poder Ejecutivo,Ramos Generales,Provisiones Salariales y Económicas,U093,Porcentaje Ejer/Aprob,0.0,0.0,0.0,0.0,0.0,0.0,0.0,95.05599608955056,0.0,95.05599608955056,95.05599608955056,,0.0,
2025,Poder Ejecutivo,Ramos Generales,Provisiones Salariales y Económicas,U093,Porcentaje Ejer/Modif,0.0,0.0,0.0,0.0,0.0,0.0,0.0,100.0,0.0,100.0,100.0,,0.0,
2025,Poder Ejecutivo,Ramos Generales,Provisiones Salariales y Económicas,U116,Provisión para la Armonización Contable,0.0,0.0,0.0,0.0,0.0,0.0,0.0,0.0,0.0,0.0,0.0,,0.0,
2025,Poder Ejecutivo,Ramos Generales,Provisiones Salariales y Económicas,U116,Aprobado,0.0,0.0,59634027.0,0.0,59634027.0,0.0,0.0,0.0,0.0,0.0,59634027.0,100.0,0.0,0.0
2025,Poder Ejecutivo,Ramos Generales,Provisiones Salariales y Económicas,U116,Modificado,0.0,0.0,57968247.69,0.0,57968247.69,0.0,0.0,0.0,0.0,0.0,57968247.69,100.0,0.0,0.0
2025,Poder Ejecutivo,Ramos Generales,Provisiones Salariales y Económicas,U116,Devengado,0.0,0.0,57968247.69,0.0,57968247.69,0.0,0.0,0.0,0.0,0.0,57968247.69,100.0,0.0,0.0
2025,Poder Ejecutivo,Ramos Generales,Provisiones Salariales y Económicas,U116,Ejercido,0.0,0.0,57968247.69,0.0,57968247.69,0.0,0.0,0.0,0.0,0.0,57968247.69,100.0,0.0,0.0
2025,Poder Ejecutivo,Ramos Generales,Provisiones Salariales y Económicas,U116,Porcentaje Ejer/Aprob,0.0,0.0,97.20666305161649,0.0,97.20666305161649,0.0,0.0,0.0,0.0,0.0,97.20666305161649,,0.0,
2025,Poder Ejecutivo,Ramos Generales,Provisiones Salariales y Económicas,U116,Porcentaje Ejer/Modif,0.0,0.0,100.0,0.0,100.0,0.0,0.0,0.0,0.0,0.0,100.0,,0.0,
2025,Poder Ejecutivo,Ramos Generales,Provisiones Salariales y Económicas,U129,Subsidios a las Tarifas Eléctricas,0.0,0.0,0.0,0.0,0.0,0.0,0.0,0.0,0.0,0.0,0.0,,0.0,
2025,Poder Ejecutivo,Ramos Generales,Provisiones Salariales y Económicas,U129,Aprobado,0.0,0.0,84805500102.0,0.0,84805500102.0,0.0,0.0,0.0,0.0,0.0,84805500102.0,100.0,0.0,0.0
2025,Poder Ejecutivo,Ramos Generales,Provisiones Salariales y Económicas,U129,Modificado,0.0,0.0,84805500102.0,0.0,84805500102.0,0.0,0.0,0.0,0.0,0.0,84805500102.0,100.0,0.0,0.0
2025,Poder Ejecutivo,Ramos Generales,Provisiones Salariales y Económicas,U129,Devengado,0.0,0.0,84805500102.0,0.0,84805500102.0,0.0,0.0,0.0,0.0,0.0,84805500102.0,100.0,0.0,0.0
2025,Poder Ejecutivo,Ramos Generales,Provisiones Salariales y Económicas,U129,Ejercido,0.0,0.0,84805500102.0,0.0,84805500102.0,0.0,0.0,0.0,0.0,0.0,84805500102.0,100.0,0.0,0.0
2025,Poder Ejecutivo,Ramos Generales,Provisiones Salariales y Económicas,U129,Porcentaje Ejer/Aprob,0.0,0.0,100.0,0.0,100.0,0.0,0.0,0.0,0.0,0.0,100.0,,0.0,
2025,Poder Ejecutivo,Ramos Generales,Provisiones Salariales y Económicas,U129,Porcentaje Ejer/Modif,0.0,0.0,100.0,0.0,100.0,0.0,0.0,0.0,0.0,0.0,100.0,,0.0,
2025,Poder Ejecutivo,Ramos Generales,Provisiones Salariales y Económicas,U151,Regularización de vehículos usados de procedencia extranjera,0.0,0.0,0.0,0.0,0.0,0.0,0.0,0.0,0.0,0.0,0.0,,0.0,
2025,Poder Ejecutivo,Ramos Generales,Provisiones Salariales y Económicas,U151,Aprobado,0.0,0.0,0.0,0.0,0.0,0.0,0.0,0.0,0.0,0.0,0.0,0.0,0.0,0.0
2025,Poder Ejecutivo,Ramos Generales,Provisiones Salariales y Económicas,U151,Modificado,0.0,0.0,0.0,0.0,0.0,0.0,0.0,613662317.62,0.0,613662317.62,613662317.62,0.0,0.0,100.0
2025,Poder Ejecutivo,Ramos Generales,Provisiones Salariales y Económicas,U151,Devengado,0.0,0.0,0.0,0.0,0.0,0.0,0.0,613662317.62,0.0,613662317.62,613662317.62,0.0,0.0,100.0
2025,Poder Ejecutivo,Ramos Generales,Provisiones Salariales y Económicas,U151,Ejercido,0.0,0.0,0.0,0.0,0.0,0.0,0.0,613662317.62,0.0,613662317.62,613662317.62,0.0,0.0,100.0
2025,Poder Ejecutivo,Ramos Generales,Provisiones Salariales y Económicas,U151,Porcentaje Ejer/Aprob,0.0,0.0,0.0,0.0,0.0,0.0,0.0,0.0,0.0,0.0,0.0,,0.0,
2025,Poder Ejecutivo,Ramos Generales,Provisiones Salariales y Económicas,U151,Porcentaje Ejer/Modif,0.0,0.0,0.0,0.0,0.0,0.0,0.0,100.0,0.0,100.0,100.0,,0.0,
2025,Poder Ejecutivo,Ramos Generales,Provisiones Salariales y Económicas,Y003,Fideicomiso Fondo de Estabilización de los Ingresos Presupuestarios,0.0,0.0,0.0,0.0,0.0,0.0,0.0,0.0,0.0,0.0,0.0,,0.0,
2025,Poder Ejecutivo,Ramos Generales,Provisiones Salariales y Económicas,Y003,Aprobado,0.0,0.0,0.0,0.0,0.0,0.0,0.0,0.0,0.0,0.0,0.0,0.0,0.0,0.0
2025,Poder Ejecutivo,Ramos Generales,Provisiones Salariales y Económicas,Y003,Modificado,0.0,0.0,0.0,0.0,0.0,0.0,21154869600.0,0.0,0.0,21154869600.0,21154869600.0,0.0,0.0,100.0
2025,Poder Ejecutivo,Ramos Generales,Provisiones Salariales y Económicas,Y003,Devengado,0.0,0.0,0.0,0.0,0.0,0.0,21154869600.0,0.0,0.0,21154869600.0,21154869600.0,0.0,0.0,100.0
2025,Poder Ejecutivo,Ramos Generales,Provisiones Salariales y Económicas,Y003,Ejercido,0.0,0.0,0.0,0.0,0.0,0.0,21154869600.0,0.0,0.0,21154869600.0,21154869600.0,0.0,0.0,100.0
2025,Poder Ejecutivo,Ramos Generales,Provisiones Salariales y Económicas,Y003,Porcentaje Ejer/Aprob,0.0,0.0,0.0,0.0,0.0,0.0,0.0,0.0,0.0,0.0,0.0,,0.0,
2025,Poder Ejecutivo,Ramos Generales,Provisiones Salariales y Económicas,Y003,Porcentaje Ejer/Modif,0.0,0.0,0.0,0.0,0.0,0.0,100.0,0.0,0.0,100.0,100.0,,0.0,
2025,Poder Ejecutivo,Ramos Generales,Provisiones Salariales y Económicas,Y004,Fideicomiso Fondo de Estabilización de los Ingresos de las Entidades Federativas,0.0,0.0,0.0,0.0,0.0,0.0,0.0,0.0,0.0,0.0,0.0,,0.0,
2025,Poder Ejecutivo,Ramos Generales,Provisiones Salariales y Económicas,Y004,Aprobado,0.0,0.0,0.0,0.0,0.0,0.0,0.0,0.0,0.0,0.0,0.0,0.0,0.0,0.0
2025,Poder Ejecutivo,Ramos Generales,Provisiones Salariales y Económicas,Y004,Modificado,0.0,0.0,0.0,0.0,0.0,0.0,1790507520.0,0.0,0.0,1790507520.0,1790507520.0,0.0,0.0,100.0
2025,Poder Ejecutivo,Ramos Generales,Provisiones Salariales y Económicas,Y004,Devengado,0.0,0.0,0.0,0.0,0.0,0.0,1790507520.0,0.0,0.0,1790507520.0,1790507520.0,0.0,0.0,100.0
2025,Poder Ejecutivo,Ramos Generales,Provisiones Salariales y Económicas,Y004,Ejercido,0.0,0.0,0.0,0.0,0.0,0.0,1790507520.0,0.0,0.0,1790507520.0,1790507520.0,0.0,0.0,100.0
2025,Poder Ejecutivo,Ramos Generales,Provisiones Salariales y Económicas,Y004,Porcentaje Ejer/Aprob,0.0,0.0,0.0,0.0,0.0,0.0,0.0,0.0,0.0,0.0,0.0,,0.0,
2025,Poder Ejecutivo,Ramos Generales,Provisiones Salariales y Económicas,Y004,Porcentaje Ejer/Modif,0.0,0.0,0.0,0.0,0.0,0.0,100.0,0.0,0.0,100.0,100.0,,0.0,
2025,Poder Ejecutivo,Ramos Generales,Deuda Pública,TOTAL,Aprobado,0.0,0.0,0.0,1149551575109.0,1149551575109.0,0.0,0.0,0.0,0.0,0.0,1149551575109.0,100.0,0.0,0.0
2025,Poder Ejecutivo,Ramos Generales,Deuda Pública,TOTAL,Modificado,0.0,0.0,0.0,1106534776106.89,1106534776106.89,0.0,0.0,0.0,0.0,0.0,1106534776106.89,100.0,0.0,0.0
2025,Poder Ejecutivo,Ramos Generales,Deuda Pública,TOTAL,Devengado,0.0,0.0,0.0,1106534776106.89,1106534776106.89,0.0,0.0,0.0,0.0,0.0,1106534776106.89,100.0,0.0,0.0
2025,Poder Ejecutivo,Ramos Generales,Deuda Pública,TOTAL,Ejercido,0.0,0.0,0.0,1106534776106.89,1106534776106.89,0.0,0.0,0.0,0.0,0.0,1106534776106.89,100.0,0.0,0.0
2025,Poder Ejecutivo,Ramos Generales,Deuda Pública,TOTAL,Porcentaje Ejer/Aprob,0.0,0.0,0.0,96.25794962718125,96.25794962718125,0.0,0.0,0.0,0.0,0.0,96.25794962718125,,0.0,
2025,Poder Ejecutivo,Ramos Generales,Deuda Pública,TOTAL,Porcentaje Ejer/Modif,0.0,0.0,0.0,100.0,100.0,0.0,0.0,0.0,0.0,0.0,100.0,,0.0,
2025,Poder Ejecutivo,Ramos Generales,Deuda Pública,D001,Valores gubernamentales,0.0,0.0,0.0,0.0,0.0,0.0,0.0,0.0,0.0,0.0,0.0,,0.0,
2025,Poder Ejecutivo,Ramos Generales,Deuda Pública,D001,Aprobado,0.0,0.0,0.0,967389552695.0,967389552695.0,0.0,0.0,0.0,0.0,0.0,967389552695.0,100.0,0.0,0.0
2025,Poder Ejecutivo,Ramos Generales,Deuda Pública,D001,Modificado,0.0,0.0,0.0,952214324020.3,952214324020.3,0.0,0.0,0.0,0.0,0.0,952214324020.3,100.0,0.0,0.0
2025,Poder Ejecutivo,Ramos Generales,Deuda Pública,D001,Devengado,0.0,0.0,0.0,952214324020.3,952214324020.3,0.0,0.0,0.0,0.0,0.0,952214324020.3,100.0,0.0,0.0
2025,Poder Ejecutivo,Ramos Generales,Deuda Pública,D001,Ejercido,0.0,0.0,0.0,952214324020.3,952214324020.3,0.0,0.0,0.0,0.0,0.0,952214324020.3,100.0,0.0,0.0
2025,Poder Ejecutivo,Ramos Generales,Deuda Pública,D001,Porcentaje Ejer/Aprob,0.0,0.0,0.0,98.43132183592182,98.43132183592182,0.0,0.0,0.0,0.0,0.0,98.43132183592182,,0.0,
2025,Poder Ejecutivo,Ramos Generales,Deuda Pública,D001,Porcentaje Ejer/Modif,0.0,0.0,0.0,100.0,100.0,0.0,0.0,0.0,0.0,0.0,100.0,,0.0,
2025,Poder Ejecutivo,Ramos Generales,Deuda Pública,D002,Fondo de ahorro SAR,0.0,0.0,0.0,0.0,0.0,0.0,0.0,0.0,0.0,0.0,0.0,,0.0,
2025,Poder Ejecutivo,Ramos Generales,Deuda Pública,D002,Aprobado,0.0,0.0,0.0,5638134718.0,5638134718.0,0.0,0.0,0.0,0.0,0.0,5638134718.0,100.0,0.0,0.0
2025,Poder Ejecutivo,Ramos Generales,Deuda Pública,D002,Modificado,0.0,0.0,0.0,5139875804.26,5139875804.26,0.0,0.0,0.0,0.0,0.0,5139875804.26,100.0,0.0,0.0
2025,Poder Ejecutivo,Ramos Generales,Deuda Pública,D002,Devengado,0.0,0.0,0.0,5139875804.26,5139875804.26,0.0,0.0,0.0,0.0,0.0,5139875804.26,100.0,0.0,0.0
2025,Poder Ejecutivo,Ramos Generales,Deuda Pública,D002,Ejercido,0.0,0.0,0.0,5139875804.26,5139875804.26,0.0,0.0,0.0,0.0,0.0,5139875804.26,100.0,0.0,0.0
2025,Poder Ejecutivo,Ramos Generales,Deuda Pública,D002,Porcentaje Ejer/Aprob,0.0,0.0,0.0,91.16269939153307,91.16269939153307,0.0,0.0,0.0,0.0,0.0,91.16269939153307,,0.0,
2025,Poder Ejecutivo,Ramos Generales,Deuda Pública,D002,Porcentaje Ejer/Modif,0.0,0.0,0.0,100.0,100.0,0.0,0.0,0.0,0.0,0.0,100.0,,0.0,
2025,Poder Ejecutivo,Ramos Generales,Deuda Pública,D003,Pensión ISSSTE,0.0,0.0,0.0,0.0,0.0,0.0,0.0,0.0,0.0,0.0,0.0,,0.0,
2025,Poder Ejecutivo,Ramos Generales,Deuda Pública,D003,Aprobado,0.0,0.0,0.0,41791969.0,41791969.0,0.0,0.0,0.0,0.0,0.0,41791969.0,100.0,0.0,0.0
2025,Poder Ejecutivo,Ramos Generales,Deuda Pública,D003,Modificado,0.0,0.0,0.0,45867102.82,45867102.82,0.0,0.0,0.0,0.0,0.0,45867102.82,100.0,0.0,0.0
2025,Poder Ejecutivo,Ramos Generales,Deuda Pública,D003,Devengado,0.0,0.0,0.0,45867102.82,45867102.82,0.0,0.0,0.0,0.0,0.0,45867102.82,100.0,0.0,0.0
2025,Poder Ejecutivo,Ramos Generales,Deuda Pública,D003,Ejercido,0.0,0.0,0.0,45867102.82,45867102.82,0.0,0.0,0.0,0.0,0.0,45867102.82,100.0,0.0,0.0
2025,Poder Ejecutivo,Ramos Generales,Deuda Pública,D003,Porcentaje Ejer/Aprob,0.0,0.0,0.0,109.75099742249522,109.75099742249522,0.0,0.0,0.0,0.0,0.0,109.75099742249522,,0.0,
2025,Poder Ejecutivo,Ramos Generales,Deuda Pública,D003,Porcentaje Ejer/Modif,0.0,0.0,0.0,100.0,100.0,0.0,0.0,0.0,0.0,0.0,100.0,,0.0,
2025,Poder Ejecutivo,Ramos Generales,Deuda Pública,D004,Otros financiamientos,0.0,0.0,0.0,0.0,0.0,0.0,0.0,0.0,0.0,0.0,0.0,,0.0,
2025,Poder Ejecutivo,Ramos Generales,Deuda Pública,D004,Aprobado,0.0,0.0,0.0,5608924454.0,5608924454.0,0.0,0.0,0.0,0.0,0.0,5608924454.0,100.0,0.0,0.0
2025,Poder Ejecutivo,Ramos Generales,Deuda Pública,D004,Modificado,0.0,0.0,0.0,7041378751.37,7041378751.37,0.0,0.0,0.0,0.0,0.0,7041378751.37,100.0,0.0,0.0
2025,Poder Ejecutivo,Ramos Generales,Deuda Pública,D004,Devengado,0.0,0.0,0.0,7041378751.37,7041378751.37,0.0,0.0,0.0,0.0,0.0,7041378751.37,100.0,0.0,0.0
2025,Poder Ejecutivo,Ramos Generales,Deuda Pública,D004,Ejercido,0.0,0.0,0.0,7041378751.37,7041378751.37,0.0,0.0,0.0,0.0,0.0,7041378751.37,100.0,0.0,0.0
2025,Poder Ejecutivo,Ramos Generales,Deuda Pública,D004,Porcentaje Ejer/Aprob,0.0,0.0,0.0,125.53884098667876,125.53884098667876,0.0,0.0,0.0,0.0,0.0,125.53884098667876,,0.0,
2025,Poder Ejecutivo,Ramos Generales,Deuda Pública,D004,Porcentaje Ejer/Modif,0.0,0.0,0.0,100.0,100.0,0.0,0.0,0.0,0.0,0.0,100.0,,0.0,
2025,Poder Ejecutivo,Ramos Generales,Deuda Pública,D005,Bonos,0.0,0.0,0.0,0.0,0.0,0.0,0.0,0.0,0.0,0.0,0.0,,0.0,
2025,Poder Ejecutivo,Ramos Generales,Deuda Pública,D005,Aprobado,0.0,0.0,0.0,116106081578.0,116106081578.0,0.0,0.0,0.0,0.0,0.0,116106081578.0,100.0,0.0,0.0
2025,Poder Ejecutivo,Ramos Generales,Deuda Pública,D005,Modificado,0.0,0.0,0.0,105902542553.38,105902542553.38,0.0,0.0,0.0,0.0,0.0,105902542553.38,100.0,0.0,0.0
2025,Poder Ejecutivo,Ramos Generales,Deuda Pública,D005,Devengado,0.0,0.0,0.0,105902542553.38,105902542553.38,0.0,0.0,0.0,0.0,0.0,105902542553.38,100.0,0.0,0.0
2025,Poder Ejecutivo,Ramos Generales,Deuda Pública,D005,Ejercido,0.0,0.0,0.0,105902542553.38,105902542553.38,0.0,0.0,0.0,0.0,0.0,105902542553.38,100.0,0.0,0.0
2025,Poder Ejecutivo,Ramos Generales,Deuda Pública,D005,Porcentaje Ejer/Aprob,0.0,0.0,0.0,91.21188237003308,91.21188237003308,0.0,0.0,0.0,0.0,0.0,91.21188237003308,,0.0,
2025,Poder Ejecutivo,Ramos Generales,Deuda Pública,D005,Porcentaje Ejer/Modif,0.0,0.0,0.0,100.0,100.0,0.0,0.0,0.0,0.0,0.0,100.0,,0.0,
2025,Poder Ejecutivo,Ramos Generales,Deuda Pública,D006,Banca comercial,0.0,0.0,0.0,0.0,0.0,0.0,0.0,0.0,0.0,0.0,0.0,,0.0,
2025,Poder Ejecutivo,Ramos Generales,Deuda Pública,D006,Aprobado,0.0,0.0,0.0,618.0,618.0,0.0,0.0,0.0,0.0,0.0,618.0,100.0,0.0,0.0
2025,Poder Ejecutivo,Ramos Generales,Deuda Pública,D006,Modificado,0.0,0.0,0.0,0.0,0.0,0.0,0.0,0.0,0.0,0.0,0.0,0.0,0.0,0.0
2025,Poder Ejecutivo,Ramos Generales,Deuda Pública,D006,Devengado,0.0,0.0,0.0,0.0,0.0,0.0,0.0,0.0,0.0,0.0,0.0,0.0,0.0,0.0
2025,Poder Ejecutivo,Ramos Generales,Deuda Pública,D006,Ejercido,0.0,0.0,0.0,0.0,0.0,0.0,0.0,0.0,0.0,0.0,0.0,0.0,0.0,0.0
2025,Poder Ejecutivo,Ramos Generales,Deuda Pública,D006,Porcentaje Ejer/Aprob,0.0,0.0,0.0,0.0,0.0,0.0,0.0,0.0,0.0,0.0,0.0,,0.0,
2025,Poder Ejecutivo,Ramos Generales,Deuda Pública,D006,Porcentaje Ejer/Modif,0.0,0.0,0.0,0.0,0.0,0.0,0.0,0.0,0.0,0.0,0.0,,0.0,
2025,Poder Ejecutivo,Ramos Generales,Deuda Pública,D007,Coberturas,0.0,0.0,0.0,0.0,0.0,0.0,0.0,0.0,0.0,0.0,0.0,,0.0,
2025,Poder Ejecutivo,Ramos Generales,Deuda Pública,D007,Aprobado,0.0,0.0,0.0,29722709968.0,29722709968.0,0.0,0.0,0.0,0.0,0.0,29722709968.0,100.0,0.0,0.0
2025,Poder Ejecutivo,Ramos Generales,Deuda Pública,D007,Modificado,0.0,0.0,0.0,12197661328.41,12197661328.41,0.0,0.0,0.0,0.0,0.0,12197661328.41,100.0,0.0,0.0
2025,Poder Ejecutivo,Ramos Generales,Deuda Pública,D007,Devengado,0.0,0.0,0.0,12197661328.41,12197661328.41,0.0,0.0,0.0,0.0,0.0,12197661328.41,100.0,0.0,0.0
2025,Poder Ejecutivo,Ramos Generales,Deuda Pública,D007,Ejercido,0.0,0.0,0.0,12197661328.41,12197661328.41,0.0,0.0,0.0,0.0,0.0,12197661328.41,100.0,0.0,0.0
2025,Poder Ejecutivo,Ramos Generales,Deuda Pública,D007,Porcentaje Ejer/Aprob,0.0,0.0,0.0,41.03818710185653,41.03818710185653,0.0,0.0,0.0,0.0,0.0,41.03818710185653,,0.0,
2025,Poder Ejecutivo,Ramos Generales,Deuda Pública,D007,Porcentaje Ejer/Modif,0.0,0.0,0.0,100.0,100.0,0.0,0.0,0.0,0.0,0.0,100.0,,0.0,
2025,Poder Ejecutivo,Ramos Generales,Deuda Pública,D008,Bilaterales,0.0,0.0,0.0,0.0,0.0,0.0,0.0,0.0,0.0,0.0,0.0,,0.0,
2025,Poder Ejecutivo,Ramos Generales,Deuda Pública,D008,Aprobado,0.0,0.0,0.0,1727236324.0,1727236324.0,0.0,0.0,0.0,0.0,0.0,1727236324.0,100.0,0.0,0.0
2025,Poder Ejecutivo,Ramos Generales,Deuda Pública,D008,Modificado,0.0,0.0,0.0,2131473335.28,2131473335.28,0.0,0.0,0.0,0.0,0.0,2131473335.28,100.0,0.0,0.0
2025,Poder Ejecutivo,Ramos Generales,Deuda Pública,D008,Devengado,0.0,0.0,0.0,2131473335.28,2131473335.28,0.0,0.0,0.0,0.0,0.0,2131473335.28,100.0,0.0,0.0
2025,Poder Ejecutivo,Ramos Generales,Deuda Pública,D008,Ejercido,0.0,0.0,0.0,2131473335.28,2131473335.28,0.0,0.0,0.0,0.0,0.0,2131473335.28,100.0,0.0,0.0
2025,Poder Ejecutivo,Ramos Generales,Deuda Pública,D008,Porcentaje Ejer/Aprob,0.0,0.0,0.0,123.40368863618225,123.40368863618225,0.0,0.0,0.0,0.0,0.0,123.40368863618225,,0.0,
2025,Poder Ejecutivo,Ramos Generales,Deuda Pública,D008,Porcentaje Ejer/Modif,0.0,0.0,0.0,100.0,100.0,0.0,0.0,0.0,0.0,0.0,100.0,,0.0,
2025,Poder Ejecutivo,Ramos Generales,Deuda Pública,D009,Organismos financieros internacionales,0.0,0.0,0.0,0.0,0.0,0.0,0.0,0.0,0.0,0.0,0.0,,0.0,
2025,Poder Ejecutivo,Ramos Generales,Deuda Pública,D009,Aprobado,0.0,0.0,0.0,23317142785.0,23317142785.0,0.0,0.0,0.0,0.0,0.0,23317142785.0,100.0,0.0,0.0
2025,Poder Ejecutivo,Ramos Generales,Deuda Pública,D009,Modificado,0.0,0.0,0.0,21861653211.07,21861653211.07,0.0,0.0,0.0,0.0,0.0,21861653211.07,100.0,0.0,0.0
2025,Poder Ejecutivo,Ramos Generales,Deuda Pública,D009,Devengado,0.0,0.0,0.0,21861653211.07,21861653211.07,0.0,0.0,0.0,0.0,0.0,21861653211.07,100.0,0.0,0.0
2025,Poder Ejecutivo,Ramos Generales,Deuda Pública,D009,Ejercido,0.0,0.0,0.0,21861653211.07,21861653211.07,0.0,0.0,0.0,0.0,0.0,21861653211.07,100.0,0.0,0.0
2025,Poder Ejecutivo,Ramos Generales,Deuda Pública,D009,Porcentaje Ejer/Aprob,0.0,0.0,0.0,93.75785623757332,93.75785623757332,0.0,0.0,0.0,0.0,0.0,93.75785623757332,,0.0,
2025,Poder Ejecutivo,Ramos Generales,Deuda Pública,D009,Porcentaje Ejer/Modif,0.0,0.0,0.0,100.0,100.0,0.0,0.0,0.0,0.0,0.0,100.0,,0.0,
2025,Poder Ejecutivo,Ramos Generales,"Previsiones y Aportaciones para los Sistemas de Educación Básica, Normal, Tecnológica y de Adultos",TOTAL,Aprobado,79964195835.0,1486806221.0,200000000.0,17021441.0,81668023497.0,0.0,0.0,0.0,0.0,0.0,81668023497.0,100.0,0.0,0.0
2025,Poder Ejecutivo,Ramos Generales,"Previsiones y Aportaciones para los Sistemas de Educación Básica, Normal, Tecnológica y de Adultos",TOTAL,Modificado,52289619162.78,1405345953.77,199032000.0,150986144.49,54044983261.04,0.0,0.0,0.0,0.0,0.0,54044983261.04,100.0,0.0,0.0
2025,Poder Ejecutivo,Ramos Generales,"Previsiones y Aportaciones para los Sistemas de Educación Básica, Normal, Tecnológica y de Adultos",TOTAL,Devengado,52289619162.78,1405345953.77,199032000.0,150986144.49,54044983261.04,0.0,0.0,0.0,0.0,0.0,54044983261.04,100.0,0.0,0.0
2025,Poder Ejecutivo,Ramos Generales,"Previsiones y Aportaciones para los Sistemas de Educación Básica, Normal, Tecnológica y de Adultos",TOTAL,Ejercido,52289619162.78,1405345953.77,199032000.0,150986144.49,54044983261.04,0.0,0.0,0.0,0.0,0.0,54044983261.04,100.0,0.0,0.0
2025,Poder Ejecutivo,Ramos Generales,"Previsiones y Aportaciones para los Sistemas de Educación Básica, Normal, Tecnológica y de Adultos",TOTAL,Porcentaje Ejer/Aprob,65.3912899601662,94.52112413309575,99.516,0.0,66.17643105202036,0.0,0.0,0.0,0.0,0.0,66.17643105202036,,0.0,
2025,Poder Ejecutivo,Ramos Generales,"Previsiones y Aportaciones para los Sistemas de Educación Básica, Normal, Tecnológica y de Adultos",TOTAL,Porcentaje Ejer/Modif,100.0,100.0,100.0,100.0,100.0,0.0,0.0,0.0,0.0,0.0,100.0,,0.0,
2025,Poder Ejecutivo,Ramos Generales,"Previsiones y Aportaciones para los Sistemas de Educación Básica, Normal, Tecnológica y de Adultos",E003,Servicios de educación básica en la Ciudad de México,0.0,0.0,0.0,0.0,0.0,0.0,0.0,0.0,0.0,0.0,0.0,,0.0,
2025,Poder Ejecutivo,Ramos Generales,"Previsiones y Aportaciones para los Sistemas de Educación Básica, Normal, Tecnológica y de Adultos",E003,Aprobado,45771930680.0,1307440700.0,0.0,10846880.0,47090218260.0,0.0,0.0,0.0,0.0,0.0,47090218260.0,100.0,0.0,0.0
2025,Poder Ejecutivo,Ramos Generales,"Previsiones y Aportaciones para los Sistemas de Educación Básica, Normal, Tecnológica y de Adultos",E003,Modificado,50416092360.21,782945301.84,0.0,5406350.01,51204444012.06,0.0,0.0,0.0,0.0,0.0,51204444012.06,100.0,0.0,0.0
2025,Poder Ejecutivo,Ramos Generales,"Previsiones y Aportaciones para los Sistemas de Educación Básica, Normal, Tecnológica y de Adultos",E003,Devengado,50416092360.21,782945301.84,0.0,5406350.01,51204444012.06,0.0,0.0,0.0,0.0,0.0,51204444012.06,100.0,0.0,0.0
2025,Poder Ejecutivo,Ramos Generales,"Previsiones y Aportaciones para los Sistemas de Educación Básica, Normal, Tecnológica y de Adultos",E003,Ejercido,50416092360.21,782945301.84,0.0,5406350.01,51204444012.06,0.0,0.0,0.0,0.0,0.0,51204444012.06,100.0,0.0,0.0
2025,Poder Ejecutivo,Ramos Generales,"Previsiones y Aportaciones para los Sistemas de Educación Básica, Normal, Tecnológica y de Adultos",E003,Porcentaje Ejer/Aprob,110.14630934552048,59.88380978502506,0.0,49.84244326479135,108.73690100424692,0.0,0.0,0.0,0.0,0.0,108.73690100424692,,0.0,
2025,Poder Ejecutivo,Ramos Generales,"Previsiones y Aportaciones para los Sistemas de Educación Básica, Normal, Tecnológica y de Adultos",E003,Porcentaje Ejer/Modif,100.0,100.0,0.0,100.0,100.0,0.0,0.0,0.0,0.0,0.0,100.0,,0.0,
2025,Poder Ejecutivo,Ramos Generales,"Previsiones y Aportaciones para los Sistemas de Educación Básica, Normal, Tecnológica y de Adultos",E004,Servicios de educación normal en la Ciudad de México,0.0,0.0,0.0,0.0,0.0,0.0,0.0,0.0,0.0,0.0,0.0,,0.0,
2025,Poder Ejecutivo,Ramos Generales,"Previsiones y Aportaciones para los Sistemas de Educación Básica, Normal, Tecnológica y de Adultos",E004,Aprobado,1355030584.0,22160862.0,0.0,1174561.0,1378366007.0,0.0,0.0,0.0,0.0,0.0,1378366007.0,100.0,0.0,0.0
2025,Poder Ejecutivo,Ramos Generales,"Previsiones y Aportaciones para los Sistemas de Educación Básica, Normal, Tecnológica y de Adultos",E004,Modificado,1821391816.3,5519665.25,0.0,5964223.9,1832875705.45,0.0,0.0,0.0,0.0,0.0,1832875705.45,100.0,0.0,0.0
2025,Poder Ejecutivo,Ramos Generales,"Previsiones y Aportaciones para los Sistemas de Educación Básica, Normal, Tecnológica y de Adultos",E004,Devengado,1821391816.3,5519665.25,0.0,5964223.9,1832875705.45,0.0,0.0,0.0,0.0,0.0,1832875705.45,100.0,0.0,0.0
2025,Poder Ejecutivo,Ramos Generales,"Previsiones y Aportaciones para los Sistemas de Educación Básica, Normal, Tecnológica y de Adultos",E004,Ejercido,1821391816.3,5519665.25,0.0,5964223.9,1832875705.45,0.0,0.0,0.0,0.0,0.0,1832875705.45,100.0,0.0,0.0
2025,Poder Ejecutivo,Ramos Generales,"Previsiones y Aportaciones para los Sistemas de Educación Básica, Normal, Tecnológica y de Adultos",E004,Porcentaje Ejer/Aprob,134.41702628757787,24.907267821982735,0.0,0.0,132.97452898154648,0.0,0.0,0.0,0.0,0.0,132.97452898154648,,0.0,
2025,Poder Ejecutivo,Ramos Generales,"Previsiones y Aportaciones para los Sistemas de Educación Básica, Normal, Tecnológica y de Adultos",E004,Porcentaje Ejer/Modif,100.0,100.0,0.0,100.0,100.0,0.0,0.0,0.0,0.0,0.0,100.0,,0.0,
2025,Poder Ejecutivo,Ramos Generales,"Previsiones y Aportaciones para los Sistemas de Educación Básica, Normal, Tecnológica y de Adultos",E247,Programa para el Desarrollo Profesional Docente,0.0,0.0,0.0,0.0,0.0,0.0,0.0,0.0,0.0,0.0,0.0,,0.0,
2025,Poder Ejecutivo,Ramos Generales,"Previsiones y Aportaciones para los Sistemas de Educación Básica, Normal, Tecnológica y de Adultos",E247,Aprobado,0.0,0.0,0.0,0.0,0.0,0.0,0.0,0.0,0.0,0.0,0.0,0.0,0.0,0.0
2025,Poder Ejecutivo,Ramos Generales,"Previsiones y Aportaciones para los Sistemas de Educación Básica, Normal, Tecnológica y de Adultos",E247,Modificado,0.0,0.0,0.0,0.0,0.0,0.0,0.0,0.0,0.0,0.0,0.0,0.0,0.0,0.0
2025,Poder Ejecutivo,Ramos Generales,"Previsiones y Aportaciones para los Sistemas de Educación Básica, Normal, Tecnológica y de Adultos",E247,Devengado,0.0,0.0,0.0,0.0,0.0,0.0,0.0,0.0,0.0,0.0,0.0,0.0,0.0,0.0
2025,Poder Ejecutivo,Ramos Generales,"Previsiones y Aportaciones para los Sistemas de Educación Básica, Normal, Tecnológica y de Adultos",E247,Ejercido,0.0,0.0,0.0,0.0,0.0,0.0,0.0,0.0,0.0,0.0,0.0,0.0,0.0,0.0
2025,Poder Ejecutivo,Ramos Generales,"Previsiones y Aportaciones para los Sistemas de Educación Básica, Normal, Tecnológica y de Adultos",E247,Porcentaje Ejer/Aprob,0.0,0.0,0.0,0.0,0.0,0.0,0.0,0.0,0.0,0.0,0.0,,0.0,
2025,Poder Ejecutivo,Ramos Generales,"Previsiones y Aportaciones para los Sistemas de Educación Básica, Normal, Tecnológica y de Adultos",E247,Porcentaje Ejer/Modif,0.0,0.0,0.0,0.0,0.0,0.0,0.0,0.0,0.0,0.0,0.0,,0.0,
2025,Poder Ejecutivo,Ramos Generales,"Previsiones y Aportaciones para los Sistemas de Educación Básica, Normal, Tecnológica y de Adultos",E270,Programa Nacional de Inglés,0.0,0.0,0.0,0.0,0.0,0.0,0.0,0.0,0.0,0.0,0.0,,0.0,
2025,Poder Ejecutivo,Ramos Generales,"Previsiones y Aportaciones para los Sistemas de Educación Básica, Normal, Tecnológica y de Adultos",E270,Aprobado,0.0,0.0,0.0,0.0,0.0,0.0,0.0,0.0,0.0,0.0,0.0,0.0,0.0,0.0
2025,Poder Ejecutivo,Ramos Generales,"Previsiones y Aportaciones para los Sistemas de Educación Básica, Normal, Tecnológica y de Adultos",E270,Modificado,0.0,6766639.49,0.0,0.0,6766639.49,0.0,0.0,0.0,0.0,0.0,6766639.49,100.0,0.0,0.0
2025,Poder Ejecutivo,Ramos Generales,"Previsiones y Aportaciones para los Sistemas de Educación Básica, Normal, Tecnológica y de Adultos",E270,Devengado,0.0,6766639.49,0.0,0.0,6766639.49,0.0,0.0,0.0,0.0,0.0,6766639.49,100.0,0.0,0.0
2025,Poder Ejecutivo,Ramos Generales,"Previsiones y Aportaciones para los Sistemas de Educación Básica, Normal, Tecnológica y de Adultos",E270,Ejercido,0.0,6766639.49,0.0,0.0,6766639.49,0.0,0.0,0.0,0.0,0.0,6766639.49,100.0,0.0,0.0
2025,Poder Ejecutivo,Ramos Generales,"Previsiones y Aportaciones para los Sistemas de Educación Básica, Normal, Tecnológica y de Adultos",E270,Porcentaje Ejer/Aprob,0.0,0.0,0.0,0.0,0.0,0.0,0.0,0.0,0.0,0.0,0.0,,0.0,
2025,Poder Ejecutivo,Ramos Generales,"Previsiones y Aportaciones para los Sistemas de Educación Básica, Normal, Tecnológica y de Adultos",E270,Porcentaje Ejer/Modif,0.0,100.0,0.0,0.0,100.0,0.0,0.0,0.0,0.0,0.0,100.0,,0.0,
2025,Poder Ejecutivo,Ramos Generales,"Previsiones y Aportaciones para los Sistemas de Educación Básica, Normal, Tecnológica y de Adultos",E300,Fortalecimiento a la Excelencia Educativa,0.0,0.0,0.0,0.0,0.0,0.0,0.0,0.0,0.0,0.0,0.0,,0.0,
2025,Poder Ejecutivo,Ramos Generales,"Previsiones y Aportaciones para los Sistemas de Educación Básica, Normal, Tecnológica y de Adultos",E300,Aprobado,0.0,0.0,0.0,0.0,0.0,0.0,0.0,0.0,0.0,0.0,0.0,0.0,0.0,0.0
2025,Poder Ejecutivo,Ramos Generales,"Previsiones y Aportaciones para los Sistemas de Educación Básica, Normal, Tecnológica y de Adultos",E300,Modificado,0.0,40320098.7,0.0,0.0,40320098.7,0.0,0.0,0.0,0.0,0.0,40320098.7,100.0,0.0,0.0
2025,Poder Ejecutivo,Ramos Generales,"Previsiones y Aportaciones para los Sistemas de Educación Básica, Normal, Tecnológica y de Adultos",E300,Devengado,0.0,40320098.7,0.0,0.0,40320098.7,0.0,0.0,0.0,0.0,0.0,40320098.7,100.0,0.0,0.0
2025,Poder Ejecutivo,Ramos Generales,"Previsiones y Aportaciones para los Sistemas de Educación Básica, Normal, Tecnológica y de Adultos",E300,Ejercido,0.0,40320098.7,0.0,0.0,40320098.7,0.0,0.0,0.0,0.0,0.0,40320098.7,100.0,0.0,0.0
2025,Poder Ejecutivo,Ramos Generales,"Previsiones y Aportaciones para los Sistemas de Educación Básica, Normal, Tecnológica y de Adultos",E300,Porcentaje Ejer/Aprob,0.0,0.0,0.0,0.0,0.0,0.0,0.0,0.0,0.0,0.0,0.0,,0.0,
2025,Poder Ejecutivo,Ramos Generales,"Previsiones y Aportaciones para los Sistemas de Educación Básica, Normal, Tecnológica y de Adultos",E300,Porcentaje Ejer/Modif,0.0,100.0,0.0,0.0,100.0,0.0,0.0,0.0,0.0,0.0,100.0,,0.0,
2025,Poder Ejecutivo,Ramos Generales,"Previsiones y Aportaciones para los Sistemas de Educación Básica, Normal, Tecnológica y de Adultos",I002,Previsiones salariales y económicas del Fondo de Aportaciones para la Nómina Educativa y Gasto Operativo (FONE),0.0,0.0,0.0,0.0,0.0,0.0,0.0,0.0,0.0,0.0,0.0,,0.0,
2025,Poder Ejecutivo,Ramos Generales,"Previsiones y Aportaciones para los Sistemas de Educación Básica, Normal, Tecnológica y de Adultos",I002,Aprobado,27931661820.0,0.0,0.0,0.0,27931661820.0,0.0,0.0,0.0,0.0,0.0,27931661820.0,100.0,0.0,0.0
2025,Poder Ejecutivo,Ramos Generales,"Previsiones y Aportaciones para los Sistemas de Educación Básica, Normal, Tecnológica y de Adultos",I002,Modificado,0.0,0.0,0.0,0.0,0.0,0.0,0.0,0.0,0.0,0.0,0.0,0.0,0.0,0.0
2025,Poder Ejecutivo,Ramos Generales,"Previsiones y Aportaciones para los Sistemas de Educación Básica, Normal, Tecnológica y de Adultos",I002,Devengado,0.0,0.0,0.0,0.0,0.0,0.0,0.0,0.0,0.0,0.0,0.0,0.0,0.0,0.0
2025,Poder Ejecutivo,Ramos Generales,"Previsiones y Aportaciones para los Sistemas de Educación Básica, Normal, Tecnológica y de Adultos",I002,Ejercido,0.0,0.0,0.0,0.0,0.0,0.0,0.0,0.0,0.0,0.0,0.0,0.0,0.0,0.0
2025,Poder Ejecutivo,Ramos Generales,"Previsiones y Aportaciones para los Sistemas de Educación Básica, Normal, Tecnológica y de Adultos",I002,Porcentaje Ejer/Aprob,0.0,0.0,0.0,0.0,0.0,0.0,0.0,0.0,0.0,0.0,0.0,,0.0,
2025,Poder Ejecutivo,Ramos Generales,"Previsiones y Aportaciones para los Sistemas de Educación Básica, Normal, Tecnológica y de Adultos",I002,Porcentaje Ejer/Modif,0.0,0.0,0.0,0.0,0.0,0.0,0.0,0.0,0.0,0.0,0.0,,0.0,
2025,Poder Ejecutivo,Ramos Generales,"Previsiones y Aportaciones para los Sistemas de Educación Básica, Normal, Tecnológica y de Adultos",I003,Previsiones salariales y económicas del Fondo de Aportaciones para la Educación Tecnológica y de Adultos,0.0,0.0,0.0,0.0,0.0,0.0,0.0,0.0,0.0,0.0,0.0,,0.0,
2025,Poder Ejecutivo,Ramos Generales,"Previsiones y Aportaciones para los Sistemas de Educación Básica, Normal, Tecnológica y de Adultos",I003,Aprobado,311882683.0,0.0,0.0,0.0,311882683.0,0.0,0.0,0.0,0.0,0.0,311882683.0,100.0,0.0,0.0
2025,Poder Ejecutivo,Ramos Generales,"Previsiones y Aportaciones para los Sistemas de Educación Básica, Normal, Tecnológica y de Adultos",I003,Modificado,0.0,0.0,0.0,0.0,0.0,0.0,0.0,0.0,0.0,0.0,0.0,0.0,0.0,0.0
2025,Poder Ejecutivo,Ramos Generales,"Previsiones y Aportaciones para los Sistemas de Educación Básica, Normal, Tecnológica y de Adultos",I003,Devengado,0.0,0.0,0.0,0.0,0.0,0.0,0.0,0.0,0.0,0.0,0.0,0.0,0.0,0.0
2025,Poder Ejecutivo,Ramos Generales,"Previsiones y Aportaciones para los Sistemas de Educación Básica, Normal, Tecnológica y de Adultos",I003,Ejercido,0.0,0.0,0.0,0.0,0.0,0.0,0.0,0.0,0.0,0.0,0.0,0.0,0.0,0.0
2025,Poder Ejecutivo,Ramos Generales,"Previsiones y Aportaciones para los Sistemas de Educación Básica, Normal, Tecnológica y de Adultos",I003,Porcentaje Ejer/Aprob,0.0,0.0,0.0,0.0,0.0,0.0,0.0,0.0,0.0,0.0,0.0,,0.0,
2025,Poder Ejecutivo,Ramos Generales,"Previsiones y Aportaciones para los Sistemas de Educación Básica, Normal, Tecnológica y de Adultos",I003,Porcentaje Ejer/Modif,0.0,0.0,0.0,0.0,0.0,0.0,0.0,0.0,0.0,0.0,0.0,,0.0,
2025,Poder Ejecutivo,Ramos Generales,"Previsiones y Aportaciones para los Sistemas de Educación Básica, Normal, Tecnológica y de Adultos",M001,Actividades de apoyo administrativo,0.0,0.0,0.0,0.0,0.0,0.0,0.0,0.0,0.0,0.0,0.0,,0.0,
2025,Poder Ejecutivo,Ramos Generales,"Previsiones y Aportaciones para los Sistemas de Educación Básica, Normal, Tecnológica y de Adultos",M001,Aprobado,4537833210.0,155120721.0,0.0,5000000.0,4697953931.0,0.0,0.0,0.0,0.0,0.0,4697953931.0,100.0,0.0,0.0
2025,Poder Ejecutivo,Ramos Generales,"Previsiones y Aportaciones para los Sistemas de Educación Básica, Normal, Tecnológica y de Adultos",M001,Modificado,31337473.63,569399085.38,0.0,139615570.58,740352129.59,0.0,0.0,0.0,0.0,0.0,740352129.59,100.0,0.0,0.0
2025,Poder Ejecutivo,Ramos Generales,"Previsiones y Aportaciones para los Sistemas de Educación Básica, Normal, Tecnológica y de Adultos",M001,Devengado,31337473.63,569399085.38,0.0,139615570.58,740352129.59,0.0,0.0,0.0,0.0,0.0,740352129.59,100.0,0.0,0.0
2025,Poder Ejecutivo,Ramos Generales,"Previsiones y Aportaciones para los Sistemas de Educación Básica, Normal, Tecnológica y de Adultos",M001,Ejercido,31337473.63,569399085.38,0.0,139615570.58,740352129.59,0.0,0.0,0.0,0.0,0.0,740352129.59,100.0,0.0,0.0
2025,Poder Ejecutivo,Ramos Generales,"Previsiones y Aportaciones para los Sistemas de Educación Básica, Normal, Tecnológica y de Adultos",M001,Porcentaje Ejer/Aprob,0.6905823149458593,367.06835921681926,0.0,0.0,15.75903341036828,0.0,0.0,0.0,0.0,0.0,15.75903341036828,,0.0,
2025,Poder Ejecutivo,Ramos Generales,"Previsiones y Aportaciones para los Sistemas de Educación Básica, Normal, Tecnológica y de Adultos",M001,Porcentaje Ejer/Modif,100.0,100.0,0.0,100.0,100.0,0.0,0.0,0.0,0.0,0.0,100.0,,0.0,
2025,Poder Ejecutivo,Ramos Generales,"Previsiones y Aportaciones para los Sistemas de Educación Básica, Normal, Tecnológica y de Adultos",O001,Actividades de apoyo a la función pública y buen gobierno,0.0,0.0,0.0,0.0,0.0,0.0,0.0,0.0,0.0,0.0,0.0,,0.0,
2025,Poder Ejecutivo,Ramos Generales,"Previsiones y Aportaciones para los Sistemas de Educación Básica, Normal, Tecnológica y de Adultos",O001,Aprobado,55856858.0,2083938.0,0.0,0.0,57940796.0,0.0,0.0,0.0,0.0,0.0,57940796.0,100.0,0.0,0.0
2025,Poder Ejecutivo,Ramos Generales,"Previsiones y Aportaciones para los Sistemas de Educación Básica, Normal, Tecnológica y de Adultos",O001,Modificado,20797512.64,395163.11,0.0,0.0,21192675.75,0.0,0.0,0.0,0.0,0.0,21192675.75,100.0,0.0,0.0
2025,Poder Ejecutivo,Ramos Generales,"Previsiones y Aportaciones para los Sistemas de Educación Básica, Normal, Tecnológica y de Adultos",O001,Devengado,20797512.64,395163.11,0.0,0.0,21192675.75,0.0,0.0,0.0,0.0,0.0,21192675.75,100.0,0.0,0.0
2025,Poder Ejecutivo,Ramos Generales,"Previsiones y Aportaciones para los Sistemas de Educación Básica, Normal, Tecnológica y de Adultos",O001,Ejercido,20797512.64,395163.11,0.0,0.0,21192675.75,0.0,0.0,0.0,0.0,0.0,21192675.75,100.0,0.0,0.0
2025,Poder Ejecutivo,Ramos Generales,"Previsiones y Aportaciones para los Sistemas de Educación Básica, Normal, Tecnológica y de Adultos",O001,Porcentaje Ejer/Aprob,37.233588470013835,18.962325654602008,0.0,0.0,36.57643182879296,0.0,0.0,0.0,0.0,0.0,36.57643182879296,,0.0,
2025,Poder Ejecutivo,Ramos Generales,"Previsiones y Aportaciones para los Sistemas de Educación Básica, Normal, Tecnológica y de Adultos",O001,Porcentaje Ejer/Modif,100.0,100.0,0.0,0.0,100.0,0.0,0.0,0.0,0.0,0.0,100.0,,0.0,
2025,Poder Ejecutivo,Ramos Generales,"Previsiones y Aportaciones para los Sistemas de Educación Básica, Normal, Tecnológica y de Adultos",U001,Becas para la población atendida por el sector educativo,0.0,0.0,0.0,0.0,0.0,0.0,0.0,0.0,0.0,0.0,0.0,,0.0,
2025,Poder Ejecutivo,Ramos Generales,"Previsiones y Aportaciones para los Sistemas de Educación Básica, Normal, Tecnológica y de Adultos",U001,Aprobado,0.0,0.0,200000000.0,0.0,200000000.0,0.0,0.0,0.0,0.0,0.0,200000000.0,100.0,0.0,0.0
2025,Poder Ejecutivo,Ramos Generales,"Previsiones y Aportaciones para los Sistemas de Educación Básica, Normal, Tecnológica y de Adultos",U001,Modificado,0.0,0.0,199032000.0,0.0,199032000.0,0.0,0.0,0.0,0.0,0.0,199032000.0,100.0,0.0,0.0
2025,Poder Ejecutivo,Ramos Generales,"Previsiones y Aportaciones para los Sistemas de Educación Básica, Normal, Tecnológica y de Adultos",U001,Devengado,0.0,0.0,199032000.0,0.0,199032000.0,0.0,0.0,0.0,0.0,0.0,199032000.0,100.0,0.0,0.0
2025,Poder Ejecutivo,Ramos Generales,"Previsiones y Aportaciones para los Sistemas de Educación Básica, Normal, Tecnológica y de Adultos",U001,Ejercido,0.0,0.0,199032000.0,0.0,199032000.0,0.0,0.0,0.0,0.0,0.0,199032000.0,100.0,0.0,0.0
2025,Poder Ejecutivo,Ramos Generales,"Previsiones y Aportaciones para los Sistemas de Educación Básica, Normal, Tecnológica y de Adultos",U001,Porcentaje Ejer/Aprob,0.0,0.0,99.516,0.0,99.516,0.0,0.0,0.0,0.0,0.0,99.516,,0.0,
2025,Poder Ejecutivo,Ramos Generales,"Previsiones y Aportaciones para los Sistemas de Educación Básica, Normal, Tecnológica y de Adultos",U001,Porcentaje Ejer/Modif,0.0,0.0,100.0,0.0,100.0,0.0,0.0,0.0,0.0,0.0,100.0,,0.0,
2025,Poder Ejecutivo,Ramos Generales,Participaciones a Entidades Federativas y Municipios,TOTAL,Aprobado,0.0,0.0,0.0,1340210876874.0,1340210876874.0,0.0,0.0,0.0,0.0,0.0,1340210876874.0,100.0,0.0,0.0
2025,Poder Ejecutivo,Ramos Generales,Participaciones a Entidades Federativas y Municipios,TOTAL,Modificado,0.0,0.0,0.0,1350864726800.7,1350864726800.7,0.0,0.0,0.0,0.0,0.0,1350864726800.7,100.0,0.0,0.0
2025,Poder Ejecutivo,Ramos Generales,Participaciones a Entidades Federativas y Municipios,TOTAL,Devengado,0.0,0.0,0.0,1350864726800.7,1350864726800.7,0.0,0.0,0.0,0.0,0.0,1350864726800.7,100.0,0.0,0.0
2025,Poder Ejecutivo,Ramos Generales,Participaciones a Entidades Federativas y Municipios,TOTAL,Ejercido,0.0,0.0,0.0,1350864726800.7,1350864726800.7,0.0,0.0,0.0,0.0,0.0,1350864726800.7,100.0,0.0,0.0
2025,Poder Ejecutivo,Ramos Generales,Participaciones a Entidades Federativas y Municipios,TOTAL,Porcentaje Ejer/Aprob,0.0,0.0,0.0,100.79493832728397,100.79493832728397,0.0,0.0,0.0,0.0,0.0,100.79493832728397,,0.0,
2025,Poder Ejecutivo,Ramos Generales,Participaciones a Entidades Federativas y Municipios,TOTAL,Porcentaje Ejer/Modif,0.0,0.0,0.0,100.0,100.0,0.0,0.0,0.0,0.0,0.0,100.0,,0.0,
2025,Poder Ejecutivo,Ramos Generales,Participaciones a Entidades Federativas y Municipios,C001,Fondo General de Participaciones,0.0,0.0,0.0,0.0,0.0,0.0,0.0,0.0,0.0,0.0,0.0,,0.0,
2025,Poder Ejecutivo,Ramos Generales,Participaciones a Entidades Federativas y Municipios,C001,Aprobado,0.0,0.0,0.0,980334377725.0,980334377725.0,0.0,0.0,0.0,0.0,0.0,980334377725.0,100.0,0.0,0.0
2025,Poder Ejecutivo,Ramos Generales,Participaciones a Entidades Federativas y Municipios,C001,Modificado,0.0,0.0,0.0,982122865855.5,982122865855.5,0.0,0.0,0.0,0.0,0.0,982122865855.5,100.0,0.0,0.0
2025,Poder Ejecutivo,Ramos Generales,Participaciones a Entidades Federativas y Municipios,C001,Devengado,0.0,0.0,0.0,982122865855.5,982122865855.5,0.0,0.0,0.0,0.0,0.0,982122865855.5,100.0,0.0,0.0
2025,Poder Ejecutivo,Ramos Generales,Participaciones a Entidades Federativas y Municipios,C001,Ejercido,0.0,0.0,0.0,982122865855.5,982122865855.5,0.0,0.0,0.0,0.0,0.0,982122865855.5,100.0,0.0,0.0
2025,Poder Ejecutivo,Ramos Generales,Participaciones a Entidades Federativas y Municipios,C001,Porcentaje Ejer/Aprob,0.0,0.0,0.0,100.18243654115757,100.18243654115757,0.0,0.0,0.0,0.0,0.0,100.18243654115757,,0.0,
2025,Poder Ejecutivo,Ramos Generales,Participaciones a Entidades Federativas y Municipios,C001,Porcentaje Ejer/Modif,0.0,0.0,0.0,100.0,100.0,0.0,0.0,0.0,0.0,0.0,100.0,,0.0,
2025,Poder Ejecutivo,Ramos Generales,Participaciones a Entidades Federativas y Municipios,C002,Fondo de Fomento Municipal,0.0,0.0,0.0,0.0,0.0,0.0,0.0,0.0,0.0,0.0,0.0,,0.0,
2025,Poder Ejecutivo,Ramos Generales,Participaciones a Entidades Federativas y Municipios,C002,Aprobado,0.0,0.0,0.0,48921796445.0,48921796445.0,0.0,0.0,0.0,0.0,0.0,48921796445.0,100.0,0.0,0.0
2025,Poder Ejecutivo,Ramos Generales,Participaciones a Entidades Federativas y Municipios,C002,Modificado,0.0,0.0,0.0,49019158691.0,49019158691.0,0.0,0.0,0.0,0.0,0.0,49019158691.0,100.0,0.0,0.0
2025,Poder Ejecutivo,Ramos Generales,Participaciones a Entidades Federativas y Municipios,C002,Devengado,0.0,0.0,0.0,49019158691.0,49019158691.0,0.0,0.0,0.0,0.0,0.0,49019158691.0,100.0,0.0,0.0
2025,Poder Ejecutivo,Ramos Generales,Participaciones a Entidades Federativas y Municipios,C002,Ejercido,0.0,0.0,0.0,49019158691.0,49019158691.0,0.0,0.0,0.0,0.0,0.0,49019158691.0,100.0,0.0,0.0
2025,Poder Ejecutivo,Ramos Generales,Participaciones a Entidades Federativas y Municipios,C002,Porcentaje Ejer/Aprob,0.0,0.0,0.0,100.1990160890953,100.1990160890953,0.0,0.0,0.0,0.0,0.0,100.1990160890953,,0.0,
2025,Poder Ejecutivo,Ramos Generales,Participaciones a Entidades Federativas y Municipios,C002,Porcentaje Ejer/Modif,0.0,0.0,0.0,100.0,100.0,0.0,0.0,0.0,0.0,0.0,100.0,,0.0,
2025,Poder Ejecutivo,Ramos Generales,Participaciones a Entidades Federativas y Municipios,C003,Otros conceptos participables e incentivos económicos,0.0,0.0,0.0,0.0,0.0,0.0,0.0,0.0,0.0,0.0,0.0,,0.0,
2025,Poder Ejecutivo,Ramos Generales,Participaciones a Entidades Federativas y Municipios,C003,Aprobado,0.0,0.0,0.0,307427082509.0,307427082509.0,0.0,0.0,0.0,0.0,0.0,307427082509.0,100.0,0.0,0.0
2025,Poder Ejecutivo,Ramos Generales,Participaciones a Entidades Federativas y Municipios,C003,Modificado,0.0,0.0,0.0,316195082059.2,316195082059.2,0.0,0.0,0.0,0.0,0.0,316195082059.2,100.0,0.0,0.0
2025,Poder Ejecutivo,Ramos Generales,Participaciones a Entidades Federativas y Municipios,C003,Devengado,0.0,0.0,0.0,316195082059.2,316195082059.2,0.0,0.0,0.0,0.0,0.0,316195082059.2,100.0,0.0,0.0
2025,Poder Ejecutivo,Ramos Generales,Participaciones a Entidades Federativas y Municipios,C003,Ejercido,0.0,0.0,0.0,316195082059.2,316195082059.2,0.0,0.0,0.0,0.0,0.0,316195082059.2,100.0,0.0,0.0
2025,Poder Ejecutivo,Ramos Generales,Participaciones a Entidades Federativas y Municipios,C003,Porcentaje Ejer/Aprob,0.0,0.0,0.0,102.85205827627217,102.85205827627217,0.0,0.0,0.0,0.0,0.0,102.85205827627217,,0.0,
2025,Poder Ejecutivo,Ramos Generales,Participaciones a Entidades Federativas y Municipios,C003,Porcentaje Ejer/Modif,0.0,0.0,0.0,100.0,100.0,0.0,0.0,0.0,0.0,0.0,100.0,,0.0,
2025,Poder Ejecutivo,Ramos Generales,Participaciones a Entidades Federativas y Municipios,C004,Fondo de Compensación del Impuesto sobre Automóviles Nuevos,0.0,0.0,0.0,0.0,0.0,0.0,0.0,0.0,0.0,0.0,0.0,,0.0,
2025,Poder Ejecutivo,Ramos Generales,Participaciones a Entidades Federativas y Municipios,C004,Aprobado,0.0,0.0,0.0,3527620195.0,3527620195.0,0.0,0.0,0.0,0.0,0.0,3527620195.0,100.0,0.0,0.0
2025,Poder Ejecutivo,Ramos Generales,Participaciones a Entidades Federativas y Municipios,C004,Modificado,0.0,0.0,0.0,3527620195.0,3527620195.0,0.0,0.0,0.0,0.0,0.0,3527620195.0,100.0,0.0,0.0
2025,Poder Ejecutivo,Ramos Generales,Participaciones a Entidades Federativas y Municipios,C004,Devengado,0.0,0.0,0.0,3527620195.0,3527620195.0,0.0,0.0,0.0,0.0,0.0,3527620195.0,100.0,0.0,0.0
2025,Poder Ejecutivo,Ramos Generales,Participaciones a Entidades Federativas y Municipios,C004,Ejercido,0.0,0.0,0.0,3527620195.0,3527620195.0,0.0,0.0,0.0,0.0,0.0,3527620195.0,100.0,0.0,0.0
2025,Poder Ejecutivo,Ramos Generales,Participaciones a Entidades Federativas y Municipios,C004,Porcentaje Ejer/Aprob,0.0,0.0,0.0,100.0,100.0,0.0,0.0,0.0,0.0,0.0,100.0,,0.0,
2025,Poder Ejecutivo,Ramos Generales,Participaciones a Entidades Federativas y Municipios,C004,Porcentaje Ejer/Modif,0.0,0.0,0.0,100.0,100.0,0.0,0.0,0.0,0.0,0.0,100.0,,0.0,
2025,Poder Ejecutivo,Ramos Generales,Adeudos de Ejercicios Fiscales Anteriores,TOTAL,Aprobado,0.0,0.0,0.0,45800000000.0,45800000000.0,0.0,0.0,0.0,0.0,0.0,45800000000.0,100.0,0.0,0.0
2025,Poder Ejecutivo,Ramos Generales,Adeudos de Ejercicios Fiscales Anteriores,TOTAL,Modificado,0.0,0.0,0.0,28863637062.05,28863637062.05,0.0,0.0,0.0,0.0,0.0,28863637062.05,100.0,0.0,0.0
2025,Poder Ejecutivo,Ramos Generales,Adeudos de Ejercicios Fiscales Anteriores,TOTAL,Devengado,0.0,0.0,0.0,28863637062.05,28863637062.05,0.0,0.0,0.0,0.0,0.0,28863637062.05,100.0,0.0,0.0
2025,Poder Ejecutivo,Ramos Generales,Adeudos de Ejercicios Fiscales Anteriores,TOTAL,Ejercido,0.0,0.0,0.0,28863637062.05,28863637062.05,0.0,0.0,0.0,0.0,0.0,28863637062.05,100.0,0.0,0.0
2025,Poder Ejecutivo,Ramos Generales,Adeudos de Ejercicios Fiscales Anteriores,TOTAL,Porcentaje Ejer/Aprob,0.0,0.0,0.0,63.021041620196506,63.021041620196506,0.0,0.0,0.0,0.0,0.0,63.021041620196506,,0.0,
2025,Poder Ejecutivo,Ramos Generales,Adeudos de Ejercicios Fiscales Anteriores,TOTAL,Porcentaje Ejer/Modif,0.0,0.0,0.0,100.0,100.0,0.0,0.0,0.0,0.0,0.0,100.0,,0.0,
2025,Poder Ejecutivo,Ramos Generales,Adeudos de Ejercicios Fiscales Anteriores,H001,Adeudos de Ejercicios Fiscales Anteriores (ADEFAS),0.0,0.0,0.0,0.0,0.0,0.0,0.0,0.0,0.0,0.0,0.0,,0.0,
2025,Poder Ejecutivo,Ramos Generales,Adeudos de Ejercicios Fiscales Anteriores,H001,Aprobado,0.0,0.0,0.0,45800000000.0,45800000000.0,0.0,0.0,0.0,0.0,0.0,45800000000.0,100.0,0.0,0.0
2025,Poder Ejecutivo,Ramos Generales,Adeudos de Ejercicios Fiscales Anteriores,H001,Modificado,0.0,0.0,0.0,28863637062.05,28863637062.05,0.0,0.0,0.0,0.0,0.0,28863637062.05,100.0,0.0,0.0
2025,Poder Ejecutivo,Ramos Generales,Adeudos de Ejercicios Fiscales Anteriores,H001,Devengado,0.0,0.0,0.0,28863637062.05,28863637062.05,0.0,0.0,0.0,0.0,0.0,28863637062.05,100.0,0.0,0.0
2025,Poder Ejecutivo,Ramos Generales,Adeudos de Ejercicios Fiscales Anteriores,H001,Ejercido,0.0,0.0,0.0,28863637062.05,28863637062.05,0.0,0.0,0.0,0.0,0.0,28863637062.05,100.0,0.0,0.0
2025,Poder Ejecutivo,Ramos Generales,Adeudos de Ejercicios Fiscales Anteriores,H001,Porcentaje Ejer/Aprob,0.0,0.0,0.0,63.021041620196506,63.021041620196506,0.0,0.0,0.0,0.0,0.0,63.021041620196506,,0.0,
2025,Poder Ejecutivo,Ramos Generales,Adeudos de Ejercicios Fiscales Anteriores,H001,Porcentaje Ejer/Modif,0.0,0.0,0.0,100.0,100.0,0.0,0.0,0.0,0.0,0.0,100.0,,0.0,
2025,Poder Ejecutivo,Ramos Generales,Aportaciones Federales para Entidades Federativas y Municipios,TOTAL,Aprobado,526578947455.0,0.0,0.0,170350975861.0,696929923316.0,0.0,283021847421.0,0.0,0.0,283021847421.0,979951770737.0,71.11879830492622,0.0,28.881201695073784
2025,Poder Ejecutivo,Ramos Generales,Aportaciones Federales para Entidades Federativas y Municipios,TOTAL,Modificado,544988254497.47,0.0,0.0,171447237933.11,716435492430.58,0.0,270017733445.6,0.0,0.0,270017733445.6,986453225876.18,72.62741644888769,0.0,27.372583551112307
2025,Poder Ejecutivo,Ramos Generales,Aportaciones Federales para Entidades Federativas y Municipios,TOTAL,Devengado,544988254497.47,0.0,0.0,171447237933.11,716435492430.58,0.0,270017733445.6,0.0,0.0,270017733445.6,986453225876.18,72.62741644888769,0.0,27.372583551112307
2025,Poder Ejecutivo,Ramos Generales,Aportaciones Federales para Entidades Federativas y Municipios,TOTAL,Ejercido,544988254497.47,0.0,0.0,171447237933.11,716435492430.58,0.0,270017733445.6,0.0,0.0,270017733445.6,986453225876.18,72.62741644888769,0.0,27.372583551112307
2025,Poder Ejecutivo,Ramos Generales,Aportaciones Federales para Entidades Federativas y Municipios,TOTAL,Porcentaje Ejer/Aprob,103.49602032733054,0.0,0.0,100.64353143066494,102.79878485081717,0.0,95.40526143338462,0.0,0.0,95.40526143338462,100.66344644025598,,0.0,
2025,Poder Ejecutivo,Ramos Generales,Aportaciones Federales para Entidades Federativas y Municipios,TOTAL,Porcentaje Ejer/Modif,100.0,0.0,0.0,100.0,100.0,0.0,100.0,0.0,0.0,100.0,100.0,,0.0,
2025,Poder Ejecutivo,Ramos Generales,Aportaciones Federales para Entidades Federativas y Municipios,I002,FASSA,0.0,0.0,0.0,0.0,0.0,0.0,0.0,0.0,0.0,0.0,0.0,,0.0,
2025,Poder Ejecutivo,Ramos Generales,Aportaciones Federales para Entidades Federativas y Municipios,I002,Aprobado,41028581135.0,0.0,0.0,39705482869.0,80734064004.0,0.0,486396089.0,0.0,0.0,486396089.0,81220460093.0,99.40114093364768,0.0,0.5988590663523219
2025,Poder Ejecutivo,Ramos Generales,Aportaciones Federales para Entidades Federativas y Municipios,I002,Modificado,39949897251.17,0.0,0.0,41447747746.77,81397644997.94,0.0,485954691.02,0.0,0.0,485954691.02,81883599688.96,99.40652988771141,0.0,0.5934701122885772
2025,Poder Ejecutivo,Ramos Generales,Aportaciones Federales para Entidades Federativas y Municipios,I002,Devengado,39949897251.17,0.0,0.0,41447747746.77,81397644997.94,0.0,485954691.02,0.0,0.0,485954691.02,81883599688.96,99.40652988771141,0.0,0.5934701122885772
2025,Poder Ejecutivo,Ramos Generales,Aportaciones Federales para Entidades Federativas y Municipios,I002,Ejercido,39949897251.17,0.0,0.0,41447747746.77,81397644997.94,0.0,485954691.02,0.0,0.0,485954691.02,81883599688.96,99.40652988771141,0.0,0.5934701122885772
2025,Poder Ejecutivo,Ramos Generales,Aportaciones Federales para Entidades Federativas y Municipios,I002,Porcentaje Ejer/Aprob,97.37089644830584,0.0,0.0,104.38797050653746,100.82193433729178,0.0,99.9092513303494,0.0,0.0,99.9092513303494,100.81646865235766,,0.0,
2025,Poder Ejecutivo,Ramos Generales,Aportaciones Federales para Entidades Federativas y Municipios,I002,Porcentaje Ejer/Modif,100.0,0.0,0.0,100.0,100.0,0.0,100.0,0.0,0.0,100.0,100.0,,0.0,
2025,Poder Ejecutivo,Ramos Generales,Aportaciones Federales para Entidades Federativas y Municipios,I003,FAIS Entidades,0.0,0.0,0.0,0.0,0.0,0.0,0.0,0.0,0.0,0.0,0.0,,0.0,
2025,Poder Ejecutivo,Ramos Generales,Aportaciones Federales para Entidades Federativas y Municipios,I003,Aprobado,0.0,0.0,0.0,0.0,0.0,0.0,14999422790.0,0.0,0.0,14999422790.0,14999422790.0,0.0,0.0,100.0
2025,Poder Ejecutivo,Ramos Generales,Aportaciones Federales para Entidades Federativas y Municipios,I003,Modificado,0.0,0.0,0.0,0.0,0.0,0.0,13336866781.42,0.0,0.0,13336866781.42,13336866781.42,0.0,0.0,100.0
2025,Poder Ejecutivo,Ramos Generales,Aportaciones Federales para Entidades Federativas y Municipios,I003,Devengado,0.0,0.0,0.0,0.0,0.0,0.0,13336866781.42,0.0,0.0,13336866781.42,13336866781.42,0.0,0.0,100.0
2025,Poder Ejecutivo,Ramos Generales,Aportaciones Federales para Entidades Federativas y Municipios,I003,Ejercido,0.0,0.0,0.0,0.0,0.0,0.0,13336866781.42,0.0,0.0,13336866781.42,13336866781.42,0.0,0.0,100.0
2025,Poder Ejecutivo,Ramos Generales,Aportaciones Federales para Entidades Federativas y Municipios,I003,Porcentaje Ejer/Aprob,0.0,0.0,0.0,0.0,0.0,0.0,88.9158667512965,0.0,0.0,88.9158667512965,88.9158667512965,,0.0,
2025,Poder Ejecutivo,Ramos Generales,Aportaciones Federales para Entidades Federativas y Municipios,I003,Porcentaje Ejer/Modif,0.0,0.0,0.0,0.0,0.0,0.0,100.0,0.0,0.0,100.0,100.0,,0.0,
2025,Poder Ejecutivo,Ramos Generales,Aportaciones Federales para Entidades Federativas y Municipios,I004,FAIS Municipal y de las Demarcaciones Territoriales del Distrito Federal,0.0,0.0,0.0,0.0,0.0,0.0,0.0,0.0,0.0,0.0,0.0,,0.0,
2025,Poder Ejecutivo,Ramos Generales,Aportaciones Federales para Entidades Federativas y Municipios,I004,Aprobado,0.0,0.0,0.0,0.0,0.0,0.0,108743369145.0,0.0,0.0,108743369145.0,108743369145.0,0.0,0.0,100.0
2025,Poder Ejecutivo,Ramos Generales,Aportaciones Federales para Entidades Federativas y Municipios,I004,Modificado,0.0,0.0,0.0,0.0,0.0,0.0,97712059641.93,0.0,0.0,97712059641.93,97712059641.93,0.0,0.0,100.0
2025,Poder Ejecutivo,Ramos Generales,Aportaciones Federales para Entidades Federativas y Municipios,I004,Devengado,0.0,0.0,0.0,0.0,0.0,0.0,97712059641.93,0.0,0.0,97712059641.93,97712059641.93,0.0,0.0,100.0
2025,Poder Ejecutivo,Ramos Generales,Aportaciones Federales para Entidades Federativas y Municipios,I004,Ejercido,0.0,0.0,0.0,0.0,0.0,0.0,97712059641.93,0.0,0.0,97712059641.93,97712059641.93,0.0,0.0,100.0
2025,Poder Ejecutivo,Ramos Generales,Aportaciones Federales para Entidades Federativas y Municipios,I004,Porcentaje Ejer/Aprob,0.0,0.0,0.0,0.0,0.0,0.0,89.8556485882273,0.0,0.0,89.8556485882273,89.8556485882273,,0.0,
2025,Poder Ejecutivo,Ramos Generales,Aportaciones Federales para Entidades Federativas y Municipios,I004,Porcentaje Ejer/Modif,0.0,0.0,0.0,0.0,0.0,0.0,100.0,0.0,0.0,100.0,100.0,,0.0,
2025,Poder Ejecutivo,Ramos Generales,Aportaciones Federales para Entidades Federativas y Municipios,I005,FORTAMUN,0.0,0.0,0.0,0.0,0.0,0.0,0.0,0.0,0.0,0.0,0.0,,0.0,
2025,Poder Ejecutivo,Ramos Generales,Aportaciones Federales para Entidades Federativas y Municipios,I005,Aprobado,0.0,0.0,0.0,62676159521.0,62676159521.0,0.0,62676159523.0,0.0,0.0,62676159523.0,125352319044.0,49.99999999920225,0.0,50.00000000079775
2025,Poder Ejecutivo,Ramos Generales,Aportaciones Federales para Entidades Federativas y Municipios,I005,Modificado,0.0,0.0,0.0,62521756744.4,62521756744.4,0.0,62656648424.6,0.0,0.0,62656648424.6,125178405169.0,49.94612022735955,0.0,50.05387977264045
2025,Poder Ejecutivo,Ramos Generales,Aportaciones Federales para Entidades Federativas y Municipios,I005,Devengado,0.0,0.0,0.0,62521756744.4,62521756744.4,0.0,62656648424.6,0.0,0.0,62656648424.6,125178405169.0,49.94612022735955,0.0,50.05387977264045
2025,Poder Ejecutivo,Ramos Generales,Aportaciones Federales para Entidades Federativas y Municipios,I005,Ejercido,0.0,0.0,0.0,62521756744.4,62521756744.4,0.0,62656648424.6,0.0,0.0,62656648424.6,125178405169.0,49.94612022735955,0.0,50.05387977264045
2025,Poder Ejecutivo,Ramos Generales,Aportaciones Federales para Entidades Federativas y Municipios,I005,Porcentaje Ejer/Aprob,0.0,0.0,0.0,99.7536499080671,99.7536499080671,0.0,99.96886998413991,0.0,0.0,99.96886998413991,99.86125994610522,,0.0,
2025,Poder Ejecutivo,Ramos Generales,Aportaciones Federales para Entidades Federativas y Municipios,I005,Porcentaje Ejer/Modif,0.0,0.0,0.0,100.0,100.0,0.0,100.0,0.0,0.0,100.0,100.0,,0.0,
2025,Poder Ejecutivo,Ramos Generales,Aportaciones Federales para Entidades Federativas y Municipios,I006,FAM Asistencia Social,0.0,0.0,0.0,0.0,0.0,0.0,0.0,0.0,0.0,0.0,0.0,,0.0,
2025,Poder Ejecutivo,Ramos Generales,Aportaciones Federales para Entidades Federativas y Municipios,I006,Aprobado,0.0,0.0,0.0,18318277465.0,18318277465.0,0.0,0.0,0.0,0.0,0.0,18318277465.0,100.0,0.0,0.0
2025,Poder Ejecutivo,Ramos Generales,Aportaciones Federales para Entidades Federativas y Municipios,I006,Modificado,0.0,0.0,0.0,18281230789.67,18281230789.67,0.0,0.0,0.0,0.0,0.0,18281230789.67,100.0,0.0,0.0
2025,Poder Ejecutivo,Ramos Generales,Aportaciones Federales para Entidades Federativas y Municipios,I006,Devengado,0.0,0.0,0.0,18281230789.67,18281230789.67,0.0,0.0,0.0,0.0,0.0,18281230789.67,100.0,0.0,0.0
2025,Poder Ejecutivo,Ramos Generales,Aportaciones Federales para Entidades Federativas y Municipios,I006,Ejercido,0.0,0.0,0.0,18281230789.67,18281230789.67,0.0,0.0,0.0,0.0,0.0,18281230789.67,100.0,0.0,0.0
2025,Poder Ejecutivo,Ramos Generales,Aportaciones Federales para Entidades Federativas y Municipios,I006,Porcentaje Ejer/Aprob,0.0,0.0,0.0,99.79776114102002,99.79776114102002,0.0,0.0,0.0,0.0,0.0,99.79776114102002,,0.0,
2025,Poder Ejecutivo,Ramos Generales,Aportaciones Federales para Entidades Federativas y Municipios,I006,Porcentaje Ejer/Modif,0.0,0.0,0.0,100.0,100.0,0.0,0.0,0.0,0.0,0.0,100.0,,0.0,
2025,Poder Ejecutivo,Ramos Generales,Aportaciones Federales para Entidades Federativas y Municipios,I007,FAM Infraestructura Educativa Básica,0.0,0.0,0.0,0.0,0.0,0.0,0.0,0.0,0.0,0.0,0.0,,0.0,
2025,Poder Ejecutivo,Ramos Generales,Aportaciones Federales para Entidades Federativas y Municipios,I007,Aprobado,0.0,0.0,0.0,0.0,0.0,0.0,13762601502.0,0.0,0.0,13762601502.0,13762601502.0,0.0,0.0,100.0
2025,Poder Ejecutivo,Ramos Generales,Aportaciones Federales para Entidades Federativas y Municipios,I007,Modificado,0.0,0.0,0.0,0.0,0.0,0.0,13703531632.88,0.0,0.0,13703531632.88,13703531632.88,0.0,0.0,100.0
2025,Poder Ejecutivo,Ramos Generales,Aportaciones Federales para Entidades Federativas y Municipios,I007,Devengado,0.0,0.0,0.0,0.0,0.0,0.0,13703531632.88,0.0,0.0,13703531632.88,13703531632.88,0.0,0.0,100.0
2025,Poder Ejecutivo,Ramos Generales,Aportaciones Federales para Entidades Federativas y Municipios,I007,Ejercido,0.0,0.0,0.0,0.0,0.0,0.0,13703531632.88,0.0,0.0,13703531632.88,13703531632.88,0.0,0.0,100.0
2025,Poder Ejecutivo,Ramos Generales,Aportaciones Federales para Entidades Federativas y Municipios,I007,Porcentaje Ejer/Aprob,0.0,0.0,0.0,0.0,0.0,0.0,99.57079430722878,0.0,0.0,99.57079430722878,99.57079430722878,,0.0,
2025,Poder Ejecutivo,Ramos Generales,Aportaciones Federales para Entidades Federativas y Municipios,I007,Porcentaje Ejer/Modif,0.0,0.0,0.0,0.0,0.0,0.0,100.0,0.0,0.0,100.0,100.0,,0.0,
2025,Poder Ejecutivo,Ramos Generales,Aportaciones Federales para Entidades Federativas y Municipios,I008,FAM Infraestructura Educativa Media Superior y Superior,0.0,0.0,0.0,0.0,0.0,0.0,0.0,0.0,0.0,0.0,0.0,,0.0,
2025,Poder Ejecutivo,Ramos Generales,Aportaciones Federales para Entidades Federativas y Municipios,I008,Aprobado,0.0,0.0,0.0,0.0,0.0,0.0,7741463345.0,0.0,0.0,7741463345.0,7741463345.0,0.0,0.0,100.0
2025,Poder Ejecutivo,Ramos Generales,Aportaciones Federales para Entidades Federativas y Municipios,I008,Modificado,0.0,0.0,0.0,0.0,0.0,0.0,7690897601.16,0.0,0.0,7690897601.16,7690897601.16,0.0,0.0,100.0
2025,Poder Ejecutivo,Ramos Generales,Aportaciones Federales para Entidades Federativas y Municipios,I008,Devengado,0.0,0.0,0.0,0.0,0.0,0.0,7690897601.16,0.0,0.0,7690897601.16,7690897601.16,0.0,0.0,100.0
2025,Poder Ejecutivo,Ramos Generales,Aportaciones Federales para Entidades Federativas y Municipios,I008,Ejercido,0.0,0.0,0.0,0.0,0.0,0.0,7690897601.16,0.0,0.0,7690897601.16,7690897601.16,0.0,0.0,100.0
2025,Poder Ejecutivo,Ramos Generales,Aportaciones Federales para Entidades Federativas y Municipios,I008,Porcentaje Ejer/Aprob,0.0,0.0,0.0,0.0,0.0,0.0,99.34681930810072,0.0,0.0,99.34681930810072,99.34681930810072,,0.0,
2025,Poder Ejecutivo,Ramos Generales,Aportaciones Federales para Entidades Federativas y Municipios,I008,Porcentaje Ejer/Modif,0.0,0.0,0.0,0.0,0.0,0.0,100.0,0.0,0.0,100.0,100.0,,0.0,
2025,Poder Ejecutivo,Ramos Generales,Aportaciones Federales para Entidades Federativas y Municipios,I009,FAETA Educación Tecnológica,0.0,0.0,0.0,0.0,0.0,0.0,0.0,0.0,0.0,0.0,0.0,,0.0,
2025,Poder Ejecutivo,Ramos Generales,Aportaciones Federales para Entidades Federativas y Municipios,I009,Aprobado,6084104566.0,0.0,0.0,477718209.0,6561822775.0,0.0,0.0,0.0,0.0,0.0,6561822775.0,100.0,0.0,0.0
2025,Poder Ejecutivo,Ramos Generales,Aportaciones Federales para Entidades Federativas y Municipios,I009,Modificado,6244365379.25,0.0,0.0,467988527.12,6712353906.37,0.0,0.0,0.0,0.0,0.0,6712353906.37,100.0,0.0,0.0
2025,Poder Ejecutivo,Ramos Generales,Aportaciones Federales para Entidades Federativas y Municipios,I009,Devengado,6244365379.25,0.0,0.0,467988527.12,6712353906.37,0.0,0.0,0.0,0.0,0.0,6712353906.37,100.0,0.0,0.0
2025,Poder Ejecutivo,Ramos Generales,Aportaciones Federales para Entidades Federativas y Municipios,I009,Ejercido,6244365379.25,0.0,0.0,467988527.12,6712353906.37,0.0,0.0,0.0,0.0,0.0,6712353906.37,100.0,0.0,0.0
2025,Poder Ejecutivo,Ramos Generales,Aportaciones Federales para Entidades Federativas y Municipios,I009,Porcentaje Ejer/Aprob,102.63409038275888,0.0,0.0,97.96330102208853,102.2940444527626,0.0,0.0,0.0,0.0,0.0,102.2940444527626,,0.0,
2025,Poder Ejecutivo,Ramos Generales,Aportaciones Federales para Entidades Federativas y Municipios,I009,Porcentaje Ejer/Modif,100.0,0.0,0.0,100.0,100.0,0.0,0.0,0.0,0.0,0.0,100.0,,0.0,
2025,Poder Ejecutivo,Ramos Generales,Aportaciones Federales para Entidades Federativas y Municipios,I010,FAETA Educación de Adultos,0.0,0.0,0.0,0.0,0.0,0.0,0.0,0.0,0.0,0.0,0.0,,0.0,
2025,Poder Ejecutivo,Ramos Generales,Aportaciones Federales para Entidades Federativas y Municipios,I010,Aprobado,2305807991.0,0.0,0.0,1483697096.0,3789505087.0,0.0,0.0,0.0,0.0,0.0,3789505087.0,100.0,0.0,0.0
2025,Poder Ejecutivo,Ramos Generales,Aportaciones Federales para Entidades Federativas y Municipios,I010,Modificado,1925448880.94,0.0,0.0,1239885195.31,3165334076.25,0.0,0.0,0.0,0.0,0.0,3165334076.25,100.0,0.0,0.0
2025,Poder Ejecutivo,Ramos Generales,Aportaciones Federales para Entidades Federativas y Municipios,I010,Devengado,1925448880.94,0.0,0.0,1239885195.31,3165334076.25,0.0,0.0,0.0,0.0,0.0,3165334076.25,100.0,0.0,0.0
2025,Poder Ejecutivo,Ramos Generales,Aportaciones Federales para Entidades Federativas y Municipios,I010,Ejercido,1925448880.94,0.0,0.0,1239885195.31,3165334076.25,0.0,0.0,0.0,0.0,0.0,3165334076.25,100.0,0.0,0.0
2025,Poder Ejecutivo,Ramos Generales,Aportaciones Federales para Entidades Federativas y Municipios,I010,Porcentaje Ejer/Aprob,83.5043025462392,0.0,0.0,83.56727250142167,83.52895704266936,0.0,0.0,0.0,0.0,0.0,83.52895704266936,,0.0,
2025,Poder Ejecutivo,Ramos Generales,Aportaciones Federales para Entidades Federativas y Municipios,I010,Porcentaje Ejer/Modif,100.0,0.0,0.0,100.0,100.0,0.0,0.0,0.0,0.0,0.0,100.0,,0.0,
2025,Poder Ejecutivo,Ramos Generales,Aportaciones Federales para Entidades Federativas y Municipios,I011,FASP,0.0,0.0,0.0,0.0,0.0,0.0,0.0,0.0,0.0,0.0,0.0,,0.0,
2025,Poder Ejecutivo,Ramos Generales,Aportaciones Federales para Entidades Federativas y Municipios,I011,Aprobado,0.0,0.0,0.0,3443579999.0,3443579999.0,0.0,6121920000.0,0.0,0.0,6121920000.0,9565499999.0,35.99999999330929,0.0,64.00000000669071
2025,Poder Ejecutivo,Ramos Generales,Aportaciones Federales para Entidades Federativas y Municipios,I011,Modificado,0.0,0.0,0.0,3311853009.23,3311853009.23,0.0,6079432894.14,0.0,0.0,6079432894.14,9391285903.37,35.26517074772011,0.0,64.73482925227988
2025,Poder Ejecutivo,Ramos Generales,Aportaciones Federales para Entidades Federativas y Municipios,I011,Devengado,0.0,0.0,0.0,3311853009.23,3311853009.23,0.0,6079432894.14,0.0,0.0,6079432894.14,9391285903.37,35.26517074772011,0.0,64.73482925227988
2025,Poder Ejecutivo,Ramos Generales,Aportaciones Federales para Entidades Federativas y Municipios,I011,Ejercido,0.0,0.0,0.0,3311853009.23,3311853009.23,0.0,6079432894.14,0.0,0.0,6079432894.14,9391285903.37,35.26517074772011,0.0,64.73482925227988
2025,Poder Ejecutivo,Ramos Generales,Aportaciones Federales para Entidades Federativas y Municipios,I011,Porcentaje Ejer/Aprob,0.0,0.0,0.0,96.17470801293267,96.17470801293267,0.0,99.30598397463541,0.0,0.0,99.30598397463541,98.17872462863194,,0.0,
2025,Poder Ejecutivo,Ramos Generales,Aportaciones Federales para Entidades Federativas y Municipios,I011,Porcentaje Ejer/Modif,0.0,0.0,0.0,100.0,100.0,0.0,100.0,0.0,0.0,100.0,100.0,,0.0,
2025,Poder Ejecutivo,Ramos Generales,Aportaciones Federales para Entidades Federativas y Municipios,I012,FAFEF,0.0,0.0,0.0,0.0,0.0,0.0,0.0,0.0,0.0,0.0,0.0,,0.0,
2025,Poder Ejecutivo,Ramos Generales,Aportaciones Federales para Entidades Federativas y Municipios,I012,Aprobado,0.0,0.0,0.0,0.0,0.0,0.0,68490515027.0,0.0,0.0,68490515027.0,68490515027.0,0.0,0.0,100.0
2025,Poder Ejecutivo,Ramos Generales,Aportaciones Federales para Entidades Federativas y Municipios,I012,Modificado,0.0,0.0,0.0,0.0,0.0,0.0,68352341778.45,0.0,0.0,68352341778.45,68352341778.45,0.0,0.0,100.0
2025,Poder Ejecutivo,Ramos Generales,Aportaciones Federales para Entidades Federativas y Municipios,I012,Devengado,0.0,0.0,0.0,0.0,0.0,0.0,68352341778.45,0.0,0.0,68352341778.45,68352341778.45,0.0,0.0,100.0
2025,Poder Ejecutivo,Ramos Generales,Aportaciones Federales para Entidades Federativas y Municipios,I012,Ejercido,0.0,0.0,0.0,0.0,0.0,0.0,68352341778.45,0.0,0.0,68352341778.45,68352341778.45,0.0,0.0,100.0
2025,Poder Ejecutivo,Ramos Generales,Aportaciones Federales para Entidades Federativas y Municipios,I012,Porcentaje Ejer/Aprob,0.0,0.0,0.0,0.0,0.0,0.0,99.79825929401241,0.0,0.0,99.79825929401241,99.79825929401241,,0.0,
2025,Poder Ejecutivo,Ramos Generales,Aportaciones Federales para Entidades Federativas y Municipios,I012,Porcentaje Ejer/Modif,0.0,0.0,0.0,0.0,0.0,0.0,100.0,0.0,0.0,100.0,100.0,,0.0,
2025,Poder Ejecutivo,Ramos Generales,Aportaciones Federales para Entidades Federativas y Municipios,I013,FONE Servicios Personales,0.0,0.0,0.0,0.0,0.0,0.0,0.0,0.0,0.0,0.0,0.0,,0.0,
2025,Poder Ejecutivo,Ramos Generales,Aportaciones Federales para Entidades Federativas y Municipios,I013,Aprobado,477160453763.0,0.0,0.0,0.0,477160453763.0,0.0,0.0,0.0,0.0,0.0,477160453763.0,100.0,0.0,0.0
2025,Poder Ejecutivo,Ramos Generales,Aportaciones Federales para Entidades Federativas y Municipios,I013,Modificado,496868542986.11,0.0,0.0,0.0,496868542986.11,0.0,0.0,0.0,0.0,0.0,496868542986.11,100.0,0.0,0.0
2025,Poder Ejecutivo,Ramos Generales,Aportaciones Federales para Entidades Federativas y Municipios,I013,Devengado,496868542986.11,0.0,0.0,0.0,496868542986.11,0.0,0.0,0.0,0.0,0.0,496868542986.11,100.0,0.0,0.0
2025,Poder Ejecutivo,Ramos Generales,Aportaciones Federales para Entidades Federativas y Municipios,I013,Ejercido,496868542986.11,0.0,0.0,0.0,496868542986.11,0.0,0.0,0.0,0.0,0.0,496868542986.11,100.0,0.0,0.0
2025,Poder Ejecutivo,Ramos Generales,Aportaciones Federales para Entidades Federativas y Municipios,I013,Porcentaje Ejer/Aprob,104.1302855397356,0.0,0.0,0.0,104.1302855397356,0.0,0.0,0.0,0.0,0.0,104.1302855397356,,0.0,
2025,Poder Ejecutivo,Ramos Generales,Aportaciones Federales para Entidades Federativas y Municipios,I013,Porcentaje Ejer/Modif,100.0,0.0,0.0,0.0,100.0,0.0,0.0,0.0,0.0,0.0,100.0,,0.0,
2025,Poder Ejecutivo,Ramos Generales,Aportaciones Federales para Entidades Federativas y Municipios,I014,FONE Otros de Gasto Corriente,0.0,0.0,0.0,0.0,0.0,0.0,0.0,0.0,0.0,0.0,0.0,,0.0,
2025,Poder Ejecutivo,Ramos Generales,Aportaciones Federales para Entidades Federativas y Municipios,I014,Aprobado,0.0,0.0,0.0,12278574538.0,12278574538.0,0.0,0.0,0.0,0.0,0.0,12278574538.0,100.0,0.0,0.0
2025,Poder Ejecutivo,Ramos Generales,Aportaciones Federales para Entidades Federativas y Municipios,I014,Modificado,0.0,0.0,0.0,12252614224.91,12252614224.91,0.0,0.0,0.0,0.0,0.0,12252614224.91,100.0,0.0,0.0
2025,Poder Ejecutivo,Ramos Generales,Aportaciones Federales para Entidades Federativas y Municipios,I014,Devengado,0.0,0.0,0.0,12252614224.91,12252614224.91,0.0,0.0,0.0,0.0,0.0,12252614224.91,100.0,0.0,0.0
2025,Poder Ejecutivo,Ramos Generales,Aportaciones Federales para Entidades Federativas y Municipios,I014,Ejercido,0.0,0.0,0.0,12252614224.91,12252614224.91,0.0,0.0,0.0,0.0,0.0,12252614224.91,100.0,0.0,0.0
2025,Poder Ejecutivo,Ramos Generales,Aportaciones Federales para Entidades Federativas y Municipios,I014,Porcentaje Ejer/Aprob,0.0,0.0,0.0,99.78857225641578,99.78857225641578,0.0,0.0,0.0,0.0,0.0,99.78857225641578,,0.0,
2025,Poder Ejecutivo,Ramos Generales,Aportaciones Federales para Entidades Federativas y Municipios,I014,Porcentaje Ejer/Modif,0.0,0.0,0.0,100.0,100.0,0.0,0.0,0.0,0.0,0.0,100.0,,0.0,
2025,Poder Ejecutivo,Ramos Generales,Aportaciones Federales para Entidades Federativas y Municipios,I015,FONE Gasto de Operación,0.0,0.0,0.0,0.0,0.0,0.0,0.0,0.0,0.0,0.0,0.0,,0.0,
2025,Poder Ejecutivo,Ramos Generales,Aportaciones Federales para Entidades Federativas y Municipios,I015,Aprobado,0.0,0.0,0.0,18591078842.0,18591078842.0,0.0,0.0,0.0,0.0,0.0,18591078842.0,100.0,0.0,0.0
2025,Poder Ejecutivo,Ramos Generales,Aportaciones Federales para Entidades Federativas y Municipios,I015,Modificado,0.0,0.0,0.0,18561870327.12,18561870327.12,0.0,0.0,0.0,0.0,0.0,18561870327.12,100.0,0.0,0.0
2025,Poder Ejecutivo,Ramos Generales,Aportaciones Federales para Entidades Federativas y Municipios,I015,Devengado,0.0,0.0,0.0,18561870327.12,18561870327.12,0.0,0.0,0.0,0.0,0.0,18561870327.12,100.0,0.0,0.0
2025,Poder Ejecutivo,Ramos Generales,Aportaciones Federales para Entidades Federativas y Municipios,I015,Ejercido,0.0,0.0,0.0,18561870327.12,18561870327.12,0.0,0.0,0.0,0.0,0.0,18561870327.12,100.0,0.0,0.0
2025,Poder Ejecutivo,Ramos Generales,Aportaciones Federales para Entidades Federativas y Municipios,I015,Porcentaje Ejer/Aprob,0.0,0.0,0.0,99.84288961857331,99.84288961857331,0.0,0.0,0.0,0.0,0.0,99.84288961857331,,0.0,
2025,Poder Ejecutivo,Ramos Generales,Aportaciones Federales para Entidades Federativas y Municipios,I015,Porcentaje Ejer/Modif,0.0,0.0,0.0,100.0,100.0,0.0,0.0,0.0,0.0,0.0,100.0,,0.0,
2025,Poder Ejecutivo,Ramos Generales,Aportaciones Federales para Entidades Federativas y Municipios,I016,FONE Fondo de Compensación,0.0,0.0,0.0,0.0,0.0,0.0,0.0,0.0,0.0,0.0,0.0,,0.0,
2025,Poder Ejecutivo,Ramos Generales,Aportaciones Federales para Entidades Federativas y Municipios,I016,Aprobado,0.0,0.0,0.0,13376407322.0,13376407322.0,0.0,0.0,0.0,0.0,0.0,13376407322.0,100.0,0.0,0.0
2025,Poder Ejecutivo,Ramos Generales,Aportaciones Federales para Entidades Federativas y Municipios,I016,Modificado,0.0,0.0,0.0,13362291368.58,13362291368.58,0.0,0.0,0.0,0.0,0.0,13362291368.58,100.0,0.0,0.0
2025,Poder Ejecutivo,Ramos Generales,Aportaciones Federales para Entidades Federativas y Municipios,I016,Devengado,0.0,0.0,0.0,13362291368.58,13362291368.58,0.0,0.0,0.0,0.0,0.0,13362291368.58,100.0,0.0,0.0
2025,Poder Ejecutivo,Ramos Generales,Aportaciones Federales para Entidades Federativas y Municipios,I016,Ejercido,0.0,0.0,0.0,13362291368.58,13362291368.58,0.0,0.0,0.0,0.0,0.0,13362291368.58,100.0,0.0,0.0
2025,Poder Ejecutivo,Ramos Generales,Aportaciones Federales para Entidades Federativas y Municipios,I016,Porcentaje Ejer/Aprob,0.0,0.0,0.0,99.89447126511479,99.89447126511479,0.0,0.0,0.0,0.0,0.0,99.89447126511479,,0.0,
2025,Poder Ejecutivo,Ramos Generales,Aportaciones Federales para Entidades Federativas y Municipios,I016,Porcentaje Ejer/Modif,0.0,0.0,0.0,100.0,100.0,0.0,0.0,0.0,0.0,0.0,100.0,,0.0,
2025,Poder Ejecutivo,Ramos Generales,Aportaciones Federales para Entidades Federativas y Municipios,I017,Fondo de Aportaciones para la Infraestructura Social de los Pueblos y Comunidades Indígenas y Afromexicanas (FAISPIAM),0.0,0.0,0.0,0.0,0.0,0.0,0.0,0.0,0.0,0.0,0.0,,0.0,
2025,Poder Ejecutivo,Ramos Generales,Aportaciones Federales para Entidades Federativas y Municipios,I017,Aprobado,0.0,0.0,0.0,0.0,0.0,0.0,0.0,0.0,0.0,0.0,0.0,0.0,0.0,0.0
2025,Poder Ejecutivo,Ramos Generales,Aportaciones Federales para Entidades Federativas y Municipios,I017,Modificado,0.0,0.0,0.0,0.0,0.0,0.0,0.0,0.0,0.0,0.0,0.0,0.0,0.0,0.0
2025,Poder Ejecutivo,Ramos Generales,Aportaciones Federales para Entidades Federativas y Municipios,I017,Devengado,0.0,0.0,0.0,0.0,0.0,0.0,0.0,0.0,0.0,0.0,0.0,0.0,0.0,0.0
2025,Poder Ejecutivo,Ramos Generales,Aportaciones Federales para Entidades Federativas y Municipios,I017,Ejercido,0.0,0.0,0.0,0.0,0.0,0.0,0.0,0.0,0.0,0.0,0.0,0.0,0.0,0.0
2025,Poder Ejecutivo,Ramos Generales,Aportaciones Federales para Entidades Federativas y Municipios,I017,Porcentaje Ejer/Aprob,0.0,0.0,0.0,0.0,0.0,0.0,0.0,0.0,0.0,0.0,0.0,,0.0,
2025,Poder Ejecutivo,Ramos Generales,Aportaciones Federales para Entidades Federativas y Municipios,I017,Porcentaje Ejer/Modif,0.0,0.0,0.0,0.0,0.0,0.0,0.0,0.0,0.0,0.0,0.0,,0.0,
2025,Poder Ejecutivo,Ramos Generales,Erogaciones para los Programas de Apoyo a Ahorradores y Deudores de la Banca,TOTAL,Aprobado,0.0,0.0,0.0,52451900575.0,52451900575.0,0.0,0.0,0.0,0.0,0.0,52451900575.0,100.0,0.0,0.0
2025,Poder Ejecutivo,Ramos Generales,Erogaciones para los Programas de Apoyo a Ahorradores y Deudores de la Banca,TOTAL,Modificado,0.0,0.0,0.0,52451900000.0,52451900000.0,0.0,0.0,0.0,0.0,0.0,52451900000.0,100.0,0.0,0.0
2025,Poder Ejecutivo,Ramos Generales,Erogaciones para los Programas de Apoyo a Ahorradores y Deudores de la Banca,TOTAL,Devengado,0.0,0.0,0.0,52451900000.0,52451900000.0,0.0,0.0,0.0,0.0,0.0,52451900000.0,100.0,0.0,0.0
2025,Poder Ejecutivo,Ramos Generales,Erogaciones para los Programas de Apoyo a Ahorradores y Deudores de la Banca,TOTAL,Ejercido,0.0,0.0,0.0,52451900000.0,52451900000.0,0.0,0.0,0.0,0.0,0.0,52451900000.0,100.0,0.0,0.0
2025,Poder Ejecutivo,Ramos Generales,Erogaciones para los Programas de Apoyo a Ahorradores y Deudores de la Banca,TOTAL,Porcentaje Ejer/Aprob,0.0,0.0,0.0,99.99999890375754,99.99999890375754,0.0,0.0,0.0,0.0,0.0,99.99999890375754,,0.0,
2025,Poder Ejecutivo,Ramos Generales,Erogaciones para los Programas de Apoyo a Ahorradores y Deudores de la Banca,TOTAL,Porcentaje Ejer/Modif,0.0,0.0,0.0,100.0,100.0,0.0,0.0,0.0,0.0,0.0,100.0,,0.0,
2025,Poder Ejecutivo,Ramos Generales,Erogaciones para los Programas de Apoyo a Ahorradores y Deudores de la Banca,D001,INDUSTRIA Descuento en pago,0.0,0.0,0.0,0.0,0.0,0.0,0.0,0.0,0.0,0.0,0.0,,0.0,
2025,Poder Ejecutivo,Ramos Generales,Erogaciones para los Programas de Apoyo a Ahorradores y Deudores de la Banca,D001,Aprobado,0.0,0.0,0.0,100.0,100.0,0.0,0.0,0.0,0.0,0.0,100.0,100.0,0.0,0.0
2025,Poder Ejecutivo,Ramos Generales,Erogaciones para los Programas de Apoyo a Ahorradores y Deudores de la Banca,D001,Modificado,0.0,0.0,0.0,0.0,0.0,0.0,0.0,0.0,0.0,0.0,0.0,0.0,0.0,0.0
2025,Poder Ejecutivo,Ramos Generales,Erogaciones para los Programas de Apoyo a Ahorradores y Deudores de la Banca,D001,Devengado,0.0,0.0,0.0,0.0,0.0,0.0,0.0,0.0,0.0,0.0,0.0,0.0,0.0,0.0
2025,Poder Ejecutivo,Ramos Generales,Erogaciones para los Programas de Apoyo a Ahorradores y Deudores de la Banca,D001,Ejercido,0.0,0.0,0.0,0.0,0.0,0.0,0.0,0.0,0.0,0.0,0.0,0.0,0.0,0.0
2025,Poder Ejecutivo,Ramos Generales,Erogaciones para los Programas de Apoyo a Ahorradores y Deudores de la Banca,D001,Porcentaje Ejer/Aprob,0.0,0.0,0.0,0.0,0.0,0.0,0.0,0.0,0.0,0.0,0.0,,0.0,
2025,Poder Ejecutivo,Ramos Generales,Erogaciones para los Programas de Apoyo a Ahorradores y Deudores de la Banca,D001,Porcentaje Ejer/Modif,0.0,0.0,0.0,0.0,0.0,0.0,0.0,0.0,0.0,0.0,0.0,,0.0,
2025,Poder Ejecutivo,Ramos Generales,Erogaciones para los Programas de Apoyo a Ahorradores y Deudores de la Banca,D002,HIPOTECARIO-VIVIENDA,0.0,0.0,0.0,0.0,0.0,0.0,0.0,0.0,0.0,0.0,0.0,,0.0,
2025,Poder Ejecutivo,Ramos Generales,Erogaciones para los Programas de Apoyo a Ahorradores y Deudores de la Banca,D002,Aprobado,0.0,0.0,0.0,100.0,100.0,0.0,0.0,0.0,0.0,0.0,100.0,100.0,0.0,0.0
2025,Poder Ejecutivo,Ramos Generales,Erogaciones para los Programas de Apoyo a Ahorradores y Deudores de la Banca,D002,Modificado,0.0,0.0,0.0,0.0,0.0,0.0,0.0,0.0,0.0,0.0,0.0,0.0,0.0,0.0
2025,Poder Ejecutivo,Ramos Generales,Erogaciones para los Programas de Apoyo a Ahorradores y Deudores de la Banca,D002,Devengado,0.0,0.0,0.0,0.0,0.0,0.0,0.0,0.0,0.0,0.0,0.0,0.0,0.0,0.0
2025,Poder Ejecutivo,Ramos Generales,Erogaciones para los Programas de Apoyo a Ahorradores y Deudores de la Banca,D002,Ejercido,0.0,0.0,0.0,0.0,0.0,0.0,0.0,0.0,0.0,0.0,0.0,0.0,0.0,0.0
2025,Poder Ejecutivo,Ramos Generales,Erogaciones para los Programas de Apoyo a Ahorradores y Deudores de la Banca,D002,Porcentaje Ejer/Aprob,0.0,0.0,0.0,0.0,0.0,0.0,0.0,0.0,0.0,0.0,0.0,,0.0,
2025,Poder Ejecutivo,Ramos Generales,Erogaciones para los Programas de Apoyo a Ahorradores y Deudores de la Banca,D002,Porcentaje Ejer/Modif,0.0,0.0,0.0,0.0,0.0,0.0,0.0,0.0,0.0,0.0,0.0,,0.0,
2025,Poder Ejecutivo,Ramos Generales,Erogaciones para los Programas de Apoyo a Ahorradores y Deudores de la Banca,D003,AGROINDUSTRIA Descuento en pago,0.0,0.0,0.0,0.0,0.0,0.0,0.0,0.0,0.0,0.0,0.0,,0.0,
2025,Poder Ejecutivo,Ramos Generales,Erogaciones para los Programas de Apoyo a Ahorradores y Deudores de la Banca,D003,Aprobado,0.0,0.0,0.0,100.0,100.0,0.0,0.0,0.0,0.0,0.0,100.0,100.0,0.0,0.0
2025,Poder Ejecutivo,Ramos Generales,Erogaciones para los Programas de Apoyo a Ahorradores y Deudores de la Banca,D003,Modificado,0.0,0.0,0.0,0.0,0.0,0.0,0.0,0.0,0.0,0.0,0.0,0.0,0.0,0.0
2025,Poder Ejecutivo,Ramos Generales,Erogaciones para los Programas de Apoyo a Ahorradores y Deudores de la Banca,D003,Devengado,0.0,0.0,0.0,0.0,0.0,0.0,0.0,0.0,0.0,0.0,0.0,0.0,0.0,0.0
2025,Poder Ejecutivo,Ramos Generales,Erogaciones para los Programas de Apoyo a Ahorradores y Deudores de la Banca,D003,Ejercido,0.0,0.0,0.0,0.0,0.0,0.0,0.0,0.0,0.0,0.0,0.0,0.0,0.0,0.0
2025,Poder Ejecutivo,Ramos Generales,Erogaciones para los Programas de Apoyo a Ahorradores y Deudores de la Banca,D003,Porcentaje Ejer/Aprob,0.0,0.0,0.0,0.0,0.0,0.0,0.0,0.0,0.0,0.0,0.0,,0.0,
2025,Poder Ejecutivo,Ramos Generales,Erogaciones para los Programas de Apoyo a Ahorradores y Deudores de la Banca,D003,Porcentaje Ejer/Modif,0.0,0.0,0.0,0.0,0.0,0.0,0.0,0.0,0.0,0.0,0.0,,0.0,
2025,Poder Ejecutivo,Ramos Generales,Erogaciones para los Programas de Apoyo a Ahorradores y Deudores de la Banca,D004,INDUSTRIA Reestructuración en UDIs,0.0,0.0,0.0,0.0,0.0,0.0,0.0,0.0,0.0,0.0,0.0,,0.0,
2025,Poder Ejecutivo,Ramos Generales,Erogaciones para los Programas de Apoyo a Ahorradores y Deudores de la Banca,D004,Aprobado,0.0,0.0,0.0,35.0,35.0,0.0,0.0,0.0,0.0,0.0,35.0,100.0,0.0,0.0
2025,Poder Ejecutivo,Ramos Generales,Erogaciones para los Programas de Apoyo a Ahorradores y Deudores de la Banca,D004,Modificado,0.0,0.0,0.0,0.0,0.0,0.0,0.0,0.0,0.0,0.0,0.0,0.0,0.0,0.0
2025,Poder Ejecutivo,Ramos Generales,Erogaciones para los Programas de Apoyo a Ahorradores y Deudores de la Banca,D004,Devengado,0.0,0.0,0.0,0.0,0.0,0.0,0.0,0.0,0.0,0.0,0.0,0.0,0.0,0.0
2025,Poder Ejecutivo,Ramos Generales,Erogaciones para los Programas de Apoyo a Ahorradores y Deudores de la Banca,D004,Ejercido,0.0,0.0,0.0,0.0,0.0,0.0,0.0,0.0,0.0,0.0,0.0,0.0,0.0,0.0
2025,Poder Ejecutivo,Ramos Generales,Erogaciones para los Programas de Apoyo a Ahorradores y Deudores de la Banca,D004,Porcentaje Ejer/Aprob,0.0,0.0,0.0,0.0,0.0,0.0,0.0,0.0,0.0,0.0,0.0,,0.0,
2025,Poder Ejecutivo,Ramos Generales,Erogaciones para los Programas de Apoyo a Ahorradores y Deudores de la Banca,D004,Porcentaje Ejer/Modif,0.0,0.0,0.0,0.0,0.0,0.0,0.0,0.0,0.0,0.0,0.0,,0.0,
2025,Poder Ejecutivo,Ramos Generales,Erogaciones para los Programas de Apoyo a Ahorradores y Deudores de la Banca,D005,HIPOTECARIO-VIVIENDA Reestructuración en UDIs,0.0,0.0,0.0,0.0,0.0,0.0,0.0,0.0,0.0,0.0,0.0,,0.0,
2025,Poder Ejecutivo,Ramos Generales,Erogaciones para los Programas de Apoyo a Ahorradores y Deudores de la Banca,D005,Aprobado,0.0,0.0,0.0,35.0,35.0,0.0,0.0,0.0,0.0,0.0,35.0,100.0,0.0,0.0
2025,Poder Ejecutivo,Ramos Generales,Erogaciones para los Programas de Apoyo a Ahorradores y Deudores de la Banca,D005,Modificado,0.0,0.0,0.0,0.0,0.0,0.0,0.0,0.0,0.0,0.0,0.0,0.0,0.0,0.0
2025,Poder Ejecutivo,Ramos Generales,Erogaciones para los Programas de Apoyo a Ahorradores y Deudores de la Banca,D005,Devengado,0.0,0.0,0.0,0.0,0.0,0.0,0.0,0.0,0.0,0.0,0.0,0.0,0.0,0.0
2025,Poder Ejecutivo,Ramos Generales,Erogaciones para los Programas de Apoyo a Ahorradores y Deudores de la Banca,D005,Ejercido,0.0,0.0,0.0,0.0,0.0,0.0,0.0,0.0,0.0,0.0,0.0,0.0,0.0,0.0
2025,Poder Ejecutivo,Ramos Generales,Erogaciones para los Programas de Apoyo a Ahorradores y Deudores de la Banca,D005,Porcentaje Ejer/Aprob,0.0,0.0,0.0,0.0,0.0,0.0,0.0,0.0,0.0,0.0,0.0,,0.0,
2025,Poder Ejecutivo,Ramos Generales,Erogaciones para los Programas de Apoyo a Ahorradores y Deudores de la Banca,D005,Porcentaje Ejer/Modif,0.0,0.0,0.0,0.0,0.0,0.0,0.0,0.0,0.0,0.0,0.0,,0.0,
2025,Poder Ejecutivo,Ramos Generales,Erogaciones para los Programas de Apoyo a Ahorradores y Deudores de la Banca,D006,AGROINDUSTRIA Reestructuración en UDIs,0.0,0.0,0.0,0.0,0.0,0.0,0.0,0.0,0.0,0.0,0.0,,0.0,
2025,Poder Ejecutivo,Ramos Generales,Erogaciones para los Programas de Apoyo a Ahorradores y Deudores de la Banca,D006,Aprobado,0.0,0.0,0.0,35.0,35.0,0.0,0.0,0.0,0.0,0.0,35.0,100.0,0.0,0.0
2025,Poder Ejecutivo,Ramos Generales,Erogaciones para los Programas de Apoyo a Ahorradores y Deudores de la Banca,D006,Modificado,0.0,0.0,0.0,0.0,0.0,0.0,0.0,0.0,0.0,0.0,0.0,0.0,0.0,0.0
2025,Poder Ejecutivo,Ramos Generales,Erogaciones para los Programas de Apoyo a Ahorradores y Deudores de la Banca,D006,Devengado,0.0,0.0,0.0,0.0,0.0,0.0,0.0,0.0,0.0,0.0,0.0,0.0,0.0,0.0
2025,Poder Ejecutivo,Ramos Generales,Erogaciones para los Programas de Apoyo a Ahorradores y Deudores de la Banca,D006,Ejercido,0.0,0.0,0.0,0.0,0.0,0.0,0.0,0.0,0.0,0.0,0.0,0.0,0.0,0.0
2025,Poder Ejecutivo,Ramos Generales,Erogaciones para los Programas de Apoyo a Ahorradores y Deudores de la Banca,D006,Porcentaje Ejer/Aprob,0.0,0.0,0.0,0.0,0.0,0.0,0.0,0.0,0.0,0.0,0.0,,0.0,
2025,Poder Ejecutivo,Ramos Generales,Erogaciones para los Programas de Apoyo a Ahorradores y Deudores de la Banca,D006,Porcentaje Ejer/Modif,0.0,0.0,0.0,0.0,0.0,0.0,0.0,0.0,0.0,0.0,0.0,,0.0,
2025,Poder Ejecutivo,Ramos Generales,Erogaciones para los Programas de Apoyo a Ahorradores y Deudores de la Banca,D007,ESTADOS Y MUNICIPIOS Reestructuración en UDIs,0.0,0.0,0.0,0.0,0.0,0.0,0.0,0.0,0.0,0.0,0.0,,0.0,
2025,Poder Ejecutivo,Ramos Generales,Erogaciones para los Programas de Apoyo a Ahorradores y Deudores de la Banca,D007,Aprobado,0.0,0.0,0.0,35.0,35.0,0.0,0.0,0.0,0.0,0.0,35.0,100.0,0.0,0.0
2025,Poder Ejecutivo,Ramos Generales,Erogaciones para los Programas de Apoyo a Ahorradores y Deudores de la Banca,D007,Modificado,0.0,0.0,0.0,0.0,0.0,0.0,0.0,0.0,0.0,0.0,0.0,0.0,0.0,0.0
2025,Poder Ejecutivo,Ramos Generales,Erogaciones para los Programas de Apoyo a Ahorradores y Deudores de la Banca,D007,Devengado,0.0,0.0,0.0,0.0,0.0,0.0,0.0,0.0,0.0,0.0,0.0,0.0,0.0,0.0
2025,Poder Ejecutivo,Ramos Generales,Erogaciones para los Programas de Apoyo a Ahorradores y Deudores de la Banca,D007,Ejercido,0.0,0.0,0.0,0.0,0.0,0.0,0.0,0.0,0.0,0.0,0.0,0.0,0.0,0.0
2025,Poder Ejecutivo,Ramos Generales,Erogaciones para los Programas de Apoyo a Ahorradores y Deudores de la Banca,D007,Porcentaje Ejer/Aprob,0.0,0.0,0.0,0.0,0.0,0.0,0.0,0.0,0.0,0.0,0.0,,0.0,
2025,Poder Ejecutivo,Ramos Generales,Erogaciones para los Programas de Apoyo a Ahorradores y Deudores de la Banca,D007,Porcentaje Ejer/Modif,0.0,0.0,0.0,0.0,0.0,0.0,0.0,0.0,0.0,0.0,0.0,,0.0,
2025,Poder Ejecutivo,Ramos Generales,Erogaciones para los Programas de Apoyo a Ahorradores y Deudores de la Banca,D008,INDUSTRIA Descuento en pago Banca de Desarrollo,0.0,0.0,0.0,0.0,0.0,0.0,0.0,0.0,0.0,0.0,0.0,,0.0,
2025,Poder Ejecutivo,Ramos Generales,Erogaciones para los Programas de Apoyo a Ahorradores y Deudores de la Banca,D008,Aprobado,0.0,0.0,0.0,100.0,100.0,0.0,0.0,0.0,0.0,0.0,100.0,100.0,0.0,0.0
2025,Poder Ejecutivo,Ramos Generales,Erogaciones para los Programas de Apoyo a Ahorradores y Deudores de la Banca,D008,Modificado,0.0,0.0,0.0,0.0,0.0,0.0,0.0,0.0,0.0,0.0,0.0,0.0,0.0,0.0
2025,Poder Ejecutivo,Ramos Generales,Erogaciones para los Programas de Apoyo a Ahorradores y Deudores de la Banca,D008,Devengado,0.0,0.0,0.0,0.0,0.0,0.0,0.0,0.0,0.0,0.0,0.0,0.0,0.0,0.0
2025,Poder Ejecutivo,Ramos Generales,Erogaciones para los Programas de Apoyo a Ahorradores y Deudores de la Banca,D008,Ejercido,0.0,0.0,0.0,0.0,0.0,0.0,0.0,0.0,0.0,0.0,0.0,0.0,0.0,0.0
2025,Poder Ejecutivo,Ramos Generales,Erogaciones para los Programas de Apoyo a Ahorradores y Deudores de la Banca,D008,Porcentaje Ejer/Aprob,0.0,0.0,0.0,0.0,0.0,0.0,0.0,0.0,0.0,0.0,0.0,,0.0,
2025,Poder Ejecutivo,Ramos Generales,Erogaciones para los Programas de Apoyo a Ahorradores y Deudores de la Banca,D008,Porcentaje Ejer/Modif,0.0,0.0,0.0,0.0,0.0,0.0,0.0,0.0,0.0,0.0,0.0,,0.0,
2025,Poder Ejecutivo,Ramos Generales,Erogaciones para los Programas de Apoyo a Ahorradores y Deudores de la Banca,D009,AGROINDUSTRIA Descuento en pago Banca de Desarrollo,0.0,0.0,0.0,0.0,0.0,0.0,0.0,0.0,0.0,0.0,0.0,,0.0,
2025,Poder Ejecutivo,Ramos Generales,Erogaciones para los Programas de Apoyo a Ahorradores y Deudores de la Banca,D009,Aprobado,0.0,0.0,0.0,35.0,35.0,0.0,0.0,0.0,0.0,0.0,35.0,100.0,0.0,0.0
2025,Poder Ejecutivo,Ramos Generales,Erogaciones para los Programas de Apoyo a Ahorradores y Deudores de la Banca,D009,Modificado,0.0,0.0,0.0,0.0,0.0,0.0,0.0,0.0,0.0,0.0,0.0,0.0,0.0,0.0
2025,Poder Ejecutivo,Ramos Generales,Erogaciones para los Programas de Apoyo a Ahorradores y Deudores de la Banca,D009,Devengado,0.0,0.0,0.0,0.0,0.0,0.0,0.0,0.0,0.0,0.0,0.0,0.0,0.0,0.0
2025,Poder Ejecutivo,Ramos Generales,Erogaciones para los Programas de Apoyo a Ahorradores y Deudores de la Banca,D009,Ejercido,0.0,0.0,0.0,0.0,0.0,0.0,0.0,0.0,0.0,0.0,0.0,0.0,0.0,0.0
2025,Poder Ejecutivo,Ramos Generales,Erogaciones para los Programas de Apoyo a Ahorradores y Deudores de la Banca,D009,Porcentaje Ejer/Aprob,0.0,0.0,0.0,0.0,0.0,0.0,0.0,0.0,0.0,0.0,0.0,,0.0,
2025,Poder Ejecutivo,Ramos Generales,Erogaciones para los Programas de Apoyo a Ahorradores y Deudores de la Banca,D009,Porcentaje Ejer/Modif,0.0,0.0,0.0,0.0,0.0,0.0,0.0,0.0,0.0,0.0,0.0,,0.0,
2025,Poder Ejecutivo,Ramos Generales,Erogaciones para los Programas de Apoyo a Ahorradores y Deudores de la Banca,D011,I P A B,0.0,0.0,0.0,0.0,0.0,0.0,0.0,0.0,0.0,0.0,0.0,,0.0,
2025,Poder Ejecutivo,Ramos Generales,Erogaciones para los Programas de Apoyo a Ahorradores y Deudores de la Banca,D011,Aprobado,0.0,0.0,0.0,52451900000.0,52451900000.0,0.0,0.0,0.0,0.0,0.0,52451900000.0,100.0,0.0,0.0
2025,Poder Ejecutivo,Ramos Generales,Erogaciones para los Programas de Apoyo a Ahorradores y Deudores de la Banca,D011,Modificado,0.0,0.0,0.0,52451900000.0,52451900000.0,0.0,0.0,0.0,0.0,0.0,52451900000.0,100.0,0.0,0.0
2025,Poder Ejecutivo,Ramos Generales,Erogaciones para los Programas de Apoyo a Ahorradores y Deudores de la Banca,D011,Devengado,0.0,0.0,0.0,52451900000.0,52451900000.0,0.0,0.0,0.0,0.0,0.0,52451900000.0,100.0,0.0,0.0
2025,Poder Ejecutivo,Ramos Generales,Erogaciones para los Programas de Apoyo a Ahorradores y Deudores de la Banca,D011,Ejercido,0.0,0.0,0.0,52451900000.0,52451900000.0,0.0,0.0,0.0,0.0,0.0,52451900000.0,100.0,0.0,0.0
2025,Poder Ejecutivo,Ramos Generales,Erogaciones para los Programas de Apoyo a Ahorradores y Deudores de la Banca,D011,Porcentaje Ejer/Aprob,0.0,0.0,0.0,100.0,100.0,0.0,0.0,0.0,0.0,0.0,100.0,,0.0,
2025,Poder Ejecutivo,Ramos Generales,Erogaciones para los Programas de Apoyo a Ahorradores y Deudores de la Banca,D011,Porcentaje Ejer/Modif,0.0,0.0,0.0,100.0,100.0,0.0,0.0,0.0,0.0,0.0,100.0,,0.0,
